🟡 GOLD MONITOR (24/7) STARTED

⏰ 17:48:58 - Gold $4462.40 | HOLD | RSI: 65
/Users/anubhavarya/star/star-dashboard/gold_monitor.py:95: DeprecationWarning: datetime.datetime.utcnow() is deprecated and scheduled for removal in a future version. Use timezone-aware objects to represent datetimes in UTC: datetime.datetime.now(datetime.UTC).
  "last_updated": datetime.utcnow().isoformat()
  ✅ Saved to Supabase
⏰ 17:49:59 - Gold $4462.50 | HOLD | RSI: 65
/Users/anubhavarya/star/star-dashboard/gold_monitor.py:95: DeprecationWarning: datetime.datetime.utcnow() is deprecated and scheduled for removal in a future version. Use timezone-aware objects to represent datetimes in UTC: datetime.datetime.now(datetime.UTC).
  "last_updated": datetime.utcnow().isoformat()
  ✅ Saved to Supabase
⏰ 17:50:59 - Gold $4465.10 | HOLD | RSI: 65
/Users/anubhavarya/star/star-dashboard/gold_monitor.py:95: DeprecationWarning: datetime.datetime.utcnow() is deprecated and scheduled for removal in a future version. Use timezone-aware objects to represent datetimes in UTC: datetime.datetime.now(datetime.UTC).
  "last_updated": datetime.utcnow().isoformat()
  ✅ Saved to Supabase
⏰ 17:51:59 - Gold $4464.30 | HOLD | RSI: 65
/Users/anubhavarya/star/star-dashboard/gold_monitor.py:95: DeprecationWarning: datetime.datetime.utcnow() is deprecated and scheduled for removal in a future version. Use timezone-aware objects to represent datetimes in UTC: datetime.datetime.now(datetime.UTC).
  "last_updated": datetime.utcnow().isoformat()
  ✅ Saved to Supabase
⏰ 17:53:00 - Gold $4462.00 | HOLD | RSI: 65
/Users/anubhavarya/star/star-dashboard/gold_monitor.py:95: DeprecationWarning: datetime.datetime.utcnow() is deprecated and scheduled for removal in a future version. Use timezone-aware objects to represent datetimes in UTC: datetime.datetime.now(datetime.UTC).
  "last_updated": datetime.utcnow().isoformat()
  ✅ Saved to Supabase
⏰ 17:54:00 - Gold $4462.50 | HOLD | RSI: 65
/Users/anubhavarya/star/star-dashboard/gold_monitor.py:95: DeprecationWarning: datetime.datetime.utcnow() is deprecated and scheduled for removal in a future version. Use timezone-aware objects to represent datetimes in UTC: datetime.datetime.now(datetime.UTC).
  "last_updated": datetime.utcnow().isoformat()
  ✅ Saved to Supabase
⏰ 17:55:01 - Gold $4463.10 | HOLD | RSI: 65
/Users/anubhavarya/star/star-dashboard/gold_monitor.py:95: DeprecationWarning: datetime.datetime.utcnow() is deprecated and scheduled for removal in a future version. Use timezone-aware objects to represent datetimes in UTC: datetime.datetime.now(datetime.UTC).
  "last_updated": datetime.utcnow().isoformat()
  ✅ Saved to Supabase
⏰ 17:56:01 - Gold $4464.70 | HOLD | RSI: 65
/Users/anubhavarya/star/star-dashboard/gold_monitor.py:95: DeprecationWarning: datetime.datetime.utcnow() is deprecated and scheduled for removal in a future version. Use timezone-aware objects to represent datetimes in UTC: datetime.datetime.now(datetime.UTC).
  "last_updated": datetime.utcnow().isoformat()
  ✅ Saved to Supabase
⏰ 17:57:02 - Gold $4465.00 | HOLD | RSI: 65
/Users/anubhavarya/star/star-dashboard/gold_monitor.py:95: DeprecationWarning: datetime.datetime.utcnow() is deprecated and scheduled for removal in a future version. Use timezone-aware objects to represent datetimes in UTC: datetime.datetime.now(datetime.UTC).
  "last_updated": datetime.utcnow().isoformat()
  ✅ Saved to Supabase
⏰ 17:58:02 - Gold $4464.40 | HOLD | RSI: 65
/Users/anubhavarya/star/star-dashboard/gold_monitor.py:95: DeprecationWarning: datetime.datetime.utcnow() is deprecated and scheduled for removal in a future version. Use timezone-aware objects to represent datetimes in UTC: datetime.datetime.now(datetime.UTC).
  "last_updated": datetime.utcnow().isoformat()
  ✅ Saved to Supabase
⏰ 17:59:03 - Gold $4464.90 | HOLD | RSI: 65
/Users/anubhavarya/star/star-dashboard/gold_monitor.py:95: DeprecationWarning: datetime.datetime.utcnow() is deprecated and scheduled for removal in a future version. Use timezone-aware objects to represent datetimes in UTC: datetime.datetime.now(datetime.UTC).
  "last_updated": datetime.utcnow().isoformat()
  ✅ Saved to Supabase
⏰ 18:00:03 - Gold $4465.30 | HOLD | RSI: 65
/Users/anubhavarya/star/star-dashboard/gold_monitor.py:95: DeprecationWarning: datetime.datetime.utcnow() is deprecated and scheduled for removal in a future version. Use timezone-aware objects to represent datetimes in UTC: datetime.datetime.now(datetime.UTC).
  "last_updated": datetime.utcnow().isoformat()
  ✅ Saved to Supabase
⏰ 18:01:04 - Gold $4465.00 | HOLD | RSI: 65
/Users/anubhavarya/star/star-dashboard/gold_monitor.py:95: DeprecationWarning: datetime.datetime.utcnow() is deprecated and scheduled for removal in a future version. Use timezone-aware objects to represent datetimes in UTC: datetime.datetime.now(datetime.UTC).
  "last_updated": datetime.utcnow().isoformat()
  ✅ Saved to Supabase
⏰ 18:02:04 - Gold $4465.40 | HOLD | RSI: 65
/Users/anubhavarya/star/star-dashboard/gold_monitor.py:95: DeprecationWarning: datetime.datetime.utcnow() is deprecated and scheduled for removal in a future version. Use timezone-aware objects to represent datetimes in UTC: datetime.datetime.now(datetime.UTC).
  "last_updated": datetime.utcnow().isoformat()
  ✅ Saved to Supabase
⏰ 18:03:04 - Gold $4466.20 | HOLD | RSI: 65
/Users/anubhavarya/star/star-dashboard/gold_monitor.py:95: DeprecationWarning: datetime.datetime.utcnow() is deprecated and scheduled for removal in a future version. Use timezone-aware objects to represent datetimes in UTC: datetime.datetime.now(datetime.UTC).
  "last_updated": datetime.utcnow().isoformat()
  ✅ Saved to Supabase
⏰ 18:04:05 - Gold $4466.70 | HOLD | RSI: 65
/Users/anubhavarya/star/star-dashboard/gold_monitor.py:95: DeprecationWarning: datetime.datetime.utcnow() is deprecated and scheduled for removal in a future version. Use timezone-aware objects to represent datetimes in UTC: datetime.datetime.now(datetime.UTC).
  "last_updated": datetime.utcnow().isoformat()
  ✅ Saved to Supabase
⏰ 18:05:05 - Gold $4466.00 | HOLD | RSI: 65
/Users/anubhavarya/star/star-dashboard/gold_monitor.py:95: DeprecationWarning: datetime.datetime.utcnow() is deprecated and scheduled for removal in a future version. Use timezone-aware objects to represent datetimes in UTC: datetime.datetime.now(datetime.UTC).
  "last_updated": datetime.utcnow().isoformat()
  ✅ Saved to Supabase
⏰ 18:06:06 - Gold $4466.80 | HOLD | RSI: 65
/Users/anubhavarya/star/star-dashboard/gold_monitor.py:95: DeprecationWarning: datetime.datetime.utcnow() is deprecated and scheduled for removal in a future version. Use timezone-aware objects to represent datetimes in UTC: datetime.datetime.now(datetime.UTC).
  "last_updated": datetime.utcnow().isoformat()
  ✅ Saved to Supabase
⏰ 18:07:06 - Gold $4473.50 | HOLD | RSI: 65
/Users/anubhavarya/star/star-dashboard/gold_monitor.py:95: DeprecationWarning: datetime.datetime.utcnow() is deprecated and scheduled for removal in a future version. Use timezone-aware objects to represent datetimes in UTC: datetime.datetime.now(datetime.UTC).
  "last_updated": datetime.utcnow().isoformat()
  ✅ Saved to Supabase
⏰ 18:08:07 - Gold $4473.90 | HOLD | RSI: 65
/Users/anubhavarya/star/star-dashboard/gold_monitor.py:95: DeprecationWarning: datetime.datetime.utcnow() is deprecated and scheduled for removal in a future version. Use timezone-aware objects to represent datetimes in UTC: datetime.datetime.now(datetime.UTC).
  "last_updated": datetime.utcnow().isoformat()
  ✅ Saved to Supabase
⏰ 18:09:07 - Gold $4473.90 | HOLD | RSI: 65
/Users/anubhavarya/star/star-dashboard/gold_monitor.py:95: DeprecationWarning: datetime.datetime.utcnow() is deprecated and scheduled for removal in a future version. Use timezone-aware objects to represent datetimes in UTC: datetime.datetime.now(datetime.UTC).
  "last_updated": datetime.utcnow().isoformat()
  ✅ Saved to Supabase
⏰ 18:10:08 - Gold $4475.60 | HOLD | RSI: 65
/Users/anubhavarya/star/star-dashboard/gold_monitor.py:95: DeprecationWarning: datetime.datetime.utcnow() is deprecated and scheduled for removal in a future version. Use timezone-aware objects to represent datetimes in UTC: datetime.datetime.now(datetime.UTC).
  "last_updated": datetime.utcnow().isoformat()
  ✅ Saved to Supabase
⏰ 18:11:08 - Gold $4475.20 | HOLD | RSI: 65
/Users/anubhavarya/star/star-dashboard/gold_monitor.py:95: DeprecationWarning: datetime.datetime.utcnow() is deprecated and scheduled for removal in a future version. Use timezone-aware objects to represent datetimes in UTC: datetime.datetime.now(datetime.UTC).
  "last_updated": datetime.utcnow().isoformat()
  ✅ Saved to Supabase
⏰ 18:12:09 - Gold $4474.50 | HOLD | RSI: 65
/Users/anubhavarya/star/star-dashboard/gold_monitor.py:95: DeprecationWarning: datetime.datetime.utcnow() is deprecated and scheduled for removal in a future version. Use timezone-aware objects to represent datetimes in UTC: datetime.datetime.now(datetime.UTC).
  "last_updated": datetime.utcnow().isoformat()
  ✅ Saved to Supabase
⏰ 18:13:09 - Gold $4473.00 | HOLD | RSI: 65
/Users/anubhavarya/star/star-dashboard/gold_monitor.py:95: DeprecationWarning: datetime.datetime.utcnow() is deprecated and scheduled for removal in a future version. Use timezone-aware objects to represent datetimes in UTC: datetime.datetime.now(datetime.UTC).
  "last_updated": datetime.utcnow().isoformat()
  ✅ Saved to Supabase
⏰ 18:14:10 - Gold $4472.50 | HOLD | RSI: 65
/Users/anubhavarya/star/star-dashboard/gold_monitor.py:95: DeprecationWarning: datetime.datetime.utcnow() is deprecated and scheduled for removal in a future version. Use timezone-aware objects to represent datetimes in UTC: datetime.datetime.now(datetime.UTC).
  "last_updated": datetime.utcnow().isoformat()
  ✅ Saved to Supabase
⏰ 18:15:10 - Gold $4472.70 | HOLD | RSI: 65
/Users/anubhavarya/star/star-dashboard/gold_monitor.py:95: DeprecationWarning: datetime.datetime.utcnow() is deprecated and scheduled for removal in a future version. Use timezone-aware objects to represent datetimes in UTC: datetime.datetime.now(datetime.UTC).
  "last_updated": datetime.utcnow().isoformat()
  ✅ Saved to Supabase
⏰ 18:16:11 - Gold $4476.20 | HOLD | RSI: 65
/Users/anubhavarya/star/star-dashboard/gold_monitor.py:95: DeprecationWarning: datetime.datetime.utcnow() is deprecated and scheduled for removal in a future version. Use timezone-aware objects to represent datetimes in UTC: datetime.datetime.now(datetime.UTC).
  "last_updated": datetime.utcnow().isoformat()
  ✅ Saved to Supabase
⏰ 18:17:11 - Gold $4474.90 | HOLD | RSI: 65
/Users/anubhavarya/star/star-dashboard/gold_monitor.py:95: DeprecationWarning: datetime.datetime.utcnow() is deprecated and scheduled for removal in a future version. Use timezone-aware objects to represent datetimes in UTC: datetime.datetime.now(datetime.UTC).
  "last_updated": datetime.utcnow().isoformat()
  ✅ Saved to Supabase
⏰ 18:18:12 - Gold $4474.10 | HOLD | RSI: 65
/Users/anubhavarya/star/star-dashboard/gold_monitor.py:95: DeprecationWarning: datetime.datetime.utcnow() is deprecated and scheduled for removal in a future version. Use timezone-aware objects to represent datetimes in UTC: datetime.datetime.now(datetime.UTC).
  "last_updated": datetime.utcnow().isoformat()
  ✅ Saved to Supabase
⏰ 18:19:12 - Gold $4474.40 | HOLD | RSI: 65
/Users/anubhavarya/star/star-dashboard/gold_monitor.py:95: DeprecationWarning: datetime.datetime.utcnow() is deprecated and scheduled for removal in a future version. Use timezone-aware objects to represent datetimes in UTC: datetime.datetime.now(datetime.UTC).
  "last_updated": datetime.utcnow().isoformat()
  ✅ Saved to Supabase
⏰ 18:20:13 - Gold $4474.30 | HOLD | RSI: 65
/Users/anubhavarya/star/star-dashboard/gold_monitor.py:95: DeprecationWarning: datetime.datetime.utcnow() is deprecated and scheduled for removal in a future version. Use timezone-aware objects to represent datetimes in UTC: datetime.datetime.now(datetime.UTC).
  "last_updated": datetime.utcnow().isoformat()
  ✅ Saved to Supabase
⏰ 18:21:13 - Gold $4473.70 | HOLD | RSI: 65
/Users/anubhavarya/star/star-dashboard/gold_monitor.py:95: DeprecationWarning: datetime.datetime.utcnow() is deprecated and scheduled for removal in a future version. Use timezone-aware objects to represent datetimes in UTC: datetime.datetime.now(datetime.UTC).
  "last_updated": datetime.utcnow().isoformat()
  ✅ Saved to Supabase
⏰ 18:22:14 - Gold $4473.10 | HOLD | RSI: 65
/Users/anubhavarya/star/star-dashboard/gold_monitor.py:95: DeprecationWarning: datetime.datetime.utcnow() is deprecated and scheduled for removal in a future version. Use timezone-aware objects to represent datetimes in UTC: datetime.datetime.now(datetime.UTC).
  "last_updated": datetime.utcnow().isoformat()
  ✅ Saved to Supabase
⏰ 18:23:14 - Gold $4473.00 | HOLD | RSI: 65
/Users/anubhavarya/star/star-dashboard/gold_monitor.py:95: DeprecationWarning: datetime.datetime.utcnow() is deprecated and scheduled for removal in a future version. Use timezone-aware objects to represent datetimes in UTC: datetime.datetime.now(datetime.UTC).
  "last_updated": datetime.utcnow().isoformat()
  ✅ Saved to Supabase
⏰ 18:24:15 - Gold $4474.20 | HOLD | RSI: 65
/Users/anubhavarya/star/star-dashboard/gold_monitor.py:95: DeprecationWarning: datetime.datetime.utcnow() is deprecated and scheduled for removal in a future version. Use timezone-aware objects to represent datetimes in UTC: datetime.datetime.now(datetime.UTC).
  "last_updated": datetime.utcnow().isoformat()
  ✅ Saved to Supabase
⏰ 18:25:15 - Gold $4474.00 | HOLD | RSI: 65
/Users/anubhavarya/star/star-dashboard/gold_monitor.py:95: DeprecationWarning: datetime.datetime.utcnow() is deprecated and scheduled for removal in a future version. Use timezone-aware objects to represent datetimes in UTC: datetime.datetime.now(datetime.UTC).
  "last_updated": datetime.utcnow().isoformat()
  ✅ Saved to Supabase
⏰ 18:26:16 - Gold $4475.10 | HOLD | RSI: 65
/Users/anubhavarya/star/star-dashboard/gold_monitor.py:95: DeprecationWarning: datetime.datetime.utcnow() is deprecated and scheduled for removal in a future version. Use timezone-aware objects to represent datetimes in UTC: datetime.datetime.now(datetime.UTC).
  "last_updated": datetime.utcnow().isoformat()
  ✅ Saved to Supabase
⏰ 18:27:16 - Gold $4475.00 | HOLD | RSI: 65
/Users/anubhavarya/star/star-dashboard/gold_monitor.py:95: DeprecationWarning: datetime.datetime.utcnow() is deprecated and scheduled for removal in a future version. Use timezone-aware objects to represent datetimes in UTC: datetime.datetime.now(datetime.UTC).
  "last_updated": datetime.utcnow().isoformat()
  ✅ Saved to Supabase
⏰ 18:28:17 - Gold $4474.00 | HOLD | RSI: 65
/Users/anubhavarya/star/star-dashboard/gold_monitor.py:95: DeprecationWarning: datetime.datetime.utcnow() is deprecated and scheduled for removal in a future version. Use timezone-aware objects to represent datetimes in UTC: datetime.datetime.now(datetime.UTC).
  "last_updated": datetime.utcnow().isoformat()
  ✅ Saved to Supabase
⏰ 18:29:17 - Gold $4474.30 | HOLD | RSI: 65
/Users/anubhavarya/star/star-dashboard/gold_monitor.py:95: DeprecationWarning: datetime.datetime.utcnow() is deprecated and scheduled for removal in a future version. Use timezone-aware objects to represent datetimes in UTC: datetime.datetime.now(datetime.UTC).
  "last_updated": datetime.utcnow().isoformat()
  ✅ Saved to Supabase
⏰ 18:30:18 - Gold $4473.80 | HOLD | RSI: 65
/Users/anubhavarya/star/star-dashboard/gold_monitor.py:95: DeprecationWarning: datetime.datetime.utcnow() is deprecated and scheduled for removal in a future version. Use timezone-aware objects to represent datetimes in UTC: datetime.datetime.now(datetime.UTC).
  "last_updated": datetime.utcnow().isoformat()
  ✅ Saved to Supabase
⏰ 18:31:18 - Gold $4475.10 | HOLD | RSI: 65
/Users/anubhavarya/star/star-dashboard/gold_monitor.py:95: DeprecationWarning: datetime.datetime.utcnow() is deprecated and scheduled for removal in a future version. Use timezone-aware objects to represent datetimes in UTC: datetime.datetime.now(datetime.UTC).
  "last_updated": datetime.utcnow().isoformat()
  ✅ Saved to Supabase
⏰ 18:32:19 - Gold $4477.00 | HOLD | RSI: 65
/Users/anubhavarya/star/star-dashboard/gold_monitor.py:95: DeprecationWarning: datetime.datetime.utcnow() is deprecated and scheduled for removal in a future version. Use timezone-aware objects to represent datetimes in UTC: datetime.datetime.now(datetime.UTC).
  "last_updated": datetime.utcnow().isoformat()
  ✅ Saved to Supabase
⏰ 18:33:19 - Gold $4476.30 | HOLD | RSI: 65
/Users/anubhavarya/star/star-dashboard/gold_monitor.py:95: DeprecationWarning: datetime.datetime.utcnow() is deprecated and scheduled for removal in a future version. Use timezone-aware objects to represent datetimes in UTC: datetime.datetime.now(datetime.UTC).
  "last_updated": datetime.utcnow().isoformat()
  ✅ Saved to Supabase
⏰ 18:34:19 - Gold $4477.50 | HOLD | RSI: 65
/Users/anubhavarya/star/star-dashboard/gold_monitor.py:95: DeprecationWarning: datetime.datetime.utcnow() is deprecated and scheduled for removal in a future version. Use timezone-aware objects to represent datetimes in UTC: datetime.datetime.now(datetime.UTC).
  "last_updated": datetime.utcnow().isoformat()
  ✅ Saved to Supabase
⏰ 18:35:20 - Gold $4477.30 | HOLD | RSI: 65
/Users/anubhavarya/star/star-dashboard/gold_monitor.py:95: DeprecationWarning: datetime.datetime.utcnow() is deprecated and scheduled for removal in a future version. Use timezone-aware objects to represent datetimes in UTC: datetime.datetime.now(datetime.UTC).
  "last_updated": datetime.utcnow().isoformat()
  ✅ Saved to Supabase
⏰ 18:36:20 - Gold $4476.00 | HOLD | RSI: 65
/Users/anubhavarya/star/star-dashboard/gold_monitor.py:95: DeprecationWarning: datetime.datetime.utcnow() is deprecated and scheduled for removal in a future version. Use timezone-aware objects to represent datetimes in UTC: datetime.datetime.now(datetime.UTC).
  "last_updated": datetime.utcnow().isoformat()
  ✅ Saved to Supabase
⏰ 18:37:21 - Gold $4476.80 | HOLD | RSI: 65
/Users/anubhavarya/star/star-dashboard/gold_monitor.py:95: DeprecationWarning: datetime.datetime.utcnow() is deprecated and scheduled for removal in a future version. Use timezone-aware objects to represent datetimes in UTC: datetime.datetime.now(datetime.UTC).
  "last_updated": datetime.utcnow().isoformat()
  ✅ Saved to Supabase
⏰ 18:38:21 - Gold $4477.60 | HOLD | RSI: 65
/Users/anubhavarya/star/star-dashboard/gold_monitor.py:95: DeprecationWarning: datetime.datetime.utcnow() is deprecated and scheduled for removal in a future version. Use timezone-aware objects to represent datetimes in UTC: datetime.datetime.now(datetime.UTC).
  "last_updated": datetime.utcnow().isoformat()
  ✅ Saved to Supabase
⏰ 18:39:22 - Gold $4477.80 | HOLD | RSI: 65
/Users/anubhavarya/star/star-dashboard/gold_monitor.py:95: DeprecationWarning: datetime.datetime.utcnow() is deprecated and scheduled for removal in a future version. Use timezone-aware objects to represent datetimes in UTC: datetime.datetime.now(datetime.UTC).
  "last_updated": datetime.utcnow().isoformat()
  ✅ Saved to Supabase
⏰ 18:40:22 - Gold $4477.30 | HOLD | RSI: 65
/Users/anubhavarya/star/star-dashboard/gold_monitor.py:95: DeprecationWarning: datetime.datetime.utcnow() is deprecated and scheduled for removal in a future version. Use timezone-aware objects to represent datetimes in UTC: datetime.datetime.now(datetime.UTC).
  "last_updated": datetime.utcnow().isoformat()
  ✅ Saved to Supabase
⏰ 18:41:22 - Gold $4474.80 | HOLD | RSI: 65
/Users/anubhavarya/star/star-dashboard/gold_monitor.py:95: DeprecationWarning: datetime.datetime.utcnow() is deprecated and scheduled for removal in a future version. Use timezone-aware objects to represent datetimes in UTC: datetime.datetime.now(datetime.UTC).
  "last_updated": datetime.utcnow().isoformat()
  ✅ Saved to Supabase
⏰ 18:42:23 - Gold $4477.00 | HOLD | RSI: 65
/Users/anubhavarya/star/star-dashboard/gold_monitor.py:95: DeprecationWarning: datetime.datetime.utcnow() is deprecated and scheduled for removal in a future version. Use timezone-aware objects to represent datetimes in UTC: datetime.datetime.now(datetime.UTC).
  "last_updated": datetime.utcnow().isoformat()
  ✅ Saved to Supabase
⏰ 18:43:23 - Gold $4476.60 | HOLD | RSI: 65
/Users/anubhavarya/star/star-dashboard/gold_monitor.py:95: DeprecationWarning: datetime.datetime.utcnow() is deprecated and scheduled for removal in a future version. Use timezone-aware objects to represent datetimes in UTC: datetime.datetime.now(datetime.UTC).
  "last_updated": datetime.utcnow().isoformat()
  ✅ Saved to Supabase
⏰ 18:44:24 - Gold $4476.20 | HOLD | RSI: 65
/Users/anubhavarya/star/star-dashboard/gold_monitor.py:95: DeprecationWarning: datetime.datetime.utcnow() is deprecated and scheduled for removal in a future version. Use timezone-aware objects to represent datetimes in UTC: datetime.datetime.now(datetime.UTC).
  "last_updated": datetime.utcnow().isoformat()
  ✅ Saved to Supabase
⏰ 18:45:24 - Gold $4476.80 | HOLD | RSI: 65
/Users/anubhavarya/star/star-dashboard/gold_monitor.py:95: DeprecationWarning: datetime.datetime.utcnow() is deprecated and scheduled for removal in a future version. Use timezone-aware objects to represent datetimes in UTC: datetime.datetime.now(datetime.UTC).
  "last_updated": datetime.utcnow().isoformat()
  ✅ Saved to Supabase
⏰ 18:46:25 - Gold $4477.70 | HOLD | RSI: 65
/Users/anubhavarya/star/star-dashboard/gold_monitor.py:95: DeprecationWarning: datetime.datetime.utcnow() is deprecated and scheduled for removal in a future version. Use timezone-aware objects to represent datetimes in UTC: datetime.datetime.now(datetime.UTC).
  "last_updated": datetime.utcnow().isoformat()
  ✅ Saved to Supabase
⏰ 18:47:25 - Gold $4477.30 | HOLD | RSI: 65
/Users/anubhavarya/star/star-dashboard/gold_monitor.py:95: DeprecationWarning: datetime.datetime.utcnow() is deprecated and scheduled for removal in a future version. Use timezone-aware objects to represent datetimes in UTC: datetime.datetime.now(datetime.UTC).
  "last_updated": datetime.utcnow().isoformat()
  ✅ Saved to Supabase
⏰ 18:48:26 - Gold $4476.20 | HOLD | RSI: 65
/Users/anubhavarya/star/star-dashboard/gold_monitor.py:95: DeprecationWarning: datetime.datetime.utcnow() is deprecated and scheduled for removal in a future version. Use timezone-aware objects to represent datetimes in UTC: datetime.datetime.now(datetime.UTC).
  "last_updated": datetime.utcnow().isoformat()
  ✅ Saved to Supabase
⏰ 18:49:26 - Gold $4474.90 | HOLD | RSI: 65
/Users/anubhavarya/star/star-dashboard/gold_monitor.py:95: DeprecationWarning: datetime.datetime.utcnow() is deprecated and scheduled for removal in a future version. Use timezone-aware objects to represent datetimes in UTC: datetime.datetime.now(datetime.UTC).
  "last_updated": datetime.utcnow().isoformat()
  ✅ Saved to Supabase
⏰ 18:50:26 - Gold $4475.70 | HOLD | RSI: 65
/Users/anubhavarya/star/star-dashboard/gold_monitor.py:95: DeprecationWarning: datetime.datetime.utcnow() is deprecated and scheduled for removal in a future version. Use timezone-aware objects to represent datetimes in UTC: datetime.datetime.now(datetime.UTC).
  "last_updated": datetime.utcnow().isoformat()
  ✅ Saved to Supabase
⏰ 18:51:27 - Gold $4473.20 | HOLD | RSI: 65
/Users/anubhavarya/star/star-dashboard/gold_monitor.py:95: DeprecationWarning: datetime.datetime.utcnow() is deprecated and scheduled for removal in a future version. Use timezone-aware objects to represent datetimes in UTC: datetime.datetime.now(datetime.UTC).
  "last_updated": datetime.utcnow().isoformat()
  ✅ Saved to Supabase
⏰ 18:52:27 - Gold $4474.20 | HOLD | RSI: 65
/Users/anubhavarya/star/star-dashboard/gold_monitor.py:95: DeprecationWarning: datetime.datetime.utcnow() is deprecated and scheduled for removal in a future version. Use timezone-aware objects to represent datetimes in UTC: datetime.datetime.now(datetime.UTC).
  "last_updated": datetime.utcnow().isoformat()
  ✅ Saved to Supabase
⏰ 18:53:28 - Gold $4478.90 | HOLD | RSI: 65
/Users/anubhavarya/star/star-dashboard/gold_monitor.py:95: DeprecationWarning: datetime.datetime.utcnow() is deprecated and scheduled for removal in a future version. Use timezone-aware objects to represent datetimes in UTC: datetime.datetime.now(datetime.UTC).
  "last_updated": datetime.utcnow().isoformat()
  ✅ Saved to Supabase
⏰ 18:54:28 - Gold $4480.00 | HOLD | RSI: 65
/Users/anubhavarya/star/star-dashboard/gold_monitor.py:95: DeprecationWarning: datetime.datetime.utcnow() is deprecated and scheduled for removal in a future version. Use timezone-aware objects to represent datetimes in UTC: datetime.datetime.now(datetime.UTC).
  "last_updated": datetime.utcnow().isoformat()
  ✅ Saved to Supabase
⏰ 18:55:29 - Gold $4484.00 | HOLD | RSI: 65
/Users/anubhavarya/star/star-dashboard/gold_monitor.py:95: DeprecationWarning: datetime.datetime.utcnow() is deprecated and scheduled for removal in a future version. Use timezone-aware objects to represent datetimes in UTC: datetime.datetime.now(datetime.UTC).
  "last_updated": datetime.utcnow().isoformat()
  ✅ Saved to Supabase
⏰ 18:56:29 - Gold $4489.30 | HOLD | RSI: 65
/Users/anubhavarya/star/star-dashboard/gold_monitor.py:95: DeprecationWarning: datetime.datetime.utcnow() is deprecated and scheduled for removal in a future version. Use timezone-aware objects to represent datetimes in UTC: datetime.datetime.now(datetime.UTC).
  "last_updated": datetime.utcnow().isoformat()
  ✅ Saved to Supabase
⏰ 18:57:29 - Gold $4486.90 | HOLD | RSI: 65
/Users/anubhavarya/star/star-dashboard/gold_monitor.py:95: DeprecationWarning: datetime.datetime.utcnow() is deprecated and scheduled for removal in a future version. Use timezone-aware objects to represent datetimes in UTC: datetime.datetime.now(datetime.UTC).
  "last_updated": datetime.utcnow().isoformat()
  ✅ Saved to Supabase
⏰ 18:58:30 - Gold $4489.10 | HOLD | RSI: 65
/Users/anubhavarya/star/star-dashboard/gold_monitor.py:95: DeprecationWarning: datetime.datetime.utcnow() is deprecated and scheduled for removal in a future version. Use timezone-aware objects to represent datetimes in UTC: datetime.datetime.now(datetime.UTC).
  "last_updated": datetime.utcnow().isoformat()
  ✅ Saved to Supabase
⏰ 18:59:30 - Gold $4486.80 | HOLD | RSI: 65
/Users/anubhavarya/star/star-dashboard/gold_monitor.py:95: DeprecationWarning: datetime.datetime.utcnow() is deprecated and scheduled for removal in a future version. Use timezone-aware objects to represent datetimes in UTC: datetime.datetime.now(datetime.UTC).
  "last_updated": datetime.utcnow().isoformat()
  ✅ Saved to Supabase
⏰ 19:00:30 - Gold $4486.50 | HOLD | RSI: 65
/Users/anubhavarya/star/star-dashboard/gold_monitor.py:95: DeprecationWarning: datetime.datetime.utcnow() is deprecated and scheduled for removal in a future version. Use timezone-aware objects to represent datetimes in UTC: datetime.datetime.now(datetime.UTC).
  "last_updated": datetime.utcnow().isoformat()
  ✅ Saved to Supabase
⏰ 19:01:31 - Gold $4486.20 | HOLD | RSI: 65
/Users/anubhavarya/star/star-dashboard/gold_monitor.py:95: DeprecationWarning: datetime.datetime.utcnow() is deprecated and scheduled for removal in a future version. Use timezone-aware objects to represent datetimes in UTC: datetime.datetime.now(datetime.UTC).
  "last_updated": datetime.utcnow().isoformat()
  ✅ Saved to Supabase
⏰ 19:02:31 - Gold $4485.10 | HOLD | RSI: 65
/Users/anubhavarya/star/star-dashboard/gold_monitor.py:95: DeprecationWarning: datetime.datetime.utcnow() is deprecated and scheduled for removal in a future version. Use timezone-aware objects to represent datetimes in UTC: datetime.datetime.now(datetime.UTC).
  "last_updated": datetime.utcnow().isoformat()
  ✅ Saved to Supabase
⏰ 19:03:32 - Gold $4486.50 | HOLD | RSI: 65
/Users/anubhavarya/star/star-dashboard/gold_monitor.py:95: DeprecationWarning: datetime.datetime.utcnow() is deprecated and scheduled for removal in a future version. Use timezone-aware objects to represent datetimes in UTC: datetime.datetime.now(datetime.UTC).
  "last_updated": datetime.utcnow().isoformat()
  ✅ Saved to Supabase
⏰ 19:04:32 - Gold $4485.60 | HOLD | RSI: 65
/Users/anubhavarya/star/star-dashboard/gold_monitor.py:95: DeprecationWarning: datetime.datetime.utcnow() is deprecated and scheduled for removal in a future version. Use timezone-aware objects to represent datetimes in UTC: datetime.datetime.now(datetime.UTC).
  "last_updated": datetime.utcnow().isoformat()
  ✅ Saved to Supabase
⏰ 19:05:32 - Gold $4487.00 | HOLD | RSI: 65
/Users/anubhavarya/star/star-dashboard/gold_monitor.py:95: DeprecationWarning: datetime.datetime.utcnow() is deprecated and scheduled for removal in a future version. Use timezone-aware objects to represent datetimes in UTC: datetime.datetime.now(datetime.UTC).
  "last_updated": datetime.utcnow().isoformat()
  ✅ Saved to Supabase
⏰ 19:06:33 - Gold $4484.50 | HOLD | RSI: 65
/Users/anubhavarya/star/star-dashboard/gold_monitor.py:95: DeprecationWarning: datetime.datetime.utcnow() is deprecated and scheduled for removal in a future version. Use timezone-aware objects to represent datetimes in UTC: datetime.datetime.now(datetime.UTC).
  "last_updated": datetime.utcnow().isoformat()
  ✅ Saved to Supabase
⏰ 19:07:33 - Gold $4485.20 | HOLD | RSI: 65
/Users/anubhavarya/star/star-dashboard/gold_monitor.py:95: DeprecationWarning: datetime.datetime.utcnow() is deprecated and scheduled for removal in a future version. Use timezone-aware objects to represent datetimes in UTC: datetime.datetime.now(datetime.UTC).
  "last_updated": datetime.utcnow().isoformat()
  ✅ Saved to Supabase
⏰ 19:08:34 - Gold $4484.00 | HOLD | RSI: 65
/Users/anubhavarya/star/star-dashboard/gold_monitor.py:95: DeprecationWarning: datetime.datetime.utcnow() is deprecated and scheduled for removal in a future version. Use timezone-aware objects to represent datetimes in UTC: datetime.datetime.now(datetime.UTC).
  "last_updated": datetime.utcnow().isoformat()
  ✅ Saved to Supabase
⏰ 19:09:34 - Gold $4483.00 | HOLD | RSI: 65
/Users/anubhavarya/star/star-dashboard/gold_monitor.py:95: DeprecationWarning: datetime.datetime.utcnow() is deprecated and scheduled for removal in a future version. Use timezone-aware objects to represent datetimes in UTC: datetime.datetime.now(datetime.UTC).
  "last_updated": datetime.utcnow().isoformat()
  ✅ Saved to Supabase
⏰ 19:10:35 - Gold $4487.70 | HOLD | RSI: 65
/Users/anubhavarya/star/star-dashboard/gold_monitor.py:95: DeprecationWarning: datetime.datetime.utcnow() is deprecated and scheduled for removal in a future version. Use timezone-aware objects to represent datetimes in UTC: datetime.datetime.now(datetime.UTC).
  "last_updated": datetime.utcnow().isoformat()
  ✅ Saved to Supabase
⏰ 19:11:35 - Gold $4488.60 | HOLD | RSI: 65
/Users/anubhavarya/star/star-dashboard/gold_monitor.py:95: DeprecationWarning: datetime.datetime.utcnow() is deprecated and scheduled for removal in a future version. Use timezone-aware objects to represent datetimes in UTC: datetime.datetime.now(datetime.UTC).
  "last_updated": datetime.utcnow().isoformat()
  ✅ Saved to Supabase
⏰ 19:12:36 - Gold $4490.00 | HOLD | RSI: 65
/Users/anubhavarya/star/star-dashboard/gold_monitor.py:95: DeprecationWarning: datetime.datetime.utcnow() is deprecated and scheduled for removal in a future version. Use timezone-aware objects to represent datetimes in UTC: datetime.datetime.now(datetime.UTC).
  "last_updated": datetime.utcnow().isoformat()
  ✅ Saved to Supabase
⏰ 19:13:36 - Gold $4487.10 | HOLD | RSI: 65
/Users/anubhavarya/star/star-dashboard/gold_monitor.py:95: DeprecationWarning: datetime.datetime.utcnow() is deprecated and scheduled for removal in a future version. Use timezone-aware objects to represent datetimes in UTC: datetime.datetime.now(datetime.UTC).
  "last_updated": datetime.utcnow().isoformat()
  ✅ Saved to Supabase
⏰ 19:14:37 - Gold $4484.90 | HOLD | RSI: 65
/Users/anubhavarya/star/star-dashboard/gold_monitor.py:95: DeprecationWarning: datetime.datetime.utcnow() is deprecated and scheduled for removal in a future version. Use timezone-aware objects to represent datetimes in UTC: datetime.datetime.now(datetime.UTC).
  "last_updated": datetime.utcnow().isoformat()
  ✅ Saved to Supabase
⏰ 19:15:37 - Gold $4487.80 | HOLD | RSI: 65
/Users/anubhavarya/star/star-dashboard/gold_monitor.py:95: DeprecationWarning: datetime.datetime.utcnow() is deprecated and scheduled for removal in a future version. Use timezone-aware objects to represent datetimes in UTC: datetime.datetime.now(datetime.UTC).
  "last_updated": datetime.utcnow().isoformat()
  ✅ Saved to Supabase
⏰ 19:16:38 - Gold $4485.10 | HOLD | RSI: 65
/Users/anubhavarya/star/star-dashboard/gold_monitor.py:95: DeprecationWarning: datetime.datetime.utcnow() is deprecated and scheduled for removal in a future version. Use timezone-aware objects to represent datetimes in UTC: datetime.datetime.now(datetime.UTC).
  "last_updated": datetime.utcnow().isoformat()
  ✅ Saved to Supabase
⏰ 19:17:38 - Gold $4482.60 | HOLD | RSI: 65
/Users/anubhavarya/star/star-dashboard/gold_monitor.py:95: DeprecationWarning: datetime.datetime.utcnow() is deprecated and scheduled for removal in a future version. Use timezone-aware objects to represent datetimes in UTC: datetime.datetime.now(datetime.UTC).
  "last_updated": datetime.utcnow().isoformat()
  ✅ Saved to Supabase
⏰ 19:18:38 - Gold $4483.40 | HOLD | RSI: 65
/Users/anubhavarya/star/star-dashboard/gold_monitor.py:95: DeprecationWarning: datetime.datetime.utcnow() is deprecated and scheduled for removal in a future version. Use timezone-aware objects to represent datetimes in UTC: datetime.datetime.now(datetime.UTC).
  "last_updated": datetime.utcnow().isoformat()
  ✅ Saved to Supabase
⏰ 19:19:39 - Gold $4482.90 | HOLD | RSI: 65
/Users/anubhavarya/star/star-dashboard/gold_monitor.py:95: DeprecationWarning: datetime.datetime.utcnow() is deprecated and scheduled for removal in a future version. Use timezone-aware objects to represent datetimes in UTC: datetime.datetime.now(datetime.UTC).
  "last_updated": datetime.utcnow().isoformat()
  ✅ Saved to Supabase
⏰ 19:20:39 - Gold $4481.10 | HOLD | RSI: 65
/Users/anubhavarya/star/star-dashboard/gold_monitor.py:95: DeprecationWarning: datetime.datetime.utcnow() is deprecated and scheduled for removal in a future version. Use timezone-aware objects to represent datetimes in UTC: datetime.datetime.now(datetime.UTC).
  "last_updated": datetime.utcnow().isoformat()
  ✅ Saved to Supabase
⏰ 19:21:40 - Gold $4483.20 | HOLD | RSI: 65
/Users/anubhavarya/star/star-dashboard/gold_monitor.py:95: DeprecationWarning: datetime.datetime.utcnow() is deprecated and scheduled for removal in a future version. Use timezone-aware objects to represent datetimes in UTC: datetime.datetime.now(datetime.UTC).
  "last_updated": datetime.utcnow().isoformat()
  ✅ Saved to Supabase
⏰ 19:22:40 - Gold $4483.00 | HOLD | RSI: 65
/Users/anubhavarya/star/star-dashboard/gold_monitor.py:95: DeprecationWarning: datetime.datetime.utcnow() is deprecated and scheduled for removal in a future version. Use timezone-aware objects to represent datetimes in UTC: datetime.datetime.now(datetime.UTC).
  "last_updated": datetime.utcnow().isoformat()
  ✅ Saved to Supabase
⏰ 19:23:41 - Gold $4480.70 | HOLD | RSI: 65
/Users/anubhavarya/star/star-dashboard/gold_monitor.py:95: DeprecationWarning: datetime.datetime.utcnow() is deprecated and scheduled for removal in a future version. Use timezone-aware objects to represent datetimes in UTC: datetime.datetime.now(datetime.UTC).
  "last_updated": datetime.utcnow().isoformat()
  ✅ Saved to Supabase
⏰ 19:24:41 - Gold $4479.80 | HOLD | RSI: 65
/Users/anubhavarya/star/star-dashboard/gold_monitor.py:95: DeprecationWarning: datetime.datetime.utcnow() is deprecated and scheduled for removal in a future version. Use timezone-aware objects to represent datetimes in UTC: datetime.datetime.now(datetime.UTC).
  "last_updated": datetime.utcnow().isoformat()
  ✅ Saved to Supabase
⏰ 19:25:42 - Gold $4476.70 | HOLD | RSI: 65
/Users/anubhavarya/star/star-dashboard/gold_monitor.py:95: DeprecationWarning: datetime.datetime.utcnow() is deprecated and scheduled for removal in a future version. Use timezone-aware objects to represent datetimes in UTC: datetime.datetime.now(datetime.UTC).
  "last_updated": datetime.utcnow().isoformat()
  ✅ Saved to Supabase
⏰ 19:26:42 - Gold $4478.20 | HOLD | RSI: 65
/Users/anubhavarya/star/star-dashboard/gold_monitor.py:95: DeprecationWarning: datetime.datetime.utcnow() is deprecated and scheduled for removal in a future version. Use timezone-aware objects to represent datetimes in UTC: datetime.datetime.now(datetime.UTC).
  "last_updated": datetime.utcnow().isoformat()
  ✅ Saved to Supabase
⏰ 19:27:43 - Gold $4479.50 | HOLD | RSI: 65
/Users/anubhavarya/star/star-dashboard/gold_monitor.py:95: DeprecationWarning: datetime.datetime.utcnow() is deprecated and scheduled for removal in a future version. Use timezone-aware objects to represent datetimes in UTC: datetime.datetime.now(datetime.UTC).
  "last_updated": datetime.utcnow().isoformat()
  ✅ Saved to Supabase
⏰ 19:28:43 - Gold $4482.60 | HOLD | RSI: 65
/Users/anubhavarya/star/star-dashboard/gold_monitor.py:95: DeprecationWarning: datetime.datetime.utcnow() is deprecated and scheduled for removal in a future version. Use timezone-aware objects to represent datetimes in UTC: datetime.datetime.now(datetime.UTC).
  "last_updated": datetime.utcnow().isoformat()
  ✅ Saved to Supabase
⏰ 19:29:43 - Gold $4482.80 | HOLD | RSI: 65
/Users/anubhavarya/star/star-dashboard/gold_monitor.py:95: DeprecationWarning: datetime.datetime.utcnow() is deprecated and scheduled for removal in a future version. Use timezone-aware objects to represent datetimes in UTC: datetime.datetime.now(datetime.UTC).
  "last_updated": datetime.utcnow().isoformat()
  ✅ Saved to Supabase
⏰ 19:30:44 - Gold $4480.70 | HOLD | RSI: 65
/Users/anubhavarya/star/star-dashboard/gold_monitor.py:95: DeprecationWarning: datetime.datetime.utcnow() is deprecated and scheduled for removal in a future version. Use timezone-aware objects to represent datetimes in UTC: datetime.datetime.now(datetime.UTC).
  "last_updated": datetime.utcnow().isoformat()
  ✅ Saved to Supabase
⏰ 19:31:44 - Gold $4479.00 | HOLD | RSI: 65
/Users/anubhavarya/star/star-dashboard/gold_monitor.py:95: DeprecationWarning: datetime.datetime.utcnow() is deprecated and scheduled for removal in a future version. Use timezone-aware objects to represent datetimes in UTC: datetime.datetime.now(datetime.UTC).
  "last_updated": datetime.utcnow().isoformat()
  ✅ Saved to Supabase
⏰ 19:32:45 - Gold $4476.60 | HOLD | RSI: 65
/Users/anubhavarya/star/star-dashboard/gold_monitor.py:95: DeprecationWarning: datetime.datetime.utcnow() is deprecated and scheduled for removal in a future version. Use timezone-aware objects to represent datetimes in UTC: datetime.datetime.now(datetime.UTC).
  "last_updated": datetime.utcnow().isoformat()
  ✅ Saved to Supabase
⏰ 19:33:45 - Gold $4477.70 | HOLD | RSI: 65
/Users/anubhavarya/star/star-dashboard/gold_monitor.py:95: DeprecationWarning: datetime.datetime.utcnow() is deprecated and scheduled for removal in a future version. Use timezone-aware objects to represent datetimes in UTC: datetime.datetime.now(datetime.UTC).
  "last_updated": datetime.utcnow().isoformat()
  ✅ Saved to Supabase
⏰ 19:34:46 - Gold $4477.70 | HOLD | RSI: 65
/Users/anubhavarya/star/star-dashboard/gold_monitor.py:95: DeprecationWarning: datetime.datetime.utcnow() is deprecated and scheduled for removal in a future version. Use timezone-aware objects to represent datetimes in UTC: datetime.datetime.now(datetime.UTC).
  "last_updated": datetime.utcnow().isoformat()
  ✅ Saved to Supabase
⏰ 19:35:46 - Gold $4475.70 | HOLD | RSI: 65
/Users/anubhavarya/star/star-dashboard/gold_monitor.py:95: DeprecationWarning: datetime.datetime.utcnow() is deprecated and scheduled for removal in a future version. Use timezone-aware objects to represent datetimes in UTC: datetime.datetime.now(datetime.UTC).
  "last_updated": datetime.utcnow().isoformat()
  ✅ Saved to Supabase
⏰ 19:36:47 - Gold $4474.50 | HOLD | RSI: 65
/Users/anubhavarya/star/star-dashboard/gold_monitor.py:95: DeprecationWarning: datetime.datetime.utcnow() is deprecated and scheduled for removal in a future version. Use timezone-aware objects to represent datetimes in UTC: datetime.datetime.now(datetime.UTC).
  "last_updated": datetime.utcnow().isoformat()
  ✅ Saved to Supabase
⏰ 19:37:47 - Gold $4476.00 | HOLD | RSI: 65
/Users/anubhavarya/star/star-dashboard/gold_monitor.py:95: DeprecationWarning: datetime.datetime.utcnow() is deprecated and scheduled for removal in a future version. Use timezone-aware objects to represent datetimes in UTC: datetime.datetime.now(datetime.UTC).
  "last_updated": datetime.utcnow().isoformat()
  ✅ Saved to Supabase
⏰ 19:38:48 - Gold $4478.00 | HOLD | RSI: 65
/Users/anubhavarya/star/star-dashboard/gold_monitor.py:95: DeprecationWarning: datetime.datetime.utcnow() is deprecated and scheduled for removal in a future version. Use timezone-aware objects to represent datetimes in UTC: datetime.datetime.now(datetime.UTC).
  "last_updated": datetime.utcnow().isoformat()
  ✅ Saved to Supabase
⏰ 19:39:48 - Gold $4478.00 | HOLD | RSI: 65
/Users/anubhavarya/star/star-dashboard/gold_monitor.py:95: DeprecationWarning: datetime.datetime.utcnow() is deprecated and scheduled for removal in a future version. Use timezone-aware objects to represent datetimes in UTC: datetime.datetime.now(datetime.UTC).
  "last_updated": datetime.utcnow().isoformat()
  ✅ Saved to Supabase
⏰ 19:40:49 - Gold $4474.90 | HOLD | RSI: 65
/Users/anubhavarya/star/star-dashboard/gold_monitor.py:95: DeprecationWarning: datetime.datetime.utcnow() is deprecated and scheduled for removal in a future version. Use timezone-aware objects to represent datetimes in UTC: datetime.datetime.now(datetime.UTC).
  "last_updated": datetime.utcnow().isoformat()
  ✅ Saved to Supabase
⏰ 19:41:49 - Gold $4475.60 | HOLD | RSI: 65
/Users/anubhavarya/star/star-dashboard/gold_monitor.py:95: DeprecationWarning: datetime.datetime.utcnow() is deprecated and scheduled for removal in a future version. Use timezone-aware objects to represent datetimes in UTC: datetime.datetime.now(datetime.UTC).
  "last_updated": datetime.utcnow().isoformat()
  ✅ Saved to Supabase
⏰ 19:42:49 - Gold $4475.30 | HOLD | RSI: 65
/Users/anubhavarya/star/star-dashboard/gold_monitor.py:95: DeprecationWarning: datetime.datetime.utcnow() is deprecated and scheduled for removal in a future version. Use timezone-aware objects to represent datetimes in UTC: datetime.datetime.now(datetime.UTC).
  "last_updated": datetime.utcnow().isoformat()
  ✅ Saved to Supabase
⏰ 19:43:50 - Gold $4476.80 | HOLD | RSI: 65
/Users/anubhavarya/star/star-dashboard/gold_monitor.py:95: DeprecationWarning: datetime.datetime.utcnow() is deprecated and scheduled for removal in a future version. Use timezone-aware objects to represent datetimes in UTC: datetime.datetime.now(datetime.UTC).
  "last_updated": datetime.utcnow().isoformat()
  ✅ Saved to Supabase
⏰ 19:44:50 - Gold $4477.80 | HOLD | RSI: 65
/Users/anubhavarya/star/star-dashboard/gold_monitor.py:95: DeprecationWarning: datetime.datetime.utcnow() is deprecated and scheduled for removal in a future version. Use timezone-aware objects to represent datetimes in UTC: datetime.datetime.now(datetime.UTC).
  "last_updated": datetime.utcnow().isoformat()
  ✅ Saved to Supabase
⏰ 19:45:50 - Gold $4474.60 | HOLD | RSI: 65
/Users/anubhavarya/star/star-dashboard/gold_monitor.py:95: DeprecationWarning: datetime.datetime.utcnow() is deprecated and scheduled for removal in a future version. Use timezone-aware objects to represent datetimes in UTC: datetime.datetime.now(datetime.UTC).
  "last_updated": datetime.utcnow().isoformat()
  ✅ Saved to Supabase
⏰ 19:46:51 - Gold $4475.10 | HOLD | RSI: 65
/Users/anubhavarya/star/star-dashboard/gold_monitor.py:95: DeprecationWarning: datetime.datetime.utcnow() is deprecated and scheduled for removal in a future version. Use timezone-aware objects to represent datetimes in UTC: datetime.datetime.now(datetime.UTC).
  "last_updated": datetime.utcnow().isoformat()
  ✅ Saved to Supabase
⏰ 19:47:51 - Gold $4473.20 | HOLD | RSI: 65
/Users/anubhavarya/star/star-dashboard/gold_monitor.py:95: DeprecationWarning: datetime.datetime.utcnow() is deprecated and scheduled for removal in a future version. Use timezone-aware objects to represent datetimes in UTC: datetime.datetime.now(datetime.UTC).
  "last_updated": datetime.utcnow().isoformat()
  ✅ Saved to Supabase
⏰ 19:48:52 - Gold $4472.20 | HOLD | RSI: 65
/Users/anubhavarya/star/star-dashboard/gold_monitor.py:95: DeprecationWarning: datetime.datetime.utcnow() is deprecated and scheduled for removal in a future version. Use timezone-aware objects to represent datetimes in UTC: datetime.datetime.now(datetime.UTC).
  "last_updated": datetime.utcnow().isoformat()
  ✅ Saved to Supabase
⏰ 19:49:52 - Gold $4473.60 | HOLD | RSI: 65
/Users/anubhavarya/star/star-dashboard/gold_monitor.py:95: DeprecationWarning: datetime.datetime.utcnow() is deprecated and scheduled for removal in a future version. Use timezone-aware objects to represent datetimes in UTC: datetime.datetime.now(datetime.UTC).
  "last_updated": datetime.utcnow().isoformat()
  ✅ Saved to Supabase
⏰ 19:50:52 - Gold $4472.80 | HOLD | RSI: 65
/Users/anubhavarya/star/star-dashboard/gold_monitor.py:95: DeprecationWarning: datetime.datetime.utcnow() is deprecated and scheduled for removal in a future version. Use timezone-aware objects to represent datetimes in UTC: datetime.datetime.now(datetime.UTC).
  "last_updated": datetime.utcnow().isoformat()
  ✅ Saved to Supabase
⏰ 19:51:53 - Gold $4471.40 | HOLD | RSI: 65
/Users/anubhavarya/star/star-dashboard/gold_monitor.py:95: DeprecationWarning: datetime.datetime.utcnow() is deprecated and scheduled for removal in a future version. Use timezone-aware objects to represent datetimes in UTC: datetime.datetime.now(datetime.UTC).
  "last_updated": datetime.utcnow().isoformat()
  ✅ Saved to Supabase
⏰ 19:52:53 - Gold $4472.00 | HOLD | RSI: 65
/Users/anubhavarya/star/star-dashboard/gold_monitor.py:95: DeprecationWarning: datetime.datetime.utcnow() is deprecated and scheduled for removal in a future version. Use timezone-aware objects to represent datetimes in UTC: datetime.datetime.now(datetime.UTC).
  "last_updated": datetime.utcnow().isoformat()
  ✅ Saved to Supabase
⏰ 19:53:54 - Gold $4473.30 | HOLD | RSI: 65
/Users/anubhavarya/star/star-dashboard/gold_monitor.py:95: DeprecationWarning: datetime.datetime.utcnow() is deprecated and scheduled for removal in a future version. Use timezone-aware objects to represent datetimes in UTC: datetime.datetime.now(datetime.UTC).
  "last_updated": datetime.utcnow().isoformat()
  ✅ Saved to Supabase
⏰ 19:54:54 - Gold $4474.30 | HOLD | RSI: 65
/Users/anubhavarya/star/star-dashboard/gold_monitor.py:95: DeprecationWarning: datetime.datetime.utcnow() is deprecated and scheduled for removal in a future version. Use timezone-aware objects to represent datetimes in UTC: datetime.datetime.now(datetime.UTC).
  "last_updated": datetime.utcnow().isoformat()
  ✅ Saved to Supabase
⏰ 19:55:54 - Gold $4472.00 | HOLD | RSI: 65
/Users/anubhavarya/star/star-dashboard/gold_monitor.py:95: DeprecationWarning: datetime.datetime.utcnow() is deprecated and scheduled for removal in a future version. Use timezone-aware objects to represent datetimes in UTC: datetime.datetime.now(datetime.UTC).
  "last_updated": datetime.utcnow().isoformat()
  ✅ Saved to Supabase
⏰ 19:56:55 - Gold $4474.30 | HOLD | RSI: 65
/Users/anubhavarya/star/star-dashboard/gold_monitor.py:95: DeprecationWarning: datetime.datetime.utcnow() is deprecated and scheduled for removal in a future version. Use timezone-aware objects to represent datetimes in UTC: datetime.datetime.now(datetime.UTC).
  "last_updated": datetime.utcnow().isoformat()
  ✅ Saved to Supabase
⏰ 19:57:55 - Gold $4474.90 | HOLD | RSI: 65
/Users/anubhavarya/star/star-dashboard/gold_monitor.py:95: DeprecationWarning: datetime.datetime.utcnow() is deprecated and scheduled for removal in a future version. Use timezone-aware objects to represent datetimes in UTC: datetime.datetime.now(datetime.UTC).
  "last_updated": datetime.utcnow().isoformat()
  ✅ Saved to Supabase
⏰ 19:58:56 - Gold $4475.50 | HOLD | RSI: 65
/Users/anubhavarya/star/star-dashboard/gold_monitor.py:95: DeprecationWarning: datetime.datetime.utcnow() is deprecated and scheduled for removal in a future version. Use timezone-aware objects to represent datetimes in UTC: datetime.datetime.now(datetime.UTC).
  "last_updated": datetime.utcnow().isoformat()
  ✅ Saved to Supabase
⏰ 19:59:56 - Gold $4476.60 | HOLD | RSI: 65
/Users/anubhavarya/star/star-dashboard/gold_monitor.py:95: DeprecationWarning: datetime.datetime.utcnow() is deprecated and scheduled for removal in a future version. Use timezone-aware objects to represent datetimes in UTC: datetime.datetime.now(datetime.UTC).
  "last_updated": datetime.utcnow().isoformat()
  ✅ Saved to Supabase
⏰ 20:00:57 - Gold $4478.20 | HOLD | RSI: 65
/Users/anubhavarya/star/star-dashboard/gold_monitor.py:95: DeprecationWarning: datetime.datetime.utcnow() is deprecated and scheduled for removal in a future version. Use timezone-aware objects to represent datetimes in UTC: datetime.datetime.now(datetime.UTC).
  "last_updated": datetime.utcnow().isoformat()
  ✅ Saved to Supabase
⏰ 20:01:57 - Gold $4477.70 | HOLD | RSI: 65
/Users/anubhavarya/star/star-dashboard/gold_monitor.py:95: DeprecationWarning: datetime.datetime.utcnow() is deprecated and scheduled for removal in a future version. Use timezone-aware objects to represent datetimes in UTC: datetime.datetime.now(datetime.UTC).
  "last_updated": datetime.utcnow().isoformat()
  ✅ Saved to Supabase
⏰ 20:02:58 - Gold $4478.80 | HOLD | RSI: 65
/Users/anubhavarya/star/star-dashboard/gold_monitor.py:95: DeprecationWarning: datetime.datetime.utcnow() is deprecated and scheduled for removal in a future version. Use timezone-aware objects to represent datetimes in UTC: datetime.datetime.now(datetime.UTC).
  "last_updated": datetime.utcnow().isoformat()
  ✅ Saved to Supabase
⏰ 20:03:59 - Gold $4479.30 | HOLD | RSI: 65
/Users/anubhavarya/star/star-dashboard/gold_monitor.py:95: DeprecationWarning: datetime.datetime.utcnow() is deprecated and scheduled for removal in a future version. Use timezone-aware objects to represent datetimes in UTC: datetime.datetime.now(datetime.UTC).
  "last_updated": datetime.utcnow().isoformat()
  ✅ Saved to Supabase
⏰ 20:04:59 - Gold $4478.30 | HOLD | RSI: 65
/Users/anubhavarya/star/star-dashboard/gold_monitor.py:95: DeprecationWarning: datetime.datetime.utcnow() is deprecated and scheduled for removal in a future version. Use timezone-aware objects to represent datetimes in UTC: datetime.datetime.now(datetime.UTC).
  "last_updated": datetime.utcnow().isoformat()
  ✅ Saved to Supabase
⏰ 20:06:00 - Gold $4474.90 | HOLD | RSI: 65
/Users/anubhavarya/star/star-dashboard/gold_monitor.py:95: DeprecationWarning: datetime.datetime.utcnow() is deprecated and scheduled for removal in a future version. Use timezone-aware objects to represent datetimes in UTC: datetime.datetime.now(datetime.UTC).
  "last_updated": datetime.utcnow().isoformat()
  ✅ Saved to Supabase
⏰ 20:07:00 - Gold $4475.30 | HOLD | RSI: 65
/Users/anubhavarya/star/star-dashboard/gold_monitor.py:95: DeprecationWarning: datetime.datetime.utcnow() is deprecated and scheduled for removal in a future version. Use timezone-aware objects to represent datetimes in UTC: datetime.datetime.now(datetime.UTC).
  "last_updated": datetime.utcnow().isoformat()
  ✅ Saved to Supabase
⏰ 20:08:01 - Gold $4475.20 | HOLD | RSI: 65
/Users/anubhavarya/star/star-dashboard/gold_monitor.py:95: DeprecationWarning: datetime.datetime.utcnow() is deprecated and scheduled for removal in a future version. Use timezone-aware objects to represent datetimes in UTC: datetime.datetime.now(datetime.UTC).
  "last_updated": datetime.utcnow().isoformat()
  ✅ Saved to Supabase
⏰ 20:09:01 - Gold $4474.60 | HOLD | RSI: 65
/Users/anubhavarya/star/star-dashboard/gold_monitor.py:95: DeprecationWarning: datetime.datetime.utcnow() is deprecated and scheduled for removal in a future version. Use timezone-aware objects to represent datetimes in UTC: datetime.datetime.now(datetime.UTC).
  "last_updated": datetime.utcnow().isoformat()
  ✅ Saved to Supabase
⏰ 20:10:02 - Gold $4475.60 | HOLD | RSI: 65
/Users/anubhavarya/star/star-dashboard/gold_monitor.py:95: DeprecationWarning: datetime.datetime.utcnow() is deprecated and scheduled for removal in a future version. Use timezone-aware objects to represent datetimes in UTC: datetime.datetime.now(datetime.UTC).
  "last_updated": datetime.utcnow().isoformat()
  ✅ Saved to Supabase
⏰ 20:11:02 - Gold $4475.10 | HOLD | RSI: 65
/Users/anubhavarya/star/star-dashboard/gold_monitor.py:95: DeprecationWarning: datetime.datetime.utcnow() is deprecated and scheduled for removal in a future version. Use timezone-aware objects to represent datetimes in UTC: datetime.datetime.now(datetime.UTC).
  "last_updated": datetime.utcnow().isoformat()
  ✅ Saved to Supabase
⏰ 20:12:03 - Gold $4476.80 | HOLD | RSI: 65
/Users/anubhavarya/star/star-dashboard/gold_monitor.py:95: DeprecationWarning: datetime.datetime.utcnow() is deprecated and scheduled for removal in a future version. Use timezone-aware objects to represent datetimes in UTC: datetime.datetime.now(datetime.UTC).
  "last_updated": datetime.utcnow().isoformat()
  ✅ Saved to Supabase
⏰ 20:13:03 - Gold $4482.00 | HOLD | RSI: 65
/Users/anubhavarya/star/star-dashboard/gold_monitor.py:95: DeprecationWarning: datetime.datetime.utcnow() is deprecated and scheduled for removal in a future version. Use timezone-aware objects to represent datetimes in UTC: datetime.datetime.now(datetime.UTC).
  "last_updated": datetime.utcnow().isoformat()
  ✅ Saved to Supabase
⏰ 20:14:04 - Gold $4482.30 | HOLD | RSI: 65
/Users/anubhavarya/star/star-dashboard/gold_monitor.py:95: DeprecationWarning: datetime.datetime.utcnow() is deprecated and scheduled for removal in a future version. Use timezone-aware objects to represent datetimes in UTC: datetime.datetime.now(datetime.UTC).
  "last_updated": datetime.utcnow().isoformat()
  ✅ Saved to Supabase
⏰ 20:15:05 - Gold $4480.80 | HOLD | RSI: 65
/Users/anubhavarya/star/star-dashboard/gold_monitor.py:95: DeprecationWarning: datetime.datetime.utcnow() is deprecated and scheduled for removal in a future version. Use timezone-aware objects to represent datetimes in UTC: datetime.datetime.now(datetime.UTC).
  "last_updated": datetime.utcnow().isoformat()
  ✅ Saved to Supabase
⏰ 20:16:05 - Gold $4482.60 | HOLD | RSI: 65
/Users/anubhavarya/star/star-dashboard/gold_monitor.py:95: DeprecationWarning: datetime.datetime.utcnow() is deprecated and scheduled for removal in a future version. Use timezone-aware objects to represent datetimes in UTC: datetime.datetime.now(datetime.UTC).
  "last_updated": datetime.utcnow().isoformat()
  ✅ Saved to Supabase
⏰ 20:17:06 - Gold $4481.50 | HOLD | RSI: 65
/Users/anubhavarya/star/star-dashboard/gold_monitor.py:95: DeprecationWarning: datetime.datetime.utcnow() is deprecated and scheduled for removal in a future version. Use timezone-aware objects to represent datetimes in UTC: datetime.datetime.now(datetime.UTC).
  "last_updated": datetime.utcnow().isoformat()
  ✅ Saved to Supabase
⏰ 20:18:06 - Gold $4481.20 | HOLD | RSI: 65
/Users/anubhavarya/star/star-dashboard/gold_monitor.py:95: DeprecationWarning: datetime.datetime.utcnow() is deprecated and scheduled for removal in a future version. Use timezone-aware objects to represent datetimes in UTC: datetime.datetime.now(datetime.UTC).
  "last_updated": datetime.utcnow().isoformat()
  ✅ Saved to Supabase
⏰ 20:19:07 - Gold $4483.40 | HOLD | RSI: 65
/Users/anubhavarya/star/star-dashboard/gold_monitor.py:95: DeprecationWarning: datetime.datetime.utcnow() is deprecated and scheduled for removal in a future version. Use timezone-aware objects to represent datetimes in UTC: datetime.datetime.now(datetime.UTC).
  "last_updated": datetime.utcnow().isoformat()
  ✅ Saved to Supabase
⏰ 20:20:07 - Gold $4487.20 | HOLD | RSI: 65
/Users/anubhavarya/star/star-dashboard/gold_monitor.py:95: DeprecationWarning: datetime.datetime.utcnow() is deprecated and scheduled for removal in a future version. Use timezone-aware objects to represent datetimes in UTC: datetime.datetime.now(datetime.UTC).
  "last_updated": datetime.utcnow().isoformat()
  ✅ Saved to Supabase
⏰ 20:21:08 - Gold $4488.40 | HOLD | RSI: 65
/Users/anubhavarya/star/star-dashboard/gold_monitor.py:95: DeprecationWarning: datetime.datetime.utcnow() is deprecated and scheduled for removal in a future version. Use timezone-aware objects to represent datetimes in UTC: datetime.datetime.now(datetime.UTC).
  "last_updated": datetime.utcnow().isoformat()
  ✅ Saved to Supabase
⏰ 20:22:08 - Gold $4492.20 | HOLD | RSI: 65
/Users/anubhavarya/star/star-dashboard/gold_monitor.py:95: DeprecationWarning: datetime.datetime.utcnow() is deprecated and scheduled for removal in a future version. Use timezone-aware objects to represent datetimes in UTC: datetime.datetime.now(datetime.UTC).
  "last_updated": datetime.utcnow().isoformat()
  ✅ Saved to Supabase
⏰ 20:23:09 - Gold $4492.10 | HOLD | RSI: 65
/Users/anubhavarya/star/star-dashboard/gold_monitor.py:95: DeprecationWarning: datetime.datetime.utcnow() is deprecated and scheduled for removal in a future version. Use timezone-aware objects to represent datetimes in UTC: datetime.datetime.now(datetime.UTC).
  "last_updated": datetime.utcnow().isoformat()
  ✅ Saved to Supabase
⏰ 20:24:09 - Gold $4492.30 | HOLD | RSI: 65
/Users/anubhavarya/star/star-dashboard/gold_monitor.py:95: DeprecationWarning: datetime.datetime.utcnow() is deprecated and scheduled for removal in a future version. Use timezone-aware objects to represent datetimes in UTC: datetime.datetime.now(datetime.UTC).
  "last_updated": datetime.utcnow().isoformat()
  ✅ Saved to Supabase
⏰ 20:25:10 - Gold $4490.30 | HOLD | RSI: 65
/Users/anubhavarya/star/star-dashboard/gold_monitor.py:95: DeprecationWarning: datetime.datetime.utcnow() is deprecated and scheduled for removal in a future version. Use timezone-aware objects to represent datetimes in UTC: datetime.datetime.now(datetime.UTC).
  "last_updated": datetime.utcnow().isoformat()
  ✅ Saved to Supabase
⏰ 20:26:10 - Gold $4487.80 | HOLD | RSI: 65
/Users/anubhavarya/star/star-dashboard/gold_monitor.py:95: DeprecationWarning: datetime.datetime.utcnow() is deprecated and scheduled for removal in a future version. Use timezone-aware objects to represent datetimes in UTC: datetime.datetime.now(datetime.UTC).
  "last_updated": datetime.utcnow().isoformat()
  ✅ Saved to Supabase
⏰ 20:27:11 - Gold $4487.50 | HOLD | RSI: 65
/Users/anubhavarya/star/star-dashboard/gold_monitor.py:95: DeprecationWarning: datetime.datetime.utcnow() is deprecated and scheduled for removal in a future version. Use timezone-aware objects to represent datetimes in UTC: datetime.datetime.now(datetime.UTC).
  "last_updated": datetime.utcnow().isoformat()
  ✅ Saved to Supabase
⏰ 20:28:11 - Gold $4489.70 | HOLD | RSI: 65
/Users/anubhavarya/star/star-dashboard/gold_monitor.py:95: DeprecationWarning: datetime.datetime.utcnow() is deprecated and scheduled for removal in a future version. Use timezone-aware objects to represent datetimes in UTC: datetime.datetime.now(datetime.UTC).
  "last_updated": datetime.utcnow().isoformat()
  ✅ Saved to Supabase
⏰ 20:29:11 - Gold $4490.30 | HOLD | RSI: 65
/Users/anubhavarya/star/star-dashboard/gold_monitor.py:95: DeprecationWarning: datetime.datetime.utcnow() is deprecated and scheduled for removal in a future version. Use timezone-aware objects to represent datetimes in UTC: datetime.datetime.now(datetime.UTC).
  "last_updated": datetime.utcnow().isoformat()
  ✅ Saved to Supabase
⏰ 20:30:12 - Gold $4493.30 | HOLD | RSI: 65
/Users/anubhavarya/star/star-dashboard/gold_monitor.py:95: DeprecationWarning: datetime.datetime.utcnow() is deprecated and scheduled for removal in a future version. Use timezone-aware objects to represent datetimes in UTC: datetime.datetime.now(datetime.UTC).
  "last_updated": datetime.utcnow().isoformat()
  ✅ Saved to Supabase
⏰ 20:31:12 - Gold $4493.70 | HOLD | RSI: 65
/Users/anubhavarya/star/star-dashboard/gold_monitor.py:95: DeprecationWarning: datetime.datetime.utcnow() is deprecated and scheduled for removal in a future version. Use timezone-aware objects to represent datetimes in UTC: datetime.datetime.now(datetime.UTC).
  "last_updated": datetime.utcnow().isoformat()
  ✅ Saved to Supabase
⏰ 20:32:13 - Gold $4495.50 | HOLD | RSI: 65
/Users/anubhavarya/star/star-dashboard/gold_monitor.py:95: DeprecationWarning: datetime.datetime.utcnow() is deprecated and scheduled for removal in a future version. Use timezone-aware objects to represent datetimes in UTC: datetime.datetime.now(datetime.UTC).
  "last_updated": datetime.utcnow().isoformat()
  ✅ Saved to Supabase
⏰ 20:33:13 - Gold $4499.30 | HOLD | RSI: 65
/Users/anubhavarya/star/star-dashboard/gold_monitor.py:95: DeprecationWarning: datetime.datetime.utcnow() is deprecated and scheduled for removal in a future version. Use timezone-aware objects to represent datetimes in UTC: datetime.datetime.now(datetime.UTC).
  "last_updated": datetime.utcnow().isoformat()
  ✅ Saved to Supabase
⏰ 20:34:13 - Gold $4497.00 | HOLD | RSI: 65
/Users/anubhavarya/star/star-dashboard/gold_monitor.py:95: DeprecationWarning: datetime.datetime.utcnow() is deprecated and scheduled for removal in a future version. Use timezone-aware objects to represent datetimes in UTC: datetime.datetime.now(datetime.UTC).
  "last_updated": datetime.utcnow().isoformat()
  ✅ Saved to Supabase
⏰ 20:35:14 - Gold $4497.30 | HOLD | RSI: 65
/Users/anubhavarya/star/star-dashboard/gold_monitor.py:95: DeprecationWarning: datetime.datetime.utcnow() is deprecated and scheduled for removal in a future version. Use timezone-aware objects to represent datetimes in UTC: datetime.datetime.now(datetime.UTC).
  "last_updated": datetime.utcnow().isoformat()
  ✅ Saved to Supabase
⏰ 20:36:14 - Gold $4494.50 | HOLD | RSI: 65
/Users/anubhavarya/star/star-dashboard/gold_monitor.py:95: DeprecationWarning: datetime.datetime.utcnow() is deprecated and scheduled for removal in a future version. Use timezone-aware objects to represent datetimes in UTC: datetime.datetime.now(datetime.UTC).
  "last_updated": datetime.utcnow().isoformat()
  ✅ Saved to Supabase
⏰ 20:37:14 - Gold $4494.60 | HOLD | RSI: 65
/Users/anubhavarya/star/star-dashboard/gold_monitor.py:95: DeprecationWarning: datetime.datetime.utcnow() is deprecated and scheduled for removal in a future version. Use timezone-aware objects to represent datetimes in UTC: datetime.datetime.now(datetime.UTC).
  "last_updated": datetime.utcnow().isoformat()
  ✅ Saved to Supabase
⏰ 20:38:15 - Gold $4494.20 | HOLD | RSI: 65
/Users/anubhavarya/star/star-dashboard/gold_monitor.py:95: DeprecationWarning: datetime.datetime.utcnow() is deprecated and scheduled for removal in a future version. Use timezone-aware objects to represent datetimes in UTC: datetime.datetime.now(datetime.UTC).
  "last_updated": datetime.utcnow().isoformat()
  ✅ Saved to Supabase
⏰ 20:39:15 - Gold $4493.30 | HOLD | RSI: 65
/Users/anubhavarya/star/star-dashboard/gold_monitor.py:95: DeprecationWarning: datetime.datetime.utcnow() is deprecated and scheduled for removal in a future version. Use timezone-aware objects to represent datetimes in UTC: datetime.datetime.now(datetime.UTC).
  "last_updated": datetime.utcnow().isoformat()
  ✅ Saved to Supabase
⏰ 20:40:16 - Gold $4495.10 | HOLD | RSI: 65
/Users/anubhavarya/star/star-dashboard/gold_monitor.py:95: DeprecationWarning: datetime.datetime.utcnow() is deprecated and scheduled for removal in a future version. Use timezone-aware objects to represent datetimes in UTC: datetime.datetime.now(datetime.UTC).
  "last_updated": datetime.utcnow().isoformat()
  ✅ Saved to Supabase
⏰ 20:41:17 - Gold $4494.70 | HOLD | RSI: 65
/Users/anubhavarya/star/star-dashboard/gold_monitor.py:95: DeprecationWarning: datetime.datetime.utcnow() is deprecated and scheduled for removal in a future version. Use timezone-aware objects to represent datetimes in UTC: datetime.datetime.now(datetime.UTC).
  "last_updated": datetime.utcnow().isoformat()
  ✅ Saved to Supabase
⏰ 20:42:17 - Gold $4493.30 | HOLD | RSI: 65
/Users/anubhavarya/star/star-dashboard/gold_monitor.py:95: DeprecationWarning: datetime.datetime.utcnow() is deprecated and scheduled for removal in a future version. Use timezone-aware objects to represent datetimes in UTC: datetime.datetime.now(datetime.UTC).
  "last_updated": datetime.utcnow().isoformat()
  ✅ Saved to Supabase
⏰ 20:43:18 - Gold $4492.40 | HOLD | RSI: 65
/Users/anubhavarya/star/star-dashboard/gold_monitor.py:95: DeprecationWarning: datetime.datetime.utcnow() is deprecated and scheduled for removal in a future version. Use timezone-aware objects to represent datetimes in UTC: datetime.datetime.now(datetime.UTC).
  "last_updated": datetime.utcnow().isoformat()
  ✅ Saved to Supabase
⏰ 20:44:18 - Gold $4493.50 | HOLD | RSI: 65
/Users/anubhavarya/star/star-dashboard/gold_monitor.py:95: DeprecationWarning: datetime.datetime.utcnow() is deprecated and scheduled for removal in a future version. Use timezone-aware objects to represent datetimes in UTC: datetime.datetime.now(datetime.UTC).
  "last_updated": datetime.utcnow().isoformat()
  ✅ Saved to Supabase
⏰ 20:45:19 - Gold $4491.50 | HOLD | RSI: 65
/Users/anubhavarya/star/star-dashboard/gold_monitor.py:95: DeprecationWarning: datetime.datetime.utcnow() is deprecated and scheduled for removal in a future version. Use timezone-aware objects to represent datetimes in UTC: datetime.datetime.now(datetime.UTC).
  "last_updated": datetime.utcnow().isoformat()
  ✅ Saved to Supabase
⏰ 20:46:20 - Gold $4495.10 | HOLD | RSI: 65
/Users/anubhavarya/star/star-dashboard/gold_monitor.py:95: DeprecationWarning: datetime.datetime.utcnow() is deprecated and scheduled for removal in a future version. Use timezone-aware objects to represent datetimes in UTC: datetime.datetime.now(datetime.UTC).
  "last_updated": datetime.utcnow().isoformat()
  ✅ Saved to Supabase
⏰ 20:47:20 - Gold $4494.00 | HOLD | RSI: 65
/Users/anubhavarya/star/star-dashboard/gold_monitor.py:95: DeprecationWarning: datetime.datetime.utcnow() is deprecated and scheduled for removal in a future version. Use timezone-aware objects to represent datetimes in UTC: datetime.datetime.now(datetime.UTC).
  "last_updated": datetime.utcnow().isoformat()
  ✅ Saved to Supabase
⏰ 20:48:20 - Gold $4493.70 | HOLD | RSI: 65
/Users/anubhavarya/star/star-dashboard/gold_monitor.py:95: DeprecationWarning: datetime.datetime.utcnow() is deprecated and scheduled for removal in a future version. Use timezone-aware objects to represent datetimes in UTC: datetime.datetime.now(datetime.UTC).
  "last_updated": datetime.utcnow().isoformat()
  ✅ Saved to Supabase
⏰ 20:49:21 - Gold $4495.10 | HOLD | RSI: 65
/Users/anubhavarya/star/star-dashboard/gold_monitor.py:95: DeprecationWarning: datetime.datetime.utcnow() is deprecated and scheduled for removal in a future version. Use timezone-aware objects to represent datetimes in UTC: datetime.datetime.now(datetime.UTC).
  "last_updated": datetime.utcnow().isoformat()
  ✅ Saved to Supabase
⏰ 20:50:22 - Gold $4494.00 | HOLD | RSI: 65
/Users/anubhavarya/star/star-dashboard/gold_monitor.py:95: DeprecationWarning: datetime.datetime.utcnow() is deprecated and scheduled for removal in a future version. Use timezone-aware objects to represent datetimes in UTC: datetime.datetime.now(datetime.UTC).
  "last_updated": datetime.utcnow().isoformat()
  ✅ Saved to Supabase
⏰ 20:51:22 - Gold $4491.50 | HOLD | RSI: 65
/Users/anubhavarya/star/star-dashboard/gold_monitor.py:95: DeprecationWarning: datetime.datetime.utcnow() is deprecated and scheduled for removal in a future version. Use timezone-aware objects to represent datetimes in UTC: datetime.datetime.now(datetime.UTC).
  "last_updated": datetime.utcnow().isoformat()
  ✅ Saved to Supabase
⏰ 20:52:22 - Gold $4487.50 | HOLD | RSI: 65
/Users/anubhavarya/star/star-dashboard/gold_monitor.py:95: DeprecationWarning: datetime.datetime.utcnow() is deprecated and scheduled for removal in a future version. Use timezone-aware objects to represent datetimes in UTC: datetime.datetime.now(datetime.UTC).
  "last_updated": datetime.utcnow().isoformat()
  ✅ Saved to Supabase
⏰ 20:53:23 - Gold $4487.90 | HOLD | RSI: 65
/Users/anubhavarya/star/star-dashboard/gold_monitor.py:95: DeprecationWarning: datetime.datetime.utcnow() is deprecated and scheduled for removal in a future version. Use timezone-aware objects to represent datetimes in UTC: datetime.datetime.now(datetime.UTC).
  "last_updated": datetime.utcnow().isoformat()
  ✅ Saved to Supabase
⏰ 20:54:23 - Gold $4486.30 | HOLD | RSI: 65
/Users/anubhavarya/star/star-dashboard/gold_monitor.py:95: DeprecationWarning: datetime.datetime.utcnow() is deprecated and scheduled for removal in a future version. Use timezone-aware objects to represent datetimes in UTC: datetime.datetime.now(datetime.UTC).
  "last_updated": datetime.utcnow().isoformat()
  ✅ Saved to Supabase
⏰ 20:55:24 - Gold $4486.90 | HOLD | RSI: 65
/Users/anubhavarya/star/star-dashboard/gold_monitor.py:95: DeprecationWarning: datetime.datetime.utcnow() is deprecated and scheduled for removal in a future version. Use timezone-aware objects to represent datetimes in UTC: datetime.datetime.now(datetime.UTC).
  "last_updated": datetime.utcnow().isoformat()
  ✅ Saved to Supabase
⏰ 20:56:24 - Gold $4490.90 | HOLD | RSI: 65
/Users/anubhavarya/star/star-dashboard/gold_monitor.py:95: DeprecationWarning: datetime.datetime.utcnow() is deprecated and scheduled for removal in a future version. Use timezone-aware objects to represent datetimes in UTC: datetime.datetime.now(datetime.UTC).
  "last_updated": datetime.utcnow().isoformat()
  ✅ Saved to Supabase
⏰ 20:57:25 - Gold $4490.30 | HOLD | RSI: 65
/Users/anubhavarya/star/star-dashboard/gold_monitor.py:95: DeprecationWarning: datetime.datetime.utcnow() is deprecated and scheduled for removal in a future version. Use timezone-aware objects to represent datetimes in UTC: datetime.datetime.now(datetime.UTC).
  "last_updated": datetime.utcnow().isoformat()
  ✅ Saved to Supabase
⏰ 20:58:25 - Gold $4490.40 | HOLD | RSI: 65
/Users/anubhavarya/star/star-dashboard/gold_monitor.py:95: DeprecationWarning: datetime.datetime.utcnow() is deprecated and scheduled for removal in a future version. Use timezone-aware objects to represent datetimes in UTC: datetime.datetime.now(datetime.UTC).
  "last_updated": datetime.utcnow().isoformat()
  ✅ Saved to Supabase
⏰ 20:59:25 - Gold $4492.90 | HOLD | RSI: 65
/Users/anubhavarya/star/star-dashboard/gold_monitor.py:95: DeprecationWarning: datetime.datetime.utcnow() is deprecated and scheduled for removal in a future version. Use timezone-aware objects to represent datetimes in UTC: datetime.datetime.now(datetime.UTC).
  "last_updated": datetime.utcnow().isoformat()
  ✅ Saved to Supabase
⏰ 21:00:26 - Gold $4490.00 | HOLD | RSI: 65
/Users/anubhavarya/star/star-dashboard/gold_monitor.py:95: DeprecationWarning: datetime.datetime.utcnow() is deprecated and scheduled for removal in a future version. Use timezone-aware objects to represent datetimes in UTC: datetime.datetime.now(datetime.UTC).
  "last_updated": datetime.utcnow().isoformat()
  ✅ Saved to Supabase
⏰ 21:01:26 - Gold $4489.30 | HOLD | RSI: 65
/Users/anubhavarya/star/star-dashboard/gold_monitor.py:95: DeprecationWarning: datetime.datetime.utcnow() is deprecated and scheduled for removal in a future version. Use timezone-aware objects to represent datetimes in UTC: datetime.datetime.now(datetime.UTC).
  "last_updated": datetime.utcnow().isoformat()
  ✅ Saved to Supabase
⏰ 21:02:27 - Gold $4484.30 | HOLD | RSI: 65
/Users/anubhavarya/star/star-dashboard/gold_monitor.py:95: DeprecationWarning: datetime.datetime.utcnow() is deprecated and scheduled for removal in a future version. Use timezone-aware objects to represent datetimes in UTC: datetime.datetime.now(datetime.UTC).
  "last_updated": datetime.utcnow().isoformat()
  ✅ Saved to Supabase
⏰ 21:03:27 - Gold $4486.00 | HOLD | RSI: 65
/Users/anubhavarya/star/star-dashboard/gold_monitor.py:95: DeprecationWarning: datetime.datetime.utcnow() is deprecated and scheduled for removal in a future version. Use timezone-aware objects to represent datetimes in UTC: datetime.datetime.now(datetime.UTC).
  "last_updated": datetime.utcnow().isoformat()
  ✅ Saved to Supabase
⏰ 21:04:28 - Gold $4488.50 | HOLD | RSI: 65
/Users/anubhavarya/star/star-dashboard/gold_monitor.py:95: DeprecationWarning: datetime.datetime.utcnow() is deprecated and scheduled for removal in a future version. Use timezone-aware objects to represent datetimes in UTC: datetime.datetime.now(datetime.UTC).
  "last_updated": datetime.utcnow().isoformat()
  ✅ Saved to Supabase
⏰ 21:05:28 - Gold $4490.50 | HOLD | RSI: 65
/Users/anubhavarya/star/star-dashboard/gold_monitor.py:95: DeprecationWarning: datetime.datetime.utcnow() is deprecated and scheduled for removal in a future version. Use timezone-aware objects to represent datetimes in UTC: datetime.datetime.now(datetime.UTC).
  "last_updated": datetime.utcnow().isoformat()
  ✅ Saved to Supabase
⏰ 21:06:28 - Gold $4492.10 | HOLD | RSI: 65
/Users/anubhavarya/star/star-dashboard/gold_monitor.py:95: DeprecationWarning: datetime.datetime.utcnow() is deprecated and scheduled for removal in a future version. Use timezone-aware objects to represent datetimes in UTC: datetime.datetime.now(datetime.UTC).
  "last_updated": datetime.utcnow().isoformat()
  ✅ Saved to Supabase
⏰ 21:07:29 - Gold $4492.70 | HOLD | RSI: 65
/Users/anubhavarya/star/star-dashboard/gold_monitor.py:95: DeprecationWarning: datetime.datetime.utcnow() is deprecated and scheduled for removal in a future version. Use timezone-aware objects to represent datetimes in UTC: datetime.datetime.now(datetime.UTC).
  "last_updated": datetime.utcnow().isoformat()
  ✅ Saved to Supabase
⏰ 21:08:29 - Gold $4491.90 | HOLD | RSI: 65
/Users/anubhavarya/star/star-dashboard/gold_monitor.py:95: DeprecationWarning: datetime.datetime.utcnow() is deprecated and scheduled for removal in a future version. Use timezone-aware objects to represent datetimes in UTC: datetime.datetime.now(datetime.UTC).
  "last_updated": datetime.utcnow().isoformat()
  ✅ Saved to Supabase
⏰ 21:09:30 - Gold $4491.70 | HOLD | RSI: 65
/Users/anubhavarya/star/star-dashboard/gold_monitor.py:95: DeprecationWarning: datetime.datetime.utcnow() is deprecated and scheduled for removal in a future version. Use timezone-aware objects to represent datetimes in UTC: datetime.datetime.now(datetime.UTC).
  "last_updated": datetime.utcnow().isoformat()
  ✅ Saved to Supabase
⏰ 21:10:30 - Gold $4490.80 | HOLD | RSI: 65
/Users/anubhavarya/star/star-dashboard/gold_monitor.py:95: DeprecationWarning: datetime.datetime.utcnow() is deprecated and scheduled for removal in a future version. Use timezone-aware objects to represent datetimes in UTC: datetime.datetime.now(datetime.UTC).
  "last_updated": datetime.utcnow().isoformat()
  ✅ Saved to Supabase
⏰ 21:11:30 - Gold $4490.00 | HOLD | RSI: 65
/Users/anubhavarya/star/star-dashboard/gold_monitor.py:95: DeprecationWarning: datetime.datetime.utcnow() is deprecated and scheduled for removal in a future version. Use timezone-aware objects to represent datetimes in UTC: datetime.datetime.now(datetime.UTC).
  "last_updated": datetime.utcnow().isoformat()
  ✅ Saved to Supabase
⏰ 21:12:31 - Gold $4492.00 | HOLD | RSI: 65
/Users/anubhavarya/star/star-dashboard/gold_monitor.py:95: DeprecationWarning: datetime.datetime.utcnow() is deprecated and scheduled for removal in a future version. Use timezone-aware objects to represent datetimes in UTC: datetime.datetime.now(datetime.UTC).
  "last_updated": datetime.utcnow().isoformat()
  ✅ Saved to Supabase
⏰ 21:13:31 - Gold $4492.70 | HOLD | RSI: 65
/Users/anubhavarya/star/star-dashboard/gold_monitor.py:95: DeprecationWarning: datetime.datetime.utcnow() is deprecated and scheduled for removal in a future version. Use timezone-aware objects to represent datetimes in UTC: datetime.datetime.now(datetime.UTC).
  "last_updated": datetime.utcnow().isoformat()
  ✅ Saved to Supabase
⏰ 21:14:32 - Gold $4493.40 | HOLD | RSI: 65
/Users/anubhavarya/star/star-dashboard/gold_monitor.py:95: DeprecationWarning: datetime.datetime.utcnow() is deprecated and scheduled for removal in a future version. Use timezone-aware objects to represent datetimes in UTC: datetime.datetime.now(datetime.UTC).
  "last_updated": datetime.utcnow().isoformat()
  ✅ Saved to Supabase
⏰ 21:15:32 - Gold $4487.30 | HOLD | RSI: 65
/Users/anubhavarya/star/star-dashboard/gold_monitor.py:95: DeprecationWarning: datetime.datetime.utcnow() is deprecated and scheduled for removal in a future version. Use timezone-aware objects to represent datetimes in UTC: datetime.datetime.now(datetime.UTC).
  "last_updated": datetime.utcnow().isoformat()
  ✅ Saved to Supabase
⏰ 21:16:32 - Gold $4486.90 | HOLD | RSI: 65
/Users/anubhavarya/star/star-dashboard/gold_monitor.py:95: DeprecationWarning: datetime.datetime.utcnow() is deprecated and scheduled for removal in a future version. Use timezone-aware objects to represent datetimes in UTC: datetime.datetime.now(datetime.UTC).
  "last_updated": datetime.utcnow().isoformat()
  ✅ Saved to Supabase
⏰ 21:17:33 - Gold $4487.10 | HOLD | RSI: 65
/Users/anubhavarya/star/star-dashboard/gold_monitor.py:95: DeprecationWarning: datetime.datetime.utcnow() is deprecated and scheduled for removal in a future version. Use timezone-aware objects to represent datetimes in UTC: datetime.datetime.now(datetime.UTC).
  "last_updated": datetime.utcnow().isoformat()
  ✅ Saved to Supabase
⏰ 21:18:33 - Gold $4487.20 | HOLD | RSI: 65
/Users/anubhavarya/star/star-dashboard/gold_monitor.py:95: DeprecationWarning: datetime.datetime.utcnow() is deprecated and scheduled for removal in a future version. Use timezone-aware objects to represent datetimes in UTC: datetime.datetime.now(datetime.UTC).
  "last_updated": datetime.utcnow().isoformat()
  ✅ Saved to Supabase
⏰ 21:19:34 - Gold $4486.30 | HOLD | RSI: 65
/Users/anubhavarya/star/star-dashboard/gold_monitor.py:95: DeprecationWarning: datetime.datetime.utcnow() is deprecated and scheduled for removal in a future version. Use timezone-aware objects to represent datetimes in UTC: datetime.datetime.now(datetime.UTC).
  "last_updated": datetime.utcnow().isoformat()
  ✅ Saved to Supabase
⏰ 21:20:35 - Gold $4483.70 | HOLD | RSI: 65
/Users/anubhavarya/star/star-dashboard/gold_monitor.py:95: DeprecationWarning: datetime.datetime.utcnow() is deprecated and scheduled for removal in a future version. Use timezone-aware objects to represent datetimes in UTC: datetime.datetime.now(datetime.UTC).
  "last_updated": datetime.utcnow().isoformat()
  ✅ Saved to Supabase
⏰ 21:21:36 - Gold $4484.00 | HOLD | RSI: 65
/Users/anubhavarya/star/star-dashboard/gold_monitor.py:95: DeprecationWarning: datetime.datetime.utcnow() is deprecated and scheduled for removal in a future version. Use timezone-aware objects to represent datetimes in UTC: datetime.datetime.now(datetime.UTC).
  "last_updated": datetime.utcnow().isoformat()
  ✅ Saved to Supabase
⏰ 21:22:36 - Gold $4485.70 | HOLD | RSI: 65
/Users/anubhavarya/star/star-dashboard/gold_monitor.py:95: DeprecationWarning: datetime.datetime.utcnow() is deprecated and scheduled for removal in a future version. Use timezone-aware objects to represent datetimes in UTC: datetime.datetime.now(datetime.UTC).
  "last_updated": datetime.utcnow().isoformat()
  ✅ Saved to Supabase
⏰ 21:23:37 - Gold $4488.50 | HOLD | RSI: 65
/Users/anubhavarya/star/star-dashboard/gold_monitor.py:95: DeprecationWarning: datetime.datetime.utcnow() is deprecated and scheduled for removal in a future version. Use timezone-aware objects to represent datetimes in UTC: datetime.datetime.now(datetime.UTC).
  "last_updated": datetime.utcnow().isoformat()
  ✅ Saved to Supabase
⏰ 21:24:37 - Gold $4490.50 | HOLD | RSI: 65
/Users/anubhavarya/star/star-dashboard/gold_monitor.py:95: DeprecationWarning: datetime.datetime.utcnow() is deprecated and scheduled for removal in a future version. Use timezone-aware objects to represent datetimes in UTC: datetime.datetime.now(datetime.UTC).
  "last_updated": datetime.utcnow().isoformat()
  ✅ Saved to Supabase
⏰ 21:25:38 - Gold $4486.10 | HOLD | RSI: 65
/Users/anubhavarya/star/star-dashboard/gold_monitor.py:95: DeprecationWarning: datetime.datetime.utcnow() is deprecated and scheduled for removal in a future version. Use timezone-aware objects to represent datetimes in UTC: datetime.datetime.now(datetime.UTC).
  "last_updated": datetime.utcnow().isoformat()
  ✅ Saved to Supabase
⏰ 21:26:38 - Gold $4486.10 | HOLD | RSI: 65
/Users/anubhavarya/star/star-dashboard/gold_monitor.py:95: DeprecationWarning: datetime.datetime.utcnow() is deprecated and scheduled for removal in a future version. Use timezone-aware objects to represent datetimes in UTC: datetime.datetime.now(datetime.UTC).
  "last_updated": datetime.utcnow().isoformat()
  ✅ Saved to Supabase
⏰ 21:27:39 - Gold $4489.60 | HOLD | RSI: 65
/Users/anubhavarya/star/star-dashboard/gold_monitor.py:95: DeprecationWarning: datetime.datetime.utcnow() is deprecated and scheduled for removal in a future version. Use timezone-aware objects to represent datetimes in UTC: datetime.datetime.now(datetime.UTC).
  "last_updated": datetime.utcnow().isoformat()
  ✅ Saved to Supabase
⏰ 21:28:39 - Gold $4487.70 | HOLD | RSI: 65
/Users/anubhavarya/star/star-dashboard/gold_monitor.py:95: DeprecationWarning: datetime.datetime.utcnow() is deprecated and scheduled for removal in a future version. Use timezone-aware objects to represent datetimes in UTC: datetime.datetime.now(datetime.UTC).
  "last_updated": datetime.utcnow().isoformat()
  ✅ Saved to Supabase
⏰ 21:29:40 - Gold $4488.40 | HOLD | RSI: 65
/Users/anubhavarya/star/star-dashboard/gold_monitor.py:95: DeprecationWarning: datetime.datetime.utcnow() is deprecated and scheduled for removal in a future version. Use timezone-aware objects to represent datetimes in UTC: datetime.datetime.now(datetime.UTC).
  "last_updated": datetime.utcnow().isoformat()
  ✅ Saved to Supabase
⏰ 21:30:40 - Gold $4488.70 | HOLD | RSI: 65
/Users/anubhavarya/star/star-dashboard/gold_monitor.py:95: DeprecationWarning: datetime.datetime.utcnow() is deprecated and scheduled for removal in a future version. Use timezone-aware objects to represent datetimes in UTC: datetime.datetime.now(datetime.UTC).
  "last_updated": datetime.utcnow().isoformat()
  ✅ Saved to Supabase
⏰ 21:31:41 - Gold $4488.90 | HOLD | RSI: 65
/Users/anubhavarya/star/star-dashboard/gold_monitor.py:95: DeprecationWarning: datetime.datetime.utcnow() is deprecated and scheduled for removal in a future version. Use timezone-aware objects to represent datetimes in UTC: datetime.datetime.now(datetime.UTC).
  "last_updated": datetime.utcnow().isoformat()
  ✅ Saved to Supabase
⏰ 21:32:41 - Gold $4488.10 | HOLD | RSI: 65
/Users/anubhavarya/star/star-dashboard/gold_monitor.py:95: DeprecationWarning: datetime.datetime.utcnow() is deprecated and scheduled for removal in a future version. Use timezone-aware objects to represent datetimes in UTC: datetime.datetime.now(datetime.UTC).
  "last_updated": datetime.utcnow().isoformat()
  ✅ Saved to Supabase
⏰ 21:33:41 - Gold $4487.10 | HOLD | RSI: 65
/Users/anubhavarya/star/star-dashboard/gold_monitor.py:95: DeprecationWarning: datetime.datetime.utcnow() is deprecated and scheduled for removal in a future version. Use timezone-aware objects to represent datetimes in UTC: datetime.datetime.now(datetime.UTC).
  "last_updated": datetime.utcnow().isoformat()
  ✅ Saved to Supabase
⏰ 21:34:42 - Gold $4487.00 | HOLD | RSI: 65
/Users/anubhavarya/star/star-dashboard/gold_monitor.py:95: DeprecationWarning: datetime.datetime.utcnow() is deprecated and scheduled for removal in a future version. Use timezone-aware objects to represent datetimes in UTC: datetime.datetime.now(datetime.UTC).
  "last_updated": datetime.utcnow().isoformat()
  ✅ Saved to Supabase
⏰ 21:35:43 - Gold $4486.00 | HOLD | RSI: 65
/Users/anubhavarya/star/star-dashboard/gold_monitor.py:95: DeprecationWarning: datetime.datetime.utcnow() is deprecated and scheduled for removal in a future version. Use timezone-aware objects to represent datetimes in UTC: datetime.datetime.now(datetime.UTC).
  "last_updated": datetime.utcnow().isoformat()
  ✅ Saved to Supabase
⏰ 21:36:43 - Gold $4488.00 | HOLD | RSI: 65
/Users/anubhavarya/star/star-dashboard/gold_monitor.py:95: DeprecationWarning: datetime.datetime.utcnow() is deprecated and scheduled for removal in a future version. Use timezone-aware objects to represent datetimes in UTC: datetime.datetime.now(datetime.UTC).
  "last_updated": datetime.utcnow().isoformat()
  ✅ Saved to Supabase
⏰ 21:37:43 - Gold $4487.80 | HOLD | RSI: 65
/Users/anubhavarya/star/star-dashboard/gold_monitor.py:95: DeprecationWarning: datetime.datetime.utcnow() is deprecated and scheduled for removal in a future version. Use timezone-aware objects to represent datetimes in UTC: datetime.datetime.now(datetime.UTC).
  "last_updated": datetime.utcnow().isoformat()
  ✅ Saved to Supabase
⏰ 21:38:44 - Gold $4489.00 | HOLD | RSI: 65
/Users/anubhavarya/star/star-dashboard/gold_monitor.py:95: DeprecationWarning: datetime.datetime.utcnow() is deprecated and scheduled for removal in a future version. Use timezone-aware objects to represent datetimes in UTC: datetime.datetime.now(datetime.UTC).
  "last_updated": datetime.utcnow().isoformat()
  ✅ Saved to Supabase
⏰ 21:39:44 - Gold $4488.20 | HOLD | RSI: 65
/Users/anubhavarya/star/star-dashboard/gold_monitor.py:95: DeprecationWarning: datetime.datetime.utcnow() is deprecated and scheduled for removal in a future version. Use timezone-aware objects to represent datetimes in UTC: datetime.datetime.now(datetime.UTC).
  "last_updated": datetime.utcnow().isoformat()
  ✅ Saved to Supabase
⏰ 21:40:45 - Gold $4489.20 | HOLD | RSI: 65
/Users/anubhavarya/star/star-dashboard/gold_monitor.py:95: DeprecationWarning: datetime.datetime.utcnow() is deprecated and scheduled for removal in a future version. Use timezone-aware objects to represent datetimes in UTC: datetime.datetime.now(datetime.UTC).
  "last_updated": datetime.utcnow().isoformat()
  ✅ Saved to Supabase
⏰ 21:41:45 - Gold $4486.90 | HOLD | RSI: 65
/Users/anubhavarya/star/star-dashboard/gold_monitor.py:95: DeprecationWarning: datetime.datetime.utcnow() is deprecated and scheduled for removal in a future version. Use timezone-aware objects to represent datetimes in UTC: datetime.datetime.now(datetime.UTC).
  "last_updated": datetime.utcnow().isoformat()
  ✅ Saved to Supabase
⏰ 21:42:46 - Gold $4486.90 | HOLD | RSI: 65
/Users/anubhavarya/star/star-dashboard/gold_monitor.py:95: DeprecationWarning: datetime.datetime.utcnow() is deprecated and scheduled for removal in a future version. Use timezone-aware objects to represent datetimes in UTC: datetime.datetime.now(datetime.UTC).
  "last_updated": datetime.utcnow().isoformat()
  ✅ Saved to Supabase
⏰ 21:43:47 - Gold $4485.70 | HOLD | RSI: 65
/Users/anubhavarya/star/star-dashboard/gold_monitor.py:95: DeprecationWarning: datetime.datetime.utcnow() is deprecated and scheduled for removal in a future version. Use timezone-aware objects to represent datetimes in UTC: datetime.datetime.now(datetime.UTC).
  "last_updated": datetime.utcnow().isoformat()
  ✅ Saved to Supabase
⏰ 21:44:47 - Gold $4486.70 | HOLD | RSI: 65
/Users/anubhavarya/star/star-dashboard/gold_monitor.py:95: DeprecationWarning: datetime.datetime.utcnow() is deprecated and scheduled for removal in a future version. Use timezone-aware objects to represent datetimes in UTC: datetime.datetime.now(datetime.UTC).
  "last_updated": datetime.utcnow().isoformat()
  ✅ Saved to Supabase
⏰ 21:45:48 - Gold $4487.40 | HOLD | RSI: 65
/Users/anubhavarya/star/star-dashboard/gold_monitor.py:95: DeprecationWarning: datetime.datetime.utcnow() is deprecated and scheduled for removal in a future version. Use timezone-aware objects to represent datetimes in UTC: datetime.datetime.now(datetime.UTC).
  "last_updated": datetime.utcnow().isoformat()
  ✅ Saved to Supabase
⏰ 21:46:49 - Gold $4486.40 | HOLD | RSI: 65
/Users/anubhavarya/star/star-dashboard/gold_monitor.py:95: DeprecationWarning: datetime.datetime.utcnow() is deprecated and scheduled for removal in a future version. Use timezone-aware objects to represent datetimes in UTC: datetime.datetime.now(datetime.UTC).
  "last_updated": datetime.utcnow().isoformat()
  ✅ Saved to Supabase
⏰ 21:47:50 - Gold $4486.80 | HOLD | RSI: 65
/Users/anubhavarya/star/star-dashboard/gold_monitor.py:95: DeprecationWarning: datetime.datetime.utcnow() is deprecated and scheduled for removal in a future version. Use timezone-aware objects to represent datetimes in UTC: datetime.datetime.now(datetime.UTC).
  "last_updated": datetime.utcnow().isoformat()
  ✅ Saved to Supabase
⏰ 21:48:50 - Gold $4485.70 | HOLD | RSI: 65
/Users/anubhavarya/star/star-dashboard/gold_monitor.py:95: DeprecationWarning: datetime.datetime.utcnow() is deprecated and scheduled for removal in a future version. Use timezone-aware objects to represent datetimes in UTC: datetime.datetime.now(datetime.UTC).
  "last_updated": datetime.utcnow().isoformat()
  ✅ Saved to Supabase
⏰ 21:49:51 - Gold $4485.80 | HOLD | RSI: 65
/Users/anubhavarya/star/star-dashboard/gold_monitor.py:95: DeprecationWarning: datetime.datetime.utcnow() is deprecated and scheduled for removal in a future version. Use timezone-aware objects to represent datetimes in UTC: datetime.datetime.now(datetime.UTC).
  "last_updated": datetime.utcnow().isoformat()
  ✅ Saved to Supabase
⏰ 21:50:51 - Gold $4488.30 | HOLD | RSI: 65
/Users/anubhavarya/star/star-dashboard/gold_monitor.py:95: DeprecationWarning: datetime.datetime.utcnow() is deprecated and scheduled for removal in a future version. Use timezone-aware objects to represent datetimes in UTC: datetime.datetime.now(datetime.UTC).
  "last_updated": datetime.utcnow().isoformat()
  ✅ Saved to Supabase
⏰ 21:51:51 - Gold $4489.30 | HOLD | RSI: 65
/Users/anubhavarya/star/star-dashboard/gold_monitor.py:95: DeprecationWarning: datetime.datetime.utcnow() is deprecated and scheduled for removal in a future version. Use timezone-aware objects to represent datetimes in UTC: datetime.datetime.now(datetime.UTC).
  "last_updated": datetime.utcnow().isoformat()
  ✅ Saved to Supabase
⏰ 21:52:52 - Gold $4489.80 | HOLD | RSI: 65
/Users/anubhavarya/star/star-dashboard/gold_monitor.py:95: DeprecationWarning: datetime.datetime.utcnow() is deprecated and scheduled for removal in a future version. Use timezone-aware objects to represent datetimes in UTC: datetime.datetime.now(datetime.UTC).
  "last_updated": datetime.utcnow().isoformat()
  ✅ Saved to Supabase
⏰ 21:53:52 - Gold $4489.50 | HOLD | RSI: 65
/Users/anubhavarya/star/star-dashboard/gold_monitor.py:95: DeprecationWarning: datetime.datetime.utcnow() is deprecated and scheduled for removal in a future version. Use timezone-aware objects to represent datetimes in UTC: datetime.datetime.now(datetime.UTC).
  "last_updated": datetime.utcnow().isoformat()
  ✅ Saved to Supabase
⏰ 21:54:53 - Gold $4488.70 | HOLD | RSI: 65
/Users/anubhavarya/star/star-dashboard/gold_monitor.py:95: DeprecationWarning: datetime.datetime.utcnow() is deprecated and scheduled for removal in a future version. Use timezone-aware objects to represent datetimes in UTC: datetime.datetime.now(datetime.UTC).
  "last_updated": datetime.utcnow().isoformat()
  ✅ Saved to Supabase
⏰ 21:55:53 - Gold $4492.10 | HOLD | RSI: 65
/Users/anubhavarya/star/star-dashboard/gold_monitor.py:95: DeprecationWarning: datetime.datetime.utcnow() is deprecated and scheduled for removal in a future version. Use timezone-aware objects to represent datetimes in UTC: datetime.datetime.now(datetime.UTC).
  "last_updated": datetime.utcnow().isoformat()
  ✅ Saved to Supabase
⏰ 21:56:54 - Gold $4492.40 | HOLD | RSI: 65
/Users/anubhavarya/star/star-dashboard/gold_monitor.py:95: DeprecationWarning: datetime.datetime.utcnow() is deprecated and scheduled for removal in a future version. Use timezone-aware objects to represent datetimes in UTC: datetime.datetime.now(datetime.UTC).
  "last_updated": datetime.utcnow().isoformat()
  ✅ Saved to Supabase
⏰ 21:57:54 - Gold $4493.70 | HOLD | RSI: 65
/Users/anubhavarya/star/star-dashboard/gold_monitor.py:95: DeprecationWarning: datetime.datetime.utcnow() is deprecated and scheduled for removal in a future version. Use timezone-aware objects to represent datetimes in UTC: datetime.datetime.now(datetime.UTC).
  "last_updated": datetime.utcnow().isoformat()
  ✅ Saved to Supabase
⏰ 21:58:55 - Gold $4495.40 | HOLD | RSI: 65
/Users/anubhavarya/star/star-dashboard/gold_monitor.py:95: DeprecationWarning: datetime.datetime.utcnow() is deprecated and scheduled for removal in a future version. Use timezone-aware objects to represent datetimes in UTC: datetime.datetime.now(datetime.UTC).
  "last_updated": datetime.utcnow().isoformat()
  ✅ Saved to Supabase
⏰ 21:59:55 - Gold $4497.10 | HOLD | RSI: 65
/Users/anubhavarya/star/star-dashboard/gold_monitor.py:95: DeprecationWarning: datetime.datetime.utcnow() is deprecated and scheduled for removal in a future version. Use timezone-aware objects to represent datetimes in UTC: datetime.datetime.now(datetime.UTC).
  "last_updated": datetime.utcnow().isoformat()
  ✅ Saved to Supabase
⏰ 22:00:56 - Gold $4497.00 | HOLD | RSI: 65
/Users/anubhavarya/star/star-dashboard/gold_monitor.py:95: DeprecationWarning: datetime.datetime.utcnow() is deprecated and scheduled for removal in a future version. Use timezone-aware objects to represent datetimes in UTC: datetime.datetime.now(datetime.UTC).
  "last_updated": datetime.utcnow().isoformat()
  ✅ Saved to Supabase
⏰ 22:01:56 - Gold $4500.20 | HOLD | RSI: 65
/Users/anubhavarya/star/star-dashboard/gold_monitor.py:95: DeprecationWarning: datetime.datetime.utcnow() is deprecated and scheduled for removal in a future version. Use timezone-aware objects to represent datetimes in UTC: datetime.datetime.now(datetime.UTC).
  "last_updated": datetime.utcnow().isoformat()
  ✅ Saved to Supabase
⏰ 22:02:58 - Gold $4500.20 | HOLD | RSI: 65
/Users/anubhavarya/star/star-dashboard/gold_monitor.py:95: DeprecationWarning: datetime.datetime.utcnow() is deprecated and scheduled for removal in a future version. Use timezone-aware objects to represent datetimes in UTC: datetime.datetime.now(datetime.UTC).
  "last_updated": datetime.utcnow().isoformat()
  ✅ Saved to Supabase
⏰ 22:03:59 - Gold $4500.10 | HOLD | RSI: 65
/Users/anubhavarya/star/star-dashboard/gold_monitor.py:95: DeprecationWarning: datetime.datetime.utcnow() is deprecated and scheduled for removal in a future version. Use timezone-aware objects to represent datetimes in UTC: datetime.datetime.now(datetime.UTC).
  "last_updated": datetime.utcnow().isoformat()
  ✅ Saved to Supabase
⏰ 22:05:00 - Gold $4501.20 | HOLD | RSI: 65
/Users/anubhavarya/star/star-dashboard/gold_monitor.py:95: DeprecationWarning: datetime.datetime.utcnow() is deprecated and scheduled for removal in a future version. Use timezone-aware objects to represent datetimes in UTC: datetime.datetime.now(datetime.UTC).
  "last_updated": datetime.utcnow().isoformat()
  ✅ Saved to Supabase
⏰ 22:06:00 - Gold $4498.90 | HOLD | RSI: 65
/Users/anubhavarya/star/star-dashboard/gold_monitor.py:95: DeprecationWarning: datetime.datetime.utcnow() is deprecated and scheduled for removal in a future version. Use timezone-aware objects to represent datetimes in UTC: datetime.datetime.now(datetime.UTC).
  "last_updated": datetime.utcnow().isoformat()
  ✅ Saved to Supabase
⏰ 22:07:01 - Gold $4502.80 | HOLD | RSI: 65
/Users/anubhavarya/star/star-dashboard/gold_monitor.py:95: DeprecationWarning: datetime.datetime.utcnow() is deprecated and scheduled for removal in a future version. Use timezone-aware objects to represent datetimes in UTC: datetime.datetime.now(datetime.UTC).
  "last_updated": datetime.utcnow().isoformat()
  ✅ Saved to Supabase
⏰ 22:08:01 - Gold $4499.40 | HOLD | RSI: 65
/Users/anubhavarya/star/star-dashboard/gold_monitor.py:95: DeprecationWarning: datetime.datetime.utcnow() is deprecated and scheduled for removal in a future version. Use timezone-aware objects to represent datetimes in UTC: datetime.datetime.now(datetime.UTC).
  "last_updated": datetime.utcnow().isoformat()
  ✅ Saved to Supabase
⏰ 22:09:02 - Gold $4501.50 | HOLD | RSI: 65
/Users/anubhavarya/star/star-dashboard/gold_monitor.py:95: DeprecationWarning: datetime.datetime.utcnow() is deprecated and scheduled for removal in a future version. Use timezone-aware objects to represent datetimes in UTC: datetime.datetime.now(datetime.UTC).
  "last_updated": datetime.utcnow().isoformat()
  ✅ Saved to Supabase
⏰ 22:10:03 - Gold $4501.50 | HOLD | RSI: 65
/Users/anubhavarya/star/star-dashboard/gold_monitor.py:95: DeprecationWarning: datetime.datetime.utcnow() is deprecated and scheduled for removal in a future version. Use timezone-aware objects to represent datetimes in UTC: datetime.datetime.now(datetime.UTC).
  "last_updated": datetime.utcnow().isoformat()
  ✅ Saved to Supabase
⏰ 22:11:03 - Gold $4498.80 | HOLD | RSI: 65
/Users/anubhavarya/star/star-dashboard/gold_monitor.py:95: DeprecationWarning: datetime.datetime.utcnow() is deprecated and scheduled for removal in a future version. Use timezone-aware objects to represent datetimes in UTC: datetime.datetime.now(datetime.UTC).
  "last_updated": datetime.utcnow().isoformat()
  ✅ Saved to Supabase
⏰ 22:12:04 - Gold $4500.90 | HOLD | RSI: 65
/Users/anubhavarya/star/star-dashboard/gold_monitor.py:95: DeprecationWarning: datetime.datetime.utcnow() is deprecated and scheduled for removal in a future version. Use timezone-aware objects to represent datetimes in UTC: datetime.datetime.now(datetime.UTC).
  "last_updated": datetime.utcnow().isoformat()
  ✅ Saved to Supabase
⏰ 22:13:05 - Gold $4500.20 | HOLD | RSI: 65
/Users/anubhavarya/star/star-dashboard/gold_monitor.py:95: DeprecationWarning: datetime.datetime.utcnow() is deprecated and scheduled for removal in a future version. Use timezone-aware objects to represent datetimes in UTC: datetime.datetime.now(datetime.UTC).
  "last_updated": datetime.utcnow().isoformat()
  ✅ Saved to Supabase
⏰ 22:14:06 - Gold $4499.10 | HOLD | RSI: 65
/Users/anubhavarya/star/star-dashboard/gold_monitor.py:95: DeprecationWarning: datetime.datetime.utcnow() is deprecated and scheduled for removal in a future version. Use timezone-aware objects to represent datetimes in UTC: datetime.datetime.now(datetime.UTC).
  "last_updated": datetime.utcnow().isoformat()
  ✅ Saved to Supabase
⏰ 22:15:06 - Gold $4500.30 | HOLD | RSI: 65
/Users/anubhavarya/star/star-dashboard/gold_monitor.py:95: DeprecationWarning: datetime.datetime.utcnow() is deprecated and scheduled for removal in a future version. Use timezone-aware objects to represent datetimes in UTC: datetime.datetime.now(datetime.UTC).
  "last_updated": datetime.utcnow().isoformat()
  ✅ Saved to Supabase
⏰ 22:16:07 - Gold $4501.60 | HOLD | RSI: 65
/Users/anubhavarya/star/star-dashboard/gold_monitor.py:95: DeprecationWarning: datetime.datetime.utcnow() is deprecated and scheduled for removal in a future version. Use timezone-aware objects to represent datetimes in UTC: datetime.datetime.now(datetime.UTC).
  "last_updated": datetime.utcnow().isoformat()
  ✅ Saved to Supabase
⏰ 22:17:08 - Gold $4503.10 | HOLD | RSI: 65
/Users/anubhavarya/star/star-dashboard/gold_monitor.py:95: DeprecationWarning: datetime.datetime.utcnow() is deprecated and scheduled for removal in a future version. Use timezone-aware objects to represent datetimes in UTC: datetime.datetime.now(datetime.UTC).
  "last_updated": datetime.utcnow().isoformat()
  ✅ Saved to Supabase
⏰ 22:18:08 - Gold $4503.10 | HOLD | RSI: 65
/Users/anubhavarya/star/star-dashboard/gold_monitor.py:95: DeprecationWarning: datetime.datetime.utcnow() is deprecated and scheduled for removal in a future version. Use timezone-aware objects to represent datetimes in UTC: datetime.datetime.now(datetime.UTC).
  "last_updated": datetime.utcnow().isoformat()
  ✅ Saved to Supabase
⏰ 22:19:09 - Gold $4501.70 | HOLD | RSI: 65
/Users/anubhavarya/star/star-dashboard/gold_monitor.py:95: DeprecationWarning: datetime.datetime.utcnow() is deprecated and scheduled for removal in a future version. Use timezone-aware objects to represent datetimes in UTC: datetime.datetime.now(datetime.UTC).
  "last_updated": datetime.utcnow().isoformat()
  ✅ Saved to Supabase
⏰ 22:20:09 - Gold $4502.00 | HOLD | RSI: 65
/Users/anubhavarya/star/star-dashboard/gold_monitor.py:95: DeprecationWarning: datetime.datetime.utcnow() is deprecated and scheduled for removal in a future version. Use timezone-aware objects to represent datetimes in UTC: datetime.datetime.now(datetime.UTC).
  "last_updated": datetime.utcnow().isoformat()
  ✅ Saved to Supabase
⏰ 22:21:10 - Gold $4501.30 | HOLD | RSI: 65
/Users/anubhavarya/star/star-dashboard/gold_monitor.py:95: DeprecationWarning: datetime.datetime.utcnow() is deprecated and scheduled for removal in a future version. Use timezone-aware objects to represent datetimes in UTC: datetime.datetime.now(datetime.UTC).
  "last_updated": datetime.utcnow().isoformat()
  ✅ Saved to Supabase
⏰ 22:22:10 - Gold $4499.80 | HOLD | RSI: 65
/Users/anubhavarya/star/star-dashboard/gold_monitor.py:95: DeprecationWarning: datetime.datetime.utcnow() is deprecated and scheduled for removal in a future version. Use timezone-aware objects to represent datetimes in UTC: datetime.datetime.now(datetime.UTC).
  "last_updated": datetime.utcnow().isoformat()
  ✅ Saved to Supabase
⏰ 22:23:10 - Gold $4497.80 | HOLD | RSI: 65
/Users/anubhavarya/star/star-dashboard/gold_monitor.py:95: DeprecationWarning: datetime.datetime.utcnow() is deprecated and scheduled for removal in a future version. Use timezone-aware objects to represent datetimes in UTC: datetime.datetime.now(datetime.UTC).
  "last_updated": datetime.utcnow().isoformat()
  ✅ Saved to Supabase
⏰ 22:24:11 - Gold $4498.50 | HOLD | RSI: 65
/Users/anubhavarya/star/star-dashboard/gold_monitor.py:95: DeprecationWarning: datetime.datetime.utcnow() is deprecated and scheduled for removal in a future version. Use timezone-aware objects to represent datetimes in UTC: datetime.datetime.now(datetime.UTC).
  "last_updated": datetime.utcnow().isoformat()
  ✅ Saved to Supabase
⏰ 22:25:12 - Gold $4499.00 | HOLD | RSI: 65
/Users/anubhavarya/star/star-dashboard/gold_monitor.py:95: DeprecationWarning: datetime.datetime.utcnow() is deprecated and scheduled for removal in a future version. Use timezone-aware objects to represent datetimes in UTC: datetime.datetime.now(datetime.UTC).
  "last_updated": datetime.utcnow().isoformat()
  ✅ Saved to Supabase
⏰ 22:26:12 - Gold $4497.70 | HOLD | RSI: 65
/Users/anubhavarya/star/star-dashboard/gold_monitor.py:95: DeprecationWarning: datetime.datetime.utcnow() is deprecated and scheduled for removal in a future version. Use timezone-aware objects to represent datetimes in UTC: datetime.datetime.now(datetime.UTC).
  "last_updated": datetime.utcnow().isoformat()
  ✅ Saved to Supabase
⏰ 22:27:12 - Gold $4498.30 | HOLD | RSI: 65
/Users/anubhavarya/star/star-dashboard/gold_monitor.py:95: DeprecationWarning: datetime.datetime.utcnow() is deprecated and scheduled for removal in a future version. Use timezone-aware objects to represent datetimes in UTC: datetime.datetime.now(datetime.UTC).
  "last_updated": datetime.utcnow().isoformat()
  ✅ Saved to Supabase
⏰ 22:28:13 - Gold $4497.80 | HOLD | RSI: 65
/Users/anubhavarya/star/star-dashboard/gold_monitor.py:95: DeprecationWarning: datetime.datetime.utcnow() is deprecated and scheduled for removal in a future version. Use timezone-aware objects to represent datetimes in UTC: datetime.datetime.now(datetime.UTC).
  "last_updated": datetime.utcnow().isoformat()
  ✅ Saved to Supabase
⏰ 22:29:13 - Gold $4497.00 | HOLD | RSI: 65
/Users/anubhavarya/star/star-dashboard/gold_monitor.py:95: DeprecationWarning: datetime.datetime.utcnow() is deprecated and scheduled for removal in a future version. Use timezone-aware objects to represent datetimes in UTC: datetime.datetime.now(datetime.UTC).
  "last_updated": datetime.utcnow().isoformat()
  ✅ Saved to Supabase
⏰ 22:30:14 - Gold $4495.90 | HOLD | RSI: 65
/Users/anubhavarya/star/star-dashboard/gold_monitor.py:95: DeprecationWarning: datetime.datetime.utcnow() is deprecated and scheduled for removal in a future version. Use timezone-aware objects to represent datetimes in UTC: datetime.datetime.now(datetime.UTC).
  "last_updated": datetime.utcnow().isoformat()
  ✅ Saved to Supabase
⏰ 22:31:14 - Gold $4495.70 | HOLD | RSI: 65
/Users/anubhavarya/star/star-dashboard/gold_monitor.py:95: DeprecationWarning: datetime.datetime.utcnow() is deprecated and scheduled for removal in a future version. Use timezone-aware objects to represent datetimes in UTC: datetime.datetime.now(datetime.UTC).
  "last_updated": datetime.utcnow().isoformat()
  ✅ Saved to Supabase
⏰ 22:32:14 - Gold $4495.20 | HOLD | RSI: 65
/Users/anubhavarya/star/star-dashboard/gold_monitor.py:95: DeprecationWarning: datetime.datetime.utcnow() is deprecated and scheduled for removal in a future version. Use timezone-aware objects to represent datetimes in UTC: datetime.datetime.now(datetime.UTC).
  "last_updated": datetime.utcnow().isoformat()
  ✅ Saved to Supabase
⏰ 22:33:15 - Gold $4495.70 | HOLD | RSI: 65
/Users/anubhavarya/star/star-dashboard/gold_monitor.py:95: DeprecationWarning: datetime.datetime.utcnow() is deprecated and scheduled for removal in a future version. Use timezone-aware objects to represent datetimes in UTC: datetime.datetime.now(datetime.UTC).
  "last_updated": datetime.utcnow().isoformat()
  ✅ Saved to Supabase
⏰ 22:34:15 - Gold $4496.00 | HOLD | RSI: 65
/Users/anubhavarya/star/star-dashboard/gold_monitor.py:95: DeprecationWarning: datetime.datetime.utcnow() is deprecated and scheduled for removal in a future version. Use timezone-aware objects to represent datetimes in UTC: datetime.datetime.now(datetime.UTC).
  "last_updated": datetime.utcnow().isoformat()
  ✅ Saved to Supabase
⏰ 22:35:16 - Gold $4494.80 | HOLD | RSI: 65
/Users/anubhavarya/star/star-dashboard/gold_monitor.py:95: DeprecationWarning: datetime.datetime.utcnow() is deprecated and scheduled for removal in a future version. Use timezone-aware objects to represent datetimes in UTC: datetime.datetime.now(datetime.UTC).
  "last_updated": datetime.utcnow().isoformat()
  ✅ Saved to Supabase
⏰ 22:36:16 - Gold $4494.00 | HOLD | RSI: 65
/Users/anubhavarya/star/star-dashboard/gold_monitor.py:95: DeprecationWarning: datetime.datetime.utcnow() is deprecated and scheduled for removal in a future version. Use timezone-aware objects to represent datetimes in UTC: datetime.datetime.now(datetime.UTC).
  "last_updated": datetime.utcnow().isoformat()
  ✅ Saved to Supabase
⏰ 22:37:16 - Gold $4493.70 | HOLD | RSI: 65
/Users/anubhavarya/star/star-dashboard/gold_monitor.py:95: DeprecationWarning: datetime.datetime.utcnow() is deprecated and scheduled for removal in a future version. Use timezone-aware objects to represent datetimes in UTC: datetime.datetime.now(datetime.UTC).
  "last_updated": datetime.utcnow().isoformat()
  ✅ Saved to Supabase
⏰ 22:38:17 - Gold $4495.70 | HOLD | RSI: 65
/Users/anubhavarya/star/star-dashboard/gold_monitor.py:95: DeprecationWarning: datetime.datetime.utcnow() is deprecated and scheduled for removal in a future version. Use timezone-aware objects to represent datetimes in UTC: datetime.datetime.now(datetime.UTC).
  "last_updated": datetime.utcnow().isoformat()
  ✅ Saved to Supabase
⏰ 22:39:17 - Gold $4496.20 | HOLD | RSI: 65
/Users/anubhavarya/star/star-dashboard/gold_monitor.py:95: DeprecationWarning: datetime.datetime.utcnow() is deprecated and scheduled for removal in a future version. Use timezone-aware objects to represent datetimes in UTC: datetime.datetime.now(datetime.UTC).
  "last_updated": datetime.utcnow().isoformat()
  ✅ Saved to Supabase
⏰ 22:40:17 - Gold $4497.20 | HOLD | RSI: 65
/Users/anubhavarya/star/star-dashboard/gold_monitor.py:95: DeprecationWarning: datetime.datetime.utcnow() is deprecated and scheduled for removal in a future version. Use timezone-aware objects to represent datetimes in UTC: datetime.datetime.now(datetime.UTC).
  "last_updated": datetime.utcnow().isoformat()
  ✅ Saved to Supabase
⏰ 22:41:18 - Gold $4497.00 | HOLD | RSI: 65
/Users/anubhavarya/star/star-dashboard/gold_monitor.py:95: DeprecationWarning: datetime.datetime.utcnow() is deprecated and scheduled for removal in a future version. Use timezone-aware objects to represent datetimes in UTC: datetime.datetime.now(datetime.UTC).
  "last_updated": datetime.utcnow().isoformat()
  ✅ Saved to Supabase
⏰ 22:42:18 - Gold $4496.80 | HOLD | RSI: 65
/Users/anubhavarya/star/star-dashboard/gold_monitor.py:95: DeprecationWarning: datetime.datetime.utcnow() is deprecated and scheduled for removal in a future version. Use timezone-aware objects to represent datetimes in UTC: datetime.datetime.now(datetime.UTC).
  "last_updated": datetime.utcnow().isoformat()
  ✅ Saved to Supabase
⏰ 22:43:19 - Gold $4495.90 | HOLD | RSI: 65
/Users/anubhavarya/star/star-dashboard/gold_monitor.py:95: DeprecationWarning: datetime.datetime.utcnow() is deprecated and scheduled for removal in a future version. Use timezone-aware objects to represent datetimes in UTC: datetime.datetime.now(datetime.UTC).
  "last_updated": datetime.utcnow().isoformat()
  ✅ Saved to Supabase
⏰ 22:44:19 - Gold $4494.30 | HOLD | RSI: 65
/Users/anubhavarya/star/star-dashboard/gold_monitor.py:95: DeprecationWarning: datetime.datetime.utcnow() is deprecated and scheduled for removal in a future version. Use timezone-aware objects to represent datetimes in UTC: datetime.datetime.now(datetime.UTC).
  "last_updated": datetime.utcnow().isoformat()
  ✅ Saved to Supabase
⏰ 22:45:19 - Gold $4493.20 | HOLD | RSI: 65
/Users/anubhavarya/star/star-dashboard/gold_monitor.py:95: DeprecationWarning: datetime.datetime.utcnow() is deprecated and scheduled for removal in a future version. Use timezone-aware objects to represent datetimes in UTC: datetime.datetime.now(datetime.UTC).
  "last_updated": datetime.utcnow().isoformat()
  ✅ Saved to Supabase
⏰ 22:46:20 - Gold $4493.20 | HOLD | RSI: 65
/Users/anubhavarya/star/star-dashboard/gold_monitor.py:95: DeprecationWarning: datetime.datetime.utcnow() is deprecated and scheduled for removal in a future version. Use timezone-aware objects to represent datetimes in UTC: datetime.datetime.now(datetime.UTC).
  "last_updated": datetime.utcnow().isoformat()
  ✅ Saved to Supabase
⏰ 22:47:20 - Gold $4492.50 | HOLD | RSI: 65
/Users/anubhavarya/star/star-dashboard/gold_monitor.py:95: DeprecationWarning: datetime.datetime.utcnow() is deprecated and scheduled for removal in a future version. Use timezone-aware objects to represent datetimes in UTC: datetime.datetime.now(datetime.UTC).
  "last_updated": datetime.utcnow().isoformat()
  ✅ Saved to Supabase
⏰ 22:48:20 - Gold $4491.40 | HOLD | RSI: 65
/Users/anubhavarya/star/star-dashboard/gold_monitor.py:95: DeprecationWarning: datetime.datetime.utcnow() is deprecated and scheduled for removal in a future version. Use timezone-aware objects to represent datetimes in UTC: datetime.datetime.now(datetime.UTC).
  "last_updated": datetime.utcnow().isoformat()
  ✅ Saved to Supabase
⏰ 22:49:21 - Gold $4491.30 | HOLD | RSI: 65
/Users/anubhavarya/star/star-dashboard/gold_monitor.py:95: DeprecationWarning: datetime.datetime.utcnow() is deprecated and scheduled for removal in a future version. Use timezone-aware objects to represent datetimes in UTC: datetime.datetime.now(datetime.UTC).
  "last_updated": datetime.utcnow().isoformat()
  ✅ Saved to Supabase
⏰ 22:50:21 - Gold $4492.00 | HOLD | RSI: 65
/Users/anubhavarya/star/star-dashboard/gold_monitor.py:95: DeprecationWarning: datetime.datetime.utcnow() is deprecated and scheduled for removal in a future version. Use timezone-aware objects to represent datetimes in UTC: datetime.datetime.now(datetime.UTC).
  "last_updated": datetime.utcnow().isoformat()
  ✅ Saved to Supabase
⏰ 22:51:22 - Gold $4490.40 | HOLD | RSI: 65
/Users/anubhavarya/star/star-dashboard/gold_monitor.py:95: DeprecationWarning: datetime.datetime.utcnow() is deprecated and scheduled for removal in a future version. Use timezone-aware objects to represent datetimes in UTC: datetime.datetime.now(datetime.UTC).
  "last_updated": datetime.utcnow().isoformat()
  ✅ Saved to Supabase
⏰ 22:52:22 - Gold $4489.40 | HOLD | RSI: 65
/Users/anubhavarya/star/star-dashboard/gold_monitor.py:95: DeprecationWarning: datetime.datetime.utcnow() is deprecated and scheduled for removal in a future version. Use timezone-aware objects to represent datetimes in UTC: datetime.datetime.now(datetime.UTC).
  "last_updated": datetime.utcnow().isoformat()
  ✅ Saved to Supabase
⏰ 22:53:22 - Gold $4488.90 | HOLD | RSI: 65
/Users/anubhavarya/star/star-dashboard/gold_monitor.py:95: DeprecationWarning: datetime.datetime.utcnow() is deprecated and scheduled for removal in a future version. Use timezone-aware objects to represent datetimes in UTC: datetime.datetime.now(datetime.UTC).
  "last_updated": datetime.utcnow().isoformat()
  ✅ Saved to Supabase
⏰ 22:54:23 - Gold $4488.00 | HOLD | RSI: 65
/Users/anubhavarya/star/star-dashboard/gold_monitor.py:95: DeprecationWarning: datetime.datetime.utcnow() is deprecated and scheduled for removal in a future version. Use timezone-aware objects to represent datetimes in UTC: datetime.datetime.now(datetime.UTC).
  "last_updated": datetime.utcnow().isoformat()
  ✅ Saved to Supabase
⏰ 22:55:23 - Gold $4487.20 | HOLD | RSI: 65
/Users/anubhavarya/star/star-dashboard/gold_monitor.py:95: DeprecationWarning: datetime.datetime.utcnow() is deprecated and scheduled for removal in a future version. Use timezone-aware objects to represent datetimes in UTC: datetime.datetime.now(datetime.UTC).
  "last_updated": datetime.utcnow().isoformat()
  ✅ Saved to Supabase
⏰ 22:56:24 - Gold $4486.80 | HOLD | RSI: 65
/Users/anubhavarya/star/star-dashboard/gold_monitor.py:95: DeprecationWarning: datetime.datetime.utcnow() is deprecated and scheduled for removal in a future version. Use timezone-aware objects to represent datetimes in UTC: datetime.datetime.now(datetime.UTC).
  "last_updated": datetime.utcnow().isoformat()
  ✅ Saved to Supabase
⏰ 22:57:24 - Gold $4486.60 | HOLD | RSI: 65
/Users/anubhavarya/star/star-dashboard/gold_monitor.py:95: DeprecationWarning: datetime.datetime.utcnow() is deprecated and scheduled for removal in a future version. Use timezone-aware objects to represent datetimes in UTC: datetime.datetime.now(datetime.UTC).
  "last_updated": datetime.utcnow().isoformat()
  ✅ Saved to Supabase
⏰ 22:58:25 - Gold $4486.90 | HOLD | RSI: 65
/Users/anubhavarya/star/star-dashboard/gold_monitor.py:95: DeprecationWarning: datetime.datetime.utcnow() is deprecated and scheduled for removal in a future version. Use timezone-aware objects to represent datetimes in UTC: datetime.datetime.now(datetime.UTC).
  "last_updated": datetime.utcnow().isoformat()
  ✅ Saved to Supabase
⏰ 22:59:25 - Gold $4490.00 | HOLD | RSI: 65
/Users/anubhavarya/star/star-dashboard/gold_monitor.py:95: DeprecationWarning: datetime.datetime.utcnow() is deprecated and scheduled for removal in a future version. Use timezone-aware objects to represent datetimes in UTC: datetime.datetime.now(datetime.UTC).
  "last_updated": datetime.utcnow().isoformat()
  ✅ Saved to Supabase
⏰ 23:00:26 - Gold $4487.50 | HOLD | RSI: 27
/Users/anubhavarya/star/star-dashboard/gold_monitor.py:95: DeprecationWarning: datetime.datetime.utcnow() is deprecated and scheduled for removal in a future version. Use timezone-aware objects to represent datetimes in UTC: datetime.datetime.now(datetime.UTC).
  "last_updated": datetime.utcnow().isoformat()
  ✅ Saved to Supabase
⏰ 23:01:27 - Gold $4487.70 | HOLD | RSI: 27
/Users/anubhavarya/star/star-dashboard/gold_monitor.py:95: DeprecationWarning: datetime.datetime.utcnow() is deprecated and scheduled for removal in a future version. Use timezone-aware objects to represent datetimes in UTC: datetime.datetime.now(datetime.UTC).
  "last_updated": datetime.utcnow().isoformat()
  ✅ Saved to Supabase
⏰ 23:02:27 - Gold $4487.40 | HOLD | RSI: 27
/Users/anubhavarya/star/star-dashboard/gold_monitor.py:95: DeprecationWarning: datetime.datetime.utcnow() is deprecated and scheduled for removal in a future version. Use timezone-aware objects to represent datetimes in UTC: datetime.datetime.now(datetime.UTC).
  "last_updated": datetime.utcnow().isoformat()
  ✅ Saved to Supabase
⏰ 23:03:27 - Gold $4489.30 | HOLD | RSI: 27
/Users/anubhavarya/star/star-dashboard/gold_monitor.py:95: DeprecationWarning: datetime.datetime.utcnow() is deprecated and scheduled for removal in a future version. Use timezone-aware objects to represent datetimes in UTC: datetime.datetime.now(datetime.UTC).
  "last_updated": datetime.utcnow().isoformat()
  ✅ Saved to Supabase
⏰ 23:04:28 - Gold $4490.00 | HOLD | RSI: 27
/Users/anubhavarya/star/star-dashboard/gold_monitor.py:95: DeprecationWarning: datetime.datetime.utcnow() is deprecated and scheduled for removal in a future version. Use timezone-aware objects to represent datetimes in UTC: datetime.datetime.now(datetime.UTC).
  "last_updated": datetime.utcnow().isoformat()
  ✅ Saved to Supabase
⏰ 23:05:28 - Gold $4491.20 | HOLD | RSI: 27
/Users/anubhavarya/star/star-dashboard/gold_monitor.py:95: DeprecationWarning: datetime.datetime.utcnow() is deprecated and scheduled for removal in a future version. Use timezone-aware objects to represent datetimes in UTC: datetime.datetime.now(datetime.UTC).
  "last_updated": datetime.utcnow().isoformat()
  ✅ Saved to Supabase
⏰ 23:06:29 - Gold $4490.50 | HOLD | RSI: 27
/Users/anubhavarya/star/star-dashboard/gold_monitor.py:95: DeprecationWarning: datetime.datetime.utcnow() is deprecated and scheduled for removal in a future version. Use timezone-aware objects to represent datetimes in UTC: datetime.datetime.now(datetime.UTC).
  "last_updated": datetime.utcnow().isoformat()
  ✅ Saved to Supabase
⏰ 23:07:30 - Gold $4489.10 | HOLD | RSI: 27
/Users/anubhavarya/star/star-dashboard/gold_monitor.py:95: DeprecationWarning: datetime.datetime.utcnow() is deprecated and scheduled for removal in a future version. Use timezone-aware objects to represent datetimes in UTC: datetime.datetime.now(datetime.UTC).
  "last_updated": datetime.utcnow().isoformat()
  ✅ Saved to Supabase
⏰ 23:08:30 - Gold $4490.30 | HOLD | RSI: 27
/Users/anubhavarya/star/star-dashboard/gold_monitor.py:95: DeprecationWarning: datetime.datetime.utcnow() is deprecated and scheduled for removal in a future version. Use timezone-aware objects to represent datetimes in UTC: datetime.datetime.now(datetime.UTC).
  "last_updated": datetime.utcnow().isoformat()
  ✅ Saved to Supabase
⏰ 23:09:30 - Gold $4485.60 | HOLD | RSI: 27
/Users/anubhavarya/star/star-dashboard/gold_monitor.py:95: DeprecationWarning: datetime.datetime.utcnow() is deprecated and scheduled for removal in a future version. Use timezone-aware objects to represent datetimes in UTC: datetime.datetime.now(datetime.UTC).
  "last_updated": datetime.utcnow().isoformat()
  ✅ Saved to Supabase
⏰ 23:10:31 - Gold $4492.80 | HOLD | RSI: 27
/Users/anubhavarya/star/star-dashboard/gold_monitor.py:95: DeprecationWarning: datetime.datetime.utcnow() is deprecated and scheduled for removal in a future version. Use timezone-aware objects to represent datetimes in UTC: datetime.datetime.now(datetime.UTC).
  "last_updated": datetime.utcnow().isoformat()
  ✅ Saved to Supabase
⏰ 23:11:31 - Gold $4491.70 | HOLD | RSI: 27
/Users/anubhavarya/star/star-dashboard/gold_monitor.py:95: DeprecationWarning: datetime.datetime.utcnow() is deprecated and scheduled for removal in a future version. Use timezone-aware objects to represent datetimes in UTC: datetime.datetime.now(datetime.UTC).
  "last_updated": datetime.utcnow().isoformat()
  ✅ Saved to Supabase
⏰ 23:12:31 - Gold $4492.30 | HOLD | RSI: 27
/Users/anubhavarya/star/star-dashboard/gold_monitor.py:95: DeprecationWarning: datetime.datetime.utcnow() is deprecated and scheduled for removal in a future version. Use timezone-aware objects to represent datetimes in UTC: datetime.datetime.now(datetime.UTC).
  "last_updated": datetime.utcnow().isoformat()
  ✅ Saved to Supabase
⏰ 23:13:32 - Gold $4491.40 | HOLD | RSI: 27
/Users/anubhavarya/star/star-dashboard/gold_monitor.py:95: DeprecationWarning: datetime.datetime.utcnow() is deprecated and scheduled for removal in a future version. Use timezone-aware objects to represent datetimes in UTC: datetime.datetime.now(datetime.UTC).
  "last_updated": datetime.utcnow().isoformat()
  ✅ Saved to Supabase
⏰ 23:14:32 - Gold $4490.60 | HOLD | RSI: 27
/Users/anubhavarya/star/star-dashboard/gold_monitor.py:95: DeprecationWarning: datetime.datetime.utcnow() is deprecated and scheduled for removal in a future version. Use timezone-aware objects to represent datetimes in UTC: datetime.datetime.now(datetime.UTC).
  "last_updated": datetime.utcnow().isoformat()
  ✅ Saved to Supabase
⏰ 23:15:33 - Gold $4489.70 | HOLD | RSI: 27
/Users/anubhavarya/star/star-dashboard/gold_monitor.py:95: DeprecationWarning: datetime.datetime.utcnow() is deprecated and scheduled for removal in a future version. Use timezone-aware objects to represent datetimes in UTC: datetime.datetime.now(datetime.UTC).
  "last_updated": datetime.utcnow().isoformat()
  ✅ Saved to Supabase
⏰ 23:16:33 - Gold $4491.20 | HOLD | RSI: 27
/Users/anubhavarya/star/star-dashboard/gold_monitor.py:95: DeprecationWarning: datetime.datetime.utcnow() is deprecated and scheduled for removal in a future version. Use timezone-aware objects to represent datetimes in UTC: datetime.datetime.now(datetime.UTC).
  "last_updated": datetime.utcnow().isoformat()
  ✅ Saved to Supabase
⏰ 23:17:33 - Gold $4492.50 | HOLD | RSI: 27
/Users/anubhavarya/star/star-dashboard/gold_monitor.py:95: DeprecationWarning: datetime.datetime.utcnow() is deprecated and scheduled for removal in a future version. Use timezone-aware objects to represent datetimes in UTC: datetime.datetime.now(datetime.UTC).
  "last_updated": datetime.utcnow().isoformat()
  ✅ Saved to Supabase
⏰ 23:18:34 - Gold $4492.10 | HOLD | RSI: 27
/Users/anubhavarya/star/star-dashboard/gold_monitor.py:95: DeprecationWarning: datetime.datetime.utcnow() is deprecated and scheduled for removal in a future version. Use timezone-aware objects to represent datetimes in UTC: datetime.datetime.now(datetime.UTC).
  "last_updated": datetime.utcnow().isoformat()
  ✅ Saved to Supabase
⏰ 23:19:34 - Gold $4491.70 | HOLD | RSI: 27
/Users/anubhavarya/star/star-dashboard/gold_monitor.py:95: DeprecationWarning: datetime.datetime.utcnow() is deprecated and scheduled for removal in a future version. Use timezone-aware objects to represent datetimes in UTC: datetime.datetime.now(datetime.UTC).
  "last_updated": datetime.utcnow().isoformat()
  ✅ Saved to Supabase
⏰ 23:20:35 - Gold $4491.00 | HOLD | RSI: 27
/Users/anubhavarya/star/star-dashboard/gold_monitor.py:95: DeprecationWarning: datetime.datetime.utcnow() is deprecated and scheduled for removal in a future version. Use timezone-aware objects to represent datetimes in UTC: datetime.datetime.now(datetime.UTC).
  "last_updated": datetime.utcnow().isoformat()
  ✅ Saved to Supabase
⏰ 23:21:35 - Gold $4493.30 | HOLD | RSI: 27
/Users/anubhavarya/star/star-dashboard/gold_monitor.py:95: DeprecationWarning: datetime.datetime.utcnow() is deprecated and scheduled for removal in a future version. Use timezone-aware objects to represent datetimes in UTC: datetime.datetime.now(datetime.UTC).
  "last_updated": datetime.utcnow().isoformat()
  ✅ Saved to Supabase
⏰ 23:22:36 - Gold $4493.20 | HOLD | RSI: 27
/Users/anubhavarya/star/star-dashboard/gold_monitor.py:95: DeprecationWarning: datetime.datetime.utcnow() is deprecated and scheduled for removal in a future version. Use timezone-aware objects to represent datetimes in UTC: datetime.datetime.now(datetime.UTC).
  "last_updated": datetime.utcnow().isoformat()
  ✅ Saved to Supabase
⏰ 23:23:36 - Gold $4497.00 | HOLD | RSI: 27
/Users/anubhavarya/star/star-dashboard/gold_monitor.py:95: DeprecationWarning: datetime.datetime.utcnow() is deprecated and scheduled for removal in a future version. Use timezone-aware objects to represent datetimes in UTC: datetime.datetime.now(datetime.UTC).
  "last_updated": datetime.utcnow().isoformat()
  ✅ Saved to Supabase
⏰ 23:24:37 - Gold $4497.00 | HOLD | RSI: 27
/Users/anubhavarya/star/star-dashboard/gold_monitor.py:95: DeprecationWarning: datetime.datetime.utcnow() is deprecated and scheduled for removal in a future version. Use timezone-aware objects to represent datetimes in UTC: datetime.datetime.now(datetime.UTC).
  "last_updated": datetime.utcnow().isoformat()
  ✅ Saved to Supabase
⏰ 23:25:37 - Gold $4498.50 | HOLD | RSI: 27
/Users/anubhavarya/star/star-dashboard/gold_monitor.py:95: DeprecationWarning: datetime.datetime.utcnow() is deprecated and scheduled for removal in a future version. Use timezone-aware objects to represent datetimes in UTC: datetime.datetime.now(datetime.UTC).
  "last_updated": datetime.utcnow().isoformat()
  ✅ Saved to Supabase
⏰ 23:26:38 - Gold $4497.70 | HOLD | RSI: 27
/Users/anubhavarya/star/star-dashboard/gold_monitor.py:95: DeprecationWarning: datetime.datetime.utcnow() is deprecated and scheduled for removal in a future version. Use timezone-aware objects to represent datetimes in UTC: datetime.datetime.now(datetime.UTC).
  "last_updated": datetime.utcnow().isoformat()
  ✅ Saved to Supabase
⏰ 23:27:38 - Gold $4497.50 | HOLD | RSI: 27
/Users/anubhavarya/star/star-dashboard/gold_monitor.py:95: DeprecationWarning: datetime.datetime.utcnow() is deprecated and scheduled for removal in a future version. Use timezone-aware objects to represent datetimes in UTC: datetime.datetime.now(datetime.UTC).
  "last_updated": datetime.utcnow().isoformat()
  ✅ Saved to Supabase
⏰ 23:28:38 - Gold $4496.90 | HOLD | RSI: 27
/Users/anubhavarya/star/star-dashboard/gold_monitor.py:95: DeprecationWarning: datetime.datetime.utcnow() is deprecated and scheduled for removal in a future version. Use timezone-aware objects to represent datetimes in UTC: datetime.datetime.now(datetime.UTC).
  "last_updated": datetime.utcnow().isoformat()
  ✅ Saved to Supabase
⏰ 23:29:39 - Gold $4499.10 | HOLD | RSI: 27
/Users/anubhavarya/star/star-dashboard/gold_monitor.py:95: DeprecationWarning: datetime.datetime.utcnow() is deprecated and scheduled for removal in a future version. Use timezone-aware objects to represent datetimes in UTC: datetime.datetime.now(datetime.UTC).
  "last_updated": datetime.utcnow().isoformat()
  ✅ Saved to Supabase
⏰ 23:30:39 - Gold $4498.90 | HOLD | RSI: 27
/Users/anubhavarya/star/star-dashboard/gold_monitor.py:95: DeprecationWarning: datetime.datetime.utcnow() is deprecated and scheduled for removal in a future version. Use timezone-aware objects to represent datetimes in UTC: datetime.datetime.now(datetime.UTC).
  "last_updated": datetime.utcnow().isoformat()
  ✅ Saved to Supabase
⏰ 23:31:40 - Gold $4500.30 | HOLD | RSI: 27
/Users/anubhavarya/star/star-dashboard/gold_monitor.py:95: DeprecationWarning: datetime.datetime.utcnow() is deprecated and scheduled for removal in a future version. Use timezone-aware objects to represent datetimes in UTC: datetime.datetime.now(datetime.UTC).
  "last_updated": datetime.utcnow().isoformat()
  ✅ Saved to Supabase
⏰ 23:32:40 - Gold $4500.90 | HOLD | RSI: 27
/Users/anubhavarya/star/star-dashboard/gold_monitor.py:95: DeprecationWarning: datetime.datetime.utcnow() is deprecated and scheduled for removal in a future version. Use timezone-aware objects to represent datetimes in UTC: datetime.datetime.now(datetime.UTC).
  "last_updated": datetime.utcnow().isoformat()
  ✅ Saved to Supabase
⏰ 23:33:41 - Gold $4501.10 | HOLD | RSI: 27
/Users/anubhavarya/star/star-dashboard/gold_monitor.py:95: DeprecationWarning: datetime.datetime.utcnow() is deprecated and scheduled for removal in a future version. Use timezone-aware objects to represent datetimes in UTC: datetime.datetime.now(datetime.UTC).
  "last_updated": datetime.utcnow().isoformat()
  ✅ Saved to Supabase
⏰ 23:34:41 - Gold $4501.70 | HOLD | RSI: 27
/Users/anubhavarya/star/star-dashboard/gold_monitor.py:95: DeprecationWarning: datetime.datetime.utcnow() is deprecated and scheduled for removal in a future version. Use timezone-aware objects to represent datetimes in UTC: datetime.datetime.now(datetime.UTC).
  "last_updated": datetime.utcnow().isoformat()
  ✅ Saved to Supabase
⏰ 23:35:42 - Gold $4501.50 | HOLD | RSI: 27
/Users/anubhavarya/star/star-dashboard/gold_monitor.py:95: DeprecationWarning: datetime.datetime.utcnow() is deprecated and scheduled for removal in a future version. Use timezone-aware objects to represent datetimes in UTC: datetime.datetime.now(datetime.UTC).
  "last_updated": datetime.utcnow().isoformat()
  ✅ Saved to Supabase
⏰ 23:36:42 - Gold $4501.80 | HOLD | RSI: 27
/Users/anubhavarya/star/star-dashboard/gold_monitor.py:95: DeprecationWarning: datetime.datetime.utcnow() is deprecated and scheduled for removal in a future version. Use timezone-aware objects to represent datetimes in UTC: datetime.datetime.now(datetime.UTC).
  "last_updated": datetime.utcnow().isoformat()
  ✅ Saved to Supabase
⏰ 23:37:42 - Gold $4502.40 | HOLD | RSI: 27
/Users/anubhavarya/star/star-dashboard/gold_monitor.py:95: DeprecationWarning: datetime.datetime.utcnow() is deprecated and scheduled for removal in a future version. Use timezone-aware objects to represent datetimes in UTC: datetime.datetime.now(datetime.UTC).
  "last_updated": datetime.utcnow().isoformat()
  ✅ Saved to Supabase
⏰ 23:38:43 - Gold $4501.80 | HOLD | RSI: 27
/Users/anubhavarya/star/star-dashboard/gold_monitor.py:95: DeprecationWarning: datetime.datetime.utcnow() is deprecated and scheduled for removal in a future version. Use timezone-aware objects to represent datetimes in UTC: datetime.datetime.now(datetime.UTC).
  "last_updated": datetime.utcnow().isoformat()
  ✅ Saved to Supabase
⏰ 23:39:43 - Gold $4501.60 | HOLD | RSI: 27
/Users/anubhavarya/star/star-dashboard/gold_monitor.py:95: DeprecationWarning: datetime.datetime.utcnow() is deprecated and scheduled for removal in a future version. Use timezone-aware objects to represent datetimes in UTC: datetime.datetime.now(datetime.UTC).
  "last_updated": datetime.utcnow().isoformat()
  ✅ Saved to Supabase
⏰ 23:40:44 - Gold $4502.40 | HOLD | RSI: 27
/Users/anubhavarya/star/star-dashboard/gold_monitor.py:95: DeprecationWarning: datetime.datetime.utcnow() is deprecated and scheduled for removal in a future version. Use timezone-aware objects to represent datetimes in UTC: datetime.datetime.now(datetime.UTC).
  "last_updated": datetime.utcnow().isoformat()
  ✅ Saved to Supabase
⏰ 23:41:44 - Gold $4505.30 | HOLD | RSI: 27
/Users/anubhavarya/star/star-dashboard/gold_monitor.py:95: DeprecationWarning: datetime.datetime.utcnow() is deprecated and scheduled for removal in a future version. Use timezone-aware objects to represent datetimes in UTC: datetime.datetime.now(datetime.UTC).
  "last_updated": datetime.utcnow().isoformat()
  ✅ Saved to Supabase
⏰ 23:42:45 - Gold $4505.70 | HOLD | RSI: 27
/Users/anubhavarya/star/star-dashboard/gold_monitor.py:95: DeprecationWarning: datetime.datetime.utcnow() is deprecated and scheduled for removal in a future version. Use timezone-aware objects to represent datetimes in UTC: datetime.datetime.now(datetime.UTC).
  "last_updated": datetime.utcnow().isoformat()
  ✅ Saved to Supabase
⏰ 23:43:45 - Gold $4505.30 | HOLD | RSI: 27
/Users/anubhavarya/star/star-dashboard/gold_monitor.py:95: DeprecationWarning: datetime.datetime.utcnow() is deprecated and scheduled for removal in a future version. Use timezone-aware objects to represent datetimes in UTC: datetime.datetime.now(datetime.UTC).
  "last_updated": datetime.utcnow().isoformat()
  ✅ Saved to Supabase
⏰ 23:44:46 - Gold $4508.00 | HOLD | RSI: 27
/Users/anubhavarya/star/star-dashboard/gold_monitor.py:95: DeprecationWarning: datetime.datetime.utcnow() is deprecated and scheduled for removal in a future version. Use timezone-aware objects to represent datetimes in UTC: datetime.datetime.now(datetime.UTC).
  "last_updated": datetime.utcnow().isoformat()
  ✅ Saved to Supabase
⏰ 23:45:46 - Gold $4506.40 | HOLD | RSI: 27
/Users/anubhavarya/star/star-dashboard/gold_monitor.py:95: DeprecationWarning: datetime.datetime.utcnow() is deprecated and scheduled for removal in a future version. Use timezone-aware objects to represent datetimes in UTC: datetime.datetime.now(datetime.UTC).
  "last_updated": datetime.utcnow().isoformat()
  ✅ Saved to Supabase
⏰ 23:46:47 - Gold $4506.60 | HOLD | RSI: 27
/Users/anubhavarya/star/star-dashboard/gold_monitor.py:95: DeprecationWarning: datetime.datetime.utcnow() is deprecated and scheduled for removal in a future version. Use timezone-aware objects to represent datetimes in UTC: datetime.datetime.now(datetime.UTC).
  "last_updated": datetime.utcnow().isoformat()
  ✅ Saved to Supabase
⏰ 23:47:47 - Gold $4507.30 | HOLD | RSI: 27
/Users/anubhavarya/star/star-dashboard/gold_monitor.py:95: DeprecationWarning: datetime.datetime.utcnow() is deprecated and scheduled for removal in a future version. Use timezone-aware objects to represent datetimes in UTC: datetime.datetime.now(datetime.UTC).
  "last_updated": datetime.utcnow().isoformat()
  ✅ Saved to Supabase
⏰ 23:48:48 - Gold $4508.00 | HOLD | RSI: 27
/Users/anubhavarya/star/star-dashboard/gold_monitor.py:95: DeprecationWarning: datetime.datetime.utcnow() is deprecated and scheduled for removal in a future version. Use timezone-aware objects to represent datetimes in UTC: datetime.datetime.now(datetime.UTC).
  "last_updated": datetime.utcnow().isoformat()
  ✅ Saved to Supabase
⏰ 23:49:48 - Gold $4508.70 | HOLD | RSI: 27
/Users/anubhavarya/star/star-dashboard/gold_monitor.py:95: DeprecationWarning: datetime.datetime.utcnow() is deprecated and scheduled for removal in a future version. Use timezone-aware objects to represent datetimes in UTC: datetime.datetime.now(datetime.UTC).
  "last_updated": datetime.utcnow().isoformat()
  ✅ Saved to Supabase
⏰ 23:50:48 - Gold $4508.50 | HOLD | RSI: 27
/Users/anubhavarya/star/star-dashboard/gold_monitor.py:95: DeprecationWarning: datetime.datetime.utcnow() is deprecated and scheduled for removal in a future version. Use timezone-aware objects to represent datetimes in UTC: datetime.datetime.now(datetime.UTC).
  "last_updated": datetime.utcnow().isoformat()
  ✅ Saved to Supabase
⏰ 23:51:49 - Gold $4509.80 | HOLD | RSI: 27
/Users/anubhavarya/star/star-dashboard/gold_monitor.py:95: DeprecationWarning: datetime.datetime.utcnow() is deprecated and scheduled for removal in a future version. Use timezone-aware objects to represent datetimes in UTC: datetime.datetime.now(datetime.UTC).
  "last_updated": datetime.utcnow().isoformat()
  ✅ Saved to Supabase
⏰ 23:52:49 - Gold $4510.00 | HOLD | RSI: 27
/Users/anubhavarya/star/star-dashboard/gold_monitor.py:95: DeprecationWarning: datetime.datetime.utcnow() is deprecated and scheduled for removal in a future version. Use timezone-aware objects to represent datetimes in UTC: datetime.datetime.now(datetime.UTC).
  "last_updated": datetime.utcnow().isoformat()
  ✅ Saved to Supabase
⏰ 23:53:50 - Gold $4510.50 | HOLD | RSI: 27
/Users/anubhavarya/star/star-dashboard/gold_monitor.py:95: DeprecationWarning: datetime.datetime.utcnow() is deprecated and scheduled for removal in a future version. Use timezone-aware objects to represent datetimes in UTC: datetime.datetime.now(datetime.UTC).
  "last_updated": datetime.utcnow().isoformat()
  ✅ Saved to Supabase
⏰ 23:54:50 - Gold $4510.50 | HOLD | RSI: 27
/Users/anubhavarya/star/star-dashboard/gold_monitor.py:95: DeprecationWarning: datetime.datetime.utcnow() is deprecated and scheduled for removal in a future version. Use timezone-aware objects to represent datetimes in UTC: datetime.datetime.now(datetime.UTC).
  "last_updated": datetime.utcnow().isoformat()
  ✅ Saved to Supabase
⏰ 23:55:50 - Gold $4509.00 | HOLD | RSI: 27
/Users/anubhavarya/star/star-dashboard/gold_monitor.py:95: DeprecationWarning: datetime.datetime.utcnow() is deprecated and scheduled for removal in a future version. Use timezone-aware objects to represent datetimes in UTC: datetime.datetime.now(datetime.UTC).
  "last_updated": datetime.utcnow().isoformat()
  ✅ Saved to Supabase
⏰ 23:56:51 - Gold $4507.20 | HOLD | RSI: 27
/Users/anubhavarya/star/star-dashboard/gold_monitor.py:95: DeprecationWarning: datetime.datetime.utcnow() is deprecated and scheduled for removal in a future version. Use timezone-aware objects to represent datetimes in UTC: datetime.datetime.now(datetime.UTC).
  "last_updated": datetime.utcnow().isoformat()
  ✅ Saved to Supabase
⏰ 23:57:51 - Gold $4508.30 | HOLD | RSI: 27
/Users/anubhavarya/star/star-dashboard/gold_monitor.py:95: DeprecationWarning: datetime.datetime.utcnow() is deprecated and scheduled for removal in a future version. Use timezone-aware objects to represent datetimes in UTC: datetime.datetime.now(datetime.UTC).
  "last_updated": datetime.utcnow().isoformat()
  ✅ Saved to Supabase
⏰ 23:58:52 - Gold $4508.50 | HOLD | RSI: 27
/Users/anubhavarya/star/star-dashboard/gold_monitor.py:95: DeprecationWarning: datetime.datetime.utcnow() is deprecated and scheduled for removal in a future version. Use timezone-aware objects to represent datetimes in UTC: datetime.datetime.now(datetime.UTC).
  "last_updated": datetime.utcnow().isoformat()
  ✅ Saved to Supabase
⏰ 23:59:52 - Gold $4507.10 | HOLD | RSI: 27
/Users/anubhavarya/star/star-dashboard/gold_monitor.py:95: DeprecationWarning: datetime.datetime.utcnow() is deprecated and scheduled for removal in a future version. Use timezone-aware objects to represent datetimes in UTC: datetime.datetime.now(datetime.UTC).
  "last_updated": datetime.utcnow().isoformat()
  ✅ Saved to Supabase
⏰ 00:00:53 - Gold $4506.70 | HOLD | RSI: 27
/Users/anubhavarya/star/star-dashboard/gold_monitor.py:95: DeprecationWarning: datetime.datetime.utcnow() is deprecated and scheduled for removal in a future version. Use timezone-aware objects to represent datetimes in UTC: datetime.datetime.now(datetime.UTC).
  "last_updated": datetime.utcnow().isoformat()
  ✅ Saved to Supabase
⏰ 00:01:53 - Gold $4506.60 | HOLD | RSI: 27
/Users/anubhavarya/star/star-dashboard/gold_monitor.py:95: DeprecationWarning: datetime.datetime.utcnow() is deprecated and scheduled for removal in a future version. Use timezone-aware objects to represent datetimes in UTC: datetime.datetime.now(datetime.UTC).
  "last_updated": datetime.utcnow().isoformat()
  ✅ Saved to Supabase
⏰ 00:02:53 - Gold $4507.20 | HOLD | RSI: 27
/Users/anubhavarya/star/star-dashboard/gold_monitor.py:95: DeprecationWarning: datetime.datetime.utcnow() is deprecated and scheduled for removal in a future version. Use timezone-aware objects to represent datetimes in UTC: datetime.datetime.now(datetime.UTC).
  "last_updated": datetime.utcnow().isoformat()
  ✅ Saved to Supabase
⏰ 00:03:54 - Gold $4507.10 | HOLD | RSI: 27
/Users/anubhavarya/star/star-dashboard/gold_monitor.py:95: DeprecationWarning: datetime.datetime.utcnow() is deprecated and scheduled for removal in a future version. Use timezone-aware objects to represent datetimes in UTC: datetime.datetime.now(datetime.UTC).
  "last_updated": datetime.utcnow().isoformat()
  ✅ Saved to Supabase
⏰ 00:04:54 - Gold $4507.10 | HOLD | RSI: 27
/Users/anubhavarya/star/star-dashboard/gold_monitor.py:95: DeprecationWarning: datetime.datetime.utcnow() is deprecated and scheduled for removal in a future version. Use timezone-aware objects to represent datetimes in UTC: datetime.datetime.now(datetime.UTC).
  "last_updated": datetime.utcnow().isoformat()
  ✅ Saved to Supabase
⏰ 00:05:54 - Gold $4507.40 | HOLD | RSI: 27
/Users/anubhavarya/star/star-dashboard/gold_monitor.py:95: DeprecationWarning: datetime.datetime.utcnow() is deprecated and scheduled for removal in a future version. Use timezone-aware objects to represent datetimes in UTC: datetime.datetime.now(datetime.UTC).
  "last_updated": datetime.utcnow().isoformat()
  ✅ Saved to Supabase
⏰ 00:06:55 - Gold $4507.30 | HOLD | RSI: 27
/Users/anubhavarya/star/star-dashboard/gold_monitor.py:95: DeprecationWarning: datetime.datetime.utcnow() is deprecated and scheduled for removal in a future version. Use timezone-aware objects to represent datetimes in UTC: datetime.datetime.now(datetime.UTC).
  "last_updated": datetime.utcnow().isoformat()
  ✅ Saved to Supabase
⏰ 00:07:55 - Gold $4506.70 | HOLD | RSI: 27
/Users/anubhavarya/star/star-dashboard/gold_monitor.py:95: DeprecationWarning: datetime.datetime.utcnow() is deprecated and scheduled for removal in a future version. Use timezone-aware objects to represent datetimes in UTC: datetime.datetime.now(datetime.UTC).
  "last_updated": datetime.utcnow().isoformat()
  ✅ Saved to Supabase
⏰ 00:08:55 - Gold $4507.40 | HOLD | RSI: 27
/Users/anubhavarya/star/star-dashboard/gold_monitor.py:95: DeprecationWarning: datetime.datetime.utcnow() is deprecated and scheduled for removal in a future version. Use timezone-aware objects to represent datetimes in UTC: datetime.datetime.now(datetime.UTC).
  "last_updated": datetime.utcnow().isoformat()
  ✅ Saved to Supabase
⏰ 00:09:56 - Gold $4508.10 | HOLD | RSI: 27
/Users/anubhavarya/star/star-dashboard/gold_monitor.py:95: DeprecationWarning: datetime.datetime.utcnow() is deprecated and scheduled for removal in a future version. Use timezone-aware objects to represent datetimes in UTC: datetime.datetime.now(datetime.UTC).
  "last_updated": datetime.utcnow().isoformat()
  ✅ Saved to Supabase
⏰ 00:10:56 - Gold $4508.40 | HOLD | RSI: 27
/Users/anubhavarya/star/star-dashboard/gold_monitor.py:95: DeprecationWarning: datetime.datetime.utcnow() is deprecated and scheduled for removal in a future version. Use timezone-aware objects to represent datetimes in UTC: datetime.datetime.now(datetime.UTC).
  "last_updated": datetime.utcnow().isoformat()
  ✅ Saved to Supabase
⏰ 00:11:56 - Gold $4507.60 | HOLD | RSI: 27
/Users/anubhavarya/star/star-dashboard/gold_monitor.py:95: DeprecationWarning: datetime.datetime.utcnow() is deprecated and scheduled for removal in a future version. Use timezone-aware objects to represent datetimes in UTC: datetime.datetime.now(datetime.UTC).
  "last_updated": datetime.utcnow().isoformat()
  ✅ Saved to Supabase
⏰ 00:12:57 - Gold $4506.60 | HOLD | RSI: 27
/Users/anubhavarya/star/star-dashboard/gold_monitor.py:95: DeprecationWarning: datetime.datetime.utcnow() is deprecated and scheduled for removal in a future version. Use timezone-aware objects to represent datetimes in UTC: datetime.datetime.now(datetime.UTC).
  "last_updated": datetime.utcnow().isoformat()
  ✅ Saved to Supabase
⏰ 00:13:57 - Gold $4504.70 | HOLD | RSI: 27
/Users/anubhavarya/star/star-dashboard/gold_monitor.py:95: DeprecationWarning: datetime.datetime.utcnow() is deprecated and scheduled for removal in a future version. Use timezone-aware objects to represent datetimes in UTC: datetime.datetime.now(datetime.UTC).
  "last_updated": datetime.utcnow().isoformat()
  ✅ Saved to Supabase
⏰ 00:14:58 - Gold $4504.50 | HOLD | RSI: 27
/Users/anubhavarya/star/star-dashboard/gold_monitor.py:95: DeprecationWarning: datetime.datetime.utcnow() is deprecated and scheduled for removal in a future version. Use timezone-aware objects to represent datetimes in UTC: datetime.datetime.now(datetime.UTC).
  "last_updated": datetime.utcnow().isoformat()
  ✅ Saved to Supabase
⏰ 00:15:58 - Gold $4504.70 | HOLD | RSI: 27
/Users/anubhavarya/star/star-dashboard/gold_monitor.py:95: DeprecationWarning: datetime.datetime.utcnow() is deprecated and scheduled for removal in a future version. Use timezone-aware objects to represent datetimes in UTC: datetime.datetime.now(datetime.UTC).
  "last_updated": datetime.utcnow().isoformat()
  ✅ Saved to Supabase
⏰ 00:16:58 - Gold $4504.90 | HOLD | RSI: 27
/Users/anubhavarya/star/star-dashboard/gold_monitor.py:95: DeprecationWarning: datetime.datetime.utcnow() is deprecated and scheduled for removal in a future version. Use timezone-aware objects to represent datetimes in UTC: datetime.datetime.now(datetime.UTC).
  "last_updated": datetime.utcnow().isoformat()
  ✅ Saved to Supabase
⏰ 00:17:59 - Gold $4503.40 | HOLD | RSI: 27
/Users/anubhavarya/star/star-dashboard/gold_monitor.py:95: DeprecationWarning: datetime.datetime.utcnow() is deprecated and scheduled for removal in a future version. Use timezone-aware objects to represent datetimes in UTC: datetime.datetime.now(datetime.UTC).
  "last_updated": datetime.utcnow().isoformat()
  ✅ Saved to Supabase
⏰ 00:18:59 - Gold $4502.10 | HOLD | RSI: 27
/Users/anubhavarya/star/star-dashboard/gold_monitor.py:95: DeprecationWarning: datetime.datetime.utcnow() is deprecated and scheduled for removal in a future version. Use timezone-aware objects to represent datetimes in UTC: datetime.datetime.now(datetime.UTC).
  "last_updated": datetime.utcnow().isoformat()
  ✅ Saved to Supabase
⏰ 00:20:00 - Gold $4501.00 | HOLD | RSI: 27
/Users/anubhavarya/star/star-dashboard/gold_monitor.py:95: DeprecationWarning: datetime.datetime.utcnow() is deprecated and scheduled for removal in a future version. Use timezone-aware objects to represent datetimes in UTC: datetime.datetime.now(datetime.UTC).
  "last_updated": datetime.utcnow().isoformat()
  ✅ Saved to Supabase
⏰ 00:21:00 - Gold $4500.90 | HOLD | RSI: 27
/Users/anubhavarya/star/star-dashboard/gold_monitor.py:95: DeprecationWarning: datetime.datetime.utcnow() is deprecated and scheduled for removal in a future version. Use timezone-aware objects to represent datetimes in UTC: datetime.datetime.now(datetime.UTC).
  "last_updated": datetime.utcnow().isoformat()
  ✅ Saved to Supabase
⏰ 00:22:01 - Gold $4500.20 | HOLD | RSI: 27
/Users/anubhavarya/star/star-dashboard/gold_monitor.py:95: DeprecationWarning: datetime.datetime.utcnow() is deprecated and scheduled for removal in a future version. Use timezone-aware objects to represent datetimes in UTC: datetime.datetime.now(datetime.UTC).
  "last_updated": datetime.utcnow().isoformat()
  ✅ Saved to Supabase
⏰ 00:23:01 - Gold $4500.50 | HOLD | RSI: 27
/Users/anubhavarya/star/star-dashboard/gold_monitor.py:95: DeprecationWarning: datetime.datetime.utcnow() is deprecated and scheduled for removal in a future version. Use timezone-aware objects to represent datetimes in UTC: datetime.datetime.now(datetime.UTC).
  "last_updated": datetime.utcnow().isoformat()
  ✅ Saved to Supabase
⏰ 00:24:02 - Gold $4504.70 | HOLD | RSI: 27
/Users/anubhavarya/star/star-dashboard/gold_monitor.py:95: DeprecationWarning: datetime.datetime.utcnow() is deprecated and scheduled for removal in a future version. Use timezone-aware objects to represent datetimes in UTC: datetime.datetime.now(datetime.UTC).
  "last_updated": datetime.utcnow().isoformat()
  ✅ Saved to Supabase
⏰ 00:25:02 - Gold $4504.20 | HOLD | RSI: 27
/Users/anubhavarya/star/star-dashboard/gold_monitor.py:95: DeprecationWarning: datetime.datetime.utcnow() is deprecated and scheduled for removal in a future version. Use timezone-aware objects to represent datetimes in UTC: datetime.datetime.now(datetime.UTC).
  "last_updated": datetime.utcnow().isoformat()
  ✅ Saved to Supabase
⏰ 00:26:03 - Gold $4503.70 | HOLD | RSI: 27
/Users/anubhavarya/star/star-dashboard/gold_monitor.py:95: DeprecationWarning: datetime.datetime.utcnow() is deprecated and scheduled for removal in a future version. Use timezone-aware objects to represent datetimes in UTC: datetime.datetime.now(datetime.UTC).
  "last_updated": datetime.utcnow().isoformat()
  ✅ Saved to Supabase
⏰ 00:27:03 - Gold $4503.70 | HOLD | RSI: 27
/Users/anubhavarya/star/star-dashboard/gold_monitor.py:95: DeprecationWarning: datetime.datetime.utcnow() is deprecated and scheduled for removal in a future version. Use timezone-aware objects to represent datetimes in UTC: datetime.datetime.now(datetime.UTC).
  "last_updated": datetime.utcnow().isoformat()
  ✅ Saved to Supabase
⏰ 00:28:03 - Gold $4504.30 | HOLD | RSI: 27
/Users/anubhavarya/star/star-dashboard/gold_monitor.py:95: DeprecationWarning: datetime.datetime.utcnow() is deprecated and scheduled for removal in a future version. Use timezone-aware objects to represent datetimes in UTC: datetime.datetime.now(datetime.UTC).
  "last_updated": datetime.utcnow().isoformat()
  ✅ Saved to Supabase
⏰ 00:29:04 - Gold $4503.90 | HOLD | RSI: 27
/Users/anubhavarya/star/star-dashboard/gold_monitor.py:95: DeprecationWarning: datetime.datetime.utcnow() is deprecated and scheduled for removal in a future version. Use timezone-aware objects to represent datetimes in UTC: datetime.datetime.now(datetime.UTC).
  "last_updated": datetime.utcnow().isoformat()
  ✅ Saved to Supabase
⏰ 00:30:04 - Gold $4504.10 | HOLD | RSI: 27
/Users/anubhavarya/star/star-dashboard/gold_monitor.py:95: DeprecationWarning: datetime.datetime.utcnow() is deprecated and scheduled for removal in a future version. Use timezone-aware objects to represent datetimes in UTC: datetime.datetime.now(datetime.UTC).
  "last_updated": datetime.utcnow().isoformat()
  ✅ Saved to Supabase
⏰ 00:31:05 - Gold $4501.70 | HOLD | RSI: 27
/Users/anubhavarya/star/star-dashboard/gold_monitor.py:95: DeprecationWarning: datetime.datetime.utcnow() is deprecated and scheduled for removal in a future version. Use timezone-aware objects to represent datetimes in UTC: datetime.datetime.now(datetime.UTC).
  "last_updated": datetime.utcnow().isoformat()
  ✅ Saved to Supabase
⏰ 00:32:05 - Gold $4501.00 | HOLD | RSI: 27
/Users/anubhavarya/star/star-dashboard/gold_monitor.py:95: DeprecationWarning: datetime.datetime.utcnow() is deprecated and scheduled for removal in a future version. Use timezone-aware objects to represent datetimes in UTC: datetime.datetime.now(datetime.UTC).
  "last_updated": datetime.utcnow().isoformat()
  ✅ Saved to Supabase
⏰ 00:33:06 - Gold $4500.90 | HOLD | RSI: 27
/Users/anubhavarya/star/star-dashboard/gold_monitor.py:95: DeprecationWarning: datetime.datetime.utcnow() is deprecated and scheduled for removal in a future version. Use timezone-aware objects to represent datetimes in UTC: datetime.datetime.now(datetime.UTC).
  "last_updated": datetime.utcnow().isoformat()
  ✅ Saved to Supabase
⏰ 00:34:06 - Gold $4500.20 | HOLD | RSI: 27
/Users/anubhavarya/star/star-dashboard/gold_monitor.py:95: DeprecationWarning: datetime.datetime.utcnow() is deprecated and scheduled for removal in a future version. Use timezone-aware objects to represent datetimes in UTC: datetime.datetime.now(datetime.UTC).
  "last_updated": datetime.utcnow().isoformat()
  ✅ Saved to Supabase
⏰ 00:35:07 - Gold $4499.40 | HOLD | RSI: 27
/Users/anubhavarya/star/star-dashboard/gold_monitor.py:95: DeprecationWarning: datetime.datetime.utcnow() is deprecated and scheduled for removal in a future version. Use timezone-aware objects to represent datetimes in UTC: datetime.datetime.now(datetime.UTC).
  "last_updated": datetime.utcnow().isoformat()
  ✅ Saved to Supabase
⏰ 00:36:07 - Gold $4499.30 | HOLD | RSI: 27
/Users/anubhavarya/star/star-dashboard/gold_monitor.py:95: DeprecationWarning: datetime.datetime.utcnow() is deprecated and scheduled for removal in a future version. Use timezone-aware objects to represent datetimes in UTC: datetime.datetime.now(datetime.UTC).
  "last_updated": datetime.utcnow().isoformat()
  ✅ Saved to Supabase
⏰ 00:37:08 - Gold $4498.40 | HOLD | RSI: 27
/Users/anubhavarya/star/star-dashboard/gold_monitor.py:95: DeprecationWarning: datetime.datetime.utcnow() is deprecated and scheduled for removal in a future version. Use timezone-aware objects to represent datetimes in UTC: datetime.datetime.now(datetime.UTC).
  "last_updated": datetime.utcnow().isoformat()
  ✅ Saved to Supabase
⏰ 00:38:08 - Gold $4499.50 | HOLD | RSI: 27
/Users/anubhavarya/star/star-dashboard/gold_monitor.py:95: DeprecationWarning: datetime.datetime.utcnow() is deprecated and scheduled for removal in a future version. Use timezone-aware objects to represent datetimes in UTC: datetime.datetime.now(datetime.UTC).
  "last_updated": datetime.utcnow().isoformat()
  ✅ Saved to Supabase
⏰ 00:39:08 - Gold $4500.50 | HOLD | RSI: 27
/Users/anubhavarya/star/star-dashboard/gold_monitor.py:95: DeprecationWarning: datetime.datetime.utcnow() is deprecated and scheduled for removal in a future version. Use timezone-aware objects to represent datetimes in UTC: datetime.datetime.now(datetime.UTC).
  "last_updated": datetime.utcnow().isoformat()
  ✅ Saved to Supabase
⏰ 00:40:09 - Gold $4500.70 | HOLD | RSI: 27
/Users/anubhavarya/star/star-dashboard/gold_monitor.py:95: DeprecationWarning: datetime.datetime.utcnow() is deprecated and scheduled for removal in a future version. Use timezone-aware objects to represent datetimes in UTC: datetime.datetime.now(datetime.UTC).
  "last_updated": datetime.utcnow().isoformat()
  ✅ Saved to Supabase
⏰ 00:41:09 - Gold $4498.70 | HOLD | RSI: 27
/Users/anubhavarya/star/star-dashboard/gold_monitor.py:95: DeprecationWarning: datetime.datetime.utcnow() is deprecated and scheduled for removal in a future version. Use timezone-aware objects to represent datetimes in UTC: datetime.datetime.now(datetime.UTC).
  "last_updated": datetime.utcnow().isoformat()
  ✅ Saved to Supabase
⏰ 00:42:10 - Gold $4501.90 | HOLD | RSI: 27
/Users/anubhavarya/star/star-dashboard/gold_monitor.py:95: DeprecationWarning: datetime.datetime.utcnow() is deprecated and scheduled for removal in a future version. Use timezone-aware objects to represent datetimes in UTC: datetime.datetime.now(datetime.UTC).
  "last_updated": datetime.utcnow().isoformat()
  ✅ Saved to Supabase
⏰ 00:43:10 - Gold $4501.30 | HOLD | RSI: 27
/Users/anubhavarya/star/star-dashboard/gold_monitor.py:95: DeprecationWarning: datetime.datetime.utcnow() is deprecated and scheduled for removal in a future version. Use timezone-aware objects to represent datetimes in UTC: datetime.datetime.now(datetime.UTC).
  "last_updated": datetime.utcnow().isoformat()
  ✅ Saved to Supabase
⏰ 00:44:10 - Gold $4502.00 | HOLD | RSI: 27
/Users/anubhavarya/star/star-dashboard/gold_monitor.py:95: DeprecationWarning: datetime.datetime.utcnow() is deprecated and scheduled for removal in a future version. Use timezone-aware objects to represent datetimes in UTC: datetime.datetime.now(datetime.UTC).
  "last_updated": datetime.utcnow().isoformat()
  ✅ Saved to Supabase
⏰ 00:45:11 - Gold $4499.70 | HOLD | RSI: 27
/Users/anubhavarya/star/star-dashboard/gold_monitor.py:95: DeprecationWarning: datetime.datetime.utcnow() is deprecated and scheduled for removal in a future version. Use timezone-aware objects to represent datetimes in UTC: datetime.datetime.now(datetime.UTC).
  "last_updated": datetime.utcnow().isoformat()
  ✅ Saved to Supabase
⏰ 00:46:11 - Gold $4499.50 | HOLD | RSI: 27
/Users/anubhavarya/star/star-dashboard/gold_monitor.py:95: DeprecationWarning: datetime.datetime.utcnow() is deprecated and scheduled for removal in a future version. Use timezone-aware objects to represent datetimes in UTC: datetime.datetime.now(datetime.UTC).
  "last_updated": datetime.utcnow().isoformat()
  ✅ Saved to Supabase
⏰ 00:47:12 - Gold $4499.70 | HOLD | RSI: 27
/Users/anubhavarya/star/star-dashboard/gold_monitor.py:95: DeprecationWarning: datetime.datetime.utcnow() is deprecated and scheduled for removal in a future version. Use timezone-aware objects to represent datetimes in UTC: datetime.datetime.now(datetime.UTC).
  "last_updated": datetime.utcnow().isoformat()
  ✅ Saved to Supabase
⏰ 00:48:12 - Gold $4500.30 | HOLD | RSI: 27
/Users/anubhavarya/star/star-dashboard/gold_monitor.py:95: DeprecationWarning: datetime.datetime.utcnow() is deprecated and scheduled for removal in a future version. Use timezone-aware objects to represent datetimes in UTC: datetime.datetime.now(datetime.UTC).
  "last_updated": datetime.utcnow().isoformat()
  ✅ Saved to Supabase
⏰ 00:49:12 - Gold $4500.90 | HOLD | RSI: 27
/Users/anubhavarya/star/star-dashboard/gold_monitor.py:95: DeprecationWarning: datetime.datetime.utcnow() is deprecated and scheduled for removal in a future version. Use timezone-aware objects to represent datetimes in UTC: datetime.datetime.now(datetime.UTC).
  "last_updated": datetime.utcnow().isoformat()
  ✅ Saved to Supabase
⏰ 00:50:13 - Gold $4498.90 | HOLD | RSI: 27
/Users/anubhavarya/star/star-dashboard/gold_monitor.py:95: DeprecationWarning: datetime.datetime.utcnow() is deprecated and scheduled for removal in a future version. Use timezone-aware objects to represent datetimes in UTC: datetime.datetime.now(datetime.UTC).
  "last_updated": datetime.utcnow().isoformat()
  ✅ Saved to Supabase
⏰ 00:51:13 - Gold $4500.00 | HOLD | RSI: 27
/Users/anubhavarya/star/star-dashboard/gold_monitor.py:95: DeprecationWarning: datetime.datetime.utcnow() is deprecated and scheduled for removal in a future version. Use timezone-aware objects to represent datetimes in UTC: datetime.datetime.now(datetime.UTC).
  "last_updated": datetime.utcnow().isoformat()
  ✅ Saved to Supabase
⏰ 00:52:14 - Gold $4500.00 | HOLD | RSI: 27
/Users/anubhavarya/star/star-dashboard/gold_monitor.py:95: DeprecationWarning: datetime.datetime.utcnow() is deprecated and scheduled for removal in a future version. Use timezone-aware objects to represent datetimes in UTC: datetime.datetime.now(datetime.UTC).
  "last_updated": datetime.utcnow().isoformat()
  ✅ Saved to Supabase
⏰ 00:53:14 - Gold $4500.00 | HOLD | RSI: 27
/Users/anubhavarya/star/star-dashboard/gold_monitor.py:95: DeprecationWarning: datetime.datetime.utcnow() is deprecated and scheduled for removal in a future version. Use timezone-aware objects to represent datetimes in UTC: datetime.datetime.now(datetime.UTC).
  "last_updated": datetime.utcnow().isoformat()
  ✅ Saved to Supabase
⏰ 00:54:14 - Gold $4500.10 | HOLD | RSI: 27
/Users/anubhavarya/star/star-dashboard/gold_monitor.py:95: DeprecationWarning: datetime.datetime.utcnow() is deprecated and scheduled for removal in a future version. Use timezone-aware objects to represent datetimes in UTC: datetime.datetime.now(datetime.UTC).
  "last_updated": datetime.utcnow().isoformat()
  ✅ Saved to Supabase
⏰ 00:55:15 - Gold $4500.90 | HOLD | RSI: 27
/Users/anubhavarya/star/star-dashboard/gold_monitor.py:95: DeprecationWarning: datetime.datetime.utcnow() is deprecated and scheduled for removal in a future version. Use timezone-aware objects to represent datetimes in UTC: datetime.datetime.now(datetime.UTC).
  "last_updated": datetime.utcnow().isoformat()
  ✅ Saved to Supabase
⏰ 00:56:15 - Gold $4499.00 | HOLD | RSI: 27
/Users/anubhavarya/star/star-dashboard/gold_monitor.py:95: DeprecationWarning: datetime.datetime.utcnow() is deprecated and scheduled for removal in a future version. Use timezone-aware objects to represent datetimes in UTC: datetime.datetime.now(datetime.UTC).
  "last_updated": datetime.utcnow().isoformat()
  ✅ Saved to Supabase
⏰ 00:57:16 - Gold $4497.50 | HOLD | RSI: 27
/Users/anubhavarya/star/star-dashboard/gold_monitor.py:95: DeprecationWarning: datetime.datetime.utcnow() is deprecated and scheduled for removal in a future version. Use timezone-aware objects to represent datetimes in UTC: datetime.datetime.now(datetime.UTC).
  "last_updated": datetime.utcnow().isoformat()
  ✅ Saved to Supabase
⏰ 00:58:16 - Gold $4495.20 | HOLD | RSI: 27
/Users/anubhavarya/star/star-dashboard/gold_monitor.py:95: DeprecationWarning: datetime.datetime.utcnow() is deprecated and scheduled for removal in a future version. Use timezone-aware objects to represent datetimes in UTC: datetime.datetime.now(datetime.UTC).
  "last_updated": datetime.utcnow().isoformat()
  ✅ Saved to Supabase
⏰ 00:59:16 - Gold $4494.90 | HOLD | RSI: 27
/Users/anubhavarya/star/star-dashboard/gold_monitor.py:95: DeprecationWarning: datetime.datetime.utcnow() is deprecated and scheduled for removal in a future version. Use timezone-aware objects to represent datetimes in UTC: datetime.datetime.now(datetime.UTC).
  "last_updated": datetime.utcnow().isoformat()
  ✅ Saved to Supabase
⏰ 01:00:17 - Gold $4495.60 | HOLD | RSI: 27
/Users/anubhavarya/star/star-dashboard/gold_monitor.py:95: DeprecationWarning: datetime.datetime.utcnow() is deprecated and scheduled for removal in a future version. Use timezone-aware objects to represent datetimes in UTC: datetime.datetime.now(datetime.UTC).
  "last_updated": datetime.utcnow().isoformat()
  ✅ Saved to Supabase
⏰ 01:01:17 - Gold $4495.70 | HOLD | RSI: 27
/Users/anubhavarya/star/star-dashboard/gold_monitor.py:95: DeprecationWarning: datetime.datetime.utcnow() is deprecated and scheduled for removal in a future version. Use timezone-aware objects to represent datetimes in UTC: datetime.datetime.now(datetime.UTC).
  "last_updated": datetime.utcnow().isoformat()
  ✅ Saved to Supabase
⏰ 01:02:17 - Gold $4496.80 | HOLD | RSI: 27
/Users/anubhavarya/star/star-dashboard/gold_monitor.py:95: DeprecationWarning: datetime.datetime.utcnow() is deprecated and scheduled for removal in a future version. Use timezone-aware objects to represent datetimes in UTC: datetime.datetime.now(datetime.UTC).
  "last_updated": datetime.utcnow().isoformat()
  ✅ Saved to Supabase
⏰ 01:03:18 - Gold $4497.70 | HOLD | RSI: 27
/Users/anubhavarya/star/star-dashboard/gold_monitor.py:95: DeprecationWarning: datetime.datetime.utcnow() is deprecated and scheduled for removal in a future version. Use timezone-aware objects to represent datetimes in UTC: datetime.datetime.now(datetime.UTC).
  "last_updated": datetime.utcnow().isoformat()
  ✅ Saved to Supabase
⏰ 01:04:18 - Gold $4496.40 | HOLD | RSI: 27
/Users/anubhavarya/star/star-dashboard/gold_monitor.py:95: DeprecationWarning: datetime.datetime.utcnow() is deprecated and scheduled for removal in a future version. Use timezone-aware objects to represent datetimes in UTC: datetime.datetime.now(datetime.UTC).
  "last_updated": datetime.utcnow().isoformat()
  ✅ Saved to Supabase
⏰ 01:05:18 - Gold $4495.40 | HOLD | RSI: 27
/Users/anubhavarya/star/star-dashboard/gold_monitor.py:95: DeprecationWarning: datetime.datetime.utcnow() is deprecated and scheduled for removal in a future version. Use timezone-aware objects to represent datetimes in UTC: datetime.datetime.now(datetime.UTC).
  "last_updated": datetime.utcnow().isoformat()
  ✅ Saved to Supabase
⏰ 01:06:19 - Gold $4495.00 | HOLD | RSI: 27
/Users/anubhavarya/star/star-dashboard/gold_monitor.py:95: DeprecationWarning: datetime.datetime.utcnow() is deprecated and scheduled for removal in a future version. Use timezone-aware objects to represent datetimes in UTC: datetime.datetime.now(datetime.UTC).
  "last_updated": datetime.utcnow().isoformat()
  ✅ Saved to Supabase
⏰ 01:07:19 - Gold $4494.90 | HOLD | RSI: 27
/Users/anubhavarya/star/star-dashboard/gold_monitor.py:95: DeprecationWarning: datetime.datetime.utcnow() is deprecated and scheduled for removal in a future version. Use timezone-aware objects to represent datetimes in UTC: datetime.datetime.now(datetime.UTC).
  "last_updated": datetime.utcnow().isoformat()
  ✅ Saved to Supabase
⏰ 01:08:20 - Gold $4495.40 | HOLD | RSI: 27
/Users/anubhavarya/star/star-dashboard/gold_monitor.py:95: DeprecationWarning: datetime.datetime.utcnow() is deprecated and scheduled for removal in a future version. Use timezone-aware objects to represent datetimes in UTC: datetime.datetime.now(datetime.UTC).
  "last_updated": datetime.utcnow().isoformat()
  ✅ Saved to Supabase
⏰ 01:09:20 - Gold $4496.20 | HOLD | RSI: 27
/Users/anubhavarya/star/star-dashboard/gold_monitor.py:95: DeprecationWarning: datetime.datetime.utcnow() is deprecated and scheduled for removal in a future version. Use timezone-aware objects to represent datetimes in UTC: datetime.datetime.now(datetime.UTC).
  "last_updated": datetime.utcnow().isoformat()
  ✅ Saved to Supabase
⏰ 01:10:21 - Gold $4495.20 | HOLD | RSI: 27
/Users/anubhavarya/star/star-dashboard/gold_monitor.py:95: DeprecationWarning: datetime.datetime.utcnow() is deprecated and scheduled for removal in a future version. Use timezone-aware objects to represent datetimes in UTC: datetime.datetime.now(datetime.UTC).
  "last_updated": datetime.utcnow().isoformat()
  ✅ Saved to Supabase
⏰ 01:11:21 - Gold $4497.40 | HOLD | RSI: 27
/Users/anubhavarya/star/star-dashboard/gold_monitor.py:95: DeprecationWarning: datetime.datetime.utcnow() is deprecated and scheduled for removal in a future version. Use timezone-aware objects to represent datetimes in UTC: datetime.datetime.now(datetime.UTC).
  "last_updated": datetime.utcnow().isoformat()
  ✅ Saved to Supabase
⏰ 01:12:21 - Gold $4499.90 | HOLD | RSI: 27
/Users/anubhavarya/star/star-dashboard/gold_monitor.py:95: DeprecationWarning: datetime.datetime.utcnow() is deprecated and scheduled for removal in a future version. Use timezone-aware objects to represent datetimes in UTC: datetime.datetime.now(datetime.UTC).
  "last_updated": datetime.utcnow().isoformat()
  ✅ Saved to Supabase
⏰ 01:13:22 - Gold $4501.10 | HOLD | RSI: 27
/Users/anubhavarya/star/star-dashboard/gold_monitor.py:95: DeprecationWarning: datetime.datetime.utcnow() is deprecated and scheduled for removal in a future version. Use timezone-aware objects to represent datetimes in UTC: datetime.datetime.now(datetime.UTC).
  "last_updated": datetime.utcnow().isoformat()
  ✅ Saved to Supabase
⏰ 01:14:22 - Gold $4499.50 | HOLD | RSI: 27
/Users/anubhavarya/star/star-dashboard/gold_monitor.py:95: DeprecationWarning: datetime.datetime.utcnow() is deprecated and scheduled for removal in a future version. Use timezone-aware objects to represent datetimes in UTC: datetime.datetime.now(datetime.UTC).
  "last_updated": datetime.utcnow().isoformat()
  ✅ Saved to Supabase
⏰ 01:15:23 - Gold $4500.70 | HOLD | RSI: 27
/Users/anubhavarya/star/star-dashboard/gold_monitor.py:95: DeprecationWarning: datetime.datetime.utcnow() is deprecated and scheduled for removal in a future version. Use timezone-aware objects to represent datetimes in UTC: datetime.datetime.now(datetime.UTC).
  "last_updated": datetime.utcnow().isoformat()
  ✅ Saved to Supabase
⏰ 01:16:23 - Gold $4499.80 | HOLD | RSI: 27
/Users/anubhavarya/star/star-dashboard/gold_monitor.py:95: DeprecationWarning: datetime.datetime.utcnow() is deprecated and scheduled for removal in a future version. Use timezone-aware objects to represent datetimes in UTC: datetime.datetime.now(datetime.UTC).
  "last_updated": datetime.utcnow().isoformat()
  ✅ Saved to Supabase
⏰ 01:17:23 - Gold $4501.70 | HOLD | RSI: 27
/Users/anubhavarya/star/star-dashboard/gold_monitor.py:95: DeprecationWarning: datetime.datetime.utcnow() is deprecated and scheduled for removal in a future version. Use timezone-aware objects to represent datetimes in UTC: datetime.datetime.now(datetime.UTC).
  "last_updated": datetime.utcnow().isoformat()
  ✅ Saved to Supabase
⏰ 01:18:24 - Gold $4502.80 | HOLD | RSI: 27
/Users/anubhavarya/star/star-dashboard/gold_monitor.py:95: DeprecationWarning: datetime.datetime.utcnow() is deprecated and scheduled for removal in a future version. Use timezone-aware objects to represent datetimes in UTC: datetime.datetime.now(datetime.UTC).
  "last_updated": datetime.utcnow().isoformat()
  ✅ Saved to Supabase
⏰ 01:19:24 - Gold $4502.60 | HOLD | RSI: 27
/Users/anubhavarya/star/star-dashboard/gold_monitor.py:95: DeprecationWarning: datetime.datetime.utcnow() is deprecated and scheduled for removal in a future version. Use timezone-aware objects to represent datetimes in UTC: datetime.datetime.now(datetime.UTC).
  "last_updated": datetime.utcnow().isoformat()
  ✅ Saved to Supabase
⏰ 01:20:24 - Gold $4502.90 | HOLD | RSI: 27
/Users/anubhavarya/star/star-dashboard/gold_monitor.py:95: DeprecationWarning: datetime.datetime.utcnow() is deprecated and scheduled for removal in a future version. Use timezone-aware objects to represent datetimes in UTC: datetime.datetime.now(datetime.UTC).
  "last_updated": datetime.utcnow().isoformat()
  ✅ Saved to Supabase
⏰ 01:21:25 - Gold $4503.30 | BUY | RSI: 27
/Users/anubhavarya/star/star-dashboard/gold_monitor.py:95: DeprecationWarning: datetime.datetime.utcnow() is deprecated and scheduled for removal in a future version. Use timezone-aware objects to represent datetimes in UTC: datetime.datetime.now(datetime.UTC).
  "last_updated": datetime.utcnow().isoformat()
  ✅ Saved to Supabase
⏰ 01:22:25 - Gold $4503.10 | HOLD | RSI: 27
/Users/anubhavarya/star/star-dashboard/gold_monitor.py:95: DeprecationWarning: datetime.datetime.utcnow() is deprecated and scheduled for removal in a future version. Use timezone-aware objects to represent datetimes in UTC: datetime.datetime.now(datetime.UTC).
  "last_updated": datetime.utcnow().isoformat()
  ✅ Saved to Supabase
⏰ 01:23:26 - Gold $4502.10 | HOLD | RSI: 27
/Users/anubhavarya/star/star-dashboard/gold_monitor.py:95: DeprecationWarning: datetime.datetime.utcnow() is deprecated and scheduled for removal in a future version. Use timezone-aware objects to represent datetimes in UTC: datetime.datetime.now(datetime.UTC).
  "last_updated": datetime.utcnow().isoformat()
  ✅ Saved to Supabase
⏰ 01:24:26 - Gold $4501.30 | HOLD | RSI: 27
/Users/anubhavarya/star/star-dashboard/gold_monitor.py:95: DeprecationWarning: datetime.datetime.utcnow() is deprecated and scheduled for removal in a future version. Use timezone-aware objects to represent datetimes in UTC: datetime.datetime.now(datetime.UTC).
  "last_updated": datetime.utcnow().isoformat()
  ✅ Saved to Supabase
⏰ 01:25:26 - Gold $4501.00 | HOLD | RSI: 27
/Users/anubhavarya/star/star-dashboard/gold_monitor.py:95: DeprecationWarning: datetime.datetime.utcnow() is deprecated and scheduled for removal in a future version. Use timezone-aware objects to represent datetimes in UTC: datetime.datetime.now(datetime.UTC).
  "last_updated": datetime.utcnow().isoformat()
  ✅ Saved to Supabase
⏰ 01:26:27 - Gold $4499.20 | HOLD | RSI: 27
/Users/anubhavarya/star/star-dashboard/gold_monitor.py:95: DeprecationWarning: datetime.datetime.utcnow() is deprecated and scheduled for removal in a future version. Use timezone-aware objects to represent datetimes in UTC: datetime.datetime.now(datetime.UTC).
  "last_updated": datetime.utcnow().isoformat()
  ✅ Saved to Supabase
⏰ 01:27:27 - Gold $4497.20 | HOLD | RSI: 27
/Users/anubhavarya/star/star-dashboard/gold_monitor.py:95: DeprecationWarning: datetime.datetime.utcnow() is deprecated and scheduled for removal in a future version. Use timezone-aware objects to represent datetimes in UTC: datetime.datetime.now(datetime.UTC).
  "last_updated": datetime.utcnow().isoformat()
  ✅ Saved to Supabase
⏰ 01:28:28 - Gold $4494.70 | HOLD | RSI: 27
/Users/anubhavarya/star/star-dashboard/gold_monitor.py:95: DeprecationWarning: datetime.datetime.utcnow() is deprecated and scheduled for removal in a future version. Use timezone-aware objects to represent datetimes in UTC: datetime.datetime.now(datetime.UTC).
  "last_updated": datetime.utcnow().isoformat()
  ✅ Saved to Supabase
⏰ 01:29:28 - Gold $4496.30 | HOLD | RSI: 27
/Users/anubhavarya/star/star-dashboard/gold_monitor.py:95: DeprecationWarning: datetime.datetime.utcnow() is deprecated and scheduled for removal in a future version. Use timezone-aware objects to represent datetimes in UTC: datetime.datetime.now(datetime.UTC).
  "last_updated": datetime.utcnow().isoformat()
  ✅ Saved to Supabase
⏰ 01:30:29 - Gold $4495.90 | HOLD | RSI: 27
/Users/anubhavarya/star/star-dashboard/gold_monitor.py:95: DeprecationWarning: datetime.datetime.utcnow() is deprecated and scheduled for removal in a future version. Use timezone-aware objects to represent datetimes in UTC: datetime.datetime.now(datetime.UTC).
  "last_updated": datetime.utcnow().isoformat()
  ✅ Saved to Supabase
⏰ 01:31:29 - Gold $4494.00 | HOLD | RSI: 27
/Users/anubhavarya/star/star-dashboard/gold_monitor.py:95: DeprecationWarning: datetime.datetime.utcnow() is deprecated and scheduled for removal in a future version. Use timezone-aware objects to represent datetimes in UTC: datetime.datetime.now(datetime.UTC).
  "last_updated": datetime.utcnow().isoformat()
  ✅ Saved to Supabase
⏰ 01:32:30 - Gold $4496.10 | HOLD | RSI: 27
/Users/anubhavarya/star/star-dashboard/gold_monitor.py:95: DeprecationWarning: datetime.datetime.utcnow() is deprecated and scheduled for removal in a future version. Use timezone-aware objects to represent datetimes in UTC: datetime.datetime.now(datetime.UTC).
  "last_updated": datetime.utcnow().isoformat()
  ✅ Saved to Supabase
⏰ 01:33:31 - Gold $4495.30 | HOLD | RSI: 27
/Users/anubhavarya/star/star-dashboard/gold_monitor.py:95: DeprecationWarning: datetime.datetime.utcnow() is deprecated and scheduled for removal in a future version. Use timezone-aware objects to represent datetimes in UTC: datetime.datetime.now(datetime.UTC).
  "last_updated": datetime.utcnow().isoformat()
  ✅ Saved to Supabase
⏰ 01:34:32 - Gold $4495.60 | HOLD | RSI: 27
/Users/anubhavarya/star/star-dashboard/gold_monitor.py:95: DeprecationWarning: datetime.datetime.utcnow() is deprecated and scheduled for removal in a future version. Use timezone-aware objects to represent datetimes in UTC: datetime.datetime.now(datetime.UTC).
  "last_updated": datetime.utcnow().isoformat()
  ✅ Saved to Supabase
⏰ 01:35:32 - Gold $4496.20 | HOLD | RSI: 27
/Users/anubhavarya/star/star-dashboard/gold_monitor.py:95: DeprecationWarning: datetime.datetime.utcnow() is deprecated and scheduled for removal in a future version. Use timezone-aware objects to represent datetimes in UTC: datetime.datetime.now(datetime.UTC).
  "last_updated": datetime.utcnow().isoformat()
  ✅ Saved to Supabase
⏰ 01:36:33 - Gold $4496.10 | HOLD | RSI: 27
/Users/anubhavarya/star/star-dashboard/gold_monitor.py:95: DeprecationWarning: datetime.datetime.utcnow() is deprecated and scheduled for removal in a future version. Use timezone-aware objects to represent datetimes in UTC: datetime.datetime.now(datetime.UTC).
  "last_updated": datetime.utcnow().isoformat()
  ✅ Saved to Supabase
⏰ 01:37:33 - Gold $4497.20 | HOLD | RSI: 27
/Users/anubhavarya/star/star-dashboard/gold_monitor.py:95: DeprecationWarning: datetime.datetime.utcnow() is deprecated and scheduled for removal in a future version. Use timezone-aware objects to represent datetimes in UTC: datetime.datetime.now(datetime.UTC).
  "last_updated": datetime.utcnow().isoformat()
  ✅ Saved to Supabase
⏰ 01:38:34 - Gold $4497.90 | HOLD | RSI: 27
/Users/anubhavarya/star/star-dashboard/gold_monitor.py:95: DeprecationWarning: datetime.datetime.utcnow() is deprecated and scheduled for removal in a future version. Use timezone-aware objects to represent datetimes in UTC: datetime.datetime.now(datetime.UTC).
  "last_updated": datetime.utcnow().isoformat()
  ✅ Saved to Supabase
⏰ 01:39:34 - Gold $4497.40 | HOLD | RSI: 27
/Users/anubhavarya/star/star-dashboard/gold_monitor.py:95: DeprecationWarning: datetime.datetime.utcnow() is deprecated and scheduled for removal in a future version. Use timezone-aware objects to represent datetimes in UTC: datetime.datetime.now(datetime.UTC).
  "last_updated": datetime.utcnow().isoformat()
  ✅ Saved to Supabase
⏰ 01:40:34 - Gold $4499.30 | HOLD | RSI: 27
/Users/anubhavarya/star/star-dashboard/gold_monitor.py:95: DeprecationWarning: datetime.datetime.utcnow() is deprecated and scheduled for removal in a future version. Use timezone-aware objects to represent datetimes in UTC: datetime.datetime.now(datetime.UTC).
  "last_updated": datetime.utcnow().isoformat()
  ✅ Saved to Supabase
⏰ 01:41:35 - Gold $4498.40 | HOLD | RSI: 27
/Users/anubhavarya/star/star-dashboard/gold_monitor.py:95: DeprecationWarning: datetime.datetime.utcnow() is deprecated and scheduled for removal in a future version. Use timezone-aware objects to represent datetimes in UTC: datetime.datetime.now(datetime.UTC).
  "last_updated": datetime.utcnow().isoformat()
  ✅ Saved to Supabase
⏰ 01:42:35 - Gold $4496.70 | HOLD | RSI: 27
/Users/anubhavarya/star/star-dashboard/gold_monitor.py:95: DeprecationWarning: datetime.datetime.utcnow() is deprecated and scheduled for removal in a future version. Use timezone-aware objects to represent datetimes in UTC: datetime.datetime.now(datetime.UTC).
  "last_updated": datetime.utcnow().isoformat()
  ✅ Saved to Supabase
⏰ 01:43:35 - Gold $4500.20 | HOLD | RSI: 27
/Users/anubhavarya/star/star-dashboard/gold_monitor.py:95: DeprecationWarning: datetime.datetime.utcnow() is deprecated and scheduled for removal in a future version. Use timezone-aware objects to represent datetimes in UTC: datetime.datetime.now(datetime.UTC).
  "last_updated": datetime.utcnow().isoformat()
  ✅ Saved to Supabase
⏰ 01:44:36 - Gold $4499.50 | HOLD | RSI: 27
/Users/anubhavarya/star/star-dashboard/gold_monitor.py:95: DeprecationWarning: datetime.datetime.utcnow() is deprecated and scheduled for removal in a future version. Use timezone-aware objects to represent datetimes in UTC: datetime.datetime.now(datetime.UTC).
  "last_updated": datetime.utcnow().isoformat()
  ✅ Saved to Supabase
⏰ 01:45:36 - Gold $4502.90 | HOLD | RSI: 27
/Users/anubhavarya/star/star-dashboard/gold_monitor.py:95: DeprecationWarning: datetime.datetime.utcnow() is deprecated and scheduled for removal in a future version. Use timezone-aware objects to represent datetimes in UTC: datetime.datetime.now(datetime.UTC).
  "last_updated": datetime.utcnow().isoformat()
  ✅ Saved to Supabase
⏰ 01:46:37 - Gold $4500.50 | HOLD | RSI: 27
/Users/anubhavarya/star/star-dashboard/gold_monitor.py:95: DeprecationWarning: datetime.datetime.utcnow() is deprecated and scheduled for removal in a future version. Use timezone-aware objects to represent datetimes in UTC: datetime.datetime.now(datetime.UTC).
  "last_updated": datetime.utcnow().isoformat()
  ✅ Saved to Supabase
⏰ 01:47:37 - Gold $4500.00 | HOLD | RSI: 27
/Users/anubhavarya/star/star-dashboard/gold_monitor.py:95: DeprecationWarning: datetime.datetime.utcnow() is deprecated and scheduled for removal in a future version. Use timezone-aware objects to represent datetimes in UTC: datetime.datetime.now(datetime.UTC).
  "last_updated": datetime.utcnow().isoformat()
  ✅ Saved to Supabase
⏰ 01:48:37 - Gold $4498.30 | HOLD | RSI: 27
/Users/anubhavarya/star/star-dashboard/gold_monitor.py:95: DeprecationWarning: datetime.datetime.utcnow() is deprecated and scheduled for removal in a future version. Use timezone-aware objects to represent datetimes in UTC: datetime.datetime.now(datetime.UTC).
  "last_updated": datetime.utcnow().isoformat()
  ✅ Saved to Supabase
⏰ 01:49:38 - Gold $4498.70 | HOLD | RSI: 27
/Users/anubhavarya/star/star-dashboard/gold_monitor.py:95: DeprecationWarning: datetime.datetime.utcnow() is deprecated and scheduled for removal in a future version. Use timezone-aware objects to represent datetimes in UTC: datetime.datetime.now(datetime.UTC).
  "last_updated": datetime.utcnow().isoformat()
  ✅ Saved to Supabase
⏰ 01:50:38 - Gold $4498.70 | HOLD | RSI: 27
/Users/anubhavarya/star/star-dashboard/gold_monitor.py:95: DeprecationWarning: datetime.datetime.utcnow() is deprecated and scheduled for removal in a future version. Use timezone-aware objects to represent datetimes in UTC: datetime.datetime.now(datetime.UTC).
  "last_updated": datetime.utcnow().isoformat()
  ✅ Saved to Supabase
⏰ 01:51:39 - Gold $4497.50 | HOLD | RSI: 27
/Users/anubhavarya/star/star-dashboard/gold_monitor.py:95: DeprecationWarning: datetime.datetime.utcnow() is deprecated and scheduled for removal in a future version. Use timezone-aware objects to represent datetimes in UTC: datetime.datetime.now(datetime.UTC).
  "last_updated": datetime.utcnow().isoformat()
  ✅ Saved to Supabase
⏰ 01:52:39 - Gold $4498.40 | HOLD | RSI: 27
/Users/anubhavarya/star/star-dashboard/gold_monitor.py:95: DeprecationWarning: datetime.datetime.utcnow() is deprecated and scheduled for removal in a future version. Use timezone-aware objects to represent datetimes in UTC: datetime.datetime.now(datetime.UTC).
  "last_updated": datetime.utcnow().isoformat()
  ✅ Saved to Supabase
⏰ 01:53:40 - Gold $4498.10 | HOLD | RSI: 27
/Users/anubhavarya/star/star-dashboard/gold_monitor.py:95: DeprecationWarning: datetime.datetime.utcnow() is deprecated and scheduled for removal in a future version. Use timezone-aware objects to represent datetimes in UTC: datetime.datetime.now(datetime.UTC).
  "last_updated": datetime.utcnow().isoformat()
  ✅ Saved to Supabase
⏰ 01:54:40 - Gold $4496.40 | HOLD | RSI: 27
/Users/anubhavarya/star/star-dashboard/gold_monitor.py:95: DeprecationWarning: datetime.datetime.utcnow() is deprecated and scheduled for removal in a future version. Use timezone-aware objects to represent datetimes in UTC: datetime.datetime.now(datetime.UTC).
  "last_updated": datetime.utcnow().isoformat()
  ✅ Saved to Supabase
⏰ 01:55:40 - Gold $4496.20 | HOLD | RSI: 27
/Users/anubhavarya/star/star-dashboard/gold_monitor.py:95: DeprecationWarning: datetime.datetime.utcnow() is deprecated and scheduled for removal in a future version. Use timezone-aware objects to represent datetimes in UTC: datetime.datetime.now(datetime.UTC).
  "last_updated": datetime.utcnow().isoformat()
  ✅ Saved to Supabase
⏰ 01:56:41 - Gold $4494.30 | HOLD | RSI: 27
/Users/anubhavarya/star/star-dashboard/gold_monitor.py:95: DeprecationWarning: datetime.datetime.utcnow() is deprecated and scheduled for removal in a future version. Use timezone-aware objects to represent datetimes in UTC: datetime.datetime.now(datetime.UTC).
  "last_updated": datetime.utcnow().isoformat()
  ✅ Saved to Supabase
⏰ 01:57:41 - Gold $4489.80 | HOLD | RSI: 27
/Users/anubhavarya/star/star-dashboard/gold_monitor.py:95: DeprecationWarning: datetime.datetime.utcnow() is deprecated and scheduled for removal in a future version. Use timezone-aware objects to represent datetimes in UTC: datetime.datetime.now(datetime.UTC).
  "last_updated": datetime.utcnow().isoformat()
  ✅ Saved to Supabase
⏰ 01:58:41 - Gold $4493.20 | HOLD | RSI: 27
/Users/anubhavarya/star/star-dashboard/gold_monitor.py:95: DeprecationWarning: datetime.datetime.utcnow() is deprecated and scheduled for removal in a future version. Use timezone-aware objects to represent datetimes in UTC: datetime.datetime.now(datetime.UTC).
  "last_updated": datetime.utcnow().isoformat()
  ✅ Saved to Supabase
⏰ 01:59:42 - Gold $4494.90 | HOLD | RSI: 27
/Users/anubhavarya/star/star-dashboard/gold_monitor.py:95: DeprecationWarning: datetime.datetime.utcnow() is deprecated and scheduled for removal in a future version. Use timezone-aware objects to represent datetimes in UTC: datetime.datetime.now(datetime.UTC).
  "last_updated": datetime.utcnow().isoformat()
  ✅ Saved to Supabase
⏰ 02:00:42 - Gold $4494.30 | HOLD | RSI: 27
/Users/anubhavarya/star/star-dashboard/gold_monitor.py:95: DeprecationWarning: datetime.datetime.utcnow() is deprecated and scheduled for removal in a future version. Use timezone-aware objects to represent datetimes in UTC: datetime.datetime.now(datetime.UTC).
  "last_updated": datetime.utcnow().isoformat()
  ✅ Saved to Supabase
⏰ 02:01:42 - Gold $4493.90 | HOLD | RSI: 27
/Users/anubhavarya/star/star-dashboard/gold_monitor.py:95: DeprecationWarning: datetime.datetime.utcnow() is deprecated and scheduled for removal in a future version. Use timezone-aware objects to represent datetimes in UTC: datetime.datetime.now(datetime.UTC).
  "last_updated": datetime.utcnow().isoformat()
  ✅ Saved to Supabase
⏰ 02:02:43 - Gold $4494.40 | HOLD | RSI: 27
/Users/anubhavarya/star/star-dashboard/gold_monitor.py:95: DeprecationWarning: datetime.datetime.utcnow() is deprecated and scheduled for removal in a future version. Use timezone-aware objects to represent datetimes in UTC: datetime.datetime.now(datetime.UTC).
  "last_updated": datetime.utcnow().isoformat()
  ✅ Saved to Supabase
⏰ 02:03:43 - Gold $4494.10 | HOLD | RSI: 27
/Users/anubhavarya/star/star-dashboard/gold_monitor.py:95: DeprecationWarning: datetime.datetime.utcnow() is deprecated and scheduled for removal in a future version. Use timezone-aware objects to represent datetimes in UTC: datetime.datetime.now(datetime.UTC).
  "last_updated": datetime.utcnow().isoformat()
  ✅ Saved to Supabase
⏰ 02:04:43 - Gold $4494.60 | HOLD | RSI: 27
/Users/anubhavarya/star/star-dashboard/gold_monitor.py:95: DeprecationWarning: datetime.datetime.utcnow() is deprecated and scheduled for removal in a future version. Use timezone-aware objects to represent datetimes in UTC: datetime.datetime.now(datetime.UTC).
  "last_updated": datetime.utcnow().isoformat()
  ✅ Saved to Supabase
⏰ 02:05:44 - Gold $4494.70 | HOLD | RSI: 27
/Users/anubhavarya/star/star-dashboard/gold_monitor.py:95: DeprecationWarning: datetime.datetime.utcnow() is deprecated and scheduled for removal in a future version. Use timezone-aware objects to represent datetimes in UTC: datetime.datetime.now(datetime.UTC).
  "last_updated": datetime.utcnow().isoformat()
  ✅ Saved to Supabase
⏰ 02:06:44 - Gold $4496.10 | HOLD | RSI: 27
/Users/anubhavarya/star/star-dashboard/gold_monitor.py:95: DeprecationWarning: datetime.datetime.utcnow() is deprecated and scheduled for removal in a future version. Use timezone-aware objects to represent datetimes in UTC: datetime.datetime.now(datetime.UTC).
  "last_updated": datetime.utcnow().isoformat()
  ✅ Saved to Supabase
⏰ 02:07:44 - Gold $4495.10 | HOLD | RSI: 27
/Users/anubhavarya/star/star-dashboard/gold_monitor.py:95: DeprecationWarning: datetime.datetime.utcnow() is deprecated and scheduled for removal in a future version. Use timezone-aware objects to represent datetimes in UTC: datetime.datetime.now(datetime.UTC).
  "last_updated": datetime.utcnow().isoformat()
  ✅ Saved to Supabase
⏰ 02:08:45 - Gold $4494.60 | HOLD | RSI: 27
/Users/anubhavarya/star/star-dashboard/gold_monitor.py:95: DeprecationWarning: datetime.datetime.utcnow() is deprecated and scheduled for removal in a future version. Use timezone-aware objects to represent datetimes in UTC: datetime.datetime.now(datetime.UTC).
  "last_updated": datetime.utcnow().isoformat()
  ✅ Saved to Supabase
⏰ 02:09:45 - Gold $4494.50 | HOLD | RSI: 27
/Users/anubhavarya/star/star-dashboard/gold_monitor.py:95: DeprecationWarning: datetime.datetime.utcnow() is deprecated and scheduled for removal in a future version. Use timezone-aware objects to represent datetimes in UTC: datetime.datetime.now(datetime.UTC).
  "last_updated": datetime.utcnow().isoformat()
  ✅ Saved to Supabase
⏰ 02:10:45 - Gold $4493.40 | HOLD | RSI: 27
/Users/anubhavarya/star/star-dashboard/gold_monitor.py:95: DeprecationWarning: datetime.datetime.utcnow() is deprecated and scheduled for removal in a future version. Use timezone-aware objects to represent datetimes in UTC: datetime.datetime.now(datetime.UTC).
  "last_updated": datetime.utcnow().isoformat()
  ✅ Saved to Supabase
⏰ 02:11:46 - Gold $4492.70 | HOLD | RSI: 27
/Users/anubhavarya/star/star-dashboard/gold_monitor.py:95: DeprecationWarning: datetime.datetime.utcnow() is deprecated and scheduled for removal in a future version. Use timezone-aware objects to represent datetimes in UTC: datetime.datetime.now(datetime.UTC).
  "last_updated": datetime.utcnow().isoformat()
  ✅ Saved to Supabase
⏰ 02:12:46 - Gold $4494.00 | HOLD | RSI: 27
/Users/anubhavarya/star/star-dashboard/gold_monitor.py:95: DeprecationWarning: datetime.datetime.utcnow() is deprecated and scheduled for removal in a future version. Use timezone-aware objects to represent datetimes in UTC: datetime.datetime.now(datetime.UTC).
  "last_updated": datetime.utcnow().isoformat()
  ✅ Saved to Supabase
⏰ 02:13:46 - Gold $4494.10 | HOLD | RSI: 27
/Users/anubhavarya/star/star-dashboard/gold_monitor.py:95: DeprecationWarning: datetime.datetime.utcnow() is deprecated and scheduled for removal in a future version. Use timezone-aware objects to represent datetimes in UTC: datetime.datetime.now(datetime.UTC).
  "last_updated": datetime.utcnow().isoformat()
  ✅ Saved to Supabase
⏰ 02:14:47 - Gold $4497.30 | HOLD | RSI: 27
/Users/anubhavarya/star/star-dashboard/gold_monitor.py:95: DeprecationWarning: datetime.datetime.utcnow() is deprecated and scheduled for removal in a future version. Use timezone-aware objects to represent datetimes in UTC: datetime.datetime.now(datetime.UTC).
  "last_updated": datetime.utcnow().isoformat()
  ✅ Saved to Supabase
⏰ 02:15:47 - Gold $4496.00 | HOLD | RSI: 27
/Users/anubhavarya/star/star-dashboard/gold_monitor.py:95: DeprecationWarning: datetime.datetime.utcnow() is deprecated and scheduled for removal in a future version. Use timezone-aware objects to represent datetimes in UTC: datetime.datetime.now(datetime.UTC).
  "last_updated": datetime.utcnow().isoformat()
  ✅ Saved to Supabase
⏰ 02:16:47 - Gold $4494.50 | HOLD | RSI: 27
/Users/anubhavarya/star/star-dashboard/gold_monitor.py:95: DeprecationWarning: datetime.datetime.utcnow() is deprecated and scheduled for removal in a future version. Use timezone-aware objects to represent datetimes in UTC: datetime.datetime.now(datetime.UTC).
  "last_updated": datetime.utcnow().isoformat()
  ✅ Saved to Supabase
⏰ 02:17:47 - Gold $4495.60 | HOLD | RSI: 27
/Users/anubhavarya/star/star-dashboard/gold_monitor.py:95: DeprecationWarning: datetime.datetime.utcnow() is deprecated and scheduled for removal in a future version. Use timezone-aware objects to represent datetimes in UTC: datetime.datetime.now(datetime.UTC).
  "last_updated": datetime.utcnow().isoformat()
  ✅ Saved to Supabase
⏰ 02:18:48 - Gold $4493.70 | HOLD | RSI: 27
/Users/anubhavarya/star/star-dashboard/gold_monitor.py:95: DeprecationWarning: datetime.datetime.utcnow() is deprecated and scheduled for removal in a future version. Use timezone-aware objects to represent datetimes in UTC: datetime.datetime.now(datetime.UTC).
  "last_updated": datetime.utcnow().isoformat()
  ✅ Saved to Supabase
⏰ 02:19:48 - Gold $4491.40 | HOLD | RSI: 27
/Users/anubhavarya/star/star-dashboard/gold_monitor.py:95: DeprecationWarning: datetime.datetime.utcnow() is deprecated and scheduled for removal in a future version. Use timezone-aware objects to represent datetimes in UTC: datetime.datetime.now(datetime.UTC).
  "last_updated": datetime.utcnow().isoformat()
  ✅ Saved to Supabase
⏰ 02:20:48 - Gold $4491.00 | HOLD | RSI: 27
/Users/anubhavarya/star/star-dashboard/gold_monitor.py:95: DeprecationWarning: datetime.datetime.utcnow() is deprecated and scheduled for removal in a future version. Use timezone-aware objects to represent datetimes in UTC: datetime.datetime.now(datetime.UTC).
  "last_updated": datetime.utcnow().isoformat()
  ✅ Saved to Supabase
⏰ 02:21:49 - Gold $4491.60 | HOLD | RSI: 27
/Users/anubhavarya/star/star-dashboard/gold_monitor.py:95: DeprecationWarning: datetime.datetime.utcnow() is deprecated and scheduled for removal in a future version. Use timezone-aware objects to represent datetimes in UTC: datetime.datetime.now(datetime.UTC).
  "last_updated": datetime.utcnow().isoformat()
  ✅ Saved to Supabase
⏰ 02:22:49 - Gold $4491.00 | HOLD | RSI: 27
/Users/anubhavarya/star/star-dashboard/gold_monitor.py:95: DeprecationWarning: datetime.datetime.utcnow() is deprecated and scheduled for removal in a future version. Use timezone-aware objects to represent datetimes in UTC: datetime.datetime.now(datetime.UTC).
  "last_updated": datetime.utcnow().isoformat()
  ✅ Saved to Supabase
⏰ 02:23:49 - Gold $4489.40 | HOLD | RSI: 27
/Users/anubhavarya/star/star-dashboard/gold_monitor.py:95: DeprecationWarning: datetime.datetime.utcnow() is deprecated and scheduled for removal in a future version. Use timezone-aware objects to represent datetimes in UTC: datetime.datetime.now(datetime.UTC).
  "last_updated": datetime.utcnow().isoformat()
  ✅ Saved to Supabase
⏰ 02:24:50 - Gold $4491.40 | HOLD | RSI: 27
/Users/anubhavarya/star/star-dashboard/gold_monitor.py:95: DeprecationWarning: datetime.datetime.utcnow() is deprecated and scheduled for removal in a future version. Use timezone-aware objects to represent datetimes in UTC: datetime.datetime.now(datetime.UTC).
  "last_updated": datetime.utcnow().isoformat()
  ✅ Saved to Supabase
⏰ 02:25:50 - Gold $4491.30 | HOLD | RSI: 27
/Users/anubhavarya/star/star-dashboard/gold_monitor.py:95: DeprecationWarning: datetime.datetime.utcnow() is deprecated and scheduled for removal in a future version. Use timezone-aware objects to represent datetimes in UTC: datetime.datetime.now(datetime.UTC).
  "last_updated": datetime.utcnow().isoformat()
  ✅ Saved to Supabase
⏰ 02:26:51 - Gold $4491.50 | HOLD | RSI: 27
/Users/anubhavarya/star/star-dashboard/gold_monitor.py:95: DeprecationWarning: datetime.datetime.utcnow() is deprecated and scheduled for removal in a future version. Use timezone-aware objects to represent datetimes in UTC: datetime.datetime.now(datetime.UTC).
  "last_updated": datetime.utcnow().isoformat()
  ✅ Saved to Supabase
⏰ 02:27:51 - Gold $4492.60 | HOLD | RSI: 27
/Users/anubhavarya/star/star-dashboard/gold_monitor.py:95: DeprecationWarning: datetime.datetime.utcnow() is deprecated and scheduled for removal in a future version. Use timezone-aware objects to represent datetimes in UTC: datetime.datetime.now(datetime.UTC).
  "last_updated": datetime.utcnow().isoformat()
  ✅ Saved to Supabase
⏰ 02:28:51 - Gold $4494.60 | HOLD | RSI: 27
/Users/anubhavarya/star/star-dashboard/gold_monitor.py:95: DeprecationWarning: datetime.datetime.utcnow() is deprecated and scheduled for removal in a future version. Use timezone-aware objects to represent datetimes in UTC: datetime.datetime.now(datetime.UTC).
  "last_updated": datetime.utcnow().isoformat()
  ✅ Saved to Supabase
⏰ 02:29:52 - Gold $4496.10 | HOLD | RSI: 27
/Users/anubhavarya/star/star-dashboard/gold_monitor.py:95: DeprecationWarning: datetime.datetime.utcnow() is deprecated and scheduled for removal in a future version. Use timezone-aware objects to represent datetimes in UTC: datetime.datetime.now(datetime.UTC).
  "last_updated": datetime.utcnow().isoformat()
  ✅ Saved to Supabase
⏰ 02:30:52 - Gold $4492.80 | HOLD | RSI: 27
/Users/anubhavarya/star/star-dashboard/gold_monitor.py:95: DeprecationWarning: datetime.datetime.utcnow() is deprecated and scheduled for removal in a future version. Use timezone-aware objects to represent datetimes in UTC: datetime.datetime.now(datetime.UTC).
  "last_updated": datetime.utcnow().isoformat()
  ✅ Saved to Supabase
⏰ 02:31:53 - Gold $4492.60 | HOLD | RSI: 27
/Users/anubhavarya/star/star-dashboard/gold_monitor.py:95: DeprecationWarning: datetime.datetime.utcnow() is deprecated and scheduled for removal in a future version. Use timezone-aware objects to represent datetimes in UTC: datetime.datetime.now(datetime.UTC).
  "last_updated": datetime.utcnow().isoformat()
  ✅ Saved to Supabase
⏰ 02:32:53 - Gold $4493.20 | HOLD | RSI: 27
/Users/anubhavarya/star/star-dashboard/gold_monitor.py:95: DeprecationWarning: datetime.datetime.utcnow() is deprecated and scheduled for removal in a future version. Use timezone-aware objects to represent datetimes in UTC: datetime.datetime.now(datetime.UTC).
  "last_updated": datetime.utcnow().isoformat()
  ✅ Saved to Supabase
⏰ 02:33:54 - Gold $4493.70 | HOLD | RSI: 27
/Users/anubhavarya/star/star-dashboard/gold_monitor.py:95: DeprecationWarning: datetime.datetime.utcnow() is deprecated and scheduled for removal in a future version. Use timezone-aware objects to represent datetimes in UTC: datetime.datetime.now(datetime.UTC).
  "last_updated": datetime.utcnow().isoformat()
  ✅ Saved to Supabase
⏰ 02:34:54 - Gold $4493.20 | HOLD | RSI: 27
/Users/anubhavarya/star/star-dashboard/gold_monitor.py:95: DeprecationWarning: datetime.datetime.utcnow() is deprecated and scheduled for removal in a future version. Use timezone-aware objects to represent datetimes in UTC: datetime.datetime.now(datetime.UTC).
  "last_updated": datetime.utcnow().isoformat()
  ✅ Saved to Supabase
⏰ 02:35:54 - Gold $4491.60 | HOLD | RSI: 27
/Users/anubhavarya/star/star-dashboard/gold_monitor.py:95: DeprecationWarning: datetime.datetime.utcnow() is deprecated and scheduled for removal in a future version. Use timezone-aware objects to represent datetimes in UTC: datetime.datetime.now(datetime.UTC).
  "last_updated": datetime.utcnow().isoformat()
  ✅ Saved to Supabase
⏰ 02:36:55 - Gold $4490.50 | HOLD | RSI: 27
/Users/anubhavarya/star/star-dashboard/gold_monitor.py:95: DeprecationWarning: datetime.datetime.utcnow() is deprecated and scheduled for removal in a future version. Use timezone-aware objects to represent datetimes in UTC: datetime.datetime.now(datetime.UTC).
  "last_updated": datetime.utcnow().isoformat()
  ✅ Saved to Supabase
⏰ 02:37:55 - Gold $4489.50 | HOLD | RSI: 27
/Users/anubhavarya/star/star-dashboard/gold_monitor.py:95: DeprecationWarning: datetime.datetime.utcnow() is deprecated and scheduled for removal in a future version. Use timezone-aware objects to represent datetimes in UTC: datetime.datetime.now(datetime.UTC).
  "last_updated": datetime.utcnow().isoformat()
  ✅ Saved to Supabase
⏰ 02:38:56 - Gold $4492.20 | HOLD | RSI: 27
/Users/anubhavarya/star/star-dashboard/gold_monitor.py:95: DeprecationWarning: datetime.datetime.utcnow() is deprecated and scheduled for removal in a future version. Use timezone-aware objects to represent datetimes in UTC: datetime.datetime.now(datetime.UTC).
  "last_updated": datetime.utcnow().isoformat()
  ✅ Saved to Supabase
⏰ 02:39:56 - Gold $4492.50 | HOLD | RSI: 27
/Users/anubhavarya/star/star-dashboard/gold_monitor.py:95: DeprecationWarning: datetime.datetime.utcnow() is deprecated and scheduled for removal in a future version. Use timezone-aware objects to represent datetimes in UTC: datetime.datetime.now(datetime.UTC).
  "last_updated": datetime.utcnow().isoformat()
  ✅ Saved to Supabase
⏰ 02:40:56 - Gold $4493.70 | HOLD | RSI: 27
/Users/anubhavarya/star/star-dashboard/gold_monitor.py:95: DeprecationWarning: datetime.datetime.utcnow() is deprecated and scheduled for removal in a future version. Use timezone-aware objects to represent datetimes in UTC: datetime.datetime.now(datetime.UTC).
  "last_updated": datetime.utcnow().isoformat()
  ✅ Saved to Supabase
⏰ 02:41:57 - Gold $4492.90 | HOLD | RSI: 27
/Users/anubhavarya/star/star-dashboard/gold_monitor.py:95: DeprecationWarning: datetime.datetime.utcnow() is deprecated and scheduled for removal in a future version. Use timezone-aware objects to represent datetimes in UTC: datetime.datetime.now(datetime.UTC).
  "last_updated": datetime.utcnow().isoformat()
  ✅ Saved to Supabase
⏰ 02:42:57 - Gold $4492.30 | HOLD | RSI: 27
/Users/anubhavarya/star/star-dashboard/gold_monitor.py:95: DeprecationWarning: datetime.datetime.utcnow() is deprecated and scheduled for removal in a future version. Use timezone-aware objects to represent datetimes in UTC: datetime.datetime.now(datetime.UTC).
  "last_updated": datetime.utcnow().isoformat()
  ✅ Saved to Supabase
⏰ 02:43:58 - Gold $4491.30 | HOLD | RSI: 27
/Users/anubhavarya/star/star-dashboard/gold_monitor.py:95: DeprecationWarning: datetime.datetime.utcnow() is deprecated and scheduled for removal in a future version. Use timezone-aware objects to represent datetimes in UTC: datetime.datetime.now(datetime.UTC).
  "last_updated": datetime.utcnow().isoformat()
  ✅ Saved to Supabase
⏰ 02:44:58 - Gold $4490.60 | HOLD | RSI: 27
/Users/anubhavarya/star/star-dashboard/gold_monitor.py:95: DeprecationWarning: datetime.datetime.utcnow() is deprecated and scheduled for removal in a future version. Use timezone-aware objects to represent datetimes in UTC: datetime.datetime.now(datetime.UTC).
  "last_updated": datetime.utcnow().isoformat()
  ✅ Saved to Supabase
⏰ 02:45:58 - Gold $4491.30 | HOLD | RSI: 27
/Users/anubhavarya/star/star-dashboard/gold_monitor.py:95: DeprecationWarning: datetime.datetime.utcnow() is deprecated and scheduled for removal in a future version. Use timezone-aware objects to represent datetimes in UTC: datetime.datetime.now(datetime.UTC).
  "last_updated": datetime.utcnow().isoformat()
  ✅ Saved to Supabase
⏰ 02:46:59 - Gold $4491.10 | HOLD | RSI: 27
/Users/anubhavarya/star/star-dashboard/gold_monitor.py:95: DeprecationWarning: datetime.datetime.utcnow() is deprecated and scheduled for removal in a future version. Use timezone-aware objects to represent datetimes in UTC: datetime.datetime.now(datetime.UTC).
  "last_updated": datetime.utcnow().isoformat()
  ✅ Saved to Supabase
⏰ 02:47:59 - Gold $4492.30 | HOLD | RSI: 27
/Users/anubhavarya/star/star-dashboard/gold_monitor.py:95: DeprecationWarning: datetime.datetime.utcnow() is deprecated and scheduled for removal in a future version. Use timezone-aware objects to represent datetimes in UTC: datetime.datetime.now(datetime.UTC).
  "last_updated": datetime.utcnow().isoformat()
  ✅ Saved to Supabase
⏰ 02:48:59 - Gold $4494.30 | HOLD | RSI: 27
/Users/anubhavarya/star/star-dashboard/gold_monitor.py:95: DeprecationWarning: datetime.datetime.utcnow() is deprecated and scheduled for removal in a future version. Use timezone-aware objects to represent datetimes in UTC: datetime.datetime.now(datetime.UTC).
  "last_updated": datetime.utcnow().isoformat()
  ✅ Saved to Supabase
⏰ 02:50:00 - Gold $4490.40 | HOLD | RSI: 27
/Users/anubhavarya/star/star-dashboard/gold_monitor.py:95: DeprecationWarning: datetime.datetime.utcnow() is deprecated and scheduled for removal in a future version. Use timezone-aware objects to represent datetimes in UTC: datetime.datetime.now(datetime.UTC).
  "last_updated": datetime.utcnow().isoformat()
  ✅ Saved to Supabase
⏰ 02:51:00 - Gold $4491.60 | HOLD | RSI: 27
/Users/anubhavarya/star/star-dashboard/gold_monitor.py:95: DeprecationWarning: datetime.datetime.utcnow() is deprecated and scheduled for removal in a future version. Use timezone-aware objects to represent datetimes in UTC: datetime.datetime.now(datetime.UTC).
  "last_updated": datetime.utcnow().isoformat()
  ✅ Saved to Supabase
⏰ 02:52:00 - Gold $4489.50 | HOLD | RSI: 27
/Users/anubhavarya/star/star-dashboard/gold_monitor.py:95: DeprecationWarning: datetime.datetime.utcnow() is deprecated and scheduled for removal in a future version. Use timezone-aware objects to represent datetimes in UTC: datetime.datetime.now(datetime.UTC).
  "last_updated": datetime.utcnow().isoformat()
  ✅ Saved to Supabase
⏰ 02:53:01 - Gold $4490.30 | HOLD | RSI: 27
/Users/anubhavarya/star/star-dashboard/gold_monitor.py:95: DeprecationWarning: datetime.datetime.utcnow() is deprecated and scheduled for removal in a future version. Use timezone-aware objects to represent datetimes in UTC: datetime.datetime.now(datetime.UTC).
  "last_updated": datetime.utcnow().isoformat()
  ✅ Saved to Supabase
⏰ 02:54:01 - Gold $4489.40 | HOLD | RSI: 27
/Users/anubhavarya/star/star-dashboard/gold_monitor.py:95: DeprecationWarning: datetime.datetime.utcnow() is deprecated and scheduled for removal in a future version. Use timezone-aware objects to represent datetimes in UTC: datetime.datetime.now(datetime.UTC).
  "last_updated": datetime.utcnow().isoformat()
  ✅ Saved to Supabase
⏰ 02:55:02 - Gold $4488.50 | HOLD | RSI: 27
/Users/anubhavarya/star/star-dashboard/gold_monitor.py:95: DeprecationWarning: datetime.datetime.utcnow() is deprecated and scheduled for removal in a future version. Use timezone-aware objects to represent datetimes in UTC: datetime.datetime.now(datetime.UTC).
  "last_updated": datetime.utcnow().isoformat()
  ✅ Saved to Supabase
⏰ 02:56:02 - Gold $4488.90 | HOLD | RSI: 27
/Users/anubhavarya/star/star-dashboard/gold_monitor.py:95: DeprecationWarning: datetime.datetime.utcnow() is deprecated and scheduled for removal in a future version. Use timezone-aware objects to represent datetimes in UTC: datetime.datetime.now(datetime.UTC).
  "last_updated": datetime.utcnow().isoformat()
  ✅ Saved to Supabase
⏰ 02:57:02 - Gold $4489.00 | HOLD | RSI: 27
/Users/anubhavarya/star/star-dashboard/gold_monitor.py:95: DeprecationWarning: datetime.datetime.utcnow() is deprecated and scheduled for removal in a future version. Use timezone-aware objects to represent datetimes in UTC: datetime.datetime.now(datetime.UTC).
  "last_updated": datetime.utcnow().isoformat()
  ✅ Saved to Supabase
⏰ 02:58:03 - Gold $4489.30 | HOLD | RSI: 27
/Users/anubhavarya/star/star-dashboard/gold_monitor.py:95: DeprecationWarning: datetime.datetime.utcnow() is deprecated and scheduled for removal in a future version. Use timezone-aware objects to represent datetimes in UTC: datetime.datetime.now(datetime.UTC).
  "last_updated": datetime.utcnow().isoformat()
  ✅ Saved to Supabase
⏰ 02:59:03 - Gold $4488.00 | HOLD | RSI: 27
/Users/anubhavarya/star/star-dashboard/gold_monitor.py:95: DeprecationWarning: datetime.datetime.utcnow() is deprecated and scheduled for removal in a future version. Use timezone-aware objects to represent datetimes in UTC: datetime.datetime.now(datetime.UTC).
  "last_updated": datetime.utcnow().isoformat()
  ✅ Saved to Supabase
⏰ 03:00:03 - Gold $4488.30 | HOLD | RSI: 27
/Users/anubhavarya/star/star-dashboard/gold_monitor.py:95: DeprecationWarning: datetime.datetime.utcnow() is deprecated and scheduled for removal in a future version. Use timezone-aware objects to represent datetimes in UTC: datetime.datetime.now(datetime.UTC).
  "last_updated": datetime.utcnow().isoformat()
  ✅ Saved to Supabase
⏰ 03:01:04 - Gold $4488.40 | HOLD | RSI: 27
/Users/anubhavarya/star/star-dashboard/gold_monitor.py:95: DeprecationWarning: datetime.datetime.utcnow() is deprecated and scheduled for removal in a future version. Use timezone-aware objects to represent datetimes in UTC: datetime.datetime.now(datetime.UTC).
  "last_updated": datetime.utcnow().isoformat()
  ✅ Saved to Supabase
⏰ 03:02:04 - Gold $4488.60 | HOLD | RSI: 27
/Users/anubhavarya/star/star-dashboard/gold_monitor.py:95: DeprecationWarning: datetime.datetime.utcnow() is deprecated and scheduled for removal in a future version. Use timezone-aware objects to represent datetimes in UTC: datetime.datetime.now(datetime.UTC).
  "last_updated": datetime.utcnow().isoformat()
  ✅ Saved to Supabase
⏰ 03:03:05 - Gold $4488.40 | HOLD | RSI: 27
/Users/anubhavarya/star/star-dashboard/gold_monitor.py:95: DeprecationWarning: datetime.datetime.utcnow() is deprecated and scheduled for removal in a future version. Use timezone-aware objects to represent datetimes in UTC: datetime.datetime.now(datetime.UTC).
  "last_updated": datetime.utcnow().isoformat()
  ✅ Saved to Supabase
⏰ 03:04:05 - Gold $4488.50 | HOLD | RSI: 27
/Users/anubhavarya/star/star-dashboard/gold_monitor.py:95: DeprecationWarning: datetime.datetime.utcnow() is deprecated and scheduled for removal in a future version. Use timezone-aware objects to represent datetimes in UTC: datetime.datetime.now(datetime.UTC).
  "last_updated": datetime.utcnow().isoformat()
  ✅ Saved to Supabase
⏰ 03:05:05 - Gold $4488.30 | HOLD | RSI: 27
/Users/anubhavarya/star/star-dashboard/gold_monitor.py:95: DeprecationWarning: datetime.datetime.utcnow() is deprecated and scheduled for removal in a future version. Use timezone-aware objects to represent datetimes in UTC: datetime.datetime.now(datetime.UTC).
  "last_updated": datetime.utcnow().isoformat()
  ✅ Saved to Supabase
⏰ 03:06:06 - Gold $4488.80 | HOLD | RSI: 27
/Users/anubhavarya/star/star-dashboard/gold_monitor.py:95: DeprecationWarning: datetime.datetime.utcnow() is deprecated and scheduled for removal in a future version. Use timezone-aware objects to represent datetimes in UTC: datetime.datetime.now(datetime.UTC).
  "last_updated": datetime.utcnow().isoformat()
  ✅ Saved to Supabase
⏰ 03:07:06 - Gold $4488.80 | HOLD | RSI: 27
/Users/anubhavarya/star/star-dashboard/gold_monitor.py:95: DeprecationWarning: datetime.datetime.utcnow() is deprecated and scheduled for removal in a future version. Use timezone-aware objects to represent datetimes in UTC: datetime.datetime.now(datetime.UTC).
  "last_updated": datetime.utcnow().isoformat()
  ✅ Saved to Supabase
⏰ 03:08:06 - Gold $4487.40 | HOLD | RSI: 27
/Users/anubhavarya/star/star-dashboard/gold_monitor.py:95: DeprecationWarning: datetime.datetime.utcnow() is deprecated and scheduled for removal in a future version. Use timezone-aware objects to represent datetimes in UTC: datetime.datetime.now(datetime.UTC).
  "last_updated": datetime.utcnow().isoformat()
  ✅ Saved to Supabase
⏰ 03:09:07 - Gold $4488.20 | HOLD | RSI: 27
/Users/anubhavarya/star/star-dashboard/gold_monitor.py:95: DeprecationWarning: datetime.datetime.utcnow() is deprecated and scheduled for removal in a future version. Use timezone-aware objects to represent datetimes in UTC: datetime.datetime.now(datetime.UTC).
  "last_updated": datetime.utcnow().isoformat()
  ✅ Saved to Supabase
⏰ 03:10:07 - Gold $4488.90 | HOLD | RSI: 27
/Users/anubhavarya/star/star-dashboard/gold_monitor.py:95: DeprecationWarning: datetime.datetime.utcnow() is deprecated and scheduled for removal in a future version. Use timezone-aware objects to represent datetimes in UTC: datetime.datetime.now(datetime.UTC).
  "last_updated": datetime.utcnow().isoformat()
  ✅ Saved to Supabase
⏰ 03:11:07 - Gold $4489.20 | HOLD | RSI: 27
/Users/anubhavarya/star/star-dashboard/gold_monitor.py:95: DeprecationWarning: datetime.datetime.utcnow() is deprecated and scheduled for removal in a future version. Use timezone-aware objects to represent datetimes in UTC: datetime.datetime.now(datetime.UTC).
  "last_updated": datetime.utcnow().isoformat()
  ✅ Saved to Supabase
⏰ 03:12:08 - Gold $4490.10 | HOLD | RSI: 27
/Users/anubhavarya/star/star-dashboard/gold_monitor.py:95: DeprecationWarning: datetime.datetime.utcnow() is deprecated and scheduled for removal in a future version. Use timezone-aware objects to represent datetimes in UTC: datetime.datetime.now(datetime.UTC).
  "last_updated": datetime.utcnow().isoformat()
  ✅ Saved to Supabase
⏰ 03:13:08 - Gold $4491.10 | HOLD | RSI: 27
/Users/anubhavarya/star/star-dashboard/gold_monitor.py:95: DeprecationWarning: datetime.datetime.utcnow() is deprecated and scheduled for removal in a future version. Use timezone-aware objects to represent datetimes in UTC: datetime.datetime.now(datetime.UTC).
  "last_updated": datetime.utcnow().isoformat()
  ✅ Saved to Supabase
⏰ 03:14:08 - Gold $4491.80 | HOLD | RSI: 27
/Users/anubhavarya/star/star-dashboard/gold_monitor.py:95: DeprecationWarning: datetime.datetime.utcnow() is deprecated and scheduled for removal in a future version. Use timezone-aware objects to represent datetimes in UTC: datetime.datetime.now(datetime.UTC).
  "last_updated": datetime.utcnow().isoformat()
  ✅ Saved to Supabase
⏰ 03:15:09 - Gold $4492.80 | HOLD | RSI: 27
/Users/anubhavarya/star/star-dashboard/gold_monitor.py:95: DeprecationWarning: datetime.datetime.utcnow() is deprecated and scheduled for removal in a future version. Use timezone-aware objects to represent datetimes in UTC: datetime.datetime.now(datetime.UTC).
  "last_updated": datetime.utcnow().isoformat()
  ✅ Saved to Supabase
⏰ 03:16:09 - Gold $4492.20 | HOLD | RSI: 27
/Users/anubhavarya/star/star-dashboard/gold_monitor.py:95: DeprecationWarning: datetime.datetime.utcnow() is deprecated and scheduled for removal in a future version. Use timezone-aware objects to represent datetimes in UTC: datetime.datetime.now(datetime.UTC).
  "last_updated": datetime.utcnow().isoformat()
  ✅ Saved to Supabase
⏰ 03:17:10 - Gold $4494.20 | HOLD | RSI: 27
/Users/anubhavarya/star/star-dashboard/gold_monitor.py:95: DeprecationWarning: datetime.datetime.utcnow() is deprecated and scheduled for removal in a future version. Use timezone-aware objects to represent datetimes in UTC: datetime.datetime.now(datetime.UTC).
  "last_updated": datetime.utcnow().isoformat()
  ✅ Saved to Supabase
⏰ 03:18:10 - Gold $4491.60 | HOLD | RSI: 27
/Users/anubhavarya/star/star-dashboard/gold_monitor.py:95: DeprecationWarning: datetime.datetime.utcnow() is deprecated and scheduled for removal in a future version. Use timezone-aware objects to represent datetimes in UTC: datetime.datetime.now(datetime.UTC).
  "last_updated": datetime.utcnow().isoformat()
  ✅ Saved to Supabase
⏰ 03:19:10 - Gold $4492.40 | HOLD | RSI: 27
/Users/anubhavarya/star/star-dashboard/gold_monitor.py:95: DeprecationWarning: datetime.datetime.utcnow() is deprecated and scheduled for removal in a future version. Use timezone-aware objects to represent datetimes in UTC: datetime.datetime.now(datetime.UTC).
  "last_updated": datetime.utcnow().isoformat()
  ✅ Saved to Supabase
⏰ 03:20:11 - Gold $4492.50 | HOLD | RSI: 27
/Users/anubhavarya/star/star-dashboard/gold_monitor.py:95: DeprecationWarning: datetime.datetime.utcnow() is deprecated and scheduled for removal in a future version. Use timezone-aware objects to represent datetimes in UTC: datetime.datetime.now(datetime.UTC).
  "last_updated": datetime.utcnow().isoformat()
  ✅ Saved to Supabase
⏰ 03:21:11 - Gold $4491.80 | HOLD | RSI: 27
/Users/anubhavarya/star/star-dashboard/gold_monitor.py:95: DeprecationWarning: datetime.datetime.utcnow() is deprecated and scheduled for removal in a future version. Use timezone-aware objects to represent datetimes in UTC: datetime.datetime.now(datetime.UTC).
  "last_updated": datetime.utcnow().isoformat()
  ✅ Saved to Supabase
⏰ 03:22:11 - Gold $4488.90 | HOLD | RSI: 27
/Users/anubhavarya/star/star-dashboard/gold_monitor.py:95: DeprecationWarning: datetime.datetime.utcnow() is deprecated and scheduled for removal in a future version. Use timezone-aware objects to represent datetimes in UTC: datetime.datetime.now(datetime.UTC).
  "last_updated": datetime.utcnow().isoformat()
  ✅ Saved to Supabase
⏰ 03:23:12 - Gold $4490.60 | HOLD | RSI: 27
/Users/anubhavarya/star/star-dashboard/gold_monitor.py:95: DeprecationWarning: datetime.datetime.utcnow() is deprecated and scheduled for removal in a future version. Use timezone-aware objects to represent datetimes in UTC: datetime.datetime.now(datetime.UTC).
  "last_updated": datetime.utcnow().isoformat()
  ✅ Saved to Supabase
⏰ 03:24:12 - Gold $4487.50 | HOLD | RSI: 27
/Users/anubhavarya/star/star-dashboard/gold_monitor.py:95: DeprecationWarning: datetime.datetime.utcnow() is deprecated and scheduled for removal in a future version. Use timezone-aware objects to represent datetimes in UTC: datetime.datetime.now(datetime.UTC).
  "last_updated": datetime.utcnow().isoformat()
  ✅ Saved to Supabase
⏰ 03:25:12 - Gold $4489.70 | HOLD | RSI: 27
/Users/anubhavarya/star/star-dashboard/gold_monitor.py:95: DeprecationWarning: datetime.datetime.utcnow() is deprecated and scheduled for removal in a future version. Use timezone-aware objects to represent datetimes in UTC: datetime.datetime.now(datetime.UTC).
  "last_updated": datetime.utcnow().isoformat()
  ✅ Saved to Supabase
⏰ 03:26:13 - Gold $4489.50 | HOLD | RSI: 27
/Users/anubhavarya/star/star-dashboard/gold_monitor.py:95: DeprecationWarning: datetime.datetime.utcnow() is deprecated and scheduled for removal in a future version. Use timezone-aware objects to represent datetimes in UTC: datetime.datetime.now(datetime.UTC).
  "last_updated": datetime.utcnow().isoformat()
  ✅ Saved to Supabase
⏰ 03:27:13 - Gold $4490.60 | HOLD | RSI: 27
/Users/anubhavarya/star/star-dashboard/gold_monitor.py:95: DeprecationWarning: datetime.datetime.utcnow() is deprecated and scheduled for removal in a future version. Use timezone-aware objects to represent datetimes in UTC: datetime.datetime.now(datetime.UTC).
  "last_updated": datetime.utcnow().isoformat()
  ✅ Saved to Supabase
⏰ 03:28:13 - Gold $4491.40 | HOLD | RSI: 27
/Users/anubhavarya/star/star-dashboard/gold_monitor.py:95: DeprecationWarning: datetime.datetime.utcnow() is deprecated and scheduled for removal in a future version. Use timezone-aware objects to represent datetimes in UTC: datetime.datetime.now(datetime.UTC).
  "last_updated": datetime.utcnow().isoformat()
  ✅ Saved to Supabase
⏰ 03:29:13 - Gold $4492.30 | HOLD | RSI: 27
/Users/anubhavarya/star/star-dashboard/gold_monitor.py:95: DeprecationWarning: datetime.datetime.utcnow() is deprecated and scheduled for removal in a future version. Use timezone-aware objects to represent datetimes in UTC: datetime.datetime.now(datetime.UTC).
  "last_updated": datetime.utcnow().isoformat()
  ✅ Saved to Supabase
⏰ 03:30:14 - Gold $4489.60 | HOLD | RSI: 27
/Users/anubhavarya/star/star-dashboard/gold_monitor.py:95: DeprecationWarning: datetime.datetime.utcnow() is deprecated and scheduled for removal in a future version. Use timezone-aware objects to represent datetimes in UTC: datetime.datetime.now(datetime.UTC).
  "last_updated": datetime.utcnow().isoformat()
  ✅ Saved to Supabase
⏰ 03:31:14 - Gold $4486.40 | HOLD | RSI: 27
/Users/anubhavarya/star/star-dashboard/gold_monitor.py:95: DeprecationWarning: datetime.datetime.utcnow() is deprecated and scheduled for removal in a future version. Use timezone-aware objects to represent datetimes in UTC: datetime.datetime.now(datetime.UTC).
  "last_updated": datetime.utcnow().isoformat()
  ✅ Saved to Supabase
⏰ 03:32:14 - Gold $4486.50 | HOLD | RSI: 27
/Users/anubhavarya/star/star-dashboard/gold_monitor.py:95: DeprecationWarning: datetime.datetime.utcnow() is deprecated and scheduled for removal in a future version. Use timezone-aware objects to represent datetimes in UTC: datetime.datetime.now(datetime.UTC).
  "last_updated": datetime.utcnow().isoformat()
  ✅ Saved to Supabase
⏰ 03:33:15 - Gold $4488.50 | HOLD | RSI: 27
/Users/anubhavarya/star/star-dashboard/gold_monitor.py:95: DeprecationWarning: datetime.datetime.utcnow() is deprecated and scheduled for removal in a future version. Use timezone-aware objects to represent datetimes in UTC: datetime.datetime.now(datetime.UTC).
  "last_updated": datetime.utcnow().isoformat()
  ✅ Saved to Supabase
⏰ 03:34:15 - Gold $4486.10 | HOLD | RSI: 27
/Users/anubhavarya/star/star-dashboard/gold_monitor.py:95: DeprecationWarning: datetime.datetime.utcnow() is deprecated and scheduled for removal in a future version. Use timezone-aware objects to represent datetimes in UTC: datetime.datetime.now(datetime.UTC).
  "last_updated": datetime.utcnow().isoformat()
  ✅ Saved to Supabase
⏰ 03:35:15 - Gold $4487.10 | HOLD | RSI: 27
/Users/anubhavarya/star/star-dashboard/gold_monitor.py:95: DeprecationWarning: datetime.datetime.utcnow() is deprecated and scheduled for removal in a future version. Use timezone-aware objects to represent datetimes in UTC: datetime.datetime.now(datetime.UTC).
  "last_updated": datetime.utcnow().isoformat()
  ✅ Saved to Supabase
⏰ 03:36:16 - Gold $4486.50 | HOLD | RSI: 27
/Users/anubhavarya/star/star-dashboard/gold_monitor.py:95: DeprecationWarning: datetime.datetime.utcnow() is deprecated and scheduled for removal in a future version. Use timezone-aware objects to represent datetimes in UTC: datetime.datetime.now(datetime.UTC).
  "last_updated": datetime.utcnow().isoformat()
  ✅ Saved to Supabase
⏰ 03:37:16 - Gold $4485.80 | HOLD | RSI: 27
/Users/anubhavarya/star/star-dashboard/gold_monitor.py:95: DeprecationWarning: datetime.datetime.utcnow() is deprecated and scheduled for removal in a future version. Use timezone-aware objects to represent datetimes in UTC: datetime.datetime.now(datetime.UTC).
  "last_updated": datetime.utcnow().isoformat()
  ✅ Saved to Supabase
⏰ 03:38:17 - Gold $4486.70 | HOLD | RSI: 27
/Users/anubhavarya/star/star-dashboard/gold_monitor.py:95: DeprecationWarning: datetime.datetime.utcnow() is deprecated and scheduled for removal in a future version. Use timezone-aware objects to represent datetimes in UTC: datetime.datetime.now(datetime.UTC).
  "last_updated": datetime.utcnow().isoformat()
  ✅ Saved to Supabase
⏰ 03:39:17 - Gold $4488.80 | HOLD | RSI: 27
/Users/anubhavarya/star/star-dashboard/gold_monitor.py:95: DeprecationWarning: datetime.datetime.utcnow() is deprecated and scheduled for removal in a future version. Use timezone-aware objects to represent datetimes in UTC: datetime.datetime.now(datetime.UTC).
  "last_updated": datetime.utcnow().isoformat()
  ✅ Saved to Supabase
⏰ 03:40:18 - Gold $4492.10 | HOLD | RSI: 27
/Users/anubhavarya/star/star-dashboard/gold_monitor.py:95: DeprecationWarning: datetime.datetime.utcnow() is deprecated and scheduled for removal in a future version. Use timezone-aware objects to represent datetimes in UTC: datetime.datetime.now(datetime.UTC).
  "last_updated": datetime.utcnow().isoformat()
  ✅ Saved to Supabase
⏰ 03:41:18 - Gold $4492.90 | HOLD | RSI: 27
/Users/anubhavarya/star/star-dashboard/gold_monitor.py:95: DeprecationWarning: datetime.datetime.utcnow() is deprecated and scheduled for removal in a future version. Use timezone-aware objects to represent datetimes in UTC: datetime.datetime.now(datetime.UTC).
  "last_updated": datetime.utcnow().isoformat()
  ✅ Saved to Supabase
⏰ 03:42:19 - Gold $4488.90 | HOLD | RSI: 27
/Users/anubhavarya/star/star-dashboard/gold_monitor.py:95: DeprecationWarning: datetime.datetime.utcnow() is deprecated and scheduled for removal in a future version. Use timezone-aware objects to represent datetimes in UTC: datetime.datetime.now(datetime.UTC).
  "last_updated": datetime.utcnow().isoformat()
  ✅ Saved to Supabase
⏰ 03:43:19 - Gold $4489.90 | HOLD | RSI: 27
/Users/anubhavarya/star/star-dashboard/gold_monitor.py:95: DeprecationWarning: datetime.datetime.utcnow() is deprecated and scheduled for removal in a future version. Use timezone-aware objects to represent datetimes in UTC: datetime.datetime.now(datetime.UTC).
  "last_updated": datetime.utcnow().isoformat()
  ✅ Saved to Supabase
⏰ 03:44:19 - Gold $4492.10 | HOLD | RSI: 27
/Users/anubhavarya/star/star-dashboard/gold_monitor.py:95: DeprecationWarning: datetime.datetime.utcnow() is deprecated and scheduled for removal in a future version. Use timezone-aware objects to represent datetimes in UTC: datetime.datetime.now(datetime.UTC).
  "last_updated": datetime.utcnow().isoformat()
  ✅ Saved to Supabase
⏰ 03:45:20 - Gold $4490.30 | HOLD | RSI: 27
/Users/anubhavarya/star/star-dashboard/gold_monitor.py:95: DeprecationWarning: datetime.datetime.utcnow() is deprecated and scheduled for removal in a future version. Use timezone-aware objects to represent datetimes in UTC: datetime.datetime.now(datetime.UTC).
  "last_updated": datetime.utcnow().isoformat()
  ✅ Saved to Supabase
⏰ 03:46:20 - Gold $4490.20 | HOLD | RSI: 27
/Users/anubhavarya/star/star-dashboard/gold_monitor.py:95: DeprecationWarning: datetime.datetime.utcnow() is deprecated and scheduled for removal in a future version. Use timezone-aware objects to represent datetimes in UTC: datetime.datetime.now(datetime.UTC).
  "last_updated": datetime.utcnow().isoformat()
  ✅ Saved to Supabase
⏰ 03:47:21 - Gold $4490.60 | HOLD | RSI: 27
/Users/anubhavarya/star/star-dashboard/gold_monitor.py:95: DeprecationWarning: datetime.datetime.utcnow() is deprecated and scheduled for removal in a future version. Use timezone-aware objects to represent datetimes in UTC: datetime.datetime.now(datetime.UTC).
  "last_updated": datetime.utcnow().isoformat()
  ✅ Saved to Supabase
⏰ 03:48:21 - Gold $4488.50 | HOLD | RSI: 27
/Users/anubhavarya/star/star-dashboard/gold_monitor.py:95: DeprecationWarning: datetime.datetime.utcnow() is deprecated and scheduled for removal in a future version. Use timezone-aware objects to represent datetimes in UTC: datetime.datetime.now(datetime.UTC).
  "last_updated": datetime.utcnow().isoformat()
  ✅ Saved to Supabase
⏰ 03:49:22 - Gold $4487.40 | HOLD | RSI: 27
/Users/anubhavarya/star/star-dashboard/gold_monitor.py:95: DeprecationWarning: datetime.datetime.utcnow() is deprecated and scheduled for removal in a future version. Use timezone-aware objects to represent datetimes in UTC: datetime.datetime.now(datetime.UTC).
  "last_updated": datetime.utcnow().isoformat()
  ✅ Saved to Supabase
⏰ 03:50:22 - Gold $4488.30 | HOLD | RSI: 27
/Users/anubhavarya/star/star-dashboard/gold_monitor.py:95: DeprecationWarning: datetime.datetime.utcnow() is deprecated and scheduled for removal in a future version. Use timezone-aware objects to represent datetimes in UTC: datetime.datetime.now(datetime.UTC).
  "last_updated": datetime.utcnow().isoformat()
  ✅ Saved to Supabase
⏰ 03:51:23 - Gold $4488.70 | HOLD | RSI: 27
/Users/anubhavarya/star/star-dashboard/gold_monitor.py:95: DeprecationWarning: datetime.datetime.utcnow() is deprecated and scheduled for removal in a future version. Use timezone-aware objects to represent datetimes in UTC: datetime.datetime.now(datetime.UTC).
  "last_updated": datetime.utcnow().isoformat()
  ✅ Saved to Supabase
⏰ 03:52:23 - Gold $4488.70 | HOLD | RSI: 27
/Users/anubhavarya/star/star-dashboard/gold_monitor.py:95: DeprecationWarning: datetime.datetime.utcnow() is deprecated and scheduled for removal in a future version. Use timezone-aware objects to represent datetimes in UTC: datetime.datetime.now(datetime.UTC).
  "last_updated": datetime.utcnow().isoformat()
  ✅ Saved to Supabase
⏰ 03:53:24 - Gold $4490.50 | HOLD | RSI: 27
/Users/anubhavarya/star/star-dashboard/gold_monitor.py:95: DeprecationWarning: datetime.datetime.utcnow() is deprecated and scheduled for removal in a future version. Use timezone-aware objects to represent datetimes in UTC: datetime.datetime.now(datetime.UTC).
  "last_updated": datetime.utcnow().isoformat()
  ✅ Saved to Supabase
⏰ 03:54:24 - Gold $4489.10 | HOLD | RSI: 27
/Users/anubhavarya/star/star-dashboard/gold_monitor.py:95: DeprecationWarning: datetime.datetime.utcnow() is deprecated and scheduled for removal in a future version. Use timezone-aware objects to represent datetimes in UTC: datetime.datetime.now(datetime.UTC).
  "last_updated": datetime.utcnow().isoformat()
  ✅ Saved to Supabase
⏰ 03:55:24 - Gold $4491.00 | HOLD | RSI: 27
/Users/anubhavarya/star/star-dashboard/gold_monitor.py:95: DeprecationWarning: datetime.datetime.utcnow() is deprecated and scheduled for removal in a future version. Use timezone-aware objects to represent datetimes in UTC: datetime.datetime.now(datetime.UTC).
  "last_updated": datetime.utcnow().isoformat()
  ✅ Saved to Supabase
⏰ 03:56:25 - Gold $4489.80 | HOLD | RSI: 27
/Users/anubhavarya/star/star-dashboard/gold_monitor.py:95: DeprecationWarning: datetime.datetime.utcnow() is deprecated and scheduled for removal in a future version. Use timezone-aware objects to represent datetimes in UTC: datetime.datetime.now(datetime.UTC).
  "last_updated": datetime.utcnow().isoformat()
  ✅ Saved to Supabase
⏰ 03:57:25 - Gold $4489.30 | HOLD | RSI: 27
/Users/anubhavarya/star/star-dashboard/gold_monitor.py:95: DeprecationWarning: datetime.datetime.utcnow() is deprecated and scheduled for removal in a future version. Use timezone-aware objects to represent datetimes in UTC: datetime.datetime.now(datetime.UTC).
  "last_updated": datetime.utcnow().isoformat()
  ✅ Saved to Supabase
⏰ 03:58:26 - Gold $4489.60 | HOLD | RSI: 27
/Users/anubhavarya/star/star-dashboard/gold_monitor.py:95: DeprecationWarning: datetime.datetime.utcnow() is deprecated and scheduled for removal in a future version. Use timezone-aware objects to represent datetimes in UTC: datetime.datetime.now(datetime.UTC).
  "last_updated": datetime.utcnow().isoformat()
  ✅ Saved to Supabase
⏰ 03:59:26 - Gold $4488.20 | HOLD | RSI: 27
/Users/anubhavarya/star/star-dashboard/gold_monitor.py:95: DeprecationWarning: datetime.datetime.utcnow() is deprecated and scheduled for removal in a future version. Use timezone-aware objects to represent datetimes in UTC: datetime.datetime.now(datetime.UTC).
  "last_updated": datetime.utcnow().isoformat()
  ✅ Saved to Supabase
⏰ 04:00:27 - Gold $4487.50 | HOLD | RSI: 27
/Users/anubhavarya/star/star-dashboard/gold_monitor.py:95: DeprecationWarning: datetime.datetime.utcnow() is deprecated and scheduled for removal in a future version. Use timezone-aware objects to represent datetimes in UTC: datetime.datetime.now(datetime.UTC).
  "last_updated": datetime.utcnow().isoformat()
  ✅ Saved to Supabase
⏰ 04:01:27 - Gold $4489.10 | HOLD | RSI: 27
/Users/anubhavarya/star/star-dashboard/gold_monitor.py:95: DeprecationWarning: datetime.datetime.utcnow() is deprecated and scheduled for removal in a future version. Use timezone-aware objects to represent datetimes in UTC: datetime.datetime.now(datetime.UTC).
  "last_updated": datetime.utcnow().isoformat()
  ✅ Saved to Supabase
⏰ 04:02:27 - Gold $4488.50 | HOLD | RSI: 27
/Users/anubhavarya/star/star-dashboard/gold_monitor.py:95: DeprecationWarning: datetime.datetime.utcnow() is deprecated and scheduled for removal in a future version. Use timezone-aware objects to represent datetimes in UTC: datetime.datetime.now(datetime.UTC).
  "last_updated": datetime.utcnow().isoformat()
  ✅ Saved to Supabase
⏰ 04:03:28 - Gold $4489.10 | HOLD | RSI: 27
/Users/anubhavarya/star/star-dashboard/gold_monitor.py:95: DeprecationWarning: datetime.datetime.utcnow() is deprecated and scheduled for removal in a future version. Use timezone-aware objects to represent datetimes in UTC: datetime.datetime.now(datetime.UTC).
  "last_updated": datetime.utcnow().isoformat()
  ✅ Saved to Supabase
⏰ 04:04:28 - Gold $4489.50 | HOLD | RSI: 27
/Users/anubhavarya/star/star-dashboard/gold_monitor.py:95: DeprecationWarning: datetime.datetime.utcnow() is deprecated and scheduled for removal in a future version. Use timezone-aware objects to represent datetimes in UTC: datetime.datetime.now(datetime.UTC).
  "last_updated": datetime.utcnow().isoformat()
  ✅ Saved to Supabase
⏰ 04:05:29 - Gold $4490.50 | HOLD | RSI: 27
/Users/anubhavarya/star/star-dashboard/gold_monitor.py:95: DeprecationWarning: datetime.datetime.utcnow() is deprecated and scheduled for removal in a future version. Use timezone-aware objects to represent datetimes in UTC: datetime.datetime.now(datetime.UTC).
  "last_updated": datetime.utcnow().isoformat()
  ✅ Saved to Supabase
⏰ 04:06:29 - Gold $4492.10 | HOLD | RSI: 27
/Users/anubhavarya/star/star-dashboard/gold_monitor.py:95: DeprecationWarning: datetime.datetime.utcnow() is deprecated and scheduled for removal in a future version. Use timezone-aware objects to represent datetimes in UTC: datetime.datetime.now(datetime.UTC).
  "last_updated": datetime.utcnow().isoformat()
  ✅ Saved to Supabase
⏰ 04:07:30 - Gold $4491.10 | HOLD | RSI: 27
/Users/anubhavarya/star/star-dashboard/gold_monitor.py:95: DeprecationWarning: datetime.datetime.utcnow() is deprecated and scheduled for removal in a future version. Use timezone-aware objects to represent datetimes in UTC: datetime.datetime.now(datetime.UTC).
  "last_updated": datetime.utcnow().isoformat()
  ✅ Saved to Supabase
⏰ 04:08:30 - Gold $4491.20 | HOLD | RSI: 27
/Users/anubhavarya/star/star-dashboard/gold_monitor.py:95: DeprecationWarning: datetime.datetime.utcnow() is deprecated and scheduled for removal in a future version. Use timezone-aware objects to represent datetimes in UTC: datetime.datetime.now(datetime.UTC).
  "last_updated": datetime.utcnow().isoformat()
  ✅ Saved to Supabase
⏰ 04:09:30 - Gold $4490.50 | HOLD | RSI: 27
/Users/anubhavarya/star/star-dashboard/gold_monitor.py:95: DeprecationWarning: datetime.datetime.utcnow() is deprecated and scheduled for removal in a future version. Use timezone-aware objects to represent datetimes in UTC: datetime.datetime.now(datetime.UTC).
  "last_updated": datetime.utcnow().isoformat()
  ✅ Saved to Supabase
⏰ 04:10:31 - Gold $4488.50 | HOLD | RSI: 27
/Users/anubhavarya/star/star-dashboard/gold_monitor.py:95: DeprecationWarning: datetime.datetime.utcnow() is deprecated and scheduled for removal in a future version. Use timezone-aware objects to represent datetimes in UTC: datetime.datetime.now(datetime.UTC).
  "last_updated": datetime.utcnow().isoformat()
  ✅ Saved to Supabase
⏰ 04:11:31 - Gold $4489.40 | HOLD | RSI: 27
/Users/anubhavarya/star/star-dashboard/gold_monitor.py:95: DeprecationWarning: datetime.datetime.utcnow() is deprecated and scheduled for removal in a future version. Use timezone-aware objects to represent datetimes in UTC: datetime.datetime.now(datetime.UTC).
  "last_updated": datetime.utcnow().isoformat()
  ✅ Saved to Supabase
⏰ 04:12:32 - Gold $4491.40 | HOLD | RSI: 27
/Users/anubhavarya/star/star-dashboard/gold_monitor.py:95: DeprecationWarning: datetime.datetime.utcnow() is deprecated and scheduled for removal in a future version. Use timezone-aware objects to represent datetimes in UTC: datetime.datetime.now(datetime.UTC).
  "last_updated": datetime.utcnow().isoformat()
  ✅ Saved to Supabase
⏰ 04:13:33 - Gold $4492.20 | HOLD | RSI: 27
/Users/anubhavarya/star/star-dashboard/gold_monitor.py:95: DeprecationWarning: datetime.datetime.utcnow() is deprecated and scheduled for removal in a future version. Use timezone-aware objects to represent datetimes in UTC: datetime.datetime.now(datetime.UTC).
  "last_updated": datetime.utcnow().isoformat()
  ✅ Saved to Supabase
⏰ 04:14:33 - Gold $4495.10 | HOLD | RSI: 27
/Users/anubhavarya/star/star-dashboard/gold_monitor.py:95: DeprecationWarning: datetime.datetime.utcnow() is deprecated and scheduled for removal in a future version. Use timezone-aware objects to represent datetimes in UTC: datetime.datetime.now(datetime.UTC).
  "last_updated": datetime.utcnow().isoformat()
  ✅ Saved to Supabase
⏰ 04:15:33 - Gold $4493.40 | HOLD | RSI: 27
/Users/anubhavarya/star/star-dashboard/gold_monitor.py:95: DeprecationWarning: datetime.datetime.utcnow() is deprecated and scheduled for removal in a future version. Use timezone-aware objects to represent datetimes in UTC: datetime.datetime.now(datetime.UTC).
  "last_updated": datetime.utcnow().isoformat()
  ✅ Saved to Supabase
⏰ 04:16:34 - Gold $4493.10 | HOLD | RSI: 27
/Users/anubhavarya/star/star-dashboard/gold_monitor.py:95: DeprecationWarning: datetime.datetime.utcnow() is deprecated and scheduled for removal in a future version. Use timezone-aware objects to represent datetimes in UTC: datetime.datetime.now(datetime.UTC).
  "last_updated": datetime.utcnow().isoformat()
  ✅ Saved to Supabase
⏰ 04:17:34 - Gold $4493.50 | HOLD | RSI: 27
/Users/anubhavarya/star/star-dashboard/gold_monitor.py:95: DeprecationWarning: datetime.datetime.utcnow() is deprecated and scheduled for removal in a future version. Use timezone-aware objects to represent datetimes in UTC: datetime.datetime.now(datetime.UTC).
  "last_updated": datetime.utcnow().isoformat()
  ✅ Saved to Supabase
⏰ 04:18:34 - Gold $4495.20 | HOLD | RSI: 27
/Users/anubhavarya/star/star-dashboard/gold_monitor.py:95: DeprecationWarning: datetime.datetime.utcnow() is deprecated and scheduled for removal in a future version. Use timezone-aware objects to represent datetimes in UTC: datetime.datetime.now(datetime.UTC).
  "last_updated": datetime.utcnow().isoformat()
  ✅ Saved to Supabase
⏰ 04:19:35 - Gold $4494.60 | HOLD | RSI: 27
/Users/anubhavarya/star/star-dashboard/gold_monitor.py:95: DeprecationWarning: datetime.datetime.utcnow() is deprecated and scheduled for removal in a future version. Use timezone-aware objects to represent datetimes in UTC: datetime.datetime.now(datetime.UTC).
  "last_updated": datetime.utcnow().isoformat()
  ✅ Saved to Supabase
⏰ 04:20:35 - Gold $4494.30 | HOLD | RSI: 27
/Users/anubhavarya/star/star-dashboard/gold_monitor.py:95: DeprecationWarning: datetime.datetime.utcnow() is deprecated and scheduled for removal in a future version. Use timezone-aware objects to represent datetimes in UTC: datetime.datetime.now(datetime.UTC).
  "last_updated": datetime.utcnow().isoformat()
  ✅ Saved to Supabase
⏰ 04:21:36 - Gold $4492.90 | HOLD | RSI: 27
/Users/anubhavarya/star/star-dashboard/gold_monitor.py:95: DeprecationWarning: datetime.datetime.utcnow() is deprecated and scheduled for removal in a future version. Use timezone-aware objects to represent datetimes in UTC: datetime.datetime.now(datetime.UTC).
  "last_updated": datetime.utcnow().isoformat()
  ✅ Saved to Supabase
⏰ 04:22:36 - Gold $4489.80 | HOLD | RSI: 27
/Users/anubhavarya/star/star-dashboard/gold_monitor.py:95: DeprecationWarning: datetime.datetime.utcnow() is deprecated and scheduled for removal in a future version. Use timezone-aware objects to represent datetimes in UTC: datetime.datetime.now(datetime.UTC).
  "last_updated": datetime.utcnow().isoformat()
  ✅ Saved to Supabase
⏰ 04:23:36 - Gold $4490.10 | HOLD | RSI: 27
/Users/anubhavarya/star/star-dashboard/gold_monitor.py:95: DeprecationWarning: datetime.datetime.utcnow() is deprecated and scheduled for removal in a future version. Use timezone-aware objects to represent datetimes in UTC: datetime.datetime.now(datetime.UTC).
  "last_updated": datetime.utcnow().isoformat()
  ✅ Saved to Supabase
⏰ 04:24:37 - Gold $4489.70 | HOLD | RSI: 27
/Users/anubhavarya/star/star-dashboard/gold_monitor.py:95: DeprecationWarning: datetime.datetime.utcnow() is deprecated and scheduled for removal in a future version. Use timezone-aware objects to represent datetimes in UTC: datetime.datetime.now(datetime.UTC).
  "last_updated": datetime.utcnow().isoformat()
  ✅ Saved to Supabase
⏰ 04:25:37 - Gold $4491.80 | HOLD | RSI: 27
/Users/anubhavarya/star/star-dashboard/gold_monitor.py:95: DeprecationWarning: datetime.datetime.utcnow() is deprecated and scheduled for removal in a future version. Use timezone-aware objects to represent datetimes in UTC: datetime.datetime.now(datetime.UTC).
  "last_updated": datetime.utcnow().isoformat()
  ✅ Saved to Supabase
⏰ 04:26:37 - Gold $4493.10 | HOLD | RSI: 27
/Users/anubhavarya/star/star-dashboard/gold_monitor.py:95: DeprecationWarning: datetime.datetime.utcnow() is deprecated and scheduled for removal in a future version. Use timezone-aware objects to represent datetimes in UTC: datetime.datetime.now(datetime.UTC).
  "last_updated": datetime.utcnow().isoformat()
  ✅ Saved to Supabase
⏰ 04:27:38 - Gold $4491.60 | HOLD | RSI: 27
/Users/anubhavarya/star/star-dashboard/gold_monitor.py:95: DeprecationWarning: datetime.datetime.utcnow() is deprecated and scheduled for removal in a future version. Use timezone-aware objects to represent datetimes in UTC: datetime.datetime.now(datetime.UTC).
  "last_updated": datetime.utcnow().isoformat()
  ✅ Saved to Supabase
⏰ 04:28:38 - Gold $4492.60 | HOLD | RSI: 27
/Users/anubhavarya/star/star-dashboard/gold_monitor.py:95: DeprecationWarning: datetime.datetime.utcnow() is deprecated and scheduled for removal in a future version. Use timezone-aware objects to represent datetimes in UTC: datetime.datetime.now(datetime.UTC).
  "last_updated": datetime.utcnow().isoformat()
  ✅ Saved to Supabase
⏰ 04:29:38 - Gold $4491.80 | HOLD | RSI: 27
/Users/anubhavarya/star/star-dashboard/gold_monitor.py:95: DeprecationWarning: datetime.datetime.utcnow() is deprecated and scheduled for removal in a future version. Use timezone-aware objects to represent datetimes in UTC: datetime.datetime.now(datetime.UTC).
  "last_updated": datetime.utcnow().isoformat()
  ✅ Saved to Supabase
⏰ 04:30:39 - Gold $4493.50 | HOLD | RSI: 27
/Users/anubhavarya/star/star-dashboard/gold_monitor.py:95: DeprecationWarning: datetime.datetime.utcnow() is deprecated and scheduled for removal in a future version. Use timezone-aware objects to represent datetimes in UTC: datetime.datetime.now(datetime.UTC).
  "last_updated": datetime.utcnow().isoformat()
  ✅ Saved to Supabase
⏰ 04:31:39 - Gold $4492.30 | HOLD | RSI: 27
/Users/anubhavarya/star/star-dashboard/gold_monitor.py:95: DeprecationWarning: datetime.datetime.utcnow() is deprecated and scheduled for removal in a future version. Use timezone-aware objects to represent datetimes in UTC: datetime.datetime.now(datetime.UTC).
  "last_updated": datetime.utcnow().isoformat()
  ✅ Saved to Supabase
⏰ 04:32:39 - Gold $4491.80 | HOLD | RSI: 27
/Users/anubhavarya/star/star-dashboard/gold_monitor.py:95: DeprecationWarning: datetime.datetime.utcnow() is deprecated and scheduled for removal in a future version. Use timezone-aware objects to represent datetimes in UTC: datetime.datetime.now(datetime.UTC).
  "last_updated": datetime.utcnow().isoformat()
  ✅ Saved to Supabase
⏰ 04:33:40 - Gold $4494.30 | HOLD | RSI: 27
/Users/anubhavarya/star/star-dashboard/gold_monitor.py:95: DeprecationWarning: datetime.datetime.utcnow() is deprecated and scheduled for removal in a future version. Use timezone-aware objects to represent datetimes in UTC: datetime.datetime.now(datetime.UTC).
  "last_updated": datetime.utcnow().isoformat()
  ✅ Saved to Supabase
⏰ 04:34:40 - Gold $4493.70 | HOLD | RSI: 27
/Users/anubhavarya/star/star-dashboard/gold_monitor.py:95: DeprecationWarning: datetime.datetime.utcnow() is deprecated and scheduled for removal in a future version. Use timezone-aware objects to represent datetimes in UTC: datetime.datetime.now(datetime.UTC).
  "last_updated": datetime.utcnow().isoformat()
  ✅ Saved to Supabase
⏰ 04:35:41 - Gold $4493.70 | HOLD | RSI: 27
/Users/anubhavarya/star/star-dashboard/gold_monitor.py:95: DeprecationWarning: datetime.datetime.utcnow() is deprecated and scheduled for removal in a future version. Use timezone-aware objects to represent datetimes in UTC: datetime.datetime.now(datetime.UTC).
  "last_updated": datetime.utcnow().isoformat()
  ✅ Saved to Supabase
⏰ 04:36:41 - Gold $4491.80 | HOLD | RSI: 27
/Users/anubhavarya/star/star-dashboard/gold_monitor.py:95: DeprecationWarning: datetime.datetime.utcnow() is deprecated and scheduled for removal in a future version. Use timezone-aware objects to represent datetimes in UTC: datetime.datetime.now(datetime.UTC).
  "last_updated": datetime.utcnow().isoformat()
  ✅ Saved to Supabase
⏰ 04:37:42 - Gold $4491.70 | HOLD | RSI: 27
/Users/anubhavarya/star/star-dashboard/gold_monitor.py:95: DeprecationWarning: datetime.datetime.utcnow() is deprecated and scheduled for removal in a future version. Use timezone-aware objects to represent datetimes in UTC: datetime.datetime.now(datetime.UTC).
  "last_updated": datetime.utcnow().isoformat()
  ✅ Saved to Supabase
⏰ 04:38:42 - Gold $4493.40 | HOLD | RSI: 27
/Users/anubhavarya/star/star-dashboard/gold_monitor.py:95: DeprecationWarning: datetime.datetime.utcnow() is deprecated and scheduled for removal in a future version. Use timezone-aware objects to represent datetimes in UTC: datetime.datetime.now(datetime.UTC).
  "last_updated": datetime.utcnow().isoformat()
  ✅ Saved to Supabase
⏰ 04:39:42 - Gold $4492.10 | HOLD | RSI: 27
/Users/anubhavarya/star/star-dashboard/gold_monitor.py:95: DeprecationWarning: datetime.datetime.utcnow() is deprecated and scheduled for removal in a future version. Use timezone-aware objects to represent datetimes in UTC: datetime.datetime.now(datetime.UTC).
  "last_updated": datetime.utcnow().isoformat()
  ✅ Saved to Supabase
⏰ 04:40:43 - Gold $4490.10 | HOLD | RSI: 27
/Users/anubhavarya/star/star-dashboard/gold_monitor.py:95: DeprecationWarning: datetime.datetime.utcnow() is deprecated and scheduled for removal in a future version. Use timezone-aware objects to represent datetimes in UTC: datetime.datetime.now(datetime.UTC).
  "last_updated": datetime.utcnow().isoformat()
  ✅ Saved to Supabase
⏰ 04:41:43 - Gold $4490.10 | HOLD | RSI: 27
/Users/anubhavarya/star/star-dashboard/gold_monitor.py:95: DeprecationWarning: datetime.datetime.utcnow() is deprecated and scheduled for removal in a future version. Use timezone-aware objects to represent datetimes in UTC: datetime.datetime.now(datetime.UTC).
  "last_updated": datetime.utcnow().isoformat()
  ✅ Saved to Supabase
⏰ 04:42:44 - Gold $4490.20 | HOLD | RSI: 27
/Users/anubhavarya/star/star-dashboard/gold_monitor.py:95: DeprecationWarning: datetime.datetime.utcnow() is deprecated and scheduled for removal in a future version. Use timezone-aware objects to represent datetimes in UTC: datetime.datetime.now(datetime.UTC).
  "last_updated": datetime.utcnow().isoformat()
  ✅ Saved to Supabase
⏰ 04:43:45 - Gold $4493.70 | HOLD | RSI: 27
/Users/anubhavarya/star/star-dashboard/gold_monitor.py:95: DeprecationWarning: datetime.datetime.utcnow() is deprecated and scheduled for removal in a future version. Use timezone-aware objects to represent datetimes in UTC: datetime.datetime.now(datetime.UTC).
  "last_updated": datetime.utcnow().isoformat()
  ✅ Saved to Supabase
⏰ 04:44:45 - Gold $4493.60 | HOLD | RSI: 27
/Users/anubhavarya/star/star-dashboard/gold_monitor.py:95: DeprecationWarning: datetime.datetime.utcnow() is deprecated and scheduled for removal in a future version. Use timezone-aware objects to represent datetimes in UTC: datetime.datetime.now(datetime.UTC).
  "last_updated": datetime.utcnow().isoformat()
  ✅ Saved to Supabase
⏰ 04:45:45 - Gold $4494.60 | HOLD | RSI: 27
/Users/anubhavarya/star/star-dashboard/gold_monitor.py:95: DeprecationWarning: datetime.datetime.utcnow() is deprecated and scheduled for removal in a future version. Use timezone-aware objects to represent datetimes in UTC: datetime.datetime.now(datetime.UTC).
  "last_updated": datetime.utcnow().isoformat()
  ✅ Saved to Supabase
⏰ 04:46:46 - Gold $4492.70 | HOLD | RSI: 27
/Users/anubhavarya/star/star-dashboard/gold_monitor.py:95: DeprecationWarning: datetime.datetime.utcnow() is deprecated and scheduled for removal in a future version. Use timezone-aware objects to represent datetimes in UTC: datetime.datetime.now(datetime.UTC).
  "last_updated": datetime.utcnow().isoformat()
  ✅ Saved to Supabase
⏰ 04:47:46 - Gold $4495.00 | HOLD | RSI: 27
/Users/anubhavarya/star/star-dashboard/gold_monitor.py:95: DeprecationWarning: datetime.datetime.utcnow() is deprecated and scheduled for removal in a future version. Use timezone-aware objects to represent datetimes in UTC: datetime.datetime.now(datetime.UTC).
  "last_updated": datetime.utcnow().isoformat()
  ✅ Saved to Supabase
⏰ 04:48:47 - Gold $4495.50 | HOLD | RSI: 27
/Users/anubhavarya/star/star-dashboard/gold_monitor.py:95: DeprecationWarning: datetime.datetime.utcnow() is deprecated and scheduled for removal in a future version. Use timezone-aware objects to represent datetimes in UTC: datetime.datetime.now(datetime.UTC).
  "last_updated": datetime.utcnow().isoformat()
  ✅ Saved to Supabase
⏰ 04:49:47 - Gold $4495.70 | HOLD | RSI: 27
/Users/anubhavarya/star/star-dashboard/gold_monitor.py:95: DeprecationWarning: datetime.datetime.utcnow() is deprecated and scheduled for removal in a future version. Use timezone-aware objects to represent datetimes in UTC: datetime.datetime.now(datetime.UTC).
  "last_updated": datetime.utcnow().isoformat()
  ✅ Saved to Supabase
⏰ 04:50:48 - Gold $4495.50 | HOLD | RSI: 27
/Users/anubhavarya/star/star-dashboard/gold_monitor.py:95: DeprecationWarning: datetime.datetime.utcnow() is deprecated and scheduled for removal in a future version. Use timezone-aware objects to represent datetimes in UTC: datetime.datetime.now(datetime.UTC).
  "last_updated": datetime.utcnow().isoformat()
  ✅ Saved to Supabase
⏰ 04:51:48 - Gold $4494.80 | HOLD | RSI: 27
/Users/anubhavarya/star/star-dashboard/gold_monitor.py:95: DeprecationWarning: datetime.datetime.utcnow() is deprecated and scheduled for removal in a future version. Use timezone-aware objects to represent datetimes in UTC: datetime.datetime.now(datetime.UTC).
  "last_updated": datetime.utcnow().isoformat()
  ✅ Saved to Supabase
⏰ 04:52:49 - Gold $4495.90 | HOLD | RSI: 27
/Users/anubhavarya/star/star-dashboard/gold_monitor.py:95: DeprecationWarning: datetime.datetime.utcnow() is deprecated and scheduled for removal in a future version. Use timezone-aware objects to represent datetimes in UTC: datetime.datetime.now(datetime.UTC).
  "last_updated": datetime.utcnow().isoformat()
  ✅ Saved to Supabase
⏰ 04:53:49 - Gold $4494.00 | HOLD | RSI: 27
/Users/anubhavarya/star/star-dashboard/gold_monitor.py:95: DeprecationWarning: datetime.datetime.utcnow() is deprecated and scheduled for removal in a future version. Use timezone-aware objects to represent datetimes in UTC: datetime.datetime.now(datetime.UTC).
  "last_updated": datetime.utcnow().isoformat()
  ✅ Saved to Supabase
⏰ 04:54:49 - Gold $4495.50 | HOLD | RSI: 27
/Users/anubhavarya/star/star-dashboard/gold_monitor.py:95: DeprecationWarning: datetime.datetime.utcnow() is deprecated and scheduled for removal in a future version. Use timezone-aware objects to represent datetimes in UTC: datetime.datetime.now(datetime.UTC).
  "last_updated": datetime.utcnow().isoformat()
  ✅ Saved to Supabase
⏰ 04:55:50 - Gold $4496.60 | HOLD | RSI: 27
/Users/anubhavarya/star/star-dashboard/gold_monitor.py:95: DeprecationWarning: datetime.datetime.utcnow() is deprecated and scheduled for removal in a future version. Use timezone-aware objects to represent datetimes in UTC: datetime.datetime.now(datetime.UTC).
  "last_updated": datetime.utcnow().isoformat()
  ✅ Saved to Supabase
⏰ 04:56:50 - Gold $4496.20 | HOLD | RSI: 27
/Users/anubhavarya/star/star-dashboard/gold_monitor.py:95: DeprecationWarning: datetime.datetime.utcnow() is deprecated and scheduled for removal in a future version. Use timezone-aware objects to represent datetimes in UTC: datetime.datetime.now(datetime.UTC).
  "last_updated": datetime.utcnow().isoformat()
  ✅ Saved to Supabase
⏰ 04:57:51 - Gold $4496.50 | HOLD | RSI: 27
/Users/anubhavarya/star/star-dashboard/gold_monitor.py:95: DeprecationWarning: datetime.datetime.utcnow() is deprecated and scheduled for removal in a future version. Use timezone-aware objects to represent datetimes in UTC: datetime.datetime.now(datetime.UTC).
  "last_updated": datetime.utcnow().isoformat()
  ✅ Saved to Supabase
⏰ 04:58:51 - Gold $4499.50 | BUY | RSI: 27
/Users/anubhavarya/star/star-dashboard/gold_monitor.py:95: DeprecationWarning: datetime.datetime.utcnow() is deprecated and scheduled for removal in a future version. Use timezone-aware objects to represent datetimes in UTC: datetime.datetime.now(datetime.UTC).
  "last_updated": datetime.utcnow().isoformat()
  ✅ Saved to Supabase
⏰ 04:59:52 - Gold $4498.20 | BUY | RSI: 27
/Users/anubhavarya/star/star-dashboard/gold_monitor.py:95: DeprecationWarning: datetime.datetime.utcnow() is deprecated and scheduled for removal in a future version. Use timezone-aware objects to represent datetimes in UTC: datetime.datetime.now(datetime.UTC).
  "last_updated": datetime.utcnow().isoformat()
  ✅ Saved to Supabase
⏰ 05:00:52 - Gold $4499.00 | BUY | RSI: 27
/Users/anubhavarya/star/star-dashboard/gold_monitor.py:95: DeprecationWarning: datetime.datetime.utcnow() is deprecated and scheduled for removal in a future version. Use timezone-aware objects to represent datetimes in UTC: datetime.datetime.now(datetime.UTC).
  "last_updated": datetime.utcnow().isoformat()
  ✅ Saved to Supabase
⏰ 05:01:52 - Gold $4500.40 | BUY | RSI: 27
/Users/anubhavarya/star/star-dashboard/gold_monitor.py:95: DeprecationWarning: datetime.datetime.utcnow() is deprecated and scheduled for removal in a future version. Use timezone-aware objects to represent datetimes in UTC: datetime.datetime.now(datetime.UTC).
  "last_updated": datetime.utcnow().isoformat()
  ✅ Saved to Supabase
⏰ 05:02:53 - Gold $4500.60 | BUY | RSI: 27
/Users/anubhavarya/star/star-dashboard/gold_monitor.py:95: DeprecationWarning: datetime.datetime.utcnow() is deprecated and scheduled for removal in a future version. Use timezone-aware objects to represent datetimes in UTC: datetime.datetime.now(datetime.UTC).
  "last_updated": datetime.utcnow().isoformat()
  ✅ Saved to Supabase
⏰ 05:03:53 - Gold $4500.30 | BUY | RSI: 27
/Users/anubhavarya/star/star-dashboard/gold_monitor.py:95: DeprecationWarning: datetime.datetime.utcnow() is deprecated and scheduled for removal in a future version. Use timezone-aware objects to represent datetimes in UTC: datetime.datetime.now(datetime.UTC).
  "last_updated": datetime.utcnow().isoformat()
  ✅ Saved to Supabase
⏰ 05:04:54 - Gold $4502.20 | BUY | RSI: 27
/Users/anubhavarya/star/star-dashboard/gold_monitor.py:95: DeprecationWarning: datetime.datetime.utcnow() is deprecated and scheduled for removal in a future version. Use timezone-aware objects to represent datetimes in UTC: datetime.datetime.now(datetime.UTC).
  "last_updated": datetime.utcnow().isoformat()
  ✅ Saved to Supabase
⏰ 05:05:54 - Gold $4501.50 | BUY | RSI: 27
/Users/anubhavarya/star/star-dashboard/gold_monitor.py:95: DeprecationWarning: datetime.datetime.utcnow() is deprecated and scheduled for removal in a future version. Use timezone-aware objects to represent datetimes in UTC: datetime.datetime.now(datetime.UTC).
  "last_updated": datetime.utcnow().isoformat()
  ✅ Saved to Supabase
⏰ 05:06:55 - Gold $4500.20 | BUY | RSI: 27
/Users/anubhavarya/star/star-dashboard/gold_monitor.py:95: DeprecationWarning: datetime.datetime.utcnow() is deprecated and scheduled for removal in a future version. Use timezone-aware objects to represent datetimes in UTC: datetime.datetime.now(datetime.UTC).
  "last_updated": datetime.utcnow().isoformat()
  ✅ Saved to Supabase
⏰ 05:07:55 - Gold $4498.90 | BUY | RSI: 27
/Users/anubhavarya/star/star-dashboard/gold_monitor.py:95: DeprecationWarning: datetime.datetime.utcnow() is deprecated and scheduled for removal in a future version. Use timezone-aware objects to represent datetimes in UTC: datetime.datetime.now(datetime.UTC).
  "last_updated": datetime.utcnow().isoformat()
  ✅ Saved to Supabase
⏰ 05:08:55 - Gold $4497.40 | BUY | RSI: 27
/Users/anubhavarya/star/star-dashboard/gold_monitor.py:95: DeprecationWarning: datetime.datetime.utcnow() is deprecated and scheduled for removal in a future version. Use timezone-aware objects to represent datetimes in UTC: datetime.datetime.now(datetime.UTC).
  "last_updated": datetime.utcnow().isoformat()
  ✅ Saved to Supabase
⏰ 05:09:56 - Gold $4497.90 | BUY | RSI: 27
/Users/anubhavarya/star/star-dashboard/gold_monitor.py:95: DeprecationWarning: datetime.datetime.utcnow() is deprecated and scheduled for removal in a future version. Use timezone-aware objects to represent datetimes in UTC: datetime.datetime.now(datetime.UTC).
  "last_updated": datetime.utcnow().isoformat()
  ✅ Saved to Supabase
⏰ 05:10:56 - Gold $4497.00 | BUY | RSI: 27
/Users/anubhavarya/star/star-dashboard/gold_monitor.py:95: DeprecationWarning: datetime.datetime.utcnow() is deprecated and scheduled for removal in a future version. Use timezone-aware objects to represent datetimes in UTC: datetime.datetime.now(datetime.UTC).
  "last_updated": datetime.utcnow().isoformat()
  ✅ Saved to Supabase
⏰ 05:11:57 - Gold $4498.90 | BUY | RSI: 27
/Users/anubhavarya/star/star-dashboard/gold_monitor.py:95: DeprecationWarning: datetime.datetime.utcnow() is deprecated and scheduled for removal in a future version. Use timezone-aware objects to represent datetimes in UTC: datetime.datetime.now(datetime.UTC).
  "last_updated": datetime.utcnow().isoformat()
  ✅ Saved to Supabase
⏰ 05:12:57 - Gold $4498.10 | BUY | RSI: 27
/Users/anubhavarya/star/star-dashboard/gold_monitor.py:95: DeprecationWarning: datetime.datetime.utcnow() is deprecated and scheduled for removal in a future version. Use timezone-aware objects to represent datetimes in UTC: datetime.datetime.now(datetime.UTC).
  "last_updated": datetime.utcnow().isoformat()
  ✅ Saved to Supabase
⏰ 05:13:58 - Gold $4497.30 | BUY | RSI: 27
/Users/anubhavarya/star/star-dashboard/gold_monitor.py:95: DeprecationWarning: datetime.datetime.utcnow() is deprecated and scheduled for removal in a future version. Use timezone-aware objects to represent datetimes in UTC: datetime.datetime.now(datetime.UTC).
  "last_updated": datetime.utcnow().isoformat()
  ✅ Saved to Supabase
⏰ 05:14:58 - Gold $4496.70 | BUY | RSI: 27
/Users/anubhavarya/star/star-dashboard/gold_monitor.py:95: DeprecationWarning: datetime.datetime.utcnow() is deprecated and scheduled for removal in a future version. Use timezone-aware objects to represent datetimes in UTC: datetime.datetime.now(datetime.UTC).
  "last_updated": datetime.utcnow().isoformat()
  ✅ Saved to Supabase
⏰ 05:15:58 - Gold $4498.20 | BUY | RSI: 27
/Users/anubhavarya/star/star-dashboard/gold_monitor.py:95: DeprecationWarning: datetime.datetime.utcnow() is deprecated and scheduled for removal in a future version. Use timezone-aware objects to represent datetimes in UTC: datetime.datetime.now(datetime.UTC).
  "last_updated": datetime.utcnow().isoformat()
  ✅ Saved to Supabase
⏰ 05:16:59 - Gold $4497.40 | BUY | RSI: 27
/Users/anubhavarya/star/star-dashboard/gold_monitor.py:95: DeprecationWarning: datetime.datetime.utcnow() is deprecated and scheduled for removal in a future version. Use timezone-aware objects to represent datetimes in UTC: datetime.datetime.now(datetime.UTC).
  "last_updated": datetime.utcnow().isoformat()
  ✅ Saved to Supabase
⏰ 05:17:59 - Gold $4498.60 | BUY | RSI: 27
/Users/anubhavarya/star/star-dashboard/gold_monitor.py:95: DeprecationWarning: datetime.datetime.utcnow() is deprecated and scheduled for removal in a future version. Use timezone-aware objects to represent datetimes in UTC: datetime.datetime.now(datetime.UTC).
  "last_updated": datetime.utcnow().isoformat()
  ✅ Saved to Supabase
⏰ 05:19:00 - Gold $4498.40 | BUY | RSI: 27
/Users/anubhavarya/star/star-dashboard/gold_monitor.py:95: DeprecationWarning: datetime.datetime.utcnow() is deprecated and scheduled for removal in a future version. Use timezone-aware objects to represent datetimes in UTC: datetime.datetime.now(datetime.UTC).
  "last_updated": datetime.utcnow().isoformat()
  ✅ Saved to Supabase
⏰ 05:20:00 - Gold $4497.20 | BUY | RSI: 27
/Users/anubhavarya/star/star-dashboard/gold_monitor.py:95: DeprecationWarning: datetime.datetime.utcnow() is deprecated and scheduled for removal in a future version. Use timezone-aware objects to represent datetimes in UTC: datetime.datetime.now(datetime.UTC).
  "last_updated": datetime.utcnow().isoformat()
  ✅ Saved to Supabase
⏰ 05:21:00 - Gold $4497.20 | BUY | RSI: 27
/Users/anubhavarya/star/star-dashboard/gold_monitor.py:95: DeprecationWarning: datetime.datetime.utcnow() is deprecated and scheduled for removal in a future version. Use timezone-aware objects to represent datetimes in UTC: datetime.datetime.now(datetime.UTC).
  "last_updated": datetime.utcnow().isoformat()
  ✅ Saved to Supabase
⏰ 05:22:01 - Gold $4497.10 | BUY | RSI: 27
/Users/anubhavarya/star/star-dashboard/gold_monitor.py:95: DeprecationWarning: datetime.datetime.utcnow() is deprecated and scheduled for removal in a future version. Use timezone-aware objects to represent datetimes in UTC: datetime.datetime.now(datetime.UTC).
  "last_updated": datetime.utcnow().isoformat()
  ✅ Saved to Supabase
⏰ 05:23:01 - Gold $4498.00 | BUY | RSI: 27
/Users/anubhavarya/star/star-dashboard/gold_monitor.py:95: DeprecationWarning: datetime.datetime.utcnow() is deprecated and scheduled for removal in a future version. Use timezone-aware objects to represent datetimes in UTC: datetime.datetime.now(datetime.UTC).
  "last_updated": datetime.utcnow().isoformat()
  ✅ Saved to Supabase
⏰ 05:24:01 - Gold $4498.90 | BUY | RSI: 27
/Users/anubhavarya/star/star-dashboard/gold_monitor.py:95: DeprecationWarning: datetime.datetime.utcnow() is deprecated and scheduled for removal in a future version. Use timezone-aware objects to represent datetimes in UTC: datetime.datetime.now(datetime.UTC).
  "last_updated": datetime.utcnow().isoformat()
  ✅ Saved to Supabase
⏰ 05:25:02 - Gold $4498.90 | BUY | RSI: 27
/Users/anubhavarya/star/star-dashboard/gold_monitor.py:95: DeprecationWarning: datetime.datetime.utcnow() is deprecated and scheduled for removal in a future version. Use timezone-aware objects to represent datetimes in UTC: datetime.datetime.now(datetime.UTC).
  "last_updated": datetime.utcnow().isoformat()
  ✅ Saved to Supabase
⏰ 05:26:02 - Gold $4498.40 | BUY | RSI: 27
/Users/anubhavarya/star/star-dashboard/gold_monitor.py:95: DeprecationWarning: datetime.datetime.utcnow() is deprecated and scheduled for removal in a future version. Use timezone-aware objects to represent datetimes in UTC: datetime.datetime.now(datetime.UTC).
  "last_updated": datetime.utcnow().isoformat()
  ✅ Saved to Supabase
⏰ 05:27:03 - Gold $4496.80 | BUY | RSI: 27
/Users/anubhavarya/star/star-dashboard/gold_monitor.py:95: DeprecationWarning: datetime.datetime.utcnow() is deprecated and scheduled for removal in a future version. Use timezone-aware objects to represent datetimes in UTC: datetime.datetime.now(datetime.UTC).
  "last_updated": datetime.utcnow().isoformat()
  ✅ Saved to Supabase
⏰ 05:28:03 - Gold $4497.70 | BUY | RSI: 27
/Users/anubhavarya/star/star-dashboard/gold_monitor.py:95: DeprecationWarning: datetime.datetime.utcnow() is deprecated and scheduled for removal in a future version. Use timezone-aware objects to represent datetimes in UTC: datetime.datetime.now(datetime.UTC).
  "last_updated": datetime.utcnow().isoformat()
  ✅ Saved to Supabase
⏰ 05:29:04 - Gold $4496.80 | BUY | RSI: 27
/Users/anubhavarya/star/star-dashboard/gold_monitor.py:95: DeprecationWarning: datetime.datetime.utcnow() is deprecated and scheduled for removal in a future version. Use timezone-aware objects to represent datetimes in UTC: datetime.datetime.now(datetime.UTC).
  "last_updated": datetime.utcnow().isoformat()
  ✅ Saved to Supabase
⏰ 05:30:04 - Gold $4495.90 | BUY | RSI: 27
/Users/anubhavarya/star/star-dashboard/gold_monitor.py:95: DeprecationWarning: datetime.datetime.utcnow() is deprecated and scheduled for removal in a future version. Use timezone-aware objects to represent datetimes in UTC: datetime.datetime.now(datetime.UTC).
  "last_updated": datetime.utcnow().isoformat()
  ✅ Saved to Supabase
⏰ 05:31:05 - Gold $4495.80 | BUY | RSI: 27
/Users/anubhavarya/star/star-dashboard/gold_monitor.py:95: DeprecationWarning: datetime.datetime.utcnow() is deprecated and scheduled for removal in a future version. Use timezone-aware objects to represent datetimes in UTC: datetime.datetime.now(datetime.UTC).
  "last_updated": datetime.utcnow().isoformat()
  ✅ Saved to Supabase
⏰ 05:32:05 - Gold $4495.00 | BUY | RSI: 27
/Users/anubhavarya/star/star-dashboard/gold_monitor.py:95: DeprecationWarning: datetime.datetime.utcnow() is deprecated and scheduled for removal in a future version. Use timezone-aware objects to represent datetimes in UTC: datetime.datetime.now(datetime.UTC).
  "last_updated": datetime.utcnow().isoformat()
  ✅ Saved to Supabase
⏰ 05:33:05 - Gold $4493.80 | BUY | RSI: 27
/Users/anubhavarya/star/star-dashboard/gold_monitor.py:95: DeprecationWarning: datetime.datetime.utcnow() is deprecated and scheduled for removal in a future version. Use timezone-aware objects to represent datetimes in UTC: datetime.datetime.now(datetime.UTC).
  "last_updated": datetime.utcnow().isoformat()
  ✅ Saved to Supabase
⏰ 05:34:06 - Gold $4492.90 | BUY | RSI: 27
/Users/anubhavarya/star/star-dashboard/gold_monitor.py:95: DeprecationWarning: datetime.datetime.utcnow() is deprecated and scheduled for removal in a future version. Use timezone-aware objects to represent datetimes in UTC: datetime.datetime.now(datetime.UTC).
  "last_updated": datetime.utcnow().isoformat()
  ✅ Saved to Supabase
⏰ 05:35:06 - Gold $4494.50 | BUY | RSI: 27
/Users/anubhavarya/star/star-dashboard/gold_monitor.py:95: DeprecationWarning: datetime.datetime.utcnow() is deprecated and scheduled for removal in a future version. Use timezone-aware objects to represent datetimes in UTC: datetime.datetime.now(datetime.UTC).
  "last_updated": datetime.utcnow().isoformat()
  ✅ Saved to Supabase
⏰ 05:36:07 - Gold $4493.50 | BUY | RSI: 27
/Users/anubhavarya/star/star-dashboard/gold_monitor.py:95: DeprecationWarning: datetime.datetime.utcnow() is deprecated and scheduled for removal in a future version. Use timezone-aware objects to represent datetimes in UTC: datetime.datetime.now(datetime.UTC).
  "last_updated": datetime.utcnow().isoformat()
  ✅ Saved to Supabase
⏰ 05:37:07 - Gold $4493.70 | BUY | RSI: 27
/Users/anubhavarya/star/star-dashboard/gold_monitor.py:95: DeprecationWarning: datetime.datetime.utcnow() is deprecated and scheduled for removal in a future version. Use timezone-aware objects to represent datetimes in UTC: datetime.datetime.now(datetime.UTC).
  "last_updated": datetime.utcnow().isoformat()
  ✅ Saved to Supabase
⏰ 05:38:08 - Gold $4495.40 | BUY | RSI: 27
/Users/anubhavarya/star/star-dashboard/gold_monitor.py:95: DeprecationWarning: datetime.datetime.utcnow() is deprecated and scheduled for removal in a future version. Use timezone-aware objects to represent datetimes in UTC: datetime.datetime.now(datetime.UTC).
  "last_updated": datetime.utcnow().isoformat()
  ✅ Saved to Supabase
⏰ 05:39:08 - Gold $4495.30 | BUY | RSI: 27
/Users/anubhavarya/star/star-dashboard/gold_monitor.py:95: DeprecationWarning: datetime.datetime.utcnow() is deprecated and scheduled for removal in a future version. Use timezone-aware objects to represent datetimes in UTC: datetime.datetime.now(datetime.UTC).
  "last_updated": datetime.utcnow().isoformat()
  ✅ Saved to Supabase
⏰ 05:40:09 - Gold $4494.90 | BUY | RSI: 27
/Users/anubhavarya/star/star-dashboard/gold_monitor.py:95: DeprecationWarning: datetime.datetime.utcnow() is deprecated and scheduled for removal in a future version. Use timezone-aware objects to represent datetimes in UTC: datetime.datetime.now(datetime.UTC).
  "last_updated": datetime.utcnow().isoformat()
  ✅ Saved to Supabase
⏰ 05:41:09 - Gold $4494.80 | BUY | RSI: 27
/Users/anubhavarya/star/star-dashboard/gold_monitor.py:95: DeprecationWarning: datetime.datetime.utcnow() is deprecated and scheduled for removal in a future version. Use timezone-aware objects to represent datetimes in UTC: datetime.datetime.now(datetime.UTC).
  "last_updated": datetime.utcnow().isoformat()
  ✅ Saved to Supabase
⏰ 05:42:10 - Gold $4494.60 | BUY | RSI: 27
/Users/anubhavarya/star/star-dashboard/gold_monitor.py:95: DeprecationWarning: datetime.datetime.utcnow() is deprecated and scheduled for removal in a future version. Use timezone-aware objects to represent datetimes in UTC: datetime.datetime.now(datetime.UTC).
  "last_updated": datetime.utcnow().isoformat()
  ✅ Saved to Supabase
⏰ 05:43:10 - Gold $4496.50 | BUY | RSI: 27
/Users/anubhavarya/star/star-dashboard/gold_monitor.py:95: DeprecationWarning: datetime.datetime.utcnow() is deprecated and scheduled for removal in a future version. Use timezone-aware objects to represent datetimes in UTC: datetime.datetime.now(datetime.UTC).
  "last_updated": datetime.utcnow().isoformat()
  ✅ Saved to Supabase
⏰ 05:44:11 - Gold $4496.40 | BUY | RSI: 27
/Users/anubhavarya/star/star-dashboard/gold_monitor.py:95: DeprecationWarning: datetime.datetime.utcnow() is deprecated and scheduled for removal in a future version. Use timezone-aware objects to represent datetimes in UTC: datetime.datetime.now(datetime.UTC).
  "last_updated": datetime.utcnow().isoformat()
  ✅ Saved to Supabase
⏰ 05:45:11 - Gold $4495.80 | BUY | RSI: 27
/Users/anubhavarya/star/star-dashboard/gold_monitor.py:95: DeprecationWarning: datetime.datetime.utcnow() is deprecated and scheduled for removal in a future version. Use timezone-aware objects to represent datetimes in UTC: datetime.datetime.now(datetime.UTC).
  "last_updated": datetime.utcnow().isoformat()
  ✅ Saved to Supabase
⏰ 05:46:12 - Gold $4497.30 | BUY | RSI: 27
/Users/anubhavarya/star/star-dashboard/gold_monitor.py:95: DeprecationWarning: datetime.datetime.utcnow() is deprecated and scheduled for removal in a future version. Use timezone-aware objects to represent datetimes in UTC: datetime.datetime.now(datetime.UTC).
  "last_updated": datetime.utcnow().isoformat()
  ✅ Saved to Supabase
⏰ 05:47:12 - Gold $4498.00 | BUY | RSI: 27
/Users/anubhavarya/star/star-dashboard/gold_monitor.py:95: DeprecationWarning: datetime.datetime.utcnow() is deprecated and scheduled for removal in a future version. Use timezone-aware objects to represent datetimes in UTC: datetime.datetime.now(datetime.UTC).
  "last_updated": datetime.utcnow().isoformat()
  ✅ Saved to Supabase
⏰ 05:48:13 - Gold $4498.00 | BUY | RSI: 27
/Users/anubhavarya/star/star-dashboard/gold_monitor.py:95: DeprecationWarning: datetime.datetime.utcnow() is deprecated and scheduled for removal in a future version. Use timezone-aware objects to represent datetimes in UTC: datetime.datetime.now(datetime.UTC).
  "last_updated": datetime.utcnow().isoformat()
  ✅ Saved to Supabase
⏰ 05:49:13 - Gold $4496.80 | BUY | RSI: 27
/Users/anubhavarya/star/star-dashboard/gold_monitor.py:95: DeprecationWarning: datetime.datetime.utcnow() is deprecated and scheduled for removal in a future version. Use timezone-aware objects to represent datetimes in UTC: datetime.datetime.now(datetime.UTC).
  "last_updated": datetime.utcnow().isoformat()
  ✅ Saved to Supabase
⏰ 05:50:13 - Gold $4497.40 | BUY | RSI: 27
/Users/anubhavarya/star/star-dashboard/gold_monitor.py:95: DeprecationWarning: datetime.datetime.utcnow() is deprecated and scheduled for removal in a future version. Use timezone-aware objects to represent datetimes in UTC: datetime.datetime.now(datetime.UTC).
  "last_updated": datetime.utcnow().isoformat()
  ✅ Saved to Supabase
⏰ 05:51:14 - Gold $4496.30 | BUY | RSI: 27
/Users/anubhavarya/star/star-dashboard/gold_monitor.py:95: DeprecationWarning: datetime.datetime.utcnow() is deprecated and scheduled for removal in a future version. Use timezone-aware objects to represent datetimes in UTC: datetime.datetime.now(datetime.UTC).
  "last_updated": datetime.utcnow().isoformat()
  ✅ Saved to Supabase
⏰ 05:52:14 - Gold $4498.60 | BUY | RSI: 27
/Users/anubhavarya/star/star-dashboard/gold_monitor.py:95: DeprecationWarning: datetime.datetime.utcnow() is deprecated and scheduled for removal in a future version. Use timezone-aware objects to represent datetimes in UTC: datetime.datetime.now(datetime.UTC).
  "last_updated": datetime.utcnow().isoformat()
  ✅ Saved to Supabase
⏰ 05:53:15 - Gold $4500.00 | BUY | RSI: 27
/Users/anubhavarya/star/star-dashboard/gold_monitor.py:95: DeprecationWarning: datetime.datetime.utcnow() is deprecated and scheduled for removal in a future version. Use timezone-aware objects to represent datetimes in UTC: datetime.datetime.now(datetime.UTC).
  "last_updated": datetime.utcnow().isoformat()
  ✅ Saved to Supabase
⏰ 05:54:15 - Gold $4500.50 | BUY | RSI: 27
/Users/anubhavarya/star/star-dashboard/gold_monitor.py:95: DeprecationWarning: datetime.datetime.utcnow() is deprecated and scheduled for removal in a future version. Use timezone-aware objects to represent datetimes in UTC: datetime.datetime.now(datetime.UTC).
  "last_updated": datetime.utcnow().isoformat()
  ✅ Saved to Supabase
⏰ 05:55:16 - Gold $4499.50 | BUY | RSI: 27
/Users/anubhavarya/star/star-dashboard/gold_monitor.py:95: DeprecationWarning: datetime.datetime.utcnow() is deprecated and scheduled for removal in a future version. Use timezone-aware objects to represent datetimes in UTC: datetime.datetime.now(datetime.UTC).
  "last_updated": datetime.utcnow().isoformat()
  ✅ Saved to Supabase
⏰ 05:56:16 - Gold $4500.10 | BUY | RSI: 27
/Users/anubhavarya/star/star-dashboard/gold_monitor.py:95: DeprecationWarning: datetime.datetime.utcnow() is deprecated and scheduled for removal in a future version. Use timezone-aware objects to represent datetimes in UTC: datetime.datetime.now(datetime.UTC).
  "last_updated": datetime.utcnow().isoformat()
  ✅ Saved to Supabase
⏰ 05:57:17 - Gold $4499.80 | BUY | RSI: 27
/Users/anubhavarya/star/star-dashboard/gold_monitor.py:95: DeprecationWarning: datetime.datetime.utcnow() is deprecated and scheduled for removal in a future version. Use timezone-aware objects to represent datetimes in UTC: datetime.datetime.now(datetime.UTC).
  "last_updated": datetime.utcnow().isoformat()
  ✅ Saved to Supabase
⏰ 05:58:17 - Gold $4498.90 | BUY | RSI: 27
/Users/anubhavarya/star/star-dashboard/gold_monitor.py:95: DeprecationWarning: datetime.datetime.utcnow() is deprecated and scheduled for removal in a future version. Use timezone-aware objects to represent datetimes in UTC: datetime.datetime.now(datetime.UTC).
  "last_updated": datetime.utcnow().isoformat()
  ✅ Saved to Supabase
⏰ 05:59:17 - Gold $4499.20 | BUY | RSI: 27
/Users/anubhavarya/star/star-dashboard/gold_monitor.py:95: DeprecationWarning: datetime.datetime.utcnow() is deprecated and scheduled for removal in a future version. Use timezone-aware objects to represent datetimes in UTC: datetime.datetime.now(datetime.UTC).
  "last_updated": datetime.utcnow().isoformat()
  ✅ Saved to Supabase
⏰ 06:00:18 - Gold $4498.90 | BUY | RSI: 27
/Users/anubhavarya/star/star-dashboard/gold_monitor.py:95: DeprecationWarning: datetime.datetime.utcnow() is deprecated and scheduled for removal in a future version. Use timezone-aware objects to represent datetimes in UTC: datetime.datetime.now(datetime.UTC).
  "last_updated": datetime.utcnow().isoformat()
  ✅ Saved to Supabase
⏰ 06:01:18 - Gold $4497.70 | BUY | RSI: 27
/Users/anubhavarya/star/star-dashboard/gold_monitor.py:95: DeprecationWarning: datetime.datetime.utcnow() is deprecated and scheduled for removal in a future version. Use timezone-aware objects to represent datetimes in UTC: datetime.datetime.now(datetime.UTC).
  "last_updated": datetime.utcnow().isoformat()
  ✅ Saved to Supabase
⏰ 06:02:19 - Gold $4496.70 | BUY | RSI: 27
/Users/anubhavarya/star/star-dashboard/gold_monitor.py:95: DeprecationWarning: datetime.datetime.utcnow() is deprecated and scheduled for removal in a future version. Use timezone-aware objects to represent datetimes in UTC: datetime.datetime.now(datetime.UTC).
  "last_updated": datetime.utcnow().isoformat()
  ✅ Saved to Supabase
⏰ 06:03:19 - Gold $4496.60 | BUY | RSI: 27
/Users/anubhavarya/star/star-dashboard/gold_monitor.py:95: DeprecationWarning: datetime.datetime.utcnow() is deprecated and scheduled for removal in a future version. Use timezone-aware objects to represent datetimes in UTC: datetime.datetime.now(datetime.UTC).
  "last_updated": datetime.utcnow().isoformat()
  ✅ Saved to Supabase
⏰ 06:04:19 - Gold $4497.50 | BUY | RSI: 27
/Users/anubhavarya/star/star-dashboard/gold_monitor.py:95: DeprecationWarning: datetime.datetime.utcnow() is deprecated and scheduled for removal in a future version. Use timezone-aware objects to represent datetimes in UTC: datetime.datetime.now(datetime.UTC).
  "last_updated": datetime.utcnow().isoformat()
  ✅ Saved to Supabase
⏰ 06:05:20 - Gold $4498.40 | BUY | RSI: 27
/Users/anubhavarya/star/star-dashboard/gold_monitor.py:95: DeprecationWarning: datetime.datetime.utcnow() is deprecated and scheduled for removal in a future version. Use timezone-aware objects to represent datetimes in UTC: datetime.datetime.now(datetime.UTC).
  "last_updated": datetime.utcnow().isoformat()
  ✅ Saved to Supabase
⏰ 06:06:20 - Gold $4498.20 | BUY | RSI: 27
/Users/anubhavarya/star/star-dashboard/gold_monitor.py:95: DeprecationWarning: datetime.datetime.utcnow() is deprecated and scheduled for removal in a future version. Use timezone-aware objects to represent datetimes in UTC: datetime.datetime.now(datetime.UTC).
  "last_updated": datetime.utcnow().isoformat()
  ✅ Saved to Supabase
⏰ 06:07:21 - Gold $4498.70 | BUY | RSI: 27
/Users/anubhavarya/star/star-dashboard/gold_monitor.py:95: DeprecationWarning: datetime.datetime.utcnow() is deprecated and scheduled for removal in a future version. Use timezone-aware objects to represent datetimes in UTC: datetime.datetime.now(datetime.UTC).
  "last_updated": datetime.utcnow().isoformat()
  ✅ Saved to Supabase
⏰ 06:08:21 - Gold $4498.50 | BUY | RSI: 27
/Users/anubhavarya/star/star-dashboard/gold_monitor.py:95: DeprecationWarning: datetime.datetime.utcnow() is deprecated and scheduled for removal in a future version. Use timezone-aware objects to represent datetimes in UTC: datetime.datetime.now(datetime.UTC).
  "last_updated": datetime.utcnow().isoformat()
  ✅ Saved to Supabase
⏰ 06:09:21 - Gold $4500.40 | BUY | RSI: 27
/Users/anubhavarya/star/star-dashboard/gold_monitor.py:95: DeprecationWarning: datetime.datetime.utcnow() is deprecated and scheduled for removal in a future version. Use timezone-aware objects to represent datetimes in UTC: datetime.datetime.now(datetime.UTC).
  "last_updated": datetime.utcnow().isoformat()
  ✅ Saved to Supabase
⏰ 06:10:22 - Gold $4502.70 | BUY | RSI: 27
/Users/anubhavarya/star/star-dashboard/gold_monitor.py:95: DeprecationWarning: datetime.datetime.utcnow() is deprecated and scheduled for removal in a future version. Use timezone-aware objects to represent datetimes in UTC: datetime.datetime.now(datetime.UTC).
  "last_updated": datetime.utcnow().isoformat()
  ✅ Saved to Supabase
⏰ 06:11:22 - Gold $4501.30 | BUY | RSI: 27
/Users/anubhavarya/star/star-dashboard/gold_monitor.py:95: DeprecationWarning: datetime.datetime.utcnow() is deprecated and scheduled for removal in a future version. Use timezone-aware objects to represent datetimes in UTC: datetime.datetime.now(datetime.UTC).
  "last_updated": datetime.utcnow().isoformat()
  ✅ Saved to Supabase
⏰ 06:12:22 - Gold $4499.30 | BUY | RSI: 27
/Users/anubhavarya/star/star-dashboard/gold_monitor.py:95: DeprecationWarning: datetime.datetime.utcnow() is deprecated and scheduled for removal in a future version. Use timezone-aware objects to represent datetimes in UTC: datetime.datetime.now(datetime.UTC).
  "last_updated": datetime.utcnow().isoformat()
  ✅ Saved to Supabase
⏰ 06:13:23 - Gold $4498.30 | BUY | RSI: 27
/Users/anubhavarya/star/star-dashboard/gold_monitor.py:95: DeprecationWarning: datetime.datetime.utcnow() is deprecated and scheduled for removal in a future version. Use timezone-aware objects to represent datetimes in UTC: datetime.datetime.now(datetime.UTC).
  "last_updated": datetime.utcnow().isoformat()
  ✅ Saved to Supabase
⏰ 06:14:23 - Gold $4500.50 | BUY | RSI: 27
/Users/anubhavarya/star/star-dashboard/gold_monitor.py:95: DeprecationWarning: datetime.datetime.utcnow() is deprecated and scheduled for removal in a future version. Use timezone-aware objects to represent datetimes in UTC: datetime.datetime.now(datetime.UTC).
  "last_updated": datetime.utcnow().isoformat()
  ✅ Saved to Supabase
⏰ 06:15:24 - Gold $4500.90 | BUY | RSI: 27
/Users/anubhavarya/star/star-dashboard/gold_monitor.py:95: DeprecationWarning: datetime.datetime.utcnow() is deprecated and scheduled for removal in a future version. Use timezone-aware objects to represent datetimes in UTC: datetime.datetime.now(datetime.UTC).
  "last_updated": datetime.utcnow().isoformat()
  ✅ Saved to Supabase
⏰ 06:16:24 - Gold $4500.10 | BUY | RSI: 27
/Users/anubhavarya/star/star-dashboard/gold_monitor.py:95: DeprecationWarning: datetime.datetime.utcnow() is deprecated and scheduled for removal in a future version. Use timezone-aware objects to represent datetimes in UTC: datetime.datetime.now(datetime.UTC).
  "last_updated": datetime.utcnow().isoformat()
  ✅ Saved to Supabase
⏰ 06:17:24 - Gold $4501.90 | BUY | RSI: 27
/Users/anubhavarya/star/star-dashboard/gold_monitor.py:95: DeprecationWarning: datetime.datetime.utcnow() is deprecated and scheduled for removal in a future version. Use timezone-aware objects to represent datetimes in UTC: datetime.datetime.now(datetime.UTC).
  "last_updated": datetime.utcnow().isoformat()
  ✅ Saved to Supabase
⏰ 06:18:25 - Gold $4504.70 | BUY | RSI: 27
/Users/anubhavarya/star/star-dashboard/gold_monitor.py:95: DeprecationWarning: datetime.datetime.utcnow() is deprecated and scheduled for removal in a future version. Use timezone-aware objects to represent datetimes in UTC: datetime.datetime.now(datetime.UTC).
  "last_updated": datetime.utcnow().isoformat()
  ✅ Saved to Supabase
⏰ 06:19:25 - Gold $4505.20 | BUY | RSI: 27
/Users/anubhavarya/star/star-dashboard/gold_monitor.py:95: DeprecationWarning: datetime.datetime.utcnow() is deprecated and scheduled for removal in a future version. Use timezone-aware objects to represent datetimes in UTC: datetime.datetime.now(datetime.UTC).
  "last_updated": datetime.utcnow().isoformat()
  ✅ Saved to Supabase
⏰ 06:20:26 - Gold $4504.30 | BUY | RSI: 27
/Users/anubhavarya/star/star-dashboard/gold_monitor.py:95: DeprecationWarning: datetime.datetime.utcnow() is deprecated and scheduled for removal in a future version. Use timezone-aware objects to represent datetimes in UTC: datetime.datetime.now(datetime.UTC).
  "last_updated": datetime.utcnow().isoformat()
  ✅ Saved to Supabase
⏰ 06:21:26 - Gold $4505.30 | BUY | RSI: 27
/Users/anubhavarya/star/star-dashboard/gold_monitor.py:95: DeprecationWarning: datetime.datetime.utcnow() is deprecated and scheduled for removal in a future version. Use timezone-aware objects to represent datetimes in UTC: datetime.datetime.now(datetime.UTC).
  "last_updated": datetime.utcnow().isoformat()
  ✅ Saved to Supabase
⏰ 06:22:27 - Gold $4503.10 | BUY | RSI: 27
/Users/anubhavarya/star/star-dashboard/gold_monitor.py:95: DeprecationWarning: datetime.datetime.utcnow() is deprecated and scheduled for removal in a future version. Use timezone-aware objects to represent datetimes in UTC: datetime.datetime.now(datetime.UTC).
  "last_updated": datetime.utcnow().isoformat()
  ✅ Saved to Supabase
⏰ 06:23:27 - Gold $4503.60 | BUY | RSI: 27
/Users/anubhavarya/star/star-dashboard/gold_monitor.py:95: DeprecationWarning: datetime.datetime.utcnow() is deprecated and scheduled for removal in a future version. Use timezone-aware objects to represent datetimes in UTC: datetime.datetime.now(datetime.UTC).
  "last_updated": datetime.utcnow().isoformat()
  ✅ Saved to Supabase
⏰ 06:24:28 - Gold $4503.20 | BUY | RSI: 27
/Users/anubhavarya/star/star-dashboard/gold_monitor.py:95: DeprecationWarning: datetime.datetime.utcnow() is deprecated and scheduled for removal in a future version. Use timezone-aware objects to represent datetimes in UTC: datetime.datetime.now(datetime.UTC).
  "last_updated": datetime.utcnow().isoformat()
  ✅ Saved to Supabase
⏰ 06:25:28 - Gold $4502.00 | BUY | RSI: 27
/Users/anubhavarya/star/star-dashboard/gold_monitor.py:95: DeprecationWarning: datetime.datetime.utcnow() is deprecated and scheduled for removal in a future version. Use timezone-aware objects to represent datetimes in UTC: datetime.datetime.now(datetime.UTC).
  "last_updated": datetime.utcnow().isoformat()
  ✅ Saved to Supabase
⏰ 06:26:29 - Gold $4502.50 | BUY | RSI: 27
/Users/anubhavarya/star/star-dashboard/gold_monitor.py:95: DeprecationWarning: datetime.datetime.utcnow() is deprecated and scheduled for removal in a future version. Use timezone-aware objects to represent datetimes in UTC: datetime.datetime.now(datetime.UTC).
  "last_updated": datetime.utcnow().isoformat()
  ✅ Saved to Supabase
⏰ 06:27:29 - Gold $4506.20 | BUY | RSI: 27
/Users/anubhavarya/star/star-dashboard/gold_monitor.py:95: DeprecationWarning: datetime.datetime.utcnow() is deprecated and scheduled for removal in a future version. Use timezone-aware objects to represent datetimes in UTC: datetime.datetime.now(datetime.UTC).
  "last_updated": datetime.utcnow().isoformat()
  ✅ Saved to Supabase
⏰ 06:28:30 - Gold $4504.40 | BUY | RSI: 27
/Users/anubhavarya/star/star-dashboard/gold_monitor.py:95: DeprecationWarning: datetime.datetime.utcnow() is deprecated and scheduled for removal in a future version. Use timezone-aware objects to represent datetimes in UTC: datetime.datetime.now(datetime.UTC).
  "last_updated": datetime.utcnow().isoformat()
  ✅ Saved to Supabase
⏰ 06:29:30 - Gold $4504.90 | BUY | RSI: 27
/Users/anubhavarya/star/star-dashboard/gold_monitor.py:95: DeprecationWarning: datetime.datetime.utcnow() is deprecated and scheduled for removal in a future version. Use timezone-aware objects to represent datetimes in UTC: datetime.datetime.now(datetime.UTC).
  "last_updated": datetime.utcnow().isoformat()
  ✅ Saved to Supabase
⏰ 06:30:31 - Gold $4505.30 | BUY | RSI: 27
/Users/anubhavarya/star/star-dashboard/gold_monitor.py:95: DeprecationWarning: datetime.datetime.utcnow() is deprecated and scheduled for removal in a future version. Use timezone-aware objects to represent datetimes in UTC: datetime.datetime.now(datetime.UTC).
  "last_updated": datetime.utcnow().isoformat()
  ✅ Saved to Supabase
⏰ 06:31:31 - Gold $4505.80 | BUY | RSI: 27
/Users/anubhavarya/star/star-dashboard/gold_monitor.py:95: DeprecationWarning: datetime.datetime.utcnow() is deprecated and scheduled for removal in a future version. Use timezone-aware objects to represent datetimes in UTC: datetime.datetime.now(datetime.UTC).
  "last_updated": datetime.utcnow().isoformat()
  ✅ Saved to Supabase
⏰ 06:32:32 - Gold $4506.00 | BUY | RSI: 27
/Users/anubhavarya/star/star-dashboard/gold_monitor.py:95: DeprecationWarning: datetime.datetime.utcnow() is deprecated and scheduled for removal in a future version. Use timezone-aware objects to represent datetimes in UTC: datetime.datetime.now(datetime.UTC).
  "last_updated": datetime.utcnow().isoformat()
  ✅ Saved to Supabase
⏰ 06:33:32 - Gold $4506.10 | BUY | RSI: 27
/Users/anubhavarya/star/star-dashboard/gold_monitor.py:95: DeprecationWarning: datetime.datetime.utcnow() is deprecated and scheduled for removal in a future version. Use timezone-aware objects to represent datetimes in UTC: datetime.datetime.now(datetime.UTC).
  "last_updated": datetime.utcnow().isoformat()
  ✅ Saved to Supabase
⏰ 06:34:33 - Gold $4506.60 | BUY | RSI: 27
/Users/anubhavarya/star/star-dashboard/gold_monitor.py:95: DeprecationWarning: datetime.datetime.utcnow() is deprecated and scheduled for removal in a future version. Use timezone-aware objects to represent datetimes in UTC: datetime.datetime.now(datetime.UTC).
  "last_updated": datetime.utcnow().isoformat()
  ✅ Saved to Supabase
⏰ 06:35:33 - Gold $4506.00 | BUY | RSI: 27
/Users/anubhavarya/star/star-dashboard/gold_monitor.py:95: DeprecationWarning: datetime.datetime.utcnow() is deprecated and scheduled for removal in a future version. Use timezone-aware objects to represent datetimes in UTC: datetime.datetime.now(datetime.UTC).
  "last_updated": datetime.utcnow().isoformat()
  ✅ Saved to Supabase
⏰ 06:36:33 - Gold $4509.50 | BUY | RSI: 27
/Users/anubhavarya/star/star-dashboard/gold_monitor.py:95: DeprecationWarning: datetime.datetime.utcnow() is deprecated and scheduled for removal in a future version. Use timezone-aware objects to represent datetimes in UTC: datetime.datetime.now(datetime.UTC).
  "last_updated": datetime.utcnow().isoformat()
  ✅ Saved to Supabase
⏰ 06:37:34 - Gold $4514.20 | BUY | RSI: 27
/Users/anubhavarya/star/star-dashboard/gold_monitor.py:95: DeprecationWarning: datetime.datetime.utcnow() is deprecated and scheduled for removal in a future version. Use timezone-aware objects to represent datetimes in UTC: datetime.datetime.now(datetime.UTC).
  "last_updated": datetime.utcnow().isoformat()
  ✅ Saved to Supabase
⏰ 06:38:34 - Gold $4517.60 | BUY | RSI: 27
/Users/anubhavarya/star/star-dashboard/gold_monitor.py:95: DeprecationWarning: datetime.datetime.utcnow() is deprecated and scheduled for removal in a future version. Use timezone-aware objects to represent datetimes in UTC: datetime.datetime.now(datetime.UTC).
  "last_updated": datetime.utcnow().isoformat()
  ✅ Saved to Supabase
⏰ 06:39:35 - Gold $4516.30 | BUY | RSI: 27
/Users/anubhavarya/star/star-dashboard/gold_monitor.py:95: DeprecationWarning: datetime.datetime.utcnow() is deprecated and scheduled for removal in a future version. Use timezone-aware objects to represent datetimes in UTC: datetime.datetime.now(datetime.UTC).
  "last_updated": datetime.utcnow().isoformat()
  ✅ Saved to Supabase
⏰ 06:40:35 - Gold $4520.00 | BUY | RSI: 27
/Users/anubhavarya/star/star-dashboard/gold_monitor.py:95: DeprecationWarning: datetime.datetime.utcnow() is deprecated and scheduled for removal in a future version. Use timezone-aware objects to represent datetimes in UTC: datetime.datetime.now(datetime.UTC).
  "last_updated": datetime.utcnow().isoformat()
  ✅ Saved to Supabase
⏰ 06:41:36 - Gold $4518.10 | BUY | RSI: 27
/Users/anubhavarya/star/star-dashboard/gold_monitor.py:95: DeprecationWarning: datetime.datetime.utcnow() is deprecated and scheduled for removal in a future version. Use timezone-aware objects to represent datetimes in UTC: datetime.datetime.now(datetime.UTC).
  "last_updated": datetime.utcnow().isoformat()
  ✅ Saved to Supabase
⏰ 06:42:36 - Gold $4516.40 | BUY | RSI: 27
/Users/anubhavarya/star/star-dashboard/gold_monitor.py:95: DeprecationWarning: datetime.datetime.utcnow() is deprecated and scheduled for removal in a future version. Use timezone-aware objects to represent datetimes in UTC: datetime.datetime.now(datetime.UTC).
  "last_updated": datetime.utcnow().isoformat()
  ✅ Saved to Supabase
⏰ 06:43:37 - Gold $4515.50 | BUY | RSI: 27
/Users/anubhavarya/star/star-dashboard/gold_monitor.py:95: DeprecationWarning: datetime.datetime.utcnow() is deprecated and scheduled for removal in a future version. Use timezone-aware objects to represent datetimes in UTC: datetime.datetime.now(datetime.UTC).
  "last_updated": datetime.utcnow().isoformat()
  ✅ Saved to Supabase
⏰ 06:44:37 - Gold $4512.50 | BUY | RSI: 27
/Users/anubhavarya/star/star-dashboard/gold_monitor.py:95: DeprecationWarning: datetime.datetime.utcnow() is deprecated and scheduled for removal in a future version. Use timezone-aware objects to represent datetimes in UTC: datetime.datetime.now(datetime.UTC).
  "last_updated": datetime.utcnow().isoformat()
  ✅ Saved to Supabase
⏰ 06:45:38 - Gold $4512.50 | BUY | RSI: 27
/Users/anubhavarya/star/star-dashboard/gold_monitor.py:95: DeprecationWarning: datetime.datetime.utcnow() is deprecated and scheduled for removal in a future version. Use timezone-aware objects to represent datetimes in UTC: datetime.datetime.now(datetime.UTC).
  "last_updated": datetime.utcnow().isoformat()
  ✅ Saved to Supabase
⏰ 06:46:38 - Gold $4511.50 | BUY | RSI: 27
/Users/anubhavarya/star/star-dashboard/gold_monitor.py:95: DeprecationWarning: datetime.datetime.utcnow() is deprecated and scheduled for removal in a future version. Use timezone-aware objects to represent datetimes in UTC: datetime.datetime.now(datetime.UTC).
  "last_updated": datetime.utcnow().isoformat()
  ✅ Saved to Supabase
⏰ 06:47:39 - Gold $4510.90 | BUY | RSI: 27
/Users/anubhavarya/star/star-dashboard/gold_monitor.py:95: DeprecationWarning: datetime.datetime.utcnow() is deprecated and scheduled for removal in a future version. Use timezone-aware objects to represent datetimes in UTC: datetime.datetime.now(datetime.UTC).
  "last_updated": datetime.utcnow().isoformat()
  ✅ Saved to Supabase
⏰ 06:48:39 - Gold $4512.40 | BUY | RSI: 27
/Users/anubhavarya/star/star-dashboard/gold_monitor.py:95: DeprecationWarning: datetime.datetime.utcnow() is deprecated and scheduled for removal in a future version. Use timezone-aware objects to represent datetimes in UTC: datetime.datetime.now(datetime.UTC).
  "last_updated": datetime.utcnow().isoformat()
  ✅ Saved to Supabase
⏰ 06:49:40 - Gold $4513.70 | BUY | RSI: 27
/Users/anubhavarya/star/star-dashboard/gold_monitor.py:95: DeprecationWarning: datetime.datetime.utcnow() is deprecated and scheduled for removal in a future version. Use timezone-aware objects to represent datetimes in UTC: datetime.datetime.now(datetime.UTC).
  "last_updated": datetime.utcnow().isoformat()
  ✅ Saved to Supabase
⏰ 06:50:40 - Gold $4515.10 | BUY | RSI: 27
/Users/anubhavarya/star/star-dashboard/gold_monitor.py:95: DeprecationWarning: datetime.datetime.utcnow() is deprecated and scheduled for removal in a future version. Use timezone-aware objects to represent datetimes in UTC: datetime.datetime.now(datetime.UTC).
  "last_updated": datetime.utcnow().isoformat()
  ✅ Saved to Supabase
⏰ 06:51:40 - Gold $4516.50 | BUY | RSI: 27
/Users/anubhavarya/star/star-dashboard/gold_monitor.py:95: DeprecationWarning: datetime.datetime.utcnow() is deprecated and scheduled for removal in a future version. Use timezone-aware objects to represent datetimes in UTC: datetime.datetime.now(datetime.UTC).
  "last_updated": datetime.utcnow().isoformat()
  ✅ Saved to Supabase
⏰ 06:52:41 - Gold $4516.70 | BUY | RSI: 27
/Users/anubhavarya/star/star-dashboard/gold_monitor.py:95: DeprecationWarning: datetime.datetime.utcnow() is deprecated and scheduled for removal in a future version. Use timezone-aware objects to represent datetimes in UTC: datetime.datetime.now(datetime.UTC).
  "last_updated": datetime.utcnow().isoformat()
  ✅ Saved to Supabase
⏰ 06:53:41 - Gold $4516.20 | BUY | RSI: 27
/Users/anubhavarya/star/star-dashboard/gold_monitor.py:95: DeprecationWarning: datetime.datetime.utcnow() is deprecated and scheduled for removal in a future version. Use timezone-aware objects to represent datetimes in UTC: datetime.datetime.now(datetime.UTC).
  "last_updated": datetime.utcnow().isoformat()
  ✅ Saved to Supabase
⏰ 06:54:42 - Gold $4519.40 | BUY | RSI: 27
/Users/anubhavarya/star/star-dashboard/gold_monitor.py:95: DeprecationWarning: datetime.datetime.utcnow() is deprecated and scheduled for removal in a future version. Use timezone-aware objects to represent datetimes in UTC: datetime.datetime.now(datetime.UTC).
  "last_updated": datetime.utcnow().isoformat()
  ✅ Saved to Supabase
⏰ 06:55:42 - Gold $4520.60 | BUY | RSI: 27
/Users/anubhavarya/star/star-dashboard/gold_monitor.py:95: DeprecationWarning: datetime.datetime.utcnow() is deprecated and scheduled for removal in a future version. Use timezone-aware objects to represent datetimes in UTC: datetime.datetime.now(datetime.UTC).
  "last_updated": datetime.utcnow().isoformat()
  ✅ Saved to Supabase
⏰ 06:56:43 - Gold $4522.90 | BUY | RSI: 27
/Users/anubhavarya/star/star-dashboard/gold_monitor.py:95: DeprecationWarning: datetime.datetime.utcnow() is deprecated and scheduled for removal in a future version. Use timezone-aware objects to represent datetimes in UTC: datetime.datetime.now(datetime.UTC).
  "last_updated": datetime.utcnow().isoformat()
  ✅ Saved to Supabase
⏰ 06:57:43 - Gold $4527.60 | BUY | RSI: 27
/Users/anubhavarya/star/star-dashboard/gold_monitor.py:95: DeprecationWarning: datetime.datetime.utcnow() is deprecated and scheduled for removal in a future version. Use timezone-aware objects to represent datetimes in UTC: datetime.datetime.now(datetime.UTC).
  "last_updated": datetime.utcnow().isoformat()
  ✅ Saved to Supabase
⏰ 06:58:43 - Gold $4531.10 | BUY | RSI: 27
/Users/anubhavarya/star/star-dashboard/gold_monitor.py:95: DeprecationWarning: datetime.datetime.utcnow() is deprecated and scheduled for removal in a future version. Use timezone-aware objects to represent datetimes in UTC: datetime.datetime.now(datetime.UTC).
  "last_updated": datetime.utcnow().isoformat()
  ✅ Saved to Supabase
⏰ 06:59:44 - Gold $4529.20 | BUY | RSI: 27
/Users/anubhavarya/star/star-dashboard/gold_monitor.py:95: DeprecationWarning: datetime.datetime.utcnow() is deprecated and scheduled for removal in a future version. Use timezone-aware objects to represent datetimes in UTC: datetime.datetime.now(datetime.UTC).
  "last_updated": datetime.utcnow().isoformat()
  ✅ Saved to Supabase
⏰ 07:00:44 - Gold $4530.40 | BUY | RSI: 27
/Users/anubhavarya/star/star-dashboard/gold_monitor.py:95: DeprecationWarning: datetime.datetime.utcnow() is deprecated and scheduled for removal in a future version. Use timezone-aware objects to represent datetimes in UTC: datetime.datetime.now(datetime.UTC).
  "last_updated": datetime.utcnow().isoformat()
  ✅ Saved to Supabase
⏰ 07:01:45 - Gold $4531.80 | BUY | RSI: 27
/Users/anubhavarya/star/star-dashboard/gold_monitor.py:95: DeprecationWarning: datetime.datetime.utcnow() is deprecated and scheduled for removal in a future version. Use timezone-aware objects to represent datetimes in UTC: datetime.datetime.now(datetime.UTC).
  "last_updated": datetime.utcnow().isoformat()
  ✅ Saved to Supabase
⏰ 07:02:45 - Gold $4530.90 | BUY | RSI: 27
/Users/anubhavarya/star/star-dashboard/gold_monitor.py:95: DeprecationWarning: datetime.datetime.utcnow() is deprecated and scheduled for removal in a future version. Use timezone-aware objects to represent datetimes in UTC: datetime.datetime.now(datetime.UTC).
  "last_updated": datetime.utcnow().isoformat()
  ✅ Saved to Supabase
⏰ 07:03:45 - Gold $4530.30 | BUY | RSI: 27
/Users/anubhavarya/star/star-dashboard/gold_monitor.py:95: DeprecationWarning: datetime.datetime.utcnow() is deprecated and scheduled for removal in a future version. Use timezone-aware objects to represent datetimes in UTC: datetime.datetime.now(datetime.UTC).
  "last_updated": datetime.utcnow().isoformat()
  ✅ Saved to Supabase
⏰ 07:04:46 - Gold $4531.30 | BUY | RSI: 27
/Users/anubhavarya/star/star-dashboard/gold_monitor.py:95: DeprecationWarning: datetime.datetime.utcnow() is deprecated and scheduled for removal in a future version. Use timezone-aware objects to represent datetimes in UTC: datetime.datetime.now(datetime.UTC).
  "last_updated": datetime.utcnow().isoformat()
  ✅ Saved to Supabase
⏰ 07:05:46 - Gold $4532.90 | BUY | RSI: 27
/Users/anubhavarya/star/star-dashboard/gold_monitor.py:95: DeprecationWarning: datetime.datetime.utcnow() is deprecated and scheduled for removal in a future version. Use timezone-aware objects to represent datetimes in UTC: datetime.datetime.now(datetime.UTC).
  "last_updated": datetime.utcnow().isoformat()
  ✅ Saved to Supabase
⏰ 07:06:47 - Gold $4534.90 | BUY | RSI: 27
/Users/anubhavarya/star/star-dashboard/gold_monitor.py:95: DeprecationWarning: datetime.datetime.utcnow() is deprecated and scheduled for removal in a future version. Use timezone-aware objects to represent datetimes in UTC: datetime.datetime.now(datetime.UTC).
  "last_updated": datetime.utcnow().isoformat()
  ✅ Saved to Supabase
⏰ 07:07:47 - Gold $4540.10 | BUY | RSI: 27
/Users/anubhavarya/star/star-dashboard/gold_monitor.py:95: DeprecationWarning: datetime.datetime.utcnow() is deprecated and scheduled for removal in a future version. Use timezone-aware objects to represent datetimes in UTC: datetime.datetime.now(datetime.UTC).
  "last_updated": datetime.utcnow().isoformat()
  ✅ Saved to Supabase
⏰ 07:08:47 - Gold $4541.80 | BUY | RSI: 27
/Users/anubhavarya/star/star-dashboard/gold_monitor.py:95: DeprecationWarning: datetime.datetime.utcnow() is deprecated and scheduled for removal in a future version. Use timezone-aware objects to represent datetimes in UTC: datetime.datetime.now(datetime.UTC).
  "last_updated": datetime.utcnow().isoformat()
  ✅ Saved to Supabase
⏰ 07:09:48 - Gold $4540.60 | BUY | RSI: 27
/Users/anubhavarya/star/star-dashboard/gold_monitor.py:95: DeprecationWarning: datetime.datetime.utcnow() is deprecated and scheduled for removal in a future version. Use timezone-aware objects to represent datetimes in UTC: datetime.datetime.now(datetime.UTC).
  "last_updated": datetime.utcnow().isoformat()
  ✅ Saved to Supabase
⏰ 07:10:48 - Gold $4541.10 | BUY | RSI: 27
/Users/anubhavarya/star/star-dashboard/gold_monitor.py:95: DeprecationWarning: datetime.datetime.utcnow() is deprecated and scheduled for removal in a future version. Use timezone-aware objects to represent datetimes in UTC: datetime.datetime.now(datetime.UTC).
  "last_updated": datetime.utcnow().isoformat()
  ✅ Saved to Supabase
⏰ 07:11:49 - Gold $4534.90 | BUY | RSI: 27
/Users/anubhavarya/star/star-dashboard/gold_monitor.py:95: DeprecationWarning: datetime.datetime.utcnow() is deprecated and scheduled for removal in a future version. Use timezone-aware objects to represent datetimes in UTC: datetime.datetime.now(datetime.UTC).
  "last_updated": datetime.utcnow().isoformat()
  ✅ Saved to Supabase
⏰ 07:12:50 - Gold $4533.40 | BUY | RSI: 27
/Users/anubhavarya/star/star-dashboard/gold_monitor.py:95: DeprecationWarning: datetime.datetime.utcnow() is deprecated and scheduled for removal in a future version. Use timezone-aware objects to represent datetimes in UTC: datetime.datetime.now(datetime.UTC).
  "last_updated": datetime.utcnow().isoformat()
  ✅ Saved to Supabase
⏰ 07:13:50 - Gold $4532.90 | BUY | RSI: 27
/Users/anubhavarya/star/star-dashboard/gold_monitor.py:95: DeprecationWarning: datetime.datetime.utcnow() is deprecated and scheduled for removal in a future version. Use timezone-aware objects to represent datetimes in UTC: datetime.datetime.now(datetime.UTC).
  "last_updated": datetime.utcnow().isoformat()
  ✅ Saved to Supabase
⏰ 07:14:51 - Gold $4526.10 | BUY | RSI: 27
/Users/anubhavarya/star/star-dashboard/gold_monitor.py:95: DeprecationWarning: datetime.datetime.utcnow() is deprecated and scheduled for removal in a future version. Use timezone-aware objects to represent datetimes in UTC: datetime.datetime.now(datetime.UTC).
  "last_updated": datetime.utcnow().isoformat()
  ✅ Saved to Supabase
⏰ 07:15:51 - Gold $4526.60 | BUY | RSI: 27
/Users/anubhavarya/star/star-dashboard/gold_monitor.py:95: DeprecationWarning: datetime.datetime.utcnow() is deprecated and scheduled for removal in a future version. Use timezone-aware objects to represent datetimes in UTC: datetime.datetime.now(datetime.UTC).
  "last_updated": datetime.utcnow().isoformat()
  ✅ Saved to Supabase
⏰ 07:16:52 - Gold $4529.70 | BUY | RSI: 27
/Users/anubhavarya/star/star-dashboard/gold_monitor.py:95: DeprecationWarning: datetime.datetime.utcnow() is deprecated and scheduled for removal in a future version. Use timezone-aware objects to represent datetimes in UTC: datetime.datetime.now(datetime.UTC).
  "last_updated": datetime.utcnow().isoformat()
  ✅ Saved to Supabase
⏰ 07:17:52 - Gold $4530.20 | BUY | RSI: 27
/Users/anubhavarya/star/star-dashboard/gold_monitor.py:95: DeprecationWarning: datetime.datetime.utcnow() is deprecated and scheduled for removal in a future version. Use timezone-aware objects to represent datetimes in UTC: datetime.datetime.now(datetime.UTC).
  "last_updated": datetime.utcnow().isoformat()
  ✅ Saved to Supabase
⏰ 07:18:53 - Gold $4528.90 | BUY | RSI: 27
/Users/anubhavarya/star/star-dashboard/gold_monitor.py:95: DeprecationWarning: datetime.datetime.utcnow() is deprecated and scheduled for removal in a future version. Use timezone-aware objects to represent datetimes in UTC: datetime.datetime.now(datetime.UTC).
  "last_updated": datetime.utcnow().isoformat()
  ✅ Saved to Supabase
⏰ 07:19:53 - Gold $4526.50 | BUY | RSI: 27
/Users/anubhavarya/star/star-dashboard/gold_monitor.py:95: DeprecationWarning: datetime.datetime.utcnow() is deprecated and scheduled for removal in a future version. Use timezone-aware objects to represent datetimes in UTC: datetime.datetime.now(datetime.UTC).
  "last_updated": datetime.utcnow().isoformat()
  ✅ Saved to Supabase
⏰ 07:20:53 - Gold $4524.40 | BUY | RSI: 27
/Users/anubhavarya/star/star-dashboard/gold_monitor.py:95: DeprecationWarning: datetime.datetime.utcnow() is deprecated and scheduled for removal in a future version. Use timezone-aware objects to represent datetimes in UTC: datetime.datetime.now(datetime.UTC).
  "last_updated": datetime.utcnow().isoformat()
  ✅ Saved to Supabase
⏰ 07:21:54 - Gold $4520.10 | BUY | RSI: 27
/Users/anubhavarya/star/star-dashboard/gold_monitor.py:95: DeprecationWarning: datetime.datetime.utcnow() is deprecated and scheduled for removal in a future version. Use timezone-aware objects to represent datetimes in UTC: datetime.datetime.now(datetime.UTC).
  "last_updated": datetime.utcnow().isoformat()
  ✅ Saved to Supabase
⏰ 07:22:54 - Gold $4521.00 | BUY | RSI: 27
/Users/anubhavarya/star/star-dashboard/gold_monitor.py:95: DeprecationWarning: datetime.datetime.utcnow() is deprecated and scheduled for removal in a future version. Use timezone-aware objects to represent datetimes in UTC: datetime.datetime.now(datetime.UTC).
  "last_updated": datetime.utcnow().isoformat()
  ✅ Saved to Supabase
⏰ 07:23:55 - Gold $4520.70 | BUY | RSI: 27
/Users/anubhavarya/star/star-dashboard/gold_monitor.py:95: DeprecationWarning: datetime.datetime.utcnow() is deprecated and scheduled for removal in a future version. Use timezone-aware objects to represent datetimes in UTC: datetime.datetime.now(datetime.UTC).
  "last_updated": datetime.utcnow().isoformat()
  ✅ Saved to Supabase
⏰ 07:24:55 - Gold $4521.50 | BUY | RSI: 27
/Users/anubhavarya/star/star-dashboard/gold_monitor.py:95: DeprecationWarning: datetime.datetime.utcnow() is deprecated and scheduled for removal in a future version. Use timezone-aware objects to represent datetimes in UTC: datetime.datetime.now(datetime.UTC).
  "last_updated": datetime.utcnow().isoformat()
  ✅ Saved to Supabase
⏰ 07:25:56 - Gold $4519.70 | BUY | RSI: 27
/Users/anubhavarya/star/star-dashboard/gold_monitor.py:95: DeprecationWarning: datetime.datetime.utcnow() is deprecated and scheduled for removal in a future version. Use timezone-aware objects to represent datetimes in UTC: datetime.datetime.now(datetime.UTC).
  "last_updated": datetime.utcnow().isoformat()
  ✅ Saved to Supabase
⏰ 07:26:56 - Gold $4520.00 | BUY | RSI: 27
/Users/anubhavarya/star/star-dashboard/gold_monitor.py:95: DeprecationWarning: datetime.datetime.utcnow() is deprecated and scheduled for removal in a future version. Use timezone-aware objects to represent datetimes in UTC: datetime.datetime.now(datetime.UTC).
  "last_updated": datetime.utcnow().isoformat()
  ✅ Saved to Supabase
⏰ 07:27:57 - Gold $4519.70 | BUY | RSI: 27
/Users/anubhavarya/star/star-dashboard/gold_monitor.py:95: DeprecationWarning: datetime.datetime.utcnow() is deprecated and scheduled for removal in a future version. Use timezone-aware objects to represent datetimes in UTC: datetime.datetime.now(datetime.UTC).
  "last_updated": datetime.utcnow().isoformat()
  ✅ Saved to Supabase
⏰ 07:28:57 - Gold $4521.50 | BUY | RSI: 27
/Users/anubhavarya/star/star-dashboard/gold_monitor.py:95: DeprecationWarning: datetime.datetime.utcnow() is deprecated and scheduled for removal in a future version. Use timezone-aware objects to represent datetimes in UTC: datetime.datetime.now(datetime.UTC).
  "last_updated": datetime.utcnow().isoformat()
  ✅ Saved to Supabase
⏰ 07:29:58 - Gold $4520.00 | BUY | RSI: 27
/Users/anubhavarya/star/star-dashboard/gold_monitor.py:95: DeprecationWarning: datetime.datetime.utcnow() is deprecated and scheduled for removal in a future version. Use timezone-aware objects to represent datetimes in UTC: datetime.datetime.now(datetime.UTC).
  "last_updated": datetime.utcnow().isoformat()
  ✅ Saved to Supabase
⏰ 07:30:58 - Gold $4523.60 | BUY | RSI: 27
/Users/anubhavarya/star/star-dashboard/gold_monitor.py:95: DeprecationWarning: datetime.datetime.utcnow() is deprecated and scheduled for removal in a future version. Use timezone-aware objects to represent datetimes in UTC: datetime.datetime.now(datetime.UTC).
  "last_updated": datetime.utcnow().isoformat()
  ✅ Saved to Supabase
⏰ 07:31:59 - Gold $4525.30 | BUY | RSI: 27
/Users/anubhavarya/star/star-dashboard/gold_monitor.py:95: DeprecationWarning: datetime.datetime.utcnow() is deprecated and scheduled for removal in a future version. Use timezone-aware objects to represent datetimes in UTC: datetime.datetime.now(datetime.UTC).
  "last_updated": datetime.utcnow().isoformat()
  ✅ Saved to Supabase
⏰ 07:32:59 - Gold $4526.00 | BUY | RSI: 27
/Users/anubhavarya/star/star-dashboard/gold_monitor.py:95: DeprecationWarning: datetime.datetime.utcnow() is deprecated and scheduled for removal in a future version. Use timezone-aware objects to represent datetimes in UTC: datetime.datetime.now(datetime.UTC).
  "last_updated": datetime.utcnow().isoformat()
  ✅ Saved to Supabase
⏰ 07:33:59 - Gold $4526.90 | BUY | RSI: 27
/Users/anubhavarya/star/star-dashboard/gold_monitor.py:95: DeprecationWarning: datetime.datetime.utcnow() is deprecated and scheduled for removal in a future version. Use timezone-aware objects to represent datetimes in UTC: datetime.datetime.now(datetime.UTC).
  "last_updated": datetime.utcnow().isoformat()
  ✅ Saved to Supabase
⏰ 07:35:00 - Gold $4525.00 | BUY | RSI: 27
/Users/anubhavarya/star/star-dashboard/gold_monitor.py:95: DeprecationWarning: datetime.datetime.utcnow() is deprecated and scheduled for removal in a future version. Use timezone-aware objects to represent datetimes in UTC: datetime.datetime.now(datetime.UTC).
  "last_updated": datetime.utcnow().isoformat()
  ✅ Saved to Supabase
⏰ 07:36:01 - Gold $4524.80 | BUY | RSI: 27
/Users/anubhavarya/star/star-dashboard/gold_monitor.py:95: DeprecationWarning: datetime.datetime.utcnow() is deprecated and scheduled for removal in a future version. Use timezone-aware objects to represent datetimes in UTC: datetime.datetime.now(datetime.UTC).
  "last_updated": datetime.utcnow().isoformat()
  ✅ Saved to Supabase
⏰ 07:37:01 - Gold $4526.20 | BUY | RSI: 27
/Users/anubhavarya/star/star-dashboard/gold_monitor.py:95: DeprecationWarning: datetime.datetime.utcnow() is deprecated and scheduled for removal in a future version. Use timezone-aware objects to represent datetimes in UTC: datetime.datetime.now(datetime.UTC).
  "last_updated": datetime.utcnow().isoformat()
  ✅ Saved to Supabase
⏰ 07:38:01 - Gold $4527.20 | BUY | RSI: 27
/Users/anubhavarya/star/star-dashboard/gold_monitor.py:95: DeprecationWarning: datetime.datetime.utcnow() is deprecated and scheduled for removal in a future version. Use timezone-aware objects to represent datetimes in UTC: datetime.datetime.now(datetime.UTC).
  "last_updated": datetime.utcnow().isoformat()
  ✅ Saved to Supabase
⏰ 07:39:02 - Gold $4526.00 | BUY | RSI: 27
/Users/anubhavarya/star/star-dashboard/gold_monitor.py:95: DeprecationWarning: datetime.datetime.utcnow() is deprecated and scheduled for removal in a future version. Use timezone-aware objects to represent datetimes in UTC: datetime.datetime.now(datetime.UTC).
  "last_updated": datetime.utcnow().isoformat()
  ✅ Saved to Supabase
⏰ 07:40:02 - Gold $4527.80 | BUY | RSI: 27
/Users/anubhavarya/star/star-dashboard/gold_monitor.py:95: DeprecationWarning: datetime.datetime.utcnow() is deprecated and scheduled for removal in a future version. Use timezone-aware objects to represent datetimes in UTC: datetime.datetime.now(datetime.UTC).
  "last_updated": datetime.utcnow().isoformat()
  ✅ Saved to Supabase
⏰ 07:41:03 - Gold $4526.10 | BUY | RSI: 27
/Users/anubhavarya/star/star-dashboard/gold_monitor.py:95: DeprecationWarning: datetime.datetime.utcnow() is deprecated and scheduled for removal in a future version. Use timezone-aware objects to represent datetimes in UTC: datetime.datetime.now(datetime.UTC).
  "last_updated": datetime.utcnow().isoformat()
  ✅ Saved to Supabase
⏰ 07:42:03 - Gold $4528.00 | BUY | RSI: 27
/Users/anubhavarya/star/star-dashboard/gold_monitor.py:95: DeprecationWarning: datetime.datetime.utcnow() is deprecated and scheduled for removal in a future version. Use timezone-aware objects to represent datetimes in UTC: datetime.datetime.now(datetime.UTC).
  "last_updated": datetime.utcnow().isoformat()
  ✅ Saved to Supabase
⏰ 07:43:04 - Gold $4526.70 | BUY | RSI: 27
/Users/anubhavarya/star/star-dashboard/gold_monitor.py:95: DeprecationWarning: datetime.datetime.utcnow() is deprecated and scheduled for removal in a future version. Use timezone-aware objects to represent datetimes in UTC: datetime.datetime.now(datetime.UTC).
  "last_updated": datetime.utcnow().isoformat()
  ✅ Saved to Supabase
⏰ 07:44:04 - Gold $4526.60 | BUY | RSI: 27
/Users/anubhavarya/star/star-dashboard/gold_monitor.py:95: DeprecationWarning: datetime.datetime.utcnow() is deprecated and scheduled for removal in a future version. Use timezone-aware objects to represent datetimes in UTC: datetime.datetime.now(datetime.UTC).
  "last_updated": datetime.utcnow().isoformat()
  ✅ Saved to Supabase
⏰ 07:45:04 - Gold $4525.90 | BUY | RSI: 27
/Users/anubhavarya/star/star-dashboard/gold_monitor.py:95: DeprecationWarning: datetime.datetime.utcnow() is deprecated and scheduled for removal in a future version. Use timezone-aware objects to represent datetimes in UTC: datetime.datetime.now(datetime.UTC).
  "last_updated": datetime.utcnow().isoformat()
  ✅ Saved to Supabase
⏰ 07:46:05 - Gold $4529.30 | BUY | RSI: 27
/Users/anubhavarya/star/star-dashboard/gold_monitor.py:95: DeprecationWarning: datetime.datetime.utcnow() is deprecated and scheduled for removal in a future version. Use timezone-aware objects to represent datetimes in UTC: datetime.datetime.now(datetime.UTC).
  "last_updated": datetime.utcnow().isoformat()
  ✅ Saved to Supabase
⏰ 07:47:05 - Gold $4528.60 | BUY | RSI: 27
/Users/anubhavarya/star/star-dashboard/gold_monitor.py:95: DeprecationWarning: datetime.datetime.utcnow() is deprecated and scheduled for removal in a future version. Use timezone-aware objects to represent datetimes in UTC: datetime.datetime.now(datetime.UTC).
  "last_updated": datetime.utcnow().isoformat()
  ✅ Saved to Supabase
⏰ 07:48:06 - Gold $4527.40 | BUY | RSI: 27
/Users/anubhavarya/star/star-dashboard/gold_monitor.py:95: DeprecationWarning: datetime.datetime.utcnow() is deprecated and scheduled for removal in a future version. Use timezone-aware objects to represent datetimes in UTC: datetime.datetime.now(datetime.UTC).
  "last_updated": datetime.utcnow().isoformat()
  ✅ Saved to Supabase
⏰ 07:49:06 - Gold $4526.90 | BUY | RSI: 27
/Users/anubhavarya/star/star-dashboard/gold_monitor.py:95: DeprecationWarning: datetime.datetime.utcnow() is deprecated and scheduled for removal in a future version. Use timezone-aware objects to represent datetimes in UTC: datetime.datetime.now(datetime.UTC).
  "last_updated": datetime.utcnow().isoformat()
  ✅ Saved to Supabase
⏰ 07:50:07 - Gold $4528.10 | BUY | RSI: 27
/Users/anubhavarya/star/star-dashboard/gold_monitor.py:95: DeprecationWarning: datetime.datetime.utcnow() is deprecated and scheduled for removal in a future version. Use timezone-aware objects to represent datetimes in UTC: datetime.datetime.now(datetime.UTC).
  "last_updated": datetime.utcnow().isoformat()
  ✅ Saved to Supabase
⏰ 07:51:07 - Gold $4527.60 | BUY | RSI: 27
/Users/anubhavarya/star/star-dashboard/gold_monitor.py:95: DeprecationWarning: datetime.datetime.utcnow() is deprecated and scheduled for removal in a future version. Use timezone-aware objects to represent datetimes in UTC: datetime.datetime.now(datetime.UTC).
  "last_updated": datetime.utcnow().isoformat()
  ✅ Saved to Supabase
⏰ 07:52:08 - Gold $4528.10 | BUY | RSI: 27
/Users/anubhavarya/star/star-dashboard/gold_monitor.py:95: DeprecationWarning: datetime.datetime.utcnow() is deprecated and scheduled for removal in a future version. Use timezone-aware objects to represent datetimes in UTC: datetime.datetime.now(datetime.UTC).
  "last_updated": datetime.utcnow().isoformat()
  ✅ Saved to Supabase
⏰ 07:53:08 - Gold $4527.50 | BUY | RSI: 27
/Users/anubhavarya/star/star-dashboard/gold_monitor.py:95: DeprecationWarning: datetime.datetime.utcnow() is deprecated and scheduled for removal in a future version. Use timezone-aware objects to represent datetimes in UTC: datetime.datetime.now(datetime.UTC).
  "last_updated": datetime.utcnow().isoformat()
  ✅ Saved to Supabase
⏰ 07:54:09 - Gold $4527.80 | BUY | RSI: 27
/Users/anubhavarya/star/star-dashboard/gold_monitor.py:95: DeprecationWarning: datetime.datetime.utcnow() is deprecated and scheduled for removal in a future version. Use timezone-aware objects to represent datetimes in UTC: datetime.datetime.now(datetime.UTC).
  "last_updated": datetime.utcnow().isoformat()
  ✅ Saved to Supabase
⏰ 07:55:09 - Gold $4529.90 | BUY | RSI: 27
/Users/anubhavarya/star/star-dashboard/gold_monitor.py:95: DeprecationWarning: datetime.datetime.utcnow() is deprecated and scheduled for removal in a future version. Use timezone-aware objects to represent datetimes in UTC: datetime.datetime.now(datetime.UTC).
  "last_updated": datetime.utcnow().isoformat()
  ✅ Saved to Supabase
⏰ 07:56:09 - Gold $4528.90 | BUY | RSI: 27
/Users/anubhavarya/star/star-dashboard/gold_monitor.py:95: DeprecationWarning: datetime.datetime.utcnow() is deprecated and scheduled for removal in a future version. Use timezone-aware objects to represent datetimes in UTC: datetime.datetime.now(datetime.UTC).
  "last_updated": datetime.utcnow().isoformat()
  ✅ Saved to Supabase
⏰ 07:57:10 - Gold $4527.00 | BUY | RSI: 27
/Users/anubhavarya/star/star-dashboard/gold_monitor.py:95: DeprecationWarning: datetime.datetime.utcnow() is deprecated and scheduled for removal in a future version. Use timezone-aware objects to represent datetimes in UTC: datetime.datetime.now(datetime.UTC).
  "last_updated": datetime.utcnow().isoformat()
  ✅ Saved to Supabase
⏰ 07:58:10 - Gold $4529.10 | BUY | RSI: 27
/Users/anubhavarya/star/star-dashboard/gold_monitor.py:95: DeprecationWarning: datetime.datetime.utcnow() is deprecated and scheduled for removal in a future version. Use timezone-aware objects to represent datetimes in UTC: datetime.datetime.now(datetime.UTC).
  "last_updated": datetime.utcnow().isoformat()
  ✅ Saved to Supabase
⏰ 07:59:10 - Gold $4528.30 | BUY | RSI: 27
/Users/anubhavarya/star/star-dashboard/gold_monitor.py:95: DeprecationWarning: datetime.datetime.utcnow() is deprecated and scheduled for removal in a future version. Use timezone-aware objects to represent datetimes in UTC: datetime.datetime.now(datetime.UTC).
  "last_updated": datetime.utcnow().isoformat()
  ✅ Saved to Supabase
⏰ 08:00:11 - Gold $4533.50 | BUY | RSI: 27
/Users/anubhavarya/star/star-dashboard/gold_monitor.py:95: DeprecationWarning: datetime.datetime.utcnow() is deprecated and scheduled for removal in a future version. Use timezone-aware objects to represent datetimes in UTC: datetime.datetime.now(datetime.UTC).
  "last_updated": datetime.utcnow().isoformat()
  ✅ Saved to Supabase
⏰ 08:01:11 - Gold $4535.20 | BUY | RSI: 27
/Users/anubhavarya/star/star-dashboard/gold_monitor.py:95: DeprecationWarning: datetime.datetime.utcnow() is deprecated and scheduled for removal in a future version. Use timezone-aware objects to represent datetimes in UTC: datetime.datetime.now(datetime.UTC).
  "last_updated": datetime.utcnow().isoformat()
  ✅ Saved to Supabase
⏰ 08:02:12 - Gold $4538.50 | BUY | RSI: 27
/Users/anubhavarya/star/star-dashboard/gold_monitor.py:95: DeprecationWarning: datetime.datetime.utcnow() is deprecated and scheduled for removal in a future version. Use timezone-aware objects to represent datetimes in UTC: datetime.datetime.now(datetime.UTC).
  "last_updated": datetime.utcnow().isoformat()
  ✅ Saved to Supabase
⏰ 08:03:12 - Gold $4530.10 | BUY | RSI: 27
/Users/anubhavarya/star/star-dashboard/gold_monitor.py:95: DeprecationWarning: datetime.datetime.utcnow() is deprecated and scheduled for removal in a future version. Use timezone-aware objects to represent datetimes in UTC: datetime.datetime.now(datetime.UTC).
  "last_updated": datetime.utcnow().isoformat()
  ✅ Saved to Supabase
⏰ 08:04:12 - Gold $4537.10 | BUY | RSI: 27
/Users/anubhavarya/star/star-dashboard/gold_monitor.py:95: DeprecationWarning: datetime.datetime.utcnow() is deprecated and scheduled for removal in a future version. Use timezone-aware objects to represent datetimes in UTC: datetime.datetime.now(datetime.UTC).
  "last_updated": datetime.utcnow().isoformat()
  ✅ Saved to Supabase
⏰ 08:05:13 - Gold $4536.50 | BUY | RSI: 27
/Users/anubhavarya/star/star-dashboard/gold_monitor.py:95: DeprecationWarning: datetime.datetime.utcnow() is deprecated and scheduled for removal in a future version. Use timezone-aware objects to represent datetimes in UTC: datetime.datetime.now(datetime.UTC).
  "last_updated": datetime.utcnow().isoformat()
  ✅ Saved to Supabase
⏰ 08:06:13 - Gold $4533.80 | BUY | RSI: 27
/Users/anubhavarya/star/star-dashboard/gold_monitor.py:95: DeprecationWarning: datetime.datetime.utcnow() is deprecated and scheduled for removal in a future version. Use timezone-aware objects to represent datetimes in UTC: datetime.datetime.now(datetime.UTC).
  "last_updated": datetime.utcnow().isoformat()
  ✅ Saved to Supabase
⏰ 08:07:14 - Gold $4533.80 | BUY | RSI: 27
/Users/anubhavarya/star/star-dashboard/gold_monitor.py:95: DeprecationWarning: datetime.datetime.utcnow() is deprecated and scheduled for removal in a future version. Use timezone-aware objects to represent datetimes in UTC: datetime.datetime.now(datetime.UTC).
  "last_updated": datetime.utcnow().isoformat()
  ✅ Saved to Supabase
⏰ 08:08:14 - Gold $4532.80 | BUY | RSI: 27
/Users/anubhavarya/star/star-dashboard/gold_monitor.py:95: DeprecationWarning: datetime.datetime.utcnow() is deprecated and scheduled for removal in a future version. Use timezone-aware objects to represent datetimes in UTC: datetime.datetime.now(datetime.UTC).
  "last_updated": datetime.utcnow().isoformat()
  ✅ Saved to Supabase
⏰ 08:09:15 - Gold $4531.90 | BUY | RSI: 27
/Users/anubhavarya/star/star-dashboard/gold_monitor.py:95: DeprecationWarning: datetime.datetime.utcnow() is deprecated and scheduled for removal in a future version. Use timezone-aware objects to represent datetimes in UTC: datetime.datetime.now(datetime.UTC).
  "last_updated": datetime.utcnow().isoformat()
  ✅ Saved to Supabase
⏰ 08:10:15 - Gold $4528.90 | BUY | RSI: 27
/Users/anubhavarya/star/star-dashboard/gold_monitor.py:95: DeprecationWarning: datetime.datetime.utcnow() is deprecated and scheduled for removal in a future version. Use timezone-aware objects to represent datetimes in UTC: datetime.datetime.now(datetime.UTC).
  "last_updated": datetime.utcnow().isoformat()
  ✅ Saved to Supabase
⏰ 08:11:15 - Gold $4530.70 | BUY | RSI: 27
/Users/anubhavarya/star/star-dashboard/gold_monitor.py:95: DeprecationWarning: datetime.datetime.utcnow() is deprecated and scheduled for removal in a future version. Use timezone-aware objects to represent datetimes in UTC: datetime.datetime.now(datetime.UTC).
  "last_updated": datetime.utcnow().isoformat()
  ✅ Saved to Supabase
⏰ 08:12:16 - Gold $4536.00 | BUY | RSI: 27
/Users/anubhavarya/star/star-dashboard/gold_monitor.py:95: DeprecationWarning: datetime.datetime.utcnow() is deprecated and scheduled for removal in a future version. Use timezone-aware objects to represent datetimes in UTC: datetime.datetime.now(datetime.UTC).
  "last_updated": datetime.utcnow().isoformat()
  ✅ Saved to Supabase
⏰ 08:13:16 - Gold $4532.60 | BUY | RSI: 27
/Users/anubhavarya/star/star-dashboard/gold_monitor.py:95: DeprecationWarning: datetime.datetime.utcnow() is deprecated and scheduled for removal in a future version. Use timezone-aware objects to represent datetimes in UTC: datetime.datetime.now(datetime.UTC).
  "last_updated": datetime.utcnow().isoformat()
  ✅ Saved to Supabase
⏰ 08:14:17 - Gold $4531.10 | BUY | RSI: 27
/Users/anubhavarya/star/star-dashboard/gold_monitor.py:95: DeprecationWarning: datetime.datetime.utcnow() is deprecated and scheduled for removal in a future version. Use timezone-aware objects to represent datetimes in UTC: datetime.datetime.now(datetime.UTC).
  "last_updated": datetime.utcnow().isoformat()
  ✅ Saved to Supabase
⏰ 08:15:17 - Gold $4534.60 | BUY | RSI: 27
/Users/anubhavarya/star/star-dashboard/gold_monitor.py:95: DeprecationWarning: datetime.datetime.utcnow() is deprecated and scheduled for removal in a future version. Use timezone-aware objects to represent datetimes in UTC: datetime.datetime.now(datetime.UTC).
  "last_updated": datetime.utcnow().isoformat()
  ✅ Saved to Supabase
⏰ 08:16:18 - Gold $4533.40 | BUY | RSI: 27
/Users/anubhavarya/star/star-dashboard/gold_monitor.py:95: DeprecationWarning: datetime.datetime.utcnow() is deprecated and scheduled for removal in a future version. Use timezone-aware objects to represent datetimes in UTC: datetime.datetime.now(datetime.UTC).
  "last_updated": datetime.utcnow().isoformat()
  ✅ Saved to Supabase
⏰ 08:17:18 - Gold $4535.50 | BUY | RSI: 27
/Users/anubhavarya/star/star-dashboard/gold_monitor.py:95: DeprecationWarning: datetime.datetime.utcnow() is deprecated and scheduled for removal in a future version. Use timezone-aware objects to represent datetimes in UTC: datetime.datetime.now(datetime.UTC).
  "last_updated": datetime.utcnow().isoformat()
  ✅ Saved to Supabase
⏰ 08:18:19 - Gold $4534.50 | BUY | RSI: 27
/Users/anubhavarya/star/star-dashboard/gold_monitor.py:95: DeprecationWarning: datetime.datetime.utcnow() is deprecated and scheduled for removal in a future version. Use timezone-aware objects to represent datetimes in UTC: datetime.datetime.now(datetime.UTC).
  "last_updated": datetime.utcnow().isoformat()
  ✅ Saved to Supabase
⏰ 08:19:19 - Gold $4531.90 | BUY | RSI: 27
/Users/anubhavarya/star/star-dashboard/gold_monitor.py:95: DeprecationWarning: datetime.datetime.utcnow() is deprecated and scheduled for removal in a future version. Use timezone-aware objects to represent datetimes in UTC: datetime.datetime.now(datetime.UTC).
  "last_updated": datetime.utcnow().isoformat()
  ✅ Saved to Supabase
⏰ 08:20:20 - Gold $4533.20 | BUY | RSI: 27
/Users/anubhavarya/star/star-dashboard/gold_monitor.py:95: DeprecationWarning: datetime.datetime.utcnow() is deprecated and scheduled for removal in a future version. Use timezone-aware objects to represent datetimes in UTC: datetime.datetime.now(datetime.UTC).
  "last_updated": datetime.utcnow().isoformat()
  ✅ Saved to Supabase
⏰ 08:21:20 - Gold $4530.90 | BUY | RSI: 27
/Users/anubhavarya/star/star-dashboard/gold_monitor.py:95: DeprecationWarning: datetime.datetime.utcnow() is deprecated and scheduled for removal in a future version. Use timezone-aware objects to represent datetimes in UTC: datetime.datetime.now(datetime.UTC).
  "last_updated": datetime.utcnow().isoformat()
  ✅ Saved to Supabase
⏰ 08:22:21 - Gold $4530.20 | BUY | RSI: 27
/Users/anubhavarya/star/star-dashboard/gold_monitor.py:95: DeprecationWarning: datetime.datetime.utcnow() is deprecated and scheduled for removal in a future version. Use timezone-aware objects to represent datetimes in UTC: datetime.datetime.now(datetime.UTC).
  "last_updated": datetime.utcnow().isoformat()
  ✅ Saved to Supabase
⏰ 08:23:22 - Gold $4530.20 | BUY | RSI: 27
/Users/anubhavarya/star/star-dashboard/gold_monitor.py:95: DeprecationWarning: datetime.datetime.utcnow() is deprecated and scheduled for removal in a future version. Use timezone-aware objects to represent datetimes in UTC: datetime.datetime.now(datetime.UTC).
  "last_updated": datetime.utcnow().isoformat()
  ✅ Saved to Supabase
⏰ 08:24:22 - Gold $4531.00 | BUY | RSI: 27
/Users/anubhavarya/star/star-dashboard/gold_monitor.py:95: DeprecationWarning: datetime.datetime.utcnow() is deprecated and scheduled for removal in a future version. Use timezone-aware objects to represent datetimes in UTC: datetime.datetime.now(datetime.UTC).
  "last_updated": datetime.utcnow().isoformat()
  ✅ Saved to Supabase
⏰ 08:25:22 - Gold $4532.80 | BUY | RSI: 27
/Users/anubhavarya/star/star-dashboard/gold_monitor.py:95: DeprecationWarning: datetime.datetime.utcnow() is deprecated and scheduled for removal in a future version. Use timezone-aware objects to represent datetimes in UTC: datetime.datetime.now(datetime.UTC).
  "last_updated": datetime.utcnow().isoformat()
  ✅ Saved to Supabase
⏰ 08:26:23 - Gold $4533.60 | BUY | RSI: 27
/Users/anubhavarya/star/star-dashboard/gold_monitor.py:95: DeprecationWarning: datetime.datetime.utcnow() is deprecated and scheduled for removal in a future version. Use timezone-aware objects to represent datetimes in UTC: datetime.datetime.now(datetime.UTC).
  "last_updated": datetime.utcnow().isoformat()
  ✅ Saved to Supabase
⏰ 08:27:23 - Gold $4532.60 | BUY | RSI: 27
/Users/anubhavarya/star/star-dashboard/gold_monitor.py:95: DeprecationWarning: datetime.datetime.utcnow() is deprecated and scheduled for removal in a future version. Use timezone-aware objects to represent datetimes in UTC: datetime.datetime.now(datetime.UTC).
  "last_updated": datetime.utcnow().isoformat()
  ✅ Saved to Supabase
⏰ 08:28:24 - Gold $4534.70 | BUY | RSI: 27
/Users/anubhavarya/star/star-dashboard/gold_monitor.py:95: DeprecationWarning: datetime.datetime.utcnow() is deprecated and scheduled for removal in a future version. Use timezone-aware objects to represent datetimes in UTC: datetime.datetime.now(datetime.UTC).
  "last_updated": datetime.utcnow().isoformat()
  ✅ Saved to Supabase
⏰ 08:29:24 - Gold $4535.70 | BUY | RSI: 27
/Users/anubhavarya/star/star-dashboard/gold_monitor.py:95: DeprecationWarning: datetime.datetime.utcnow() is deprecated and scheduled for removal in a future version. Use timezone-aware objects to represent datetimes in UTC: datetime.datetime.now(datetime.UTC).
  "last_updated": datetime.utcnow().isoformat()
  ✅ Saved to Supabase
⏰ 08:30:25 - Gold $4535.60 | BUY | RSI: 27
/Users/anubhavarya/star/star-dashboard/gold_monitor.py:95: DeprecationWarning: datetime.datetime.utcnow() is deprecated and scheduled for removal in a future version. Use timezone-aware objects to represent datetimes in UTC: datetime.datetime.now(datetime.UTC).
  "last_updated": datetime.utcnow().isoformat()
  ✅ Saved to Supabase
⏰ 08:31:25 - Gold $4536.20 | BUY | RSI: 27
/Users/anubhavarya/star/star-dashboard/gold_monitor.py:95: DeprecationWarning: datetime.datetime.utcnow() is deprecated and scheduled for removal in a future version. Use timezone-aware objects to represent datetimes in UTC: datetime.datetime.now(datetime.UTC).
  "last_updated": datetime.utcnow().isoformat()
  ✅ Saved to Supabase
⏰ 08:32:26 - Gold $4535.80 | BUY | RSI: 27
/Users/anubhavarya/star/star-dashboard/gold_monitor.py:95: DeprecationWarning: datetime.datetime.utcnow() is deprecated and scheduled for removal in a future version. Use timezone-aware objects to represent datetimes in UTC: datetime.datetime.now(datetime.UTC).
  "last_updated": datetime.utcnow().isoformat()
  ✅ Saved to Supabase
⏰ 08:33:26 - Gold $4535.10 | BUY | RSI: 27
/Users/anubhavarya/star/star-dashboard/gold_monitor.py:95: DeprecationWarning: datetime.datetime.utcnow() is deprecated and scheduled for removal in a future version. Use timezone-aware objects to represent datetimes in UTC: datetime.datetime.now(datetime.UTC).
  "last_updated": datetime.utcnow().isoformat()
  ✅ Saved to Supabase
⏰ 08:34:26 - Gold $4532.10 | BUY | RSI: 27
/Users/anubhavarya/star/star-dashboard/gold_monitor.py:95: DeprecationWarning: datetime.datetime.utcnow() is deprecated and scheduled for removal in a future version. Use timezone-aware objects to represent datetimes in UTC: datetime.datetime.now(datetime.UTC).
  "last_updated": datetime.utcnow().isoformat()
  ✅ Saved to Supabase
⏰ 08:35:27 - Gold $4532.10 | BUY | RSI: 27
/Users/anubhavarya/star/star-dashboard/gold_monitor.py:95: DeprecationWarning: datetime.datetime.utcnow() is deprecated and scheduled for removal in a future version. Use timezone-aware objects to represent datetimes in UTC: datetime.datetime.now(datetime.UTC).
  "last_updated": datetime.utcnow().isoformat()
  ✅ Saved to Supabase
⏰ 08:36:27 - Gold $4530.30 | BUY | RSI: 27
/Users/anubhavarya/star/star-dashboard/gold_monitor.py:95: DeprecationWarning: datetime.datetime.utcnow() is deprecated and scheduled for removal in a future version. Use timezone-aware objects to represent datetimes in UTC: datetime.datetime.now(datetime.UTC).
  "last_updated": datetime.utcnow().isoformat()
  ✅ Saved to Supabase
⏰ 08:37:28 - Gold $4530.40 | BUY | RSI: 27
/Users/anubhavarya/star/star-dashboard/gold_monitor.py:95: DeprecationWarning: datetime.datetime.utcnow() is deprecated and scheduled for removal in a future version. Use timezone-aware objects to represent datetimes in UTC: datetime.datetime.now(datetime.UTC).
  "last_updated": datetime.utcnow().isoformat()
  ✅ Saved to Supabase
⏰ 08:38:28 - Gold $4531.50 | BUY | RSI: 27
/Users/anubhavarya/star/star-dashboard/gold_monitor.py:95: DeprecationWarning: datetime.datetime.utcnow() is deprecated and scheduled for removal in a future version. Use timezone-aware objects to represent datetimes in UTC: datetime.datetime.now(datetime.UTC).
  "last_updated": datetime.utcnow().isoformat()
  ✅ Saved to Supabase
⏰ 08:39:29 - Gold $4532.40 | BUY | RSI: 27
/Users/anubhavarya/star/star-dashboard/gold_monitor.py:95: DeprecationWarning: datetime.datetime.utcnow() is deprecated and scheduled for removal in a future version. Use timezone-aware objects to represent datetimes in UTC: datetime.datetime.now(datetime.UTC).
  "last_updated": datetime.utcnow().isoformat()
  ✅ Saved to Supabase
⏰ 08:40:29 - Gold $4531.50 | BUY | RSI: 27
/Users/anubhavarya/star/star-dashboard/gold_monitor.py:95: DeprecationWarning: datetime.datetime.utcnow() is deprecated and scheduled for removal in a future version. Use timezone-aware objects to represent datetimes in UTC: datetime.datetime.now(datetime.UTC).
  "last_updated": datetime.utcnow().isoformat()
  ✅ Saved to Supabase
⏰ 08:41:29 - Gold $4532.10 | BUY | RSI: 27
/Users/anubhavarya/star/star-dashboard/gold_monitor.py:95: DeprecationWarning: datetime.datetime.utcnow() is deprecated and scheduled for removal in a future version. Use timezone-aware objects to represent datetimes in UTC: datetime.datetime.now(datetime.UTC).
  "last_updated": datetime.utcnow().isoformat()
  ✅ Saved to Supabase
⏰ 08:42:30 - Gold $4532.70 | BUY | RSI: 27
/Users/anubhavarya/star/star-dashboard/gold_monitor.py:95: DeprecationWarning: datetime.datetime.utcnow() is deprecated and scheduled for removal in a future version. Use timezone-aware objects to represent datetimes in UTC: datetime.datetime.now(datetime.UTC).
  "last_updated": datetime.utcnow().isoformat()
  ✅ Saved to Supabase
⏰ 08:43:30 - Gold $4533.20 | BUY | RSI: 27
/Users/anubhavarya/star/star-dashboard/gold_monitor.py:95: DeprecationWarning: datetime.datetime.utcnow() is deprecated and scheduled for removal in a future version. Use timezone-aware objects to represent datetimes in UTC: datetime.datetime.now(datetime.UTC).
  "last_updated": datetime.utcnow().isoformat()
  ✅ Saved to Supabase
⏰ 08:44:31 - Gold $4534.30 | BUY | RSI: 27
/Users/anubhavarya/star/star-dashboard/gold_monitor.py:95: DeprecationWarning: datetime.datetime.utcnow() is deprecated and scheduled for removal in a future version. Use timezone-aware objects to represent datetimes in UTC: datetime.datetime.now(datetime.UTC).
  "last_updated": datetime.utcnow().isoformat()
  ✅ Saved to Supabase
⏰ 08:45:31 - Gold $4534.20 | BUY | RSI: 27
/Users/anubhavarya/star/star-dashboard/gold_monitor.py:95: DeprecationWarning: datetime.datetime.utcnow() is deprecated and scheduled for removal in a future version. Use timezone-aware objects to represent datetimes in UTC: datetime.datetime.now(datetime.UTC).
  "last_updated": datetime.utcnow().isoformat()
  ✅ Saved to Supabase
⏰ 08:46:32 - Gold $4537.90 | BUY | RSI: 27
/Users/anubhavarya/star/star-dashboard/gold_monitor.py:95: DeprecationWarning: datetime.datetime.utcnow() is deprecated and scheduled for removal in a future version. Use timezone-aware objects to represent datetimes in UTC: datetime.datetime.now(datetime.UTC).
  "last_updated": datetime.utcnow().isoformat()
  ✅ Saved to Supabase
⏰ 08:47:32 - Gold $4537.50 | BUY | RSI: 27
/Users/anubhavarya/star/star-dashboard/gold_monitor.py:95: DeprecationWarning: datetime.datetime.utcnow() is deprecated and scheduled for removal in a future version. Use timezone-aware objects to represent datetimes in UTC: datetime.datetime.now(datetime.UTC).
  "last_updated": datetime.utcnow().isoformat()
  ✅ Saved to Supabase
⏰ 08:48:32 - Gold $4536.30 | BUY | RSI: 27
/Users/anubhavarya/star/star-dashboard/gold_monitor.py:95: DeprecationWarning: datetime.datetime.utcnow() is deprecated and scheduled for removal in a future version. Use timezone-aware objects to represent datetimes in UTC: datetime.datetime.now(datetime.UTC).
  "last_updated": datetime.utcnow().isoformat()
  ✅ Saved to Supabase
⏰ 08:49:33 - Gold $4536.40 | BUY | RSI: 27
/Users/anubhavarya/star/star-dashboard/gold_monitor.py:95: DeprecationWarning: datetime.datetime.utcnow() is deprecated and scheduled for removal in a future version. Use timezone-aware objects to represent datetimes in UTC: datetime.datetime.now(datetime.UTC).
  "last_updated": datetime.utcnow().isoformat()
  ✅ Saved to Supabase
⏰ 08:50:33 - Gold $4534.40 | BUY | RSI: 27
/Users/anubhavarya/star/star-dashboard/gold_monitor.py:95: DeprecationWarning: datetime.datetime.utcnow() is deprecated and scheduled for removal in a future version. Use timezone-aware objects to represent datetimes in UTC: datetime.datetime.now(datetime.UTC).
  "last_updated": datetime.utcnow().isoformat()
  ✅ Saved to Supabase
⏰ 08:51:33 - Gold $4534.70 | BUY | RSI: 27
/Users/anubhavarya/star/star-dashboard/gold_monitor.py:95: DeprecationWarning: datetime.datetime.utcnow() is deprecated and scheduled for removal in a future version. Use timezone-aware objects to represent datetimes in UTC: datetime.datetime.now(datetime.UTC).
  "last_updated": datetime.utcnow().isoformat()
  ✅ Saved to Supabase
⏰ 08:52:34 - Gold $4534.50 | BUY | RSI: 27
/Users/anubhavarya/star/star-dashboard/gold_monitor.py:95: DeprecationWarning: datetime.datetime.utcnow() is deprecated and scheduled for removal in a future version. Use timezone-aware objects to represent datetimes in UTC: datetime.datetime.now(datetime.UTC).
  "last_updated": datetime.utcnow().isoformat()
  ✅ Saved to Supabase
⏰ 08:53:34 - Gold $4537.90 | BUY | RSI: 27
/Users/anubhavarya/star/star-dashboard/gold_monitor.py:95: DeprecationWarning: datetime.datetime.utcnow() is deprecated and scheduled for removal in a future version. Use timezone-aware objects to represent datetimes in UTC: datetime.datetime.now(datetime.UTC).
  "last_updated": datetime.utcnow().isoformat()
  ✅ Saved to Supabase
⏰ 08:54:34 - Gold $4540.30 | BUY | RSI: 27
/Users/anubhavarya/star/star-dashboard/gold_monitor.py:95: DeprecationWarning: datetime.datetime.utcnow() is deprecated and scheduled for removal in a future version. Use timezone-aware objects to represent datetimes in UTC: datetime.datetime.now(datetime.UTC).
  "last_updated": datetime.utcnow().isoformat()
  ✅ Saved to Supabase
⏰ 08:55:35 - Gold $4541.60 | BUY | RSI: 27
/Users/anubhavarya/star/star-dashboard/gold_monitor.py:95: DeprecationWarning: datetime.datetime.utcnow() is deprecated and scheduled for removal in a future version. Use timezone-aware objects to represent datetimes in UTC: datetime.datetime.now(datetime.UTC).
  "last_updated": datetime.utcnow().isoformat()
  ✅ Saved to Supabase
⏰ 08:56:35 - Gold $4541.50 | BUY | RSI: 27
/Users/anubhavarya/star/star-dashboard/gold_monitor.py:95: DeprecationWarning: datetime.datetime.utcnow() is deprecated and scheduled for removal in a future version. Use timezone-aware objects to represent datetimes in UTC: datetime.datetime.now(datetime.UTC).
  "last_updated": datetime.utcnow().isoformat()
  ✅ Saved to Supabase
⏰ 08:57:36 - Gold $4538.90 | BUY | RSI: 27
/Users/anubhavarya/star/star-dashboard/gold_monitor.py:95: DeprecationWarning: datetime.datetime.utcnow() is deprecated and scheduled for removal in a future version. Use timezone-aware objects to represent datetimes in UTC: datetime.datetime.now(datetime.UTC).
  "last_updated": datetime.utcnow().isoformat()
  ✅ Saved to Supabase
⏰ 08:58:36 - Gold $4535.50 | BUY | RSI: 27
/Users/anubhavarya/star/star-dashboard/gold_monitor.py:95: DeprecationWarning: datetime.datetime.utcnow() is deprecated and scheduled for removal in a future version. Use timezone-aware objects to represent datetimes in UTC: datetime.datetime.now(datetime.UTC).
  "last_updated": datetime.utcnow().isoformat()
  ✅ Saved to Supabase
⏰ 08:59:36 - Gold $4536.40 | BUY | RSI: 27
/Users/anubhavarya/star/star-dashboard/gold_monitor.py:95: DeprecationWarning: datetime.datetime.utcnow() is deprecated and scheduled for removal in a future version. Use timezone-aware objects to represent datetimes in UTC: datetime.datetime.now(datetime.UTC).
  "last_updated": datetime.utcnow().isoformat()
  ✅ Saved to Supabase
⏰ 09:00:37 - Gold $4536.80 | BUY | RSI: 27
/Users/anubhavarya/star/star-dashboard/gold_monitor.py:95: DeprecationWarning: datetime.datetime.utcnow() is deprecated and scheduled for removal in a future version. Use timezone-aware objects to represent datetimes in UTC: datetime.datetime.now(datetime.UTC).
  "last_updated": datetime.utcnow().isoformat()
  ✅ Saved to Supabase
⏰ 09:01:37 - Gold $4539.00 | BUY | RSI: 27
/Users/anubhavarya/star/star-dashboard/gold_monitor.py:95: DeprecationWarning: datetime.datetime.utcnow() is deprecated and scheduled for removal in a future version. Use timezone-aware objects to represent datetimes in UTC: datetime.datetime.now(datetime.UTC).
  "last_updated": datetime.utcnow().isoformat()
  ✅ Saved to Supabase
⏰ 09:02:38 - Gold $4536.80 | BUY | RSI: 27
/Users/anubhavarya/star/star-dashboard/gold_monitor.py:95: DeprecationWarning: datetime.datetime.utcnow() is deprecated and scheduled for removal in a future version. Use timezone-aware objects to represent datetimes in UTC: datetime.datetime.now(datetime.UTC).
  "last_updated": datetime.utcnow().isoformat()
  ✅ Saved to Supabase
⏰ 09:03:38 - Gold $4530.80 | BUY | RSI: 27
/Users/anubhavarya/star/star-dashboard/gold_monitor.py:95: DeprecationWarning: datetime.datetime.utcnow() is deprecated and scheduled for removal in a future version. Use timezone-aware objects to represent datetimes in UTC: datetime.datetime.now(datetime.UTC).
  "last_updated": datetime.utcnow().isoformat()
  ✅ Saved to Supabase
⏰ 09:04:39 - Gold $4526.20 | BUY | RSI: 27
/Users/anubhavarya/star/star-dashboard/gold_monitor.py:95: DeprecationWarning: datetime.datetime.utcnow() is deprecated and scheduled for removal in a future version. Use timezone-aware objects to represent datetimes in UTC: datetime.datetime.now(datetime.UTC).
  "last_updated": datetime.utcnow().isoformat()
  ✅ Saved to Supabase
⏰ 09:05:39 - Gold $4527.40 | BUY | RSI: 27
/Users/anubhavarya/star/star-dashboard/gold_monitor.py:95: DeprecationWarning: datetime.datetime.utcnow() is deprecated and scheduled for removal in a future version. Use timezone-aware objects to represent datetimes in UTC: datetime.datetime.now(datetime.UTC).
  "last_updated": datetime.utcnow().isoformat()
  ✅ Saved to Supabase
⏰ 09:06:40 - Gold $4528.20 | BUY | RSI: 27
/Users/anubhavarya/star/star-dashboard/gold_monitor.py:95: DeprecationWarning: datetime.datetime.utcnow() is deprecated and scheduled for removal in a future version. Use timezone-aware objects to represent datetimes in UTC: datetime.datetime.now(datetime.UTC).
  "last_updated": datetime.utcnow().isoformat()
  ✅ Saved to Supabase
⏰ 09:07:40 - Gold $4528.50 | BUY | RSI: 27
/Users/anubhavarya/star/star-dashboard/gold_monitor.py:95: DeprecationWarning: datetime.datetime.utcnow() is deprecated and scheduled for removal in a future version. Use timezone-aware objects to represent datetimes in UTC: datetime.datetime.now(datetime.UTC).
  "last_updated": datetime.utcnow().isoformat()
  ✅ Saved to Supabase
⏰ 09:08:41 - Gold $4529.70 | BUY | RSI: 27
/Users/anubhavarya/star/star-dashboard/gold_monitor.py:95: DeprecationWarning: datetime.datetime.utcnow() is deprecated and scheduled for removal in a future version. Use timezone-aware objects to represent datetimes in UTC: datetime.datetime.now(datetime.UTC).
  "last_updated": datetime.utcnow().isoformat()
  ✅ Saved to Supabase
⏰ 09:09:41 - Gold $4525.30 | BUY | RSI: 27
/Users/anubhavarya/star/star-dashboard/gold_monitor.py:95: DeprecationWarning: datetime.datetime.utcnow() is deprecated and scheduled for removal in a future version. Use timezone-aware objects to represent datetimes in UTC: datetime.datetime.now(datetime.UTC).
  "last_updated": datetime.utcnow().isoformat()
  ✅ Saved to Supabase
⏰ 09:10:42 - Gold $4525.20 | BUY | RSI: 27
/Users/anubhavarya/star/star-dashboard/gold_monitor.py:95: DeprecationWarning: datetime.datetime.utcnow() is deprecated and scheduled for removal in a future version. Use timezone-aware objects to represent datetimes in UTC: datetime.datetime.now(datetime.UTC).
  "last_updated": datetime.utcnow().isoformat()
  ✅ Saved to Supabase
⏰ 09:11:42 - Gold $4526.20 | BUY | RSI: 27
/Users/anubhavarya/star/star-dashboard/gold_monitor.py:95: DeprecationWarning: datetime.datetime.utcnow() is deprecated and scheduled for removal in a future version. Use timezone-aware objects to represent datetimes in UTC: datetime.datetime.now(datetime.UTC).
  "last_updated": datetime.utcnow().isoformat()
  ✅ Saved to Supabase
⏰ 09:12:43 - Gold $4522.70 | BUY | RSI: 27
/Users/anubhavarya/star/star-dashboard/gold_monitor.py:95: DeprecationWarning: datetime.datetime.utcnow() is deprecated and scheduled for removal in a future version. Use timezone-aware objects to represent datetimes in UTC: datetime.datetime.now(datetime.UTC).
  "last_updated": datetime.utcnow().isoformat()
  ✅ Saved to Supabase
⏰ 09:13:43 - Gold $4525.00 | BUY | RSI: 27
/Users/anubhavarya/star/star-dashboard/gold_monitor.py:95: DeprecationWarning: datetime.datetime.utcnow() is deprecated and scheduled for removal in a future version. Use timezone-aware objects to represent datetimes in UTC: datetime.datetime.now(datetime.UTC).
  "last_updated": datetime.utcnow().isoformat()
  ✅ Saved to Supabase
⏰ 09:14:44 - Gold $4523.90 | BUY | RSI: 27
/Users/anubhavarya/star/star-dashboard/gold_monitor.py:95: DeprecationWarning: datetime.datetime.utcnow() is deprecated and scheduled for removal in a future version. Use timezone-aware objects to represent datetimes in UTC: datetime.datetime.now(datetime.UTC).
  "last_updated": datetime.utcnow().isoformat()
  ✅ Saved to Supabase
⏰ 09:15:44 - Gold $4524.20 | BUY | RSI: 27
/Users/anubhavarya/star/star-dashboard/gold_monitor.py:95: DeprecationWarning: datetime.datetime.utcnow() is deprecated and scheduled for removal in a future version. Use timezone-aware objects to represent datetimes in UTC: datetime.datetime.now(datetime.UTC).
  "last_updated": datetime.utcnow().isoformat()
  ✅ Saved to Supabase
⏰ 09:16:45 - Gold $4524.70 | BUY | RSI: 27
/Users/anubhavarya/star/star-dashboard/gold_monitor.py:95: DeprecationWarning: datetime.datetime.utcnow() is deprecated and scheduled for removal in a future version. Use timezone-aware objects to represent datetimes in UTC: datetime.datetime.now(datetime.UTC).
  "last_updated": datetime.utcnow().isoformat()
  ✅ Saved to Supabase
⏰ 09:17:45 - Gold $4525.40 | BUY | RSI: 27
/Users/anubhavarya/star/star-dashboard/gold_monitor.py:95: DeprecationWarning: datetime.datetime.utcnow() is deprecated and scheduled for removal in a future version. Use timezone-aware objects to represent datetimes in UTC: datetime.datetime.now(datetime.UTC).
  "last_updated": datetime.utcnow().isoformat()
  ✅ Saved to Supabase
⏰ 09:18:46 - Gold $4519.10 | BUY | RSI: 27
/Users/anubhavarya/star/star-dashboard/gold_monitor.py:95: DeprecationWarning: datetime.datetime.utcnow() is deprecated and scheduled for removal in a future version. Use timezone-aware objects to represent datetimes in UTC: datetime.datetime.now(datetime.UTC).
  "last_updated": datetime.utcnow().isoformat()
  ✅ Saved to Supabase
⏰ 09:19:46 - Gold $4516.60 | BUY | RSI: 27
/Users/anubhavarya/star/star-dashboard/gold_monitor.py:95: DeprecationWarning: datetime.datetime.utcnow() is deprecated and scheduled for removal in a future version. Use timezone-aware objects to represent datetimes in UTC: datetime.datetime.now(datetime.UTC).
  "last_updated": datetime.utcnow().isoformat()
  ✅ Saved to Supabase
⏰ 09:20:47 - Gold $4517.80 | BUY | RSI: 27
/Users/anubhavarya/star/star-dashboard/gold_monitor.py:95: DeprecationWarning: datetime.datetime.utcnow() is deprecated and scheduled for removal in a future version. Use timezone-aware objects to represent datetimes in UTC: datetime.datetime.now(datetime.UTC).
  "last_updated": datetime.utcnow().isoformat()
  ✅ Saved to Supabase
⏰ 09:21:47 - Gold $4519.50 | BUY | RSI: 27
/Users/anubhavarya/star/star-dashboard/gold_monitor.py:95: DeprecationWarning: datetime.datetime.utcnow() is deprecated and scheduled for removal in a future version. Use timezone-aware objects to represent datetimes in UTC: datetime.datetime.now(datetime.UTC).
  "last_updated": datetime.utcnow().isoformat()
  ✅ Saved to Supabase
⏰ 09:22:48 - Gold $4517.20 | BUY | RSI: 27
/Users/anubhavarya/star/star-dashboard/gold_monitor.py:95: DeprecationWarning: datetime.datetime.utcnow() is deprecated and scheduled for removal in a future version. Use timezone-aware objects to represent datetimes in UTC: datetime.datetime.now(datetime.UTC).
  "last_updated": datetime.utcnow().isoformat()
  ✅ Saved to Supabase
⏰ 09:23:48 - Gold $4516.70 | BUY | RSI: 27
/Users/anubhavarya/star/star-dashboard/gold_monitor.py:95: DeprecationWarning: datetime.datetime.utcnow() is deprecated and scheduled for removal in a future version. Use timezone-aware objects to represent datetimes in UTC: datetime.datetime.now(datetime.UTC).
  "last_updated": datetime.utcnow().isoformat()
  ✅ Saved to Supabase
⏰ 09:24:49 - Gold $4514.50 | BUY | RSI: 27
/Users/anubhavarya/star/star-dashboard/gold_monitor.py:95: DeprecationWarning: datetime.datetime.utcnow() is deprecated and scheduled for removal in a future version. Use timezone-aware objects to represent datetimes in UTC: datetime.datetime.now(datetime.UTC).
  "last_updated": datetime.utcnow().isoformat()
  ✅ Saved to Supabase
⏰ 09:25:49 - Gold $4517.60 | BUY | RSI: 27
/Users/anubhavarya/star/star-dashboard/gold_monitor.py:95: DeprecationWarning: datetime.datetime.utcnow() is deprecated and scheduled for removal in a future version. Use timezone-aware objects to represent datetimes in UTC: datetime.datetime.now(datetime.UTC).
  "last_updated": datetime.utcnow().isoformat()
  ✅ Saved to Supabase
⏰ 09:26:50 - Gold $4521.10 | BUY | RSI: 27
/Users/anubhavarya/star/star-dashboard/gold_monitor.py:95: DeprecationWarning: datetime.datetime.utcnow() is deprecated and scheduled for removal in a future version. Use timezone-aware objects to represent datetimes in UTC: datetime.datetime.now(datetime.UTC).
  "last_updated": datetime.utcnow().isoformat()
  ✅ Saved to Supabase
⏰ 09:27:50 - Gold $4518.70 | BUY | RSI: 27
/Users/anubhavarya/star/star-dashboard/gold_monitor.py:95: DeprecationWarning: datetime.datetime.utcnow() is deprecated and scheduled for removal in a future version. Use timezone-aware objects to represent datetimes in UTC: datetime.datetime.now(datetime.UTC).
  "last_updated": datetime.utcnow().isoformat()
  ✅ Saved to Supabase
⏰ 09:28:51 - Gold $4516.80 | BUY | RSI: 27
/Users/anubhavarya/star/star-dashboard/gold_monitor.py:95: DeprecationWarning: datetime.datetime.utcnow() is deprecated and scheduled for removal in a future version. Use timezone-aware objects to represent datetimes in UTC: datetime.datetime.now(datetime.UTC).
  "last_updated": datetime.utcnow().isoformat()
  ✅ Saved to Supabase
⏰ 09:29:51 - Gold $4516.10 | BUY | RSI: 27
/Users/anubhavarya/star/star-dashboard/gold_monitor.py:95: DeprecationWarning: datetime.datetime.utcnow() is deprecated and scheduled for removal in a future version. Use timezone-aware objects to represent datetimes in UTC: datetime.datetime.now(datetime.UTC).
  "last_updated": datetime.utcnow().isoformat()
  ✅ Saved to Supabase
⏰ 09:30:52 - Gold $4515.00 | BUY | RSI: 27
/Users/anubhavarya/star/star-dashboard/gold_monitor.py:95: DeprecationWarning: datetime.datetime.utcnow() is deprecated and scheduled for removal in a future version. Use timezone-aware objects to represent datetimes in UTC: datetime.datetime.now(datetime.UTC).
  "last_updated": datetime.utcnow().isoformat()
  ✅ Saved to Supabase
