🔄 IBKR LIVE SYNC STARTED
📊 Symbols: XAUUSD, AAPL, NVDA, TSLA, SPY
⏱️  Update interval: 60 seconds

⏰ 18:33:44 - Syncing IBKR prices... /Users/anubhavarya/star/star-dashboard/ibkr_sync.py:56: DeprecationWarning: datetime.datetime.utcnow() is deprecated and scheduled for removal in a future version. Use timezone-aware objects to represent datetimes in UTC: datetime.datetime.now(datetime.UTC).
  "updated_at": datetime.utcnow().isoformat()
/Users/anubhavarya/star/star-dashboard/ibkr_sync.py:78: DeprecationWarning: datetime.datetime.utcnow() is deprecated and scheduled for removal in a future version. Use timezone-aware objects to represent datetimes in UTC: datetime.datetime.now(datetime.UTC).
  "last_updated": datetime.utcnow().isoformat()
✅ Updated 10 positions | Gold: $4453.34
⏰ 18:34:46 - Syncing IBKR prices... ✅ Updated 10 positions | Gold: $4454.66
⏰ 18:35:47 - Syncing IBKR prices... ✅ Updated 10 positions | Gold: $4462.13
⏰ 18:36:49 - Syncing IBKR prices... ✅ Updated 10 positions | Gold: $4468.36
⏰ 18:37:51 - Syncing IBKR prices... ✅ Updated 10 positions | Gold: $4468.17
⏰ 18:38:52 - Syncing IBKR prices... ✅ Updated 10 positions | Gold: $4454.51
⏰ 18:39:54 - Syncing IBKR prices... ✅ Updated 10 positions | Gold: $4465.63
⏰ 18:40:55 - Syncing IBKR prices... ✅ Updated 10 positions | Gold: $4459.59
⏰ 18:41:57 - Syncing IBKR prices... ✅ Updated 10 positions | Gold: $4468.97
⏰ 18:42:59 - Syncing IBKR prices... ✅ Updated 10 positions | Gold: $4452.45
⏰ 18:44:00 - Syncing IBKR prices... ✅ Updated 10 positions | Gold: $4450.40
⏰ 18:45:02 - Syncing IBKR prices... ✅ Updated 10 positions | Gold: $4450.36
⏰ 18:46:04 - Syncing IBKR prices... ✅ Updated 10 positions | Gold: $4467.03
⏰ 18:47:05 - Syncing IBKR prices... ✅ Updated 10 positions | Gold: $4468.47
⏰ 18:48:07 - Syncing IBKR prices... ✅ Updated 10 positions | Gold: $4469.19
⏰ 18:49:09 - Syncing IBKR prices... ✅ Updated 10 positions | Gold: $4461.26
⏰ 18:50:10 - Syncing IBKR prices... ✅ Updated 10 positions | Gold: $4465.76
⏰ 18:51:12 - Syncing IBKR prices... ✅ Updated 10 positions | Gold: $4463.38
⏰ 18:52:13 - Syncing IBKR prices... ✅ Updated 10 positions | Gold: $4469.43
⏰ 18:53:15 - Syncing IBKR prices... ✅ Updated 10 positions | Gold: $4456.45
⏰ 18:54:17 - Syncing IBKR prices... ✅ Updated 10 positions | Gold: $4458.65
⏰ 18:55:18 - Syncing IBKR prices... ✅ Updated 10 positions | Gold: $4456.55
⏰ 18:56:20 - Syncing IBKR prices... ✅ Updated 10 positions | Gold: $4468.68
⏰ 18:57:22 - Syncing IBKR prices... ✅ Updated 10 positions | Gold: $4457.28
⏰ 18:58:23 - Syncing IBKR prices... ✅ Updated 10 positions | Gold: $4450.95
⏰ 18:59:25 - Syncing IBKR prices... ✅ Updated 10 positions | Gold: $4462.51
⏰ 19:00:26 - Syncing IBKR prices... ✅ Updated 10 positions | Gold: $4464.93
⏰ 19:01:28 - Syncing IBKR prices... ✅ Updated 10 positions | Gold: $4455.83
⏰ 19:02:29 - Syncing IBKR prices... ✅ Updated 10 positions | Gold: $4456.39
⏰ 19:03:31 - Syncing IBKR prices... ✅ Updated 10 positions | Gold: $4464.63
⏰ 19:04:33 - Syncing IBKR prices... ✅ Updated 10 positions | Gold: $4463.22
⏰ 19:05:34 - Syncing IBKR prices... ✅ Updated 10 positions | Gold: $4460.65
⏰ 19:06:36 - Syncing IBKR prices... ✅ Updated 10 positions | Gold: $4460.72
⏰ 19:07:38 - Syncing IBKR prices... ✅ Updated 10 positions | Gold: $4456.83
⏰ 19:08:39 - Syncing IBKR prices... ✅ Updated 10 positions | Gold: $4469.17
⏰ 19:09:41 - Syncing IBKR prices... ✅ Updated 10 positions | Gold: $4457.88
⏰ 19:10:42 - Syncing IBKR prices... ✅ Updated 10 positions | Gold: $4468.40
⏰ 19:11:44 - Syncing IBKR prices... ✅ Updated 10 positions | Gold: $4458.51
⏰ 19:12:45 - Syncing IBKR prices... ✅ Updated 10 positions | Gold: $4466.97
⏰ 19:13:47 - Syncing IBKR prices... ✅ Updated 10 positions | Gold: $4458.14
⏰ 19:14:48 - Syncing IBKR prices... ✅ Updated 10 positions | Gold: $4461.49
⏰ 19:15:50 - Syncing IBKR prices... ✅ Updated 10 positions | Gold: $4451.47
⏰ 19:16:51 - Syncing IBKR prices... ✅ Updated 10 positions | Gold: $4454.31
⏰ 19:17:53 - Syncing IBKR prices... ✅ Updated 10 positions | Gold: $4451.73
⏰ 19:18:54 - Syncing IBKR prices... ✅ Updated 10 positions | Gold: $4453.98
⏰ 19:19:56 - Syncing IBKR prices... ✅ Updated 10 positions | Gold: $4465.18
⏰ 19:20:57 - Syncing IBKR prices... ✅ Updated 10 positions | Gold: $4467.98
⏰ 19:21:59 - Syncing IBKR prices... ✅ Updated 10 positions | Gold: $4463.50
⏰ 19:23:01 - Syncing IBKR prices... ✅ Updated 10 positions | Gold: $4462.69
⏰ 19:24:02 - Syncing IBKR prices... ✅ Updated 10 positions | Gold: $4462.91
⏰ 19:25:04 - Syncing IBKR prices... ✅ Updated 10 positions | Gold: $4462.79
⏰ 19:26:06 - Syncing IBKR prices... ✅ Updated 10 positions | Gold: $4467.57
⏰ 19:27:07 - Syncing IBKR prices... ✅ Updated 10 positions | Gold: $4469.19
⏰ 19:28:09 - Syncing IBKR prices... ✅ Updated 10 positions | Gold: $4458.87
⏰ 19:29:10 - Syncing IBKR prices... ✅ Updated 10 positions | Gold: $4450.89
⏰ 19:30:12 - Syncing IBKR prices... ✅ Updated 10 positions | Gold: $4457.64
⏰ 19:31:14 - Syncing IBKR prices... ✅ Updated 10 positions | Gold: $4456.82
⏰ 19:32:15 - Syncing IBKR prices... ✅ Updated 10 positions | Gold: $4469.11
⏰ 19:33:17 - Syncing IBKR prices... ✅ Updated 10 positions | Gold: $4464.37
⏰ 19:34:18 - Syncing IBKR prices... ✅ Updated 10 positions | Gold: $4464.52
⏰ 19:35:20 - Syncing IBKR prices... ✅ Updated 10 positions | Gold: $4454.56
⏰ 19:36:22 - Syncing IBKR prices... ✅ Updated 10 positions | Gold: $4461.79
⏰ 19:37:23 - Syncing IBKR prices... ✅ Updated 10 positions | Gold: $4452.09
⏰ 19:38:25 - Syncing IBKR prices... ✅ Updated 10 positions | Gold: $4459.73
⏰ 19:39:26 - Syncing IBKR prices... ✅ Updated 10 positions | Gold: $4457.01
⏰ 19:40:28 - Syncing IBKR prices... ✅ Updated 10 positions | Gold: $4451.70
⏰ 19:41:30 - Syncing IBKR prices... ✅ Updated 10 positions | Gold: $4459.31
⏰ 19:42:31 - Syncing IBKR prices... ✅ Updated 10 positions | Gold: $4459.04
⏰ 19:43:33 - Syncing IBKR prices... ✅ Updated 10 positions | Gold: $4469.83
⏰ 19:44:34 - Syncing IBKR prices... ✅ Updated 10 positions | Gold: $4467.90
⏰ 19:45:36 - Syncing IBKR prices... ✅ Updated 10 positions | Gold: $4464.97
⏰ 19:46:38 - Syncing IBKR prices... ✅ Updated 10 positions | Gold: $4462.24
⏰ 19:47:39 - Syncing IBKR prices... ✅ Updated 10 positions | Gold: $4453.19
⏰ 19:48:41 - Syncing IBKR prices... ✅ Updated 10 positions | Gold: $4464.21
⏰ 19:49:43 - Syncing IBKR prices... ✅ Updated 10 positions | Gold: $4464.42
⏰ 19:50:45 - Syncing IBKR prices... ✅ Updated 10 positions | Gold: $4453.53
⏰ 19:51:47 - Syncing IBKR prices... ✅ Updated 10 positions | Gold: $4460.30
⏰ 19:52:48 - Syncing IBKR prices... ✅ Updated 10 positions | Gold: $4450.19
⏰ 19:53:50 - Syncing IBKR prices... ✅ Updated 10 positions | Gold: $4452.26
⏰ 19:54:52 - Syncing IBKR prices... ✅ Updated 10 positions | Gold: $4464.85
⏰ 19:55:53 - Syncing IBKR prices... ✅ Updated 10 positions | Gold: $4469.80
⏰ 19:56:55 - Syncing IBKR prices... ✅ Updated 10 positions | Gold: $4463.68
⏰ 19:57:57 - Syncing IBKR prices... ✅ Updated 10 positions | Gold: $4467.96
⏰ 19:58:59 - Syncing IBKR prices... ✅ Updated 10 positions | Gold: $4452.52
⏰ 20:00:00 - Syncing IBKR prices... ✅ Updated 10 positions | Gold: $4459.42
⏰ 20:01:02 - Syncing IBKR prices... ✅ Updated 10 positions | Gold: $4461.09
⏰ 20:02:03 - Syncing IBKR prices... ✅ Updated 10 positions | Gold: $4462.28
⏰ 20:03:05 - Syncing IBKR prices... ✅ Updated 10 positions | Gold: $4454.55
⏰ 20:04:08 - Syncing IBKR prices... ✅ Updated 10 positions | Gold: $4454.00
⏰ 20:05:09 - Syncing IBKR prices... ✅ Updated 10 positions | Gold: $4451.24
⏰ 20:06:11 - Syncing IBKR prices... ✅ Updated 10 positions | Gold: $4452.21
⏰ 20:07:13 - Syncing IBKR prices... ✅ Updated 10 positions | Gold: $4457.94
⏰ 20:08:15 - Syncing IBKR prices... ✅ Updated 10 positions | Gold: $4452.08
⏰ 20:09:17 - Syncing IBKR prices... ✅ Updated 10 positions | Gold: $4456.76
⏰ 20:10:19 - Syncing IBKR prices... ✅ Updated 10 positions | Gold: $4457.61
⏰ 20:11:21 - Syncing IBKR prices... ✅ Updated 10 positions | Gold: $4459.83
⏰ 20:12:23 - Syncing IBKR prices... ✅ Updated 10 positions | Gold: $4455.56
⏰ 20:13:24 - Syncing IBKR prices... ✅ Updated 10 positions | Gold: $4464.40
⏰ 20:14:27 - Syncing IBKR prices... ✅ Updated 10 positions | Gold: $4450.14
⏰ 20:15:29 - Syncing IBKR prices... ✅ Updated 10 positions | Gold: $4468.07
⏰ 20:16:30 - Syncing IBKR prices... ✅ Updated 10 positions | Gold: $4462.54
⏰ 20:17:32 - Syncing IBKR prices... ✅ Updated 10 positions | Gold: $4464.57
⏰ 20:18:34 - Syncing IBKR prices... ✅ Updated 10 positions | Gold: $4450.49
⏰ 20:19:36 - Syncing IBKR prices... ✅ Updated 10 positions | Gold: $4460.47
⏰ 20:20:38 - Syncing IBKR prices... ✅ Updated 10 positions | Gold: $4453.11
⏰ 20:21:41 - Syncing IBKR prices... ✅ Updated 10 positions | Gold: $4458.18
⏰ 20:22:44 - Syncing IBKR prices... ✅ Updated 10 positions | Gold: $4468.54
⏰ 20:23:46 - Syncing IBKR prices... ✅ Updated 10 positions | Gold: $4465.50
⏰ 20:24:48 - Syncing IBKR prices... ✅ Updated 10 positions | Gold: $4452.55
⏰ 20:25:50 - Syncing IBKR prices... ✅ Updated 10 positions | Gold: $4467.09
⏰ 20:26:52 - Syncing IBKR prices... ✅ Updated 10 positions | Gold: $4462.90
⏰ 20:27:54 - Syncing IBKR prices... ✅ Updated 10 positions | Gold: $4459.72
⏰ 20:28:57 - Syncing IBKR prices... ✅ Updated 10 positions | Gold: $4464.81
⏰ 20:29:59 - Syncing IBKR prices... ✅ Updated 10 positions | Gold: $4451.95
⏰ 20:31:01 - Syncing IBKR prices... ✅ Updated 10 positions | Gold: $4464.68
⏰ 20:32:02 - Syncing IBKR prices... ✅ Updated 10 positions | Gold: $4453.76
⏰ 20:33:04 - Syncing IBKR prices... ✅ Updated 10 positions | Gold: $4453.84
⏰ 20:34:06 - Syncing IBKR prices... ✅ Updated 10 positions | Gold: $4450.83
⏰ 20:35:08 - Syncing IBKR prices... ✅ Updated 10 positions | Gold: $4454.24
⏰ 20:36:10 - Syncing IBKR prices... ✅ Updated 10 positions | Gold: $4464.44
⏰ 20:37:12 - Syncing IBKR prices... ✅ Updated 10 positions | Gold: $4453.78
⏰ 20:38:14 - Syncing IBKR prices... ✅ Updated 10 positions | Gold: $4458.25
⏰ 20:39:16 - Syncing IBKR prices... ✅ Updated 10 positions | Gold: $4456.91
⏰ 20:40:19 - Syncing IBKR prices... ✅ Updated 10 positions | Gold: $4450.66
⏰ 20:41:21 - Syncing IBKR prices... ✅ Updated 10 positions | Gold: $4455.22
⏰ 20:42:23 - Syncing IBKR prices... ✅ Updated 10 positions | Gold: $4459.60
⏰ 20:43:25 - Syncing IBKR prices... ✅ Updated 10 positions | Gold: $4469.90
⏰ 20:44:27 - Syncing IBKR prices... ✅ Updated 10 positions | Gold: $4459.18
⏰ 20:45:29 - Syncing IBKR prices... ✅ Updated 10 positions | Gold: $4455.37
⏰ 20:46:46 - Syncing IBKR prices... ✅ Updated 10 positions | Gold: $4454.54
⏰ 20:47:47 - Syncing IBKR prices... ✅ Updated 10 positions | Gold: $4452.64
⏰ 20:48:49 - Syncing IBKR prices... ✅ Updated 10 positions | Gold: $4457.69
⏰ 20:49:50 - Syncing IBKR prices... ✅ Updated 10 positions | Gold: $4455.70
⏰ 20:50:52 - Syncing IBKR prices... ✅ Updated 10 positions | Gold: $4456.91
⏰ 20:51:54 - Syncing IBKR prices... ✅ Updated 10 positions | Gold: $4452.31
⏰ 20:52:56 - Syncing IBKR prices... ✅ Updated 10 positions | Gold: $4461.16
⏰ 20:53:57 - Syncing IBKR prices... ✅ Updated 10 positions | Gold: $4466.52
⏰ 20:54:59 - Syncing IBKR prices... ✅ Updated 10 positions | Gold: $4464.81
⏰ 20:56:01 - Syncing IBKR prices... ✅ Updated 10 positions | Gold: $4456.85
⏰ 20:57:02 - Syncing IBKR prices... ✅ Updated 10 positions | Gold: $4457.74
⏰ 20:58:04 - Syncing IBKR prices... ✅ Updated 10 positions | Gold: $4456.72
⏰ 20:59:06 - Syncing IBKR prices... ✅ Updated 10 positions | Gold: $4455.70
⏰ 21:00:08 - Syncing IBKR prices... ✅ Updated 10 positions | Gold: $4464.94
⏰ 21:01:09 - Syncing IBKR prices... ✅ Updated 10 positions | Gold: $4463.47
⏰ 21:02:11 - Syncing IBKR prices... ✅ Updated 10 positions | Gold: $4452.40
⏰ 21:03:12 - Syncing IBKR prices... ✅ Updated 10 positions | Gold: $4462.21
⏰ 21:04:14 - Syncing IBKR prices... ✅ Updated 10 positions | Gold: $4468.19
⏰ 21:05:16 - Syncing IBKR prices... ✅ Updated 10 positions | Gold: $4459.02
⏰ 21:06:18 - Syncing IBKR prices... ✅ Updated 10 positions | Gold: $4459.40
⏰ 21:07:20 - Syncing IBKR prices... ✅ Updated 10 positions | Gold: $4453.52
⏰ 21:08:22 - Syncing IBKR prices... ✅ Updated 10 positions | Gold: $4465.81
⏰ 21:09:23 - Syncing IBKR prices... ✅ Updated 10 positions | Gold: $4451.23
⏰ 21:10:25 - Syncing IBKR prices... ✅ Updated 10 positions | Gold: $4469.46
⏰ 21:11:27 - Syncing IBKR prices... ✅ Updated 10 positions | Gold: $4456.44
⏰ 21:12:28 - Syncing IBKR prices... ✅ Updated 10 positions | Gold: $4456.10
⏰ 21:13:30 - Syncing IBKR prices... ✅ Updated 10 positions | Gold: $4458.22
⏰ 21:14:31 - Syncing IBKR prices... ✅ Updated 10 positions | Gold: $4466.81
⏰ 21:15:33 - Syncing IBKR prices... ✅ Updated 10 positions | Gold: $4461.80
⏰ 21:16:35 - Syncing IBKR prices... ✅ Updated 10 positions | Gold: $4465.54
⏰ 21:17:36 - Syncing IBKR prices... ✅ Updated 10 positions | Gold: $4457.85
⏰ 21:18:38 - Syncing IBKR prices... ✅ Updated 10 positions | Gold: $4458.91
⏰ 21:19:39 - Syncing IBKR prices... ✅ Updated 10 positions | Gold: $4468.62
⏰ 21:20:41 - Syncing IBKR prices... ✅ Updated 10 positions | Gold: $4463.53
⏰ 21:21:44 - Syncing IBKR prices... ✅ Updated 10 positions | Gold: $4465.33
⏰ 21:22:45 - Syncing IBKR prices... ✅ Updated 10 positions | Gold: $4469.67
⏰ 21:23:47 - Syncing IBKR prices... ✅ Updated 10 positions | Gold: $4466.64
⏰ 21:24:48 - Syncing IBKR prices... ✅ Updated 10 positions | Gold: $4458.20
⏰ 21:25:50 - Syncing IBKR prices... ✅ Updated 10 positions | Gold: $4465.50
⏰ 21:26:52 - Syncing IBKR prices... ✅ Updated 10 positions | Gold: $4467.52
⏰ 21:27:53 - Syncing IBKR prices... ✅ Updated 10 positions | Gold: $4458.82
⏰ 21:28:55 - Syncing IBKR prices... ✅ Updated 10 positions | Gold: $4463.48
⏰ 21:29:56 - Syncing IBKR prices... ✅ Updated 10 positions | Gold: $4462.09
⏰ 21:30:58 - Syncing IBKR prices... ✅ Updated 10 positions | Gold: $4456.22
⏰ 21:32:00 - Syncing IBKR prices... ✅ Updated 10 positions | Gold: $4458.59
⏰ 21:33:01 - Syncing IBKR prices... ✅ Updated 10 positions | Gold: $4467.48
⏰ 21:34:03 - Syncing IBKR prices... ✅ Updated 10 positions | Gold: $4457.42
⏰ 21:35:06 - Syncing IBKR prices... ✅ Updated 10 positions | Gold: $4456.12
⏰ 21:36:07 - Syncing IBKR prices... ✅ Updated 10 positions | Gold: $4462.72
⏰ 21:37:09 - Syncing IBKR prices... ✅ Updated 10 positions | Gold: $4461.19
⏰ 21:38:11 - Syncing IBKR prices... ✅ Updated 10 positions | Gold: $4450.99
⏰ 21:39:13 - Syncing IBKR prices... ✅ Updated 10 positions | Gold: $4466.24
⏰ 21:40:16 - Syncing IBKR prices... ✅ Updated 10 positions | Gold: $4469.05
⏰ 21:41:18 - Syncing IBKR prices... ✅ Updated 10 positions | Gold: $4462.74
⏰ 21:42:20 - Syncing IBKR prices... ✅ Updated 10 positions | Gold: $4463.27
⏰ 21:43:21 - Syncing IBKR prices... ✅ Updated 10 positions | Gold: $4453.49
⏰ 21:44:23 - Syncing IBKR prices... ✅ Updated 10 positions | Gold: $4458.06
⏰ 21:45:25 - Syncing IBKR prices... ✅ Updated 10 positions | Gold: $4456.52
⏰ 21:46:28 - Syncing IBKR prices... ✅ Updated 10 positions | Gold: $4469.92
⏰ 21:47:30 - Syncing IBKR prices... ✅ Updated 10 positions | Gold: $4455.15
⏰ 21:48:35 - Syncing IBKR prices... ✅ Updated 10 positions | Gold: $4459.36
⏰ 21:49:39 - Syncing IBKR prices... ✅ Updated 10 positions | Gold: $4469.84
⏰ 21:50:41 - Syncing IBKR prices... ✅ Updated 10 positions | Gold: $4450.82
⏰ 21:51:45 - Syncing IBKR prices... ✅ Updated 10 positions | Gold: $4466.22
⏰ 21:52:48 - Syncing IBKR prices... ✅ Updated 10 positions | Gold: $4451.73
⏰ 21:53:50 - Syncing IBKR prices... ✅ Updated 10 positions | Gold: $4450.25
⏰ 21:54:52 - Syncing IBKR prices... ✅ Updated 10 positions | Gold: $4453.84
⏰ 21:55:53 - Syncing IBKR prices... ✅ Updated 10 positions | Gold: $4459.27
⏰ 21:56:55 - Syncing IBKR prices... ✅ Updated 10 positions | Gold: $4450.26
⏰ 21:57:57 - Syncing IBKR prices... ✅ Updated 10 positions | Gold: $4456.53
⏰ 21:58:58 - Syncing IBKR prices... ✅ Updated 10 positions | Gold: $4452.79
⏰ 22:00:00 - Syncing IBKR prices... ✅ Updated 10 positions | Gold: $4465.06
⏰ 22:01:03 - Syncing IBKR prices... ✅ Updated 10 positions | Gold: $4463.96
⏰ 22:02:05 - Syncing IBKR prices... ✅ Updated 10 positions | Gold: $4469.96
⏰ 22:03:08 - Syncing IBKR prices... ✅ Updated 10 positions | Gold: $4469.53
⏰ 22:04:09 - Syncing IBKR prices... ✅ Updated 10 positions | Gold: $4457.49
⏰ 22:05:11 - Syncing IBKR prices... ✅ Updated 10 positions | Gold: $4456.01
⏰ 22:06:12 - Syncing IBKR prices... ✅ Updated 10 positions | Gold: $4451.67
⏰ 22:07:14 - Syncing IBKR prices... ✅ Updated 10 positions | Gold: $4461.06
⏰ 22:08:15 - Syncing IBKR prices... ✅ Updated 10 positions | Gold: $4454.98
⏰ 22:09:17 - Syncing IBKR prices... ✅ Updated 10 positions | Gold: $4453.08
⏰ 22:10:18 - Syncing IBKR prices... ✅ Updated 10 positions | Gold: $4453.52
⏰ 22:11:20 - Syncing IBKR prices... ✅ Updated 10 positions | Gold: $4464.92
⏰ 22:12:22 - Syncing IBKR prices... ✅ Updated 10 positions | Gold: $4467.18
⏰ 22:13:24 - Syncing IBKR prices... ✅ Updated 10 positions | Gold: $4450.63
⏰ 22:14:27 - Syncing IBKR prices... ✅ Updated 10 positions | Gold: $4451.14
⏰ 22:15:29 - Syncing IBKR prices... ✅ Updated 10 positions | Gold: $4456.04
⏰ 22:16:30 - Syncing IBKR prices... ✅ Updated 10 positions | Gold: $4468.32
⏰ 22:17:32 - Syncing IBKR prices... ✅ Updated 10 positions | Gold: $4469.22
⏰ 22:18:34 - Syncing IBKR prices... ✅ Updated 10 positions | Gold: $4466.90
⏰ 22:19:35 - Syncing IBKR prices... ✅ Updated 10 positions | Gold: $4450.09
⏰ 22:20:37 - Syncing IBKR prices... ✅ Updated 10 positions | Gold: $4462.55
⏰ 22:21:38 - Syncing IBKR prices... ✅ Updated 10 positions | Gold: $4460.05
⏰ 22:22:40 - Syncing IBKR prices... ✅ Updated 10 positions | Gold: $4458.73
⏰ 22:23:41 - Syncing IBKR prices... ✅ Updated 10 positions | Gold: $4457.76
⏰ 22:24:43 - Syncing IBKR prices... ✅ Updated 10 positions | Gold: $4453.65
⏰ 22:25:45 - Syncing IBKR prices... ✅ Updated 10 positions | Gold: $4466.64
⏰ 22:26:46 - Syncing IBKR prices... ✅ Updated 10 positions | Gold: $4462.58
⏰ 22:27:48 - Syncing IBKR prices... ✅ Updated 10 positions | Gold: $4465.28
⏰ 22:28:49 - Syncing IBKR prices... ✅ Updated 10 positions | Gold: $4450.86
⏰ 22:29:51 - Syncing IBKR prices... ✅ Updated 10 positions | Gold: $4469.01
⏰ 22:30:52 - Syncing IBKR prices... ✅ Updated 10 positions | Gold: $4467.29
⏰ 22:31:54 - Syncing IBKR prices... ✅ Updated 10 positions | Gold: $4463.23
⏰ 22:32:55 - Syncing IBKR prices... ✅ Updated 10 positions | Gold: $4461.86
⏰ 22:33:57 - Syncing IBKR prices... ✅ Updated 10 positions | Gold: $4463.47
⏰ 22:34:59 - Syncing IBKR prices... ✅ Updated 10 positions | Gold: $4451.68
⏰ 22:36:00 - Syncing IBKR prices... ✅ Updated 10 positions | Gold: $4456.12
⏰ 22:37:02 - Syncing IBKR prices... ✅ Updated 10 positions | Gold: $4459.19
⏰ 22:38:04 - Syncing IBKR prices... ✅ Updated 10 positions | Gold: $4450.22
⏰ 22:39:05 - Syncing IBKR prices... ✅ Updated 10 positions | Gold: $4450.87
⏰ 22:40:07 - Syncing IBKR prices... ✅ Updated 10 positions | Gold: $4466.44
⏰ 22:41:08 - Syncing IBKR prices... ✅ Updated 10 positions | Gold: $4462.08
⏰ 22:42:10 - Syncing IBKR prices... ✅ Updated 10 positions | Gold: $4456.38
⏰ 22:43:12 - Syncing IBKR prices... ✅ Updated 10 positions | Gold: $4450.75
⏰ 22:44:13 - Syncing IBKR prices... ✅ Updated 10 positions | Gold: $4455.66
⏰ 22:45:15 - Syncing IBKR prices... ✅ Updated 10 positions | Gold: $4464.21
⏰ 22:46:17 - Syncing IBKR prices... ✅ Updated 10 positions | Gold: $4466.09
⏰ 22:47:18 - Syncing IBKR prices... ✅ Updated 10 positions | Gold: $4452.32
⏰ 22:48:20 - Syncing IBKR prices... ✅ Updated 10 positions | Gold: $4457.19
⏰ 22:49:21 - Syncing IBKR prices... ✅ Updated 10 positions | Gold: $4451.62
⏰ 22:50:23 - Syncing IBKR prices... ✅ Updated 10 positions | Gold: $4468.72
⏰ 22:51:24 - Syncing IBKR prices... ✅ Updated 10 positions | Gold: $4461.51
⏰ 22:52:26 - Syncing IBKR prices... ✅ Updated 10 positions | Gold: $4469.27
⏰ 22:53:27 - Syncing IBKR prices... ✅ Updated 10 positions | Gold: $4468.22
⏰ 22:54:29 - Syncing IBKR prices... ✅ Updated 10 positions | Gold: $4461.72
⏰ 22:55:30 - Syncing IBKR prices... ✅ Updated 10 positions | Gold: $4461.81
⏰ 22:56:32 - Syncing IBKR prices... ✅ Updated 10 positions | Gold: $4458.88
⏰ 22:57:34 - Syncing IBKR prices... ✅ Updated 10 positions | Gold: $4453.66
⏰ 22:58:35 - Syncing IBKR prices... ✅ Updated 10 positions | Gold: $4464.69
⏰ 22:59:37 - Syncing IBKR prices... ✅ Updated 10 positions | Gold: $4457.99
⏰ 23:00:38 - Syncing IBKR prices... ✅ Updated 10 positions | Gold: $4461.66
⏰ 23:01:40 - Syncing IBKR prices... ✅ Updated 10 positions | Gold: $4456.03
⏰ 23:02:41 - Syncing IBKR prices... ✅ Updated 10 positions | Gold: $4461.97
⏰ 23:03:43 - Syncing IBKR prices... ✅ Updated 10 positions | Gold: $4451.31
⏰ 23:04:44 - Syncing IBKR prices... ✅ Updated 10 positions | Gold: $4464.53
⏰ 23:05:46 - Syncing IBKR prices... ✅ Updated 10 positions | Gold: $4465.75
⏰ 23:06:48 - Syncing IBKR prices... ✅ Updated 10 positions | Gold: $4466.68
⏰ 23:07:49 - Syncing IBKR prices... ✅ Updated 10 positions | Gold: $4454.39
⏰ 23:08:51 - Syncing IBKR prices... ✅ Updated 10 positions | Gold: $4458.15
⏰ 23:10:21 - Syncing IBKR prices... ✅ Updated 10 positions | Gold: $4459.76
⏰ 23:11:22 - Syncing IBKR prices... ✅ Updated 10 positions | Gold: $4455.78
⏰ 23:12:24 - Syncing IBKR prices... ✅ Updated 10 positions | Gold: $4450.83
⏰ 23:13:26 - Syncing IBKR prices... ✅ Updated 10 positions | Gold: $4469.44
⏰ 23:14:27 - Syncing IBKR prices... ✅ Updated 10 positions | Gold: $4462.38
⏰ 23:15:29 - Syncing IBKR prices... ✅ Updated 10 positions | Gold: $4468.44
⏰ 23:16:31 - Syncing IBKR prices... ✅ Updated 10 positions | Gold: $4450.91
⏰ 23:17:32 - Syncing IBKR prices... ✅ Updated 10 positions | Gold: $4450.78
⏰ 23:18:34 - Syncing IBKR prices... ✅ Updated 10 positions | Gold: $4454.44
⏰ 23:19:35 - Syncing IBKR prices... ✅ Updated 10 positions | Gold: $4465.58
⏰ 23:20:37 - Syncing IBKR prices... ✅ Updated 10 positions | Gold: $4466.71
⏰ 23:21:38 - Syncing IBKR prices... ✅ Updated 10 positions | Gold: $4469.12
⏰ 23:22:40 - Syncing IBKR prices... ✅ Updated 10 positions | Gold: $4451.59
⏰ 23:23:41 - Syncing IBKR prices... ✅ Updated 10 positions | Gold: $4454.12
⏰ 23:24:43 - Syncing IBKR prices... ✅ Updated 10 positions | Gold: $4463.16
⏰ 23:25:44 - Syncing IBKR prices... ✅ Updated 10 positions | Gold: $4459.34
⏰ 23:26:46 - Syncing IBKR prices... ✅ Updated 10 positions | Gold: $4459.14
⏰ 23:27:47 - Syncing IBKR prices... ✅ Updated 10 positions | Gold: $4458.79
⏰ 23:28:49 - Syncing IBKR prices... ✅ Updated 10 positions | Gold: $4452.60
⏰ 23:29:50 - Syncing IBKR prices... ✅ Updated 10 positions | Gold: $4463.81
⏰ 23:30:52 - Syncing IBKR prices... ✅ Updated 10 positions | Gold: $4469.05
⏰ 23:31:53 - Syncing IBKR prices... ✅ Updated 10 positions | Gold: $4460.87
⏰ 23:32:55 - Syncing IBKR prices... ✅ Updated 10 positions | Gold: $4462.94
⏰ 23:33:56 - Syncing IBKR prices... ✅ Updated 10 positions | Gold: $4455.55
⏰ 23:34:58 - Syncing IBKR prices... ✅ Updated 10 positions | Gold: $4469.63
⏰ 23:35:59 - Syncing IBKR prices... ✅ Updated 10 positions | Gold: $4455.32
⏰ 23:37:01 - Syncing IBKR prices... ✅ Updated 10 positions | Gold: $4467.17
⏰ 23:38:02 - Syncing IBKR prices... ✅ Updated 10 positions | Gold: $4455.59
⏰ 23:39:04 - Syncing IBKR prices... ✅ Updated 10 positions | Gold: $4468.41
⏰ 23:40:06 - Syncing IBKR prices... ✅ Updated 10 positions | Gold: $4456.04
⏰ 23:41:07 - Syncing IBKR prices... ✅ Updated 10 positions | Gold: $4461.37
⏰ 23:42:09 - Syncing IBKR prices... ✅ Updated 10 positions | Gold: $4468.42
⏰ 23:43:10 - Syncing IBKR prices... ✅ Updated 10 positions | Gold: $4458.85
⏰ 23:44:12 - Syncing IBKR prices... ✅ Updated 10 positions | Gold: $4451.31
⏰ 23:45:13 - Syncing IBKR prices... ✅ Updated 10 positions | Gold: $4461.02
⏰ 23:46:15 - Syncing IBKR prices... ✅ Updated 10 positions | Gold: $4454.71
⏰ 23:47:16 - Syncing IBKR prices... ✅ Updated 10 positions | Gold: $4462.49
⏰ 23:48:18 - Syncing IBKR prices... ✅ Updated 10 positions | Gold: $4453.41
⏰ 23:49:19 - Syncing IBKR prices... ✅ Updated 10 positions | Gold: $4456.07
⏰ 23:50:21 - Syncing IBKR prices... ✅ Updated 10 positions | Gold: $4453.89
⏰ 23:51:22 - Syncing IBKR prices... ✅ Updated 10 positions | Gold: $4453.60
⏰ 23:52:24 - Syncing IBKR prices... ✅ Updated 10 positions | Gold: $4453.75
⏰ 23:53:26 - Syncing IBKR prices... ✅ Updated 10 positions | Gold: $4469.22
⏰ 23:54:27 - Syncing IBKR prices... ✅ Updated 10 positions | Gold: $4463.67
⏰ 23:55:29 - Syncing IBKR prices... ✅ Updated 10 positions | Gold: $4460.57
⏰ 23:56:30 - Syncing IBKR prices... ✅ Updated 10 positions | Gold: $4455.08
⏰ 23:57:32 - Syncing IBKR prices... ✅ Updated 10 positions | Gold: $4456.09
⏰ 23:58:33 - Syncing IBKR prices... ✅ Updated 10 positions | Gold: $4469.51
⏰ 23:59:35 - Syncing IBKR prices... ✅ Updated 10 positions | Gold: $4465.90
⏰ 00:00:37 - Syncing IBKR prices... ✅ Updated 10 positions | Gold: $4451.13
⏰ 00:01:38 - Syncing IBKR prices... ✅ Updated 10 positions | Gold: $4465.94
⏰ 00:02:40 - Syncing IBKR prices... ✅ Updated 10 positions | Gold: $4462.98
⏰ 00:03:42 - Syncing IBKR prices... ✅ Updated 10 positions | Gold: $4456.51
⏰ 00:04:43 - Syncing IBKR prices... ✅ Updated 10 positions | Gold: $4465.65
⏰ 00:05:45 - Syncing IBKR prices... ✅ Updated 10 positions | Gold: $4469.15
⏰ 00:06:47 - Syncing IBKR prices... ✅ Updated 10 positions | Gold: $4451.01
⏰ 00:07:48 - Syncing IBKR prices... ✅ Updated 10 positions | Gold: $4467.38
⏰ 00:08:50 - Syncing IBKR prices... ✅ Updated 10 positions | Gold: $4466.68
⏰ 00:09:51 - Syncing IBKR prices... ✅ Updated 10 positions | Gold: $4458.59
⏰ 00:10:53 - Syncing IBKR prices... ✅ Updated 10 positions | Gold: $4452.01
⏰ 00:11:55 - Syncing IBKR prices... ✅ Updated 10 positions | Gold: $4456.01
⏰ 00:12:56 - Syncing IBKR prices... ✅ Updated 10 positions | Gold: $4466.19
⏰ 00:13:58 - Syncing IBKR prices... ✅ Updated 10 positions | Gold: $4460.33
⏰ 00:15:00 - Syncing IBKR prices... ✅ Updated 10 positions | Gold: $4457.81
⏰ 00:16:01 - Syncing IBKR prices... ✅ Updated 10 positions | Gold: $4451.57
⏰ 00:17:03 - Syncing IBKR prices... ✅ Updated 10 positions | Gold: $4456.68
⏰ 00:18:04 - Syncing IBKR prices... ✅ Updated 10 positions | Gold: $4463.10
⏰ 00:19:06 - Syncing IBKR prices... ✅ Updated 10 positions | Gold: $4463.03
⏰ 00:20:07 - Syncing IBKR prices... ✅ Updated 10 positions | Gold: $4463.73
⏰ 00:21:09 - Syncing IBKR prices... ✅ Updated 10 positions | Gold: $4456.11
⏰ 00:22:11 - Syncing IBKR prices... ✅ Updated 10 positions | Gold: $4469.76
⏰ 00:23:12 - Syncing IBKR prices... ✅ Updated 10 positions | Gold: $4466.79
⏰ 00:24:14 - Syncing IBKR prices... ✅ Updated 10 positions | Gold: $4455.19
⏰ 00:25:15 - Syncing IBKR prices... ✅ Updated 10 positions | Gold: $4460.80
⏰ 00:26:17 - Syncing IBKR prices... ✅ Updated 10 positions | Gold: $4456.83
⏰ 00:27:18 - Syncing IBKR prices... ✅ Updated 10 positions | Gold: $4459.85
⏰ 00:28:20 - Syncing IBKR prices... ✅ Updated 10 positions | Gold: $4450.27
⏰ 00:29:21 - Syncing IBKR prices... ✅ Updated 10 positions | Gold: $4462.59
⏰ 00:30:23 - Syncing IBKR prices... ✅ Updated 10 positions | Gold: $4466.84
⏰ 00:31:24 - Syncing IBKR prices... ✅ Updated 10 positions | Gold: $4463.34
⏰ 00:32:26 - Syncing IBKR prices... ✅ Updated 10 positions | Gold: $4453.19
⏰ 00:33:28 - Syncing IBKR prices... ✅ Updated 10 positions | Gold: $4456.55
⏰ 00:34:29 - Syncing IBKR prices... ✅ Updated 10 positions | Gold: $4464.90
⏰ 00:35:31 - Syncing IBKR prices... ✅ Updated 10 positions | Gold: $4466.56
⏰ 00:36:32 - Syncing IBKR prices... ✅ Updated 10 positions | Gold: $4452.71
⏰ 00:37:34 - Syncing IBKR prices... ✅ Updated 10 positions | Gold: $4469.86
⏰ 00:38:35 - Syncing IBKR prices... ✅ Updated 10 positions | Gold: $4468.57
⏰ 00:39:37 - Syncing IBKR prices... ✅ Updated 10 positions | Gold: $4457.08
⏰ 00:40:38 - Syncing IBKR prices... ✅ Updated 10 positions | Gold: $4458.26
⏰ 00:41:40 - Syncing IBKR prices... ✅ Updated 10 positions | Gold: $4468.20
⏰ 00:42:41 - Syncing IBKR prices... ✅ Updated 10 positions | Gold: $4450.64
⏰ 00:43:43 - Syncing IBKR prices... ✅ Updated 10 positions | Gold: $4460.52
⏰ 00:44:45 - Syncing IBKR prices... ✅ Updated 10 positions | Gold: $4458.97
⏰ 00:45:46 - Syncing IBKR prices... ✅ Updated 10 positions | Gold: $4457.90
⏰ 00:46:48 - Syncing IBKR prices... ✅ Updated 10 positions | Gold: $4454.30
⏰ 00:47:49 - Syncing IBKR prices... ✅ Updated 10 positions | Gold: $4466.40
⏰ 00:48:51 - Syncing IBKR prices... ✅ Updated 10 positions | Gold: $4460.42
⏰ 00:49:52 - Syncing IBKR prices... ✅ Updated 10 positions | Gold: $4450.01
⏰ 00:50:54 - Syncing IBKR prices... ✅ Updated 10 positions | Gold: $4452.16
⏰ 00:51:56 - Syncing IBKR prices... ✅ Updated 10 positions | Gold: $4458.55
⏰ 00:52:57 - Syncing IBKR prices... ✅ Updated 10 positions | Gold: $4452.04
⏰ 00:53:59 - Syncing IBKR prices... ✅ Updated 10 positions | Gold: $4468.03
⏰ 00:55:00 - Syncing IBKR prices... ✅ Updated 10 positions | Gold: $4465.27
⏰ 00:56:02 - Syncing IBKR prices... ✅ Updated 10 positions | Gold: $4452.24
⏰ 00:57:04 - Syncing IBKR prices... ✅ Updated 10 positions | Gold: $4466.66
⏰ 00:58:05 - Syncing IBKR prices... ✅ Updated 10 positions | Gold: $4456.98
⏰ 00:59:07 - Syncing IBKR prices... ✅ Updated 10 positions | Gold: $4458.09
⏰ 01:00:08 - Syncing IBKR prices... ✅ Updated 10 positions | Gold: $4464.03
⏰ 01:01:10 - Syncing IBKR prices... ✅ Updated 10 positions | Gold: $4462.88
⏰ 01:02:12 - Syncing IBKR prices... ✅ Updated 10 positions | Gold: $4460.73
⏰ 01:03:13 - Syncing IBKR prices... ✅ Updated 10 positions | Gold: $4468.90
⏰ 01:04:15 - Syncing IBKR prices... ✅ Updated 10 positions | Gold: $4463.99
⏰ 01:05:17 - Syncing IBKR prices... ✅ Updated 10 positions | Gold: $4458.85
⏰ 01:06:18 - Syncing IBKR prices... ✅ Updated 10 positions | Gold: $4460.98
⏰ 01:07:20 - Syncing IBKR prices... ✅ Updated 10 positions | Gold: $4457.67
⏰ 01:08:21 - Syncing IBKR prices... ✅ Updated 10 positions | Gold: $4458.46
⏰ 01:09:22 - Syncing IBKR prices... ✅ Updated 10 positions | Gold: $4458.43
⏰ 01:10:24 - Syncing IBKR prices... ✅ Updated 10 positions | Gold: $4451.28
⏰ 01:11:25 - Syncing IBKR prices... ✅ Updated 10 positions | Gold: $4468.23
⏰ 01:12:26 - Syncing IBKR prices... ✅ Updated 10 positions | Gold: $4459.94
⏰ 01:13:27 - Syncing IBKR prices... ✅ Updated 10 positions | Gold: $4459.14
⏰ 01:14:29 - Syncing IBKR prices... ✅ Updated 10 positions | Gold: $4456.43
⏰ 01:15:30 - Syncing IBKR prices... ✅ Updated 10 positions | Gold: $4462.24
⏰ 01:16:32 - Syncing IBKR prices... ✅ Updated 10 positions | Gold: $4468.08
⏰ 01:17:33 - Syncing IBKR prices... ✅ Updated 10 positions | Gold: $4465.67
⏰ 01:18:34 - Syncing IBKR prices... ✅ Updated 10 positions | Gold: $4466.79
⏰ 01:19:35 - Syncing IBKR prices... ✅ Updated 10 positions | Gold: $4451.15
⏰ 01:20:36 - Syncing IBKR prices... ✅ Updated 10 positions | Gold: $4460.35
⏰ 01:21:37 - Syncing IBKR prices... ✅ Updated 10 positions | Gold: $4450.91
⏰ 01:22:39 - Syncing IBKR prices... ✅ Updated 10 positions | Gold: $4462.29
⏰ 01:23:40 - Syncing IBKR prices... ✅ Updated 10 positions | Gold: $4469.93
⏰ 01:24:41 - Syncing IBKR prices... ✅ Updated 10 positions | Gold: $4468.42
⏰ 01:25:42 - Syncing IBKR prices... ✅ Updated 10 positions | Gold: $4464.17
⏰ 01:26:43 - Syncing IBKR prices... ✅ Updated 10 positions | Gold: $4469.78
⏰ 01:27:45 - Syncing IBKR prices... ✅ Updated 10 positions | Gold: $4452.22
⏰ 01:28:46 - Syncing IBKR prices... ✅ Updated 10 positions | Gold: $4460.48
⏰ 01:29:47 - Syncing IBKR prices... ✅ Updated 10 positions | Gold: $4462.86
⏰ 01:30:48 - Syncing IBKR prices... ✅ Updated 10 positions | Gold: $4459.85
⏰ 01:31:50 - Syncing IBKR prices... ✅ Updated 10 positions | Gold: $4456.22
⏰ 01:32:51 - Syncing IBKR prices... ✅ Updated 10 positions | Gold: $4456.55
⏰ 01:33:52 - Syncing IBKR prices... ✅ Updated 10 positions | Gold: $4468.67
⏰ 01:34:54 - Syncing IBKR prices... ✅ Updated 10 positions | Gold: $4467.24
⏰ 01:35:55 - Syncing IBKR prices... ✅ Updated 10 positions | Gold: $4468.41
⏰ 01:36:56 - Syncing IBKR prices... ✅ Updated 10 positions | Gold: $4469.53
⏰ 01:37:57 - Syncing IBKR prices... ✅ Updated 10 positions | Gold: $4462.83
⏰ 01:38:58 - Syncing IBKR prices... ✅ Updated 10 positions | Gold: $4462.82
⏰ 01:39:59 - Syncing IBKR prices... ✅ Updated 10 positions | Gold: $4459.24
⏰ 01:41:01 - Syncing IBKR prices... ✅ Updated 10 positions | Gold: $4466.87
⏰ 01:42:02 - Syncing IBKR prices... ✅ Updated 10 positions | Gold: $4451.70
⏰ 01:43:03 - Syncing IBKR prices... ✅ Updated 10 positions | Gold: $4468.91
⏰ 01:44:04 - Syncing IBKR prices... ✅ Updated 10 positions | Gold: $4456.12
⏰ 01:45:05 - Syncing IBKR prices... ✅ Updated 10 positions | Gold: $4454.21
⏰ 01:46:06 - Syncing IBKR prices... ✅ Updated 10 positions | Gold: $4462.31
⏰ 01:47:08 - Syncing IBKR prices... ✅ Updated 10 positions | Gold: $4456.06
⏰ 01:48:09 - Syncing IBKR prices... ✅ Updated 10 positions | Gold: $4450.04
⏰ 01:49:10 - Syncing IBKR prices... ✅ Updated 10 positions | Gold: $4467.84
⏰ 01:50:11 - Syncing IBKR prices... ✅ Updated 10 positions | Gold: $4452.52
⏰ 01:51:13 - Syncing IBKR prices... ✅ Updated 10 positions | Gold: $4450.36
⏰ 01:52:14 - Syncing IBKR prices... ✅ Updated 10 positions | Gold: $4454.57
⏰ 01:53:15 - Syncing IBKR prices... ✅ Updated 10 positions | Gold: $4460.88
⏰ 01:54:17 - Syncing IBKR prices... ✅ Updated 10 positions | Gold: $4454.18
⏰ 01:55:18 - Syncing IBKR prices... ✅ Updated 10 positions | Gold: $4460.08
⏰ 01:56:19 - Syncing IBKR prices... ✅ Updated 10 positions | Gold: $4464.12
⏰ 01:57:20 - Syncing IBKR prices... ✅ Updated 10 positions | Gold: $4462.64
⏰ 01:58:21 - Syncing IBKR prices... ✅ Updated 10 positions | Gold: $4460.90
⏰ 01:59:23 - Syncing IBKR prices... ✅ Updated 10 positions | Gold: $4469.72
⏰ 02:00:24 - Syncing IBKR prices... ✅ Updated 10 positions | Gold: $4462.39
⏰ 02:01:25 - Syncing IBKR prices... ✅ Updated 10 positions | Gold: $4459.36
⏰ 02:02:26 - Syncing IBKR prices... ✅ Updated 10 positions | Gold: $4459.09
⏰ 02:03:28 - Syncing IBKR prices... ✅ Updated 10 positions | Gold: $4469.58
⏰ 02:04:29 - Syncing IBKR prices... ✅ Updated 10 positions | Gold: $4457.55
⏰ 02:05:30 - Syncing IBKR prices... ✅ Updated 10 positions | Gold: $4451.95
⏰ 02:06:31 - Syncing IBKR prices... ✅ Updated 10 positions | Gold: $4456.87
⏰ 02:07:32 - Syncing IBKR prices... ✅ Updated 10 positions | Gold: $4464.20
⏰ 02:08:34 - Syncing IBKR prices... ✅ Updated 10 positions | Gold: $4455.09
⏰ 02:09:35 - Syncing IBKR prices... ✅ Updated 10 positions | Gold: $4465.24
⏰ 02:10:36 - Syncing IBKR prices... ✅ Updated 10 positions | Gold: $4456.73
⏰ 02:11:37 - Syncing IBKR prices... ✅ Updated 10 positions | Gold: $4460.65
⏰ 02:12:39 - Syncing IBKR prices... ✅ Updated 10 positions | Gold: $4458.28
⏰ 02:13:40 - Syncing IBKR prices... ✅ Updated 10 positions | Gold: $4465.97
⏰ 02:14:41 - Syncing IBKR prices... ✅ Updated 10 positions | Gold: $4451.49
⏰ 02:15:42 - Syncing IBKR prices... ✅ Updated 10 positions | Gold: $4456.88
⏰ 02:16:44 - Syncing IBKR prices... ✅ Updated 10 positions | Gold: $4459.81
⏰ 02:17:45 - Syncing IBKR prices... ✅ Updated 10 positions | Gold: $4455.58
⏰ 02:18:46 - Syncing IBKR prices... ✅ Updated 10 positions | Gold: $4451.25
⏰ 02:19:47 - Syncing IBKR prices... ✅ Updated 10 positions | Gold: $4462.15
⏰ 02:20:48 - Syncing IBKR prices... ✅ Updated 10 positions | Gold: $4454.75
⏰ 02:21:49 - Syncing IBKR prices... ✅ Updated 10 positions | Gold: $4457.69
⏰ 02:22:50 - Syncing IBKR prices... ✅ Updated 10 positions | Gold: $4450.61
⏰ 02:23:52 - Syncing IBKR prices... ✅ Updated 10 positions | Gold: $4453.66
⏰ 02:24:53 - Syncing IBKR prices... ✅ Updated 10 positions | Gold: $4462.14
⏰ 02:25:54 - Syncing IBKR prices... ✅ Updated 10 positions | Gold: $4462.23
⏰ 02:26:55 - Syncing IBKR prices... ✅ Updated 10 positions | Gold: $4463.13
⏰ 02:27:56 - Syncing IBKR prices... ✅ Updated 10 positions | Gold: $4451.88
⏰ 02:28:57 - Syncing IBKR prices... ✅ Updated 10 positions | Gold: $4465.58
⏰ 02:29:58 - Syncing IBKR prices... ✅ Updated 10 positions | Gold: $4454.15
⏰ 02:31:00 - Syncing IBKR prices... ✅ Updated 10 positions | Gold: $4465.54
⏰ 02:32:01 - Syncing IBKR prices... ✅ Updated 10 positions | Gold: $4464.40
⏰ 02:33:02 - Syncing IBKR prices... ✅ Updated 10 positions | Gold: $4450.03
⏰ 02:34:03 - Syncing IBKR prices... ✅ Updated 10 positions | Gold: $4467.60
⏰ 02:35:04 - Syncing IBKR prices... ✅ Updated 10 positions | Gold: $4452.20
⏰ 02:36:05 - Syncing IBKR prices... ✅ Updated 10 positions | Gold: $4469.34
⏰ 02:37:06 - Syncing IBKR prices... ✅ Updated 10 positions | Gold: $4454.07
⏰ 02:38:08 - Syncing IBKR prices... ✅ Updated 10 positions | Gold: $4457.44
⏰ 02:39:09 - Syncing IBKR prices... ✅ Updated 10 positions | Gold: $4462.18
⏰ 02:40:10 - Syncing IBKR prices... ✅ Updated 10 positions | Gold: $4455.74
⏰ 02:41:11 - Syncing IBKR prices... ✅ Updated 10 positions | Gold: $4468.22
⏰ 02:42:12 - Syncing IBKR prices... ✅ Updated 10 positions | Gold: $4456.57
⏰ 02:43:13 - Syncing IBKR prices... ✅ Updated 10 positions | Gold: $4456.34
⏰ 02:44:15 - Syncing IBKR prices... ✅ Updated 10 positions | Gold: $4461.70
⏰ 02:45:16 - Syncing IBKR prices... ✅ Updated 10 positions | Gold: $4461.20
⏰ 02:46:17 - Syncing IBKR prices... ✅ Updated 10 positions | Gold: $4450.57
⏰ 02:47:18 - Syncing IBKR prices... ✅ Updated 10 positions | Gold: $4463.44
⏰ 02:48:19 - Syncing IBKR prices... ✅ Updated 10 positions | Gold: $4452.43
⏰ 02:49:20 - Syncing IBKR prices... ✅ Updated 10 positions | Gold: $4467.54
⏰ 02:50:22 - Syncing IBKR prices... ✅ Updated 10 positions | Gold: $4454.83
⏰ 02:51:23 - Syncing IBKR prices... ✅ Updated 10 positions | Gold: $4462.61
⏰ 02:52:24 - Syncing IBKR prices... ✅ Updated 10 positions | Gold: $4467.53
⏰ 02:53:25 - Syncing IBKR prices... ✅ Updated 10 positions | Gold: $4456.00
⏰ 02:54:26 - Syncing IBKR prices... ✅ Updated 10 positions | Gold: $4467.94
⏰ 02:55:27 - Syncing IBKR prices... ✅ Updated 10 positions | Gold: $4452.57
⏰ 02:56:29 - Syncing IBKR prices... ✅ Updated 10 positions | Gold: $4464.09
⏰ 02:57:30 - Syncing IBKR prices... ✅ Updated 10 positions | Gold: $4459.61
⏰ 02:58:31 - Syncing IBKR prices... ✅ Updated 10 positions | Gold: $4460.69
⏰ 02:59:32 - Syncing IBKR prices... ✅ Updated 10 positions | Gold: $4460.52
⏰ 03:00:33 - Syncing IBKR prices... ✅ Updated 10 positions | Gold: $4467.58
⏰ 03:01:35 - Syncing IBKR prices... ✅ Updated 10 positions | Gold: $4453.47
⏰ 03:02:36 - Syncing IBKR prices... ✅ Updated 10 positions | Gold: $4453.52
⏰ 03:03:37 - Syncing IBKR prices... ✅ Updated 10 positions | Gold: $4453.11
⏰ 03:04:38 - Syncing IBKR prices... ✅ Updated 10 positions | Gold: $4454.77
⏰ 03:05:40 - Syncing IBKR prices... ✅ Updated 10 positions | Gold: $4466.65
⏰ 03:06:41 - Syncing IBKR prices... ✅ Updated 10 positions | Gold: $4457.47
⏰ 03:07:42 - Syncing IBKR prices... ✅ Updated 10 positions | Gold: $4452.98
⏰ 03:08:43 - Syncing IBKR prices... ✅ Updated 10 positions | Gold: $4459.05
⏰ 03:09:44 - Syncing IBKR prices... ✅ Updated 10 positions | Gold: $4453.11
⏰ 03:10:46 - Syncing IBKR prices... ✅ Updated 10 positions | Gold: $4453.50
⏰ 03:11:47 - Syncing IBKR prices... ✅ Updated 10 positions | Gold: $4466.71
⏰ 03:12:48 - Syncing IBKR prices... ✅ Updated 10 positions | Gold: $4457.01
⏰ 03:13:49 - Syncing IBKR prices... ✅ Updated 10 positions | Gold: $4464.36
⏰ 03:14:51 - Syncing IBKR prices... ✅ Updated 10 positions | Gold: $4464.90
⏰ 03:15:52 - Syncing IBKR prices... ✅ Updated 10 positions | Gold: $4467.57
⏰ 03:16:53 - Syncing IBKR prices... ✅ Updated 10 positions | Gold: $4461.94
⏰ 03:17:54 - Syncing IBKR prices... ✅ Updated 10 positions | Gold: $4453.78
⏰ 03:18:56 - Syncing IBKR prices... ✅ Updated 10 positions | Gold: $4462.90
⏰ 03:19:57 - Syncing IBKR prices... ✅ Updated 10 positions | Gold: $4468.32
⏰ 03:20:58 - Syncing IBKR prices... ✅ Updated 10 positions | Gold: $4451.61
⏰ 03:21:59 - Syncing IBKR prices... ✅ Updated 10 positions | Gold: $4460.19
⏰ 03:23:00 - Syncing IBKR prices... ✅ Updated 10 positions | Gold: $4456.13
⏰ 03:24:02 - Syncing IBKR prices... ✅ Updated 10 positions | Gold: $4468.16
⏰ 03:25:03 - Syncing IBKR prices... ✅ Updated 10 positions | Gold: $4462.95
⏰ 03:26:04 - Syncing IBKR prices... ✅ Updated 10 positions | Gold: $4462.83
⏰ 03:27:05 - Syncing IBKR prices... ✅ Updated 10 positions | Gold: $4455.41
⏰ 03:28:07 - Syncing IBKR prices... ✅ Updated 10 positions | Gold: $4455.56
⏰ 03:29:08 - Syncing IBKR prices... ✅ Updated 10 positions | Gold: $4469.76
⏰ 03:30:09 - Syncing IBKR prices... ✅ Updated 10 positions | Gold: $4462.99
⏰ 03:31:10 - Syncing IBKR prices... ✅ Updated 10 positions | Gold: $4456.45
⏰ 03:32:12 - Syncing IBKR prices... ✅ Updated 10 positions | Gold: $4463.39
⏰ 03:33:13 - Syncing IBKR prices... ✅ Updated 10 positions | Gold: $4451.38
⏰ 03:34:14 - Syncing IBKR prices... ✅ Updated 10 positions | Gold: $4451.89
⏰ 03:35:16 - Syncing IBKR prices... ✅ Updated 10 positions | Gold: $4464.03
⏰ 03:36:17 - Syncing IBKR prices... ✅ Updated 10 positions | Gold: $4469.71
⏰ 03:37:18 - Syncing IBKR prices... ✅ Updated 10 positions | Gold: $4463.89
⏰ 03:38:19 - Syncing IBKR prices... ✅ Updated 10 positions | Gold: $4452.16
⏰ 03:39:21 - Syncing IBKR prices... ✅ Updated 10 positions | Gold: $4452.71
⏰ 03:40:24 - Syncing IBKR prices... ✅ Updated 10 positions | Gold: $4462.99
⏰ 03:41:25 - Syncing IBKR prices... ✅ Updated 10 positions | Gold: $4451.22
⏰ 03:42:26 - Syncing IBKR prices... ✅ Updated 10 positions | Gold: $4454.88
⏰ 03:43:28 - Syncing IBKR prices... ✅ Updated 10 positions | Gold: $4458.93
⏰ 03:44:29 - Syncing IBKR prices... ✅ Updated 10 positions | Gold: $4465.08
⏰ 03:45:30 - Syncing IBKR prices... ✅ Updated 10 positions | Gold: $4456.89
⏰ 03:46:32 - Syncing IBKR prices... ✅ Updated 10 positions | Gold: $4459.90
⏰ 03:47:33 - Syncing IBKR prices... ✅ Updated 10 positions | Gold: $4464.26
⏰ 03:48:35 - Syncing IBKR prices... ✅ Updated 10 positions | Gold: $4468.37
⏰ 03:49:36 - Syncing IBKR prices... ✅ Updated 10 positions | Gold: $4456.59
⏰ 03:50:38 - Syncing IBKR prices... ✅ Updated 10 positions | Gold: $4468.46
⏰ 03:51:39 - Syncing IBKR prices... ✅ Updated 10 positions | Gold: $4459.09
⏰ 03:52:41 - Syncing IBKR prices... ✅ Updated 10 positions | Gold: $4452.99
⏰ 03:53:42 - Syncing IBKR prices... ✅ Updated 10 positions | Gold: $4460.81
⏰ 03:54:44 - Syncing IBKR prices... ✅ Updated 10 positions | Gold: $4460.94
⏰ 03:55:45 - Syncing IBKR prices... ✅ Updated 10 positions | Gold: $4458.12
⏰ 03:56:46 - Syncing IBKR prices... ✅ Updated 10 positions | Gold: $4450.71
⏰ 03:57:48 - Syncing IBKR prices... ✅ Updated 10 positions | Gold: $4466.91
⏰ 03:58:49 - Syncing IBKR prices... ✅ Updated 10 positions | Gold: $4458.65
⏰ 03:59:51 - Syncing IBKR prices... ✅ Updated 10 positions | Gold: $4458.62
⏰ 04:00:52 - Syncing IBKR prices... ✅ Updated 10 positions | Gold: $4451.65
⏰ 04:01:54 - Syncing IBKR prices... ✅ Updated 10 positions | Gold: $4467.45
⏰ 04:02:55 - Syncing IBKR prices... ✅ Updated 10 positions | Gold: $4460.28
⏰ 04:03:57 - Syncing IBKR prices... ✅ Updated 10 positions | Gold: $4455.96
⏰ 04:04:58 - Syncing IBKR prices... ✅ Updated 10 positions | Gold: $4467.29
⏰ 04:06:00 - Syncing IBKR prices... ✅ Updated 10 positions | Gold: $4451.38
⏰ 04:07:02 - Syncing IBKR prices... ✅ Updated 10 positions | Gold: $4460.06
⏰ 04:08:03 - Syncing IBKR prices... ✅ Updated 10 positions | Gold: $4458.21
⏰ 04:09:05 - Syncing IBKR prices... ✅ Updated 10 positions | Gold: $4466.14
⏰ 04:10:06 - Syncing IBKR prices... ✅ Updated 10 positions | Gold: $4451.40
⏰ 04:11:08 - Syncing IBKR prices... ✅ Updated 10 positions | Gold: $4460.75
⏰ 04:12:09 - Syncing IBKR prices... ✅ Updated 10 positions | Gold: $4464.92
⏰ 04:13:10 - Syncing IBKR prices... ✅ Updated 10 positions | Gold: $4463.14
⏰ 04:14:12 - Syncing IBKR prices... ✅ Updated 10 positions | Gold: $4462.86
⏰ 04:15:13 - Syncing IBKR prices... ✅ Updated 10 positions | Gold: $4467.12
⏰ 04:16:15 - Syncing IBKR prices... ✅ Updated 10 positions | Gold: $4466.90
⏰ 04:17:16 - Syncing IBKR prices... ✅ Updated 10 positions | Gold: $4467.17
⏰ 04:18:18 - Syncing IBKR prices... ✅ Updated 10 positions | Gold: $4454.23
⏰ 04:19:19 - Syncing IBKR prices... ✅ Updated 10 positions | Gold: $4462.97
⏰ 04:20:21 - Syncing IBKR prices... ✅ Updated 10 positions | Gold: $4463.05
⏰ 04:21:22 - Syncing IBKR prices... ✅ Updated 10 positions | Gold: $4454.45
⏰ 04:22:24 - Syncing IBKR prices... ✅ Updated 10 positions | Gold: $4460.91
⏰ 04:23:25 - Syncing IBKR prices... ✅ Updated 10 positions | Gold: $4455.83
⏰ 04:24:27 - Syncing IBKR prices... ✅ Updated 10 positions | Gold: $4466.78
⏰ 04:25:28 - Syncing IBKR prices... ✅ Updated 10 positions | Gold: $4469.69
⏰ 04:26:30 - Syncing IBKR prices... ✅ Updated 10 positions | Gold: $4462.37
⏰ 04:27:32 - Syncing IBKR prices... ✅ Updated 10 positions | Gold: $4452.10
⏰ 04:28:33 - Syncing IBKR prices... ✅ Updated 10 positions | Gold: $4463.69
⏰ 04:29:35 - Syncing IBKR prices... ✅ Updated 10 positions | Gold: $4463.51
⏰ 04:30:36 - Syncing IBKR prices... ✅ Updated 10 positions | Gold: $4461.35
⏰ 04:31:38 - Syncing IBKR prices... ✅ Updated 10 positions | Gold: $4468.48
⏰ 04:32:39 - Syncing IBKR prices... ✅ Updated 10 positions | Gold: $4454.62
⏰ 04:33:41 - Syncing IBKR prices... ✅ Updated 10 positions | Gold: $4469.33
⏰ 04:34:42 - Syncing IBKR prices... ✅ Updated 10 positions | Gold: $4456.45
⏰ 04:35:44 - Syncing IBKR prices... ✅ Updated 10 positions | Gold: $4454.59
⏰ 04:36:45 - Syncing IBKR prices... ✅ Updated 10 positions | Gold: $4464.64
⏰ 04:37:47 - Syncing IBKR prices... ✅ Updated 10 positions | Gold: $4453.73
⏰ 04:38:48 - Syncing IBKR prices... ✅ Updated 10 positions | Gold: $4459.82
⏰ 04:39:50 - Syncing IBKR prices... ✅ Updated 10 positions | Gold: $4461.25
⏰ 04:40:51 - Syncing IBKR prices... ✅ Updated 10 positions | Gold: $4469.23
⏰ 04:41:53 - Syncing IBKR prices... ✅ Updated 10 positions | Gold: $4450.02
⏰ 04:42:54 - Syncing IBKR prices... ✅ Updated 10 positions | Gold: $4458.48
⏰ 04:43:56 - Syncing IBKR prices... ✅ Updated 10 positions | Gold: $4458.81
⏰ 04:44:57 - Syncing IBKR prices... ✅ Updated 10 positions | Gold: $4463.14
⏰ 04:45:59 - Syncing IBKR prices... ✅ Updated 10 positions | Gold: $4452.46
⏰ 04:47:00 - Syncing IBKR prices... ✅ Updated 10 positions | Gold: $4468.12
⏰ 04:48:02 - Syncing IBKR prices... ✅ Updated 10 positions | Gold: $4466.92
⏰ 04:49:03 - Syncing IBKR prices... ✅ Updated 10 positions | Gold: $4451.28
⏰ 04:50:05 - Syncing IBKR prices... ✅ Updated 10 positions | Gold: $4458.93
⏰ 04:51:06 - Syncing IBKR prices... ✅ Updated 10 positions | Gold: $4469.55
⏰ 04:52:08 - Syncing IBKR prices... ✅ Updated 10 positions | Gold: $4451.85
⏰ 04:53:09 - Syncing IBKR prices... ✅ Updated 10 positions | Gold: $4457.88
⏰ 04:54:11 - Syncing IBKR prices... ✅ Updated 10 positions | Gold: $4452.82
⏰ 04:55:12 - Syncing IBKR prices... ✅ Updated 10 positions | Gold: $4450.75
⏰ 04:56:14 - Syncing IBKR prices... ✅ Updated 10 positions | Gold: $4460.00
⏰ 04:57:15 - Syncing IBKR prices... ✅ Updated 10 positions | Gold: $4455.42
⏰ 04:58:17 - Syncing IBKR prices... ✅ Updated 10 positions | Gold: $4460.91
⏰ 04:59:18 - Syncing IBKR prices... ✅ Updated 10 positions | Gold: $4457.22
⏰ 05:00:20 - Syncing IBKR prices... ✅ Updated 10 positions | Gold: $4456.62
⏰ 05:01:22 - Syncing IBKR prices... ✅ Updated 10 positions | Gold: $4464.71
⏰ 05:02:24 - Syncing IBKR prices... ✅ Updated 10 positions | Gold: $4467.02
⏰ 05:03:25 - Syncing IBKR prices... ✅ Updated 10 positions | Gold: $4457.63
⏰ 05:04:27 - Syncing IBKR prices... ✅ Updated 10 positions | Gold: $4460.91
⏰ 05:05:28 - Syncing IBKR prices... ✅ Updated 10 positions | Gold: $4462.42
⏰ 05:06:30 - Syncing IBKR prices... ✅ Updated 10 positions | Gold: $4456.24
⏰ 05:07:31 - Syncing IBKR prices... ✅ Updated 10 positions | Gold: $4460.60
⏰ 05:08:33 - Syncing IBKR prices... ✅ Updated 10 positions | Gold: $4459.37
⏰ 05:09:34 - Syncing IBKR prices... ✅ Updated 10 positions | Gold: $4468.65
⏰ 05:10:36 - Syncing IBKR prices... ✅ Updated 10 positions | Gold: $4452.23
⏰ 05:11:37 - Syncing IBKR prices... ✅ Updated 10 positions | Gold: $4456.82
⏰ 05:12:39 - Syncing IBKR prices... ✅ Updated 10 positions | Gold: $4457.15
⏰ 05:13:40 - Syncing IBKR prices... ✅ Updated 10 positions | Gold: $4464.93
⏰ 05:14:42 - Syncing IBKR prices... ✅ Updated 10 positions | Gold: $4467.58
⏰ 05:15:44 - Syncing IBKR prices... ✅ Updated 10 positions | Gold: $4467.05
⏰ 05:16:45 - Syncing IBKR prices... ✅ Updated 10 positions | Gold: $4459.25
⏰ 05:17:47 - Syncing IBKR prices... ✅ Updated 10 positions | Gold: $4450.32
⏰ 05:18:48 - Syncing IBKR prices... ✅ Updated 10 positions | Gold: $4456.35
⏰ 05:19:50 - Syncing IBKR prices... ✅ Updated 10 positions | Gold: $4458.58
⏰ 05:20:52 - Syncing IBKR prices... ✅ Updated 10 positions | Gold: $4452.83
⏰ 05:21:54 - Syncing IBKR prices... ✅ Updated 10 positions | Gold: $4462.08
⏰ 05:22:55 - Syncing IBKR prices... ✅ Updated 10 positions | Gold: $4467.31
⏰ 05:23:57 - Syncing IBKR prices... ✅ Updated 10 positions | Gold: $4453.59
⏰ 05:24:58 - Syncing IBKR prices... ✅ Updated 10 positions | Gold: $4452.32
⏰ 05:26:00 - Syncing IBKR prices... ✅ Updated 10 positions | Gold: $4463.85
⏰ 05:27:02 - Syncing IBKR prices... ✅ Updated 10 positions | Gold: $4465.47
⏰ 05:28:03 - Syncing IBKR prices... ✅ Updated 10 positions | Gold: $4457.85
⏰ 05:29:05 - Syncing IBKR prices... ✅ Updated 10 positions | Gold: $4460.10
⏰ 05:30:06 - Syncing IBKR prices... ✅ Updated 10 positions | Gold: $4453.41
⏰ 05:31:08 - Syncing IBKR prices... ✅ Updated 10 positions | Gold: $4455.77
⏰ 05:32:10 - Syncing IBKR prices... ✅ Updated 10 positions | Gold: $4451.83
⏰ 05:33:11 - Syncing IBKR prices... ✅ Updated 10 positions | Gold: $4462.74
⏰ 05:34:13 - Syncing IBKR prices... ✅ Updated 10 positions | Gold: $4465.00
⏰ 05:35:14 - Syncing IBKR prices... ✅ Updated 10 positions | Gold: $4454.75
⏰ 05:36:16 - Syncing IBKR prices... ✅ Updated 10 positions | Gold: $4466.15
⏰ 05:37:17 - Syncing IBKR prices... ✅ Updated 10 positions | Gold: $4466.90
⏰ 05:38:19 - Syncing IBKR prices... ✅ Updated 10 positions | Gold: $4463.77
⏰ 05:39:21 - Syncing IBKR prices... ✅ Updated 10 positions | Gold: $4456.00
⏰ 05:40:23 - Syncing IBKR prices... ✅ Updated 10 positions | Gold: $4466.72
⏰ 05:41:24 - Syncing IBKR prices... ✅ Updated 10 positions | Gold: $4451.54
⏰ 05:42:26 - Syncing IBKR prices... ✅ Updated 10 positions | Gold: $4450.80
⏰ 05:43:27 - Syncing IBKR prices... ✅ Updated 10 positions | Gold: $4469.73
⏰ 05:44:29 - Syncing IBKR prices... ✅ Updated 10 positions | Gold: $4457.00
⏰ 05:45:31 - Syncing IBKR prices... ✅ Updated 10 positions | Gold: $4451.63
⏰ 05:46:32 - Syncing IBKR prices... ✅ Updated 10 positions | Gold: $4455.99
⏰ 05:47:34 - Syncing IBKR prices... ✅ Updated 10 positions | Gold: $4454.10
⏰ 05:48:35 - Syncing IBKR prices... ✅ Updated 10 positions | Gold: $4459.12
⏰ 05:49:37 - Syncing IBKR prices... ✅ Updated 10 positions | Gold: $4460.21
⏰ 05:50:39 - Syncing IBKR prices... ✅ Updated 10 positions | Gold: $4456.35
⏰ 05:51:40 - Syncing IBKR prices... ✅ Updated 10 positions | Gold: $4453.42
⏰ 05:52:42 - Syncing IBKR prices... ✅ Updated 10 positions | Gold: $4468.26
⏰ 05:53:44 - Syncing IBKR prices... ✅ Updated 10 positions | Gold: $4464.06
⏰ 05:54:45 - Syncing IBKR prices... ✅ Updated 10 positions | Gold: $4462.00
⏰ 05:55:47 - Syncing IBKR prices... ✅ Updated 10 positions | Gold: $4460.38
⏰ 05:56:48 - Syncing IBKR prices... ✅ Updated 10 positions | Gold: $4466.17
⏰ 05:57:50 - Syncing IBKR prices... ✅ Updated 10 positions | Gold: $4453.02
⏰ 05:58:52 - Syncing IBKR prices... ✅ Updated 10 positions | Gold: $4464.26
⏰ 05:59:53 - Syncing IBKR prices... ✅ Updated 10 positions | Gold: $4467.68
⏰ 06:00:55 - Syncing IBKR prices... ✅ Updated 10 positions | Gold: $4461.12
⏰ 06:01:57 - Syncing IBKR prices... ✅ Updated 10 positions | Gold: $4456.85
⏰ 06:02:59 - Syncing IBKR prices... ✅ Updated 10 positions | Gold: $4455.41
⏰ 06:04:00 - Syncing IBKR prices... ✅ Updated 10 positions | Gold: $4457.87
⏰ 06:05:02 - Syncing IBKR prices... ✅ Updated 10 positions | Gold: $4465.21
⏰ 06:06:03 - Syncing IBKR prices... ✅ Updated 10 positions | Gold: $4464.77
⏰ 06:07:05 - Syncing IBKR prices... ✅ Updated 10 positions | Gold: $4453.36
⏰ 06:08:07 - Syncing IBKR prices... ✅ Updated 10 positions | Gold: $4450.06
⏰ 06:09:08 - Syncing IBKR prices... ✅ Updated 10 positions | Gold: $4457.22
⏰ 06:10:10 - Syncing IBKR prices... ✅ Updated 10 positions | Gold: $4462.04
⏰ 06:11:11 - Syncing IBKR prices... ✅ Updated 10 positions | Gold: $4458.61
⏰ 06:12:13 - Syncing IBKR prices... ✅ Updated 10 positions | Gold: $4468.18
⏰ 06:13:15 - Syncing IBKR prices... ✅ Updated 10 positions | Gold: $4463.31
⏰ 06:14:17 - Syncing IBKR prices... ✅ Updated 10 positions | Gold: $4460.95
⏰ 06:15:18 - Syncing IBKR prices... ✅ Updated 10 positions | Gold: $4465.22
⏰ 06:16:20 - Syncing IBKR prices... ✅ Updated 10 positions | Gold: $4461.54
⏰ 06:17:21 - Syncing IBKR prices... ✅ Updated 10 positions | Gold: $4452.16
⏰ 06:18:23 - Syncing IBKR prices... ✅ Updated 10 positions | Gold: $4453.23
⏰ 06:19:25 - Syncing IBKR prices... ✅ Updated 10 positions | Gold: $4454.65
⏰ 06:20:26 - Syncing IBKR prices... ✅ Updated 10 positions | Gold: $4457.35
⏰ 06:21:28 - Syncing IBKR prices... ✅ Updated 10 positions | Gold: $4461.14
⏰ 06:22:29 - Syncing IBKR prices... ✅ Updated 10 positions | Gold: $4458.87
⏰ 06:23:31 - Syncing IBKR prices... ✅ Updated 10 positions | Gold: $4461.52
⏰ 06:24:33 - Syncing IBKR prices... ✅ Updated 10 positions | Gold: $4461.04
⏰ 06:25:34 - Syncing IBKR prices... ✅ Updated 10 positions | Gold: $4467.12
⏰ 06:26:36 - Syncing IBKR prices... ✅ Updated 10 positions | Gold: $4452.05
⏰ 06:27:37 - Syncing IBKR prices... ✅ Updated 10 positions | Gold: $4456.64
⏰ 06:28:39 - Syncing IBKR prices... ✅ Updated 10 positions | Gold: $4457.26
⏰ 06:29:40 - Syncing IBKR prices... ✅ Updated 10 positions | Gold: $4463.36
⏰ 06:30:42 - Syncing IBKR prices... ✅ Updated 10 positions | Gold: $4458.80
⏰ 06:31:43 - Syncing IBKR prices... ✅ Updated 10 positions | Gold: $4465.12
⏰ 06:32:45 - Syncing IBKR prices... ✅ Updated 10 positions | Gold: $4455.12
⏰ 06:33:46 - Syncing IBKR prices... ✅ Updated 10 positions | Gold: $4462.11
⏰ 06:34:48 - Syncing IBKR prices... ✅ Updated 10 positions | Gold: $4465.68
⏰ 06:35:49 - Syncing IBKR prices... ✅ Updated 10 positions | Gold: $4454.90
⏰ 06:36:50 - Syncing IBKR prices... ✅ Updated 10 positions | Gold: $4469.19
⏰ 06:37:52 - Syncing IBKR prices... ✅ Updated 10 positions | Gold: $4452.63
⏰ 06:38:53 - Syncing IBKR prices... ✅ Updated 10 positions | Gold: $4450.35
⏰ 06:39:55 - Syncing IBKR prices... ✅ Updated 10 positions | Gold: $4468.13
⏰ 06:40:57 - Syncing IBKR prices... ✅ Updated 10 positions | Gold: $4466.55
⏰ 06:41:58 - Syncing IBKR prices... ✅ Updated 10 positions | Gold: $4457.40
⏰ 06:43:00 - Syncing IBKR prices... ✅ Updated 10 positions | Gold: $4451.64
⏰ 06:44:02 - Syncing IBKR prices... ✅ Updated 10 positions | Gold: $4456.18
⏰ 06:45:04 - Syncing IBKR prices... ✅ Updated 10 positions | Gold: $4469.20
⏰ 06:46:06 - Syncing IBKR prices... ✅ Updated 10 positions | Gold: $4455.99
⏰ 06:47:08 - Syncing IBKR prices... ✅ Updated 10 positions | Gold: $4469.99
⏰ 06:48:10 - Syncing IBKR prices... ✅ Updated 10 positions | Gold: $4469.79
⏰ 06:49:11 - Syncing IBKR prices... ✅ Updated 10 positions | Gold: $4461.55
⏰ 06:50:13 - Syncing IBKR prices... ✅ Updated 10 positions | Gold: $4457.84
⏰ 06:51:15 - Syncing IBKR prices... ✅ Updated 10 positions | Gold: $4462.20
⏰ 06:52:17 - Syncing IBKR prices... ✅ Updated 10 positions | Gold: $4469.82
⏰ 06:53:19 - Syncing IBKR prices... ✅ Updated 10 positions | Gold: $4453.57
⏰ 06:54:20 - Syncing IBKR prices... ✅ Updated 10 positions | Gold: $4454.53
⏰ 06:55:22 - Syncing IBKR prices... ✅ Updated 10 positions | Gold: $4468.36
⏰ 06:56:24 - Syncing IBKR prices... ✅ Updated 10 positions | Gold: $4455.62
⏰ 06:57:26 - Syncing IBKR prices... ✅ Updated 10 positions | Gold: $4455.53
⏰ 06:58:28 - Syncing IBKR prices... ✅ Updated 10 positions | Gold: $4451.75
⏰ 06:59:30 - Syncing IBKR prices... ✅ Updated 10 positions | Gold: $4451.83
⏰ 07:00:32 - Syncing IBKR prices... ✅ Updated 10 positions | Gold: $4453.88
⏰ 07:01:33 - Syncing IBKR prices... ✅ Updated 10 positions | Gold: $4466.31
⏰ 07:02:35 - Syncing IBKR prices... ✅ Updated 10 positions | Gold: $4468.09
⏰ 07:03:37 - Syncing IBKR prices... ✅ Updated 10 positions | Gold: $4465.16
⏰ 07:04:39 - Syncing IBKR prices... ✅ Updated 10 positions | Gold: $4463.02
⏰ 07:05:41 - Syncing IBKR prices... ✅ Updated 10 positions | Gold: $4451.44
⏰ 07:06:43 - Syncing IBKR prices... ✅ Updated 10 positions | Gold: $4454.14
⏰ 07:07:45 - Syncing IBKR prices... ✅ Updated 10 positions | Gold: $4467.61
⏰ 07:08:47 - Syncing IBKR prices... ✅ Updated 10 positions | Gold: $4458.30
⏰ 07:09:48 - Syncing IBKR prices... ✅ Updated 10 positions | Gold: $4460.65
⏰ 07:10:50 - Syncing IBKR prices... ✅ Updated 10 positions | Gold: $4461.94
⏰ 07:11:52 - Syncing IBKR prices... ✅ Updated 10 positions | Gold: $4453.85
⏰ 07:12:53 - Syncing IBKR prices... ✅ Updated 10 positions | Gold: $4458.85
⏰ 07:13:55 - Syncing IBKR prices... ✅ Updated 10 positions | Gold: $4457.03
⏰ 07:14:56 - Syncing IBKR prices... ✅ Updated 10 positions | Gold: $4453.63
⏰ 07:15:58 - Syncing IBKR prices... ✅ Updated 10 positions | Gold: $4452.99
⏰ 07:16:59 - Syncing IBKR prices... ✅ Updated 10 positions | Gold: $4452.87
⏰ 07:18:01 - Syncing IBKR prices... ✅ Updated 10 positions | Gold: $4459.61
⏰ 07:19:02 - Syncing IBKR prices... ✅ Updated 10 positions | Gold: $4466.56
⏰ 07:20:04 - Syncing IBKR prices... ✅ Updated 10 positions | Gold: $4454.35
⏰ 07:21:05 - Syncing IBKR prices... ✅ Updated 10 positions | Gold: $4454.05
⏰ 07:22:07 - Syncing IBKR prices... ✅ Updated 10 positions | Gold: $4455.20
⏰ 07:23:08 - Syncing IBKR prices... ✅ Updated 10 positions | Gold: $4462.18
⏰ 07:24:10 - Syncing IBKR prices... ✅ Updated 10 positions | Gold: $4452.87
⏰ 07:25:11 - Syncing IBKR prices... ✅ Updated 10 positions | Gold: $4464.43
⏰ 07:26:13 - Syncing IBKR prices... ✅ Updated 10 positions | Gold: $4464.59
⏰ 07:27:14 - Syncing IBKR prices... ✅ Updated 10 positions | Gold: $4468.05
⏰ 07:28:16 - Syncing IBKR prices... ✅ Updated 10 positions | Gold: $4463.66
⏰ 07:29:17 - Syncing IBKR prices... ✅ Updated 10 positions | Gold: $4461.00
⏰ 07:30:19 - Syncing IBKR prices... ✅ Updated 10 positions | Gold: $4459.80
⏰ 07:31:20 - Syncing IBKR prices... ✅ Updated 10 positions | Gold: $4460.75
⏰ 07:32:22 - Syncing IBKR prices... ✅ Updated 10 positions | Gold: $4463.54
⏰ 07:33:23 - Syncing IBKR prices... ✅ Updated 10 positions | Gold: $4469.84
⏰ 07:34:25 - Syncing IBKR prices... ✅ Updated 10 positions | Gold: $4455.30
⏰ 07:35:26 - Syncing IBKR prices... ✅ Updated 10 positions | Gold: $4455.90
⏰ 07:36:28 - Syncing IBKR prices... ✅ Updated 10 positions | Gold: $4458.31
⏰ 07:37:29 - Syncing IBKR prices... ✅ Updated 10 positions | Gold: $4469.37
⏰ 07:38:31 - Syncing IBKR prices... ✅ Updated 10 positions | Gold: $4460.42
⏰ 07:39:32 - Syncing IBKR prices... ✅ Updated 10 positions | Gold: $4456.37
⏰ 07:40:34 - Syncing IBKR prices... ✅ Updated 10 positions | Gold: $4455.66
⏰ 07:41:35 - Syncing IBKR prices... ✅ Updated 10 positions | Gold: $4459.10
⏰ 07:42:37 - Syncing IBKR prices... ✅ Updated 10 positions | Gold: $4458.19
⏰ 07:43:39 - Syncing IBKR prices... ✅ Updated 10 positions | Gold: $4452.39
⏰ 07:44:40 - Syncing IBKR prices... ✅ Updated 10 positions | Gold: $4460.66
⏰ 07:45:42 - Syncing IBKR prices... ✅ Updated 10 positions | Gold: $4458.33
⏰ 07:46:43 - Syncing IBKR prices... ✅ Updated 10 positions | Gold: $4452.67
⏰ 07:47:46 - Syncing IBKR prices... ✅ Updated 10 positions | Gold: $4463.47
⏰ 07:48:47 - Syncing IBKR prices... ✅ Updated 10 positions | Gold: $4452.69
⏰ 07:49:49 - Syncing IBKR prices... ✅ Updated 10 positions | Gold: $4456.61
⏰ 07:50:50 - Syncing IBKR prices... ✅ Updated 10 positions | Gold: $4463.10
⏰ 07:51:52 - Syncing IBKR prices... ✅ Updated 10 positions | Gold: $4465.62
⏰ 07:52:54 - Syncing IBKR prices... ✅ Updated 10 positions | Gold: $4469.29
⏰ 07:53:55 - Syncing IBKR prices... ✅ Updated 10 positions | Gold: $4463.95
⏰ 07:54:57 - Syncing IBKR prices... ✅ Updated 10 positions | Gold: $4466.94
⏰ 07:55:59 - Syncing IBKR prices... ✅ Updated 10 positions | Gold: $4455.36
⏰ 07:57:00 - Syncing IBKR prices... ✅ Updated 10 positions | Gold: $4451.18
⏰ 07:58:02 - Syncing IBKR prices... ✅ Updated 10 positions | Gold: $4456.19
⏰ 07:59:04 - Syncing IBKR prices... ✅ Updated 10 positions | Gold: $4456.57
⏰ 08:00:05 - Syncing IBKR prices... ✅ Updated 10 positions | Gold: $4456.67
⏰ 08:01:07 - Syncing IBKR prices... ✅ Updated 10 positions | Gold: $4468.29
⏰ 08:02:09 - Syncing IBKR prices... ✅ Updated 10 positions | Gold: $4451.77
⏰ 08:03:10 - Syncing IBKR prices... ✅ Updated 10 positions | Gold: $4459.55
⏰ 08:04:12 - Syncing IBKR prices... ✅ Updated 10 positions | Gold: $4450.21
⏰ 08:05:14 - Syncing IBKR prices... ✅ Updated 10 positions | Gold: $4455.92
⏰ 08:06:15 - Syncing IBKR prices... ✅ Updated 10 positions | Gold: $4465.70
⏰ 08:07:17 - Syncing IBKR prices... ✅ Updated 10 positions | Gold: $4465.36
⏰ 08:08:19 - Syncing IBKR prices... ✅ Updated 10 positions | Gold: $4454.46
⏰ 08:09:20 - Syncing IBKR prices... ✅ Updated 10 positions | Gold: $4467.17
⏰ 08:10:22 - Syncing IBKR prices... ✅ Updated 10 positions | Gold: $4463.75
⏰ 08:11:23 - Syncing IBKR prices... ✅ Updated 10 positions | Gold: $4454.74
⏰ 08:12:25 - Syncing IBKR prices... ✅ Updated 10 positions | Gold: $4459.74
⏰ 08:13:26 - Syncing IBKR prices... ✅ Updated 10 positions | Gold: $4452.61
⏰ 08:14:28 - Syncing IBKR prices... ✅ Updated 10 positions | Gold: $4451.37
⏰ 08:15:30 - Syncing IBKR prices... ✅ Updated 10 positions | Gold: $4457.40
⏰ 08:16:31 - Syncing IBKR prices... ✅ Updated 10 positions | Gold: $4462.24
⏰ 08:17:33 - Syncing IBKR prices... ✅ Updated 10 positions | Gold: $4452.18
⏰ 08:18:34 - Syncing IBKR prices... ✅ Updated 10 positions | Gold: $4454.79
⏰ 08:19:36 - Syncing IBKR prices... ✅ Updated 10 positions | Gold: $4452.93
⏰ 08:20:37 - Syncing IBKR prices... ✅ Updated 10 positions | Gold: $4451.08
⏰ 08:21:39 - Syncing IBKR prices... ✅ Updated 10 positions | Gold: $4451.23
⏰ 08:22:40 - Syncing IBKR prices... ✅ Updated 10 positions | Gold: $4451.59
⏰ 08:23:42 - Syncing IBKR prices... ✅ Updated 10 positions | Gold: $4450.59
⏰ 08:24:44 - Syncing IBKR prices... ✅ Updated 10 positions | Gold: $4450.30
⏰ 08:25:45 - Syncing IBKR prices... ✅ Updated 10 positions | Gold: $4456.15
⏰ 08:26:47 - Syncing IBKR prices... ✅ Updated 10 positions | Gold: $4452.41
⏰ 08:27:48 - Syncing IBKR prices... ✅ Updated 10 positions | Gold: $4453.36
⏰ 08:28:50 - Syncing IBKR prices... ✅ Updated 10 positions | Gold: $4456.39
⏰ 08:29:51 - Syncing IBKR prices... ✅ Updated 10 positions | Gold: $4469.62
⏰ 08:30:53 - Syncing IBKR prices... ✅ Updated 10 positions | Gold: $4463.06
⏰ 08:31:55 - Syncing IBKR prices... ✅ Updated 10 positions | Gold: $4464.69
⏰ 08:32:56 - Syncing IBKR prices... ✅ Updated 10 positions | Gold: $4462.44
⏰ 08:33:58 - Syncing IBKR prices... ✅ Updated 10 positions | Gold: $4464.80
⏰ 08:34:59 - Syncing IBKR prices... ✅ Updated 10 positions | Gold: $4463.43
⏰ 08:36:01 - Syncing IBKR prices... ✅ Updated 10 positions | Gold: $4460.44
⏰ 08:37:02 - Syncing IBKR prices... ✅ Updated 10 positions | Gold: $4457.90
⏰ 08:38:04 - Syncing IBKR prices... ✅ Updated 10 positions | Gold: $4463.66
⏰ 08:39:06 - Syncing IBKR prices... ✅ Updated 10 positions | Gold: $4450.26
⏰ 08:40:07 - Syncing IBKR prices... ✅ Updated 10 positions | Gold: $4457.02
⏰ 08:41:09 - Syncing IBKR prices... ✅ Updated 10 positions | Gold: $4464.04
⏰ 08:42:10 - Syncing IBKR prices... ✅ Updated 10 positions | Gold: $4452.70
⏰ 08:43:12 - Syncing IBKR prices... ✅ Updated 10 positions | Gold: $4452.16
⏰ 08:44:14 - Syncing IBKR prices... ✅ Updated 10 positions | Gold: $4457.78
⏰ 08:45:15 - Syncing IBKR prices... ✅ Updated 10 positions | Gold: $4457.31
⏰ 08:46:17 - Syncing IBKR prices... ✅ Updated 10 positions | Gold: $4462.70
⏰ 08:47:19 - Syncing IBKR prices... ✅ Updated 10 positions | Gold: $4467.52
⏰ 08:48:20 - Syncing IBKR prices... ✅ Updated 10 positions | Gold: $4469.47
⏰ 08:49:22 - Syncing IBKR prices... ✅ Updated 10 positions | Gold: $4462.50
⏰ 08:50:23 - Syncing IBKR prices... ✅ Updated 10 positions | Gold: $4461.58
⏰ 08:51:25 - Syncing IBKR prices... ✅ Updated 10 positions | Gold: $4451.91
⏰ 08:52:27 - Syncing IBKR prices... ✅ Updated 10 positions | Gold: $4452.82
⏰ 08:53:29 - Syncing IBKR prices... ✅ Updated 10 positions | Gold: $4455.69
⏰ 08:54:30 - Syncing IBKR prices... ✅ Updated 10 positions | Gold: $4465.45
⏰ 08:55:32 - Syncing IBKR prices... ✅ Updated 10 positions | Gold: $4467.29
⏰ 08:56:33 - Syncing IBKR prices... ✅ Updated 10 positions | Gold: $4456.10
⏰ 08:57:35 - Syncing IBKR prices... ✅ Updated 10 positions | Gold: $4461.59
⏰ 08:58:37 - Syncing IBKR prices... ✅ Updated 10 positions | Gold: $4458.21
⏰ 08:59:38 - Syncing IBKR prices... ✅ Updated 10 positions | Gold: $4466.31
⏰ 09:00:40 - Syncing IBKR prices... ✅ Updated 10 positions | Gold: $4465.45
⏰ 09:01:41 - Syncing IBKR prices... ✅ Updated 10 positions | Gold: $4468.06
⏰ 09:02:43 - Syncing IBKR prices... ✅ Updated 10 positions | Gold: $4465.78
⏰ 09:03:44 - Syncing IBKR prices... ✅ Updated 10 positions | Gold: $4469.17
⏰ 09:04:46 - Syncing IBKR prices... ✅ Updated 10 positions | Gold: $4451.01
⏰ 09:05:48 - Syncing IBKR prices... ✅ Updated 10 positions | Gold: $4456.07
⏰ 09:06:49 - Syncing IBKR prices... ✅ Updated 10 positions | Gold: $4466.39
⏰ 09:07:51 - Syncing IBKR prices... ✅ Updated 10 positions | Gold: $4464.26
⏰ 09:08:53 - Syncing IBKR prices... ✅ Updated 10 positions | Gold: $4463.88
⏰ 09:09:54 - Syncing IBKR prices... ✅ Updated 10 positions | Gold: $4464.37
⏰ 09:10:56 - Syncing IBKR prices... ✅ Updated 10 positions | Gold: $4469.43
⏰ 09:11:57 - Syncing IBKR prices... ✅ Updated 10 positions | Gold: $4453.05
⏰ 09:12:59 - Syncing IBKR prices... ✅ Updated 10 positions | Gold: $4461.67
⏰ 09:14:00 - Syncing IBKR prices... ✅ Updated 10 positions | Gold: $4467.32
⏰ 09:15:02 - Syncing IBKR prices... ✅ Updated 10 positions | Gold: $4464.32
⏰ 09:16:04 - Syncing IBKR prices... ✅ Updated 10 positions | Gold: $4467.92
⏰ 09:17:05 - Syncing IBKR prices... ✅ Updated 10 positions | Gold: $4468.97
⏰ 09:18:07 - Syncing IBKR prices... ✅ Updated 10 positions | Gold: $4451.15
⏰ 09:19:09 - Syncing IBKR prices... ✅ Updated 10 positions | Gold: $4465.52
⏰ 09:20:10 - Syncing IBKR prices... ✅ Updated 10 positions | Gold: $4455.93
⏰ 09:21:12 - Syncing IBKR prices... ✅ Updated 10 positions | Gold: $4465.88
⏰ 09:22:13 - Syncing IBKR prices... ✅ Updated 10 positions | Gold: $4450.91
⏰ 09:23:15 - Syncing IBKR prices... ✅ Updated 10 positions | Gold: $4469.62
⏰ 09:24:16 - Syncing IBKR prices... ✅ Updated 10 positions | Gold: $4465.70
⏰ 09:25:18 - Syncing IBKR prices... ✅ Updated 10 positions | Gold: $4451.62
⏰ 09:26:20 - Syncing IBKR prices... ✅ Updated 10 positions | Gold: $4463.28
⏰ 09:27:21 - Syncing IBKR prices... ✅ Updated 10 positions | Gold: $4454.04
⏰ 09:28:23 - Syncing IBKR prices... ✅ Updated 10 positions | Gold: $4468.30
⏰ 09:29:24 - Syncing IBKR prices... ✅ Updated 10 positions | Gold: $4469.88
⏰ 09:30:26 - Syncing IBKR prices... ✅ Updated 10 positions | Gold: $4468.25
⏰ 09:31:28 - Syncing IBKR prices... ✅ Updated 10 positions | Gold: $4469.69
⏰ 09:32:29 - Syncing IBKR prices... ✅ Updated 10 positions | Gold: $4464.93
⏰ 09:33:31 - Syncing IBKR prices... ✅ Updated 10 positions | Gold: $4453.68
⏰ 09:34:33 - Syncing IBKR prices... ✅ Updated 10 positions | Gold: $4457.76
⏰ 09:35:34 - Syncing IBKR prices... ✅ Updated 10 positions | Gold: $4465.14
⏰ 09:36:36 - Syncing IBKR prices... ✅ Updated 10 positions | Gold: $4463.64
⏰ 09:37:37 - Syncing IBKR prices... ✅ Updated 10 positions | Gold: $4467.83
⏰ 09:38:39 - Syncing IBKR prices... ✅ Updated 10 positions | Gold: $4466.24
⏰ 09:39:41 - Syncing IBKR prices... ✅ Updated 10 positions | Gold: $4467.64
⏰ 09:40:42 - Syncing IBKR prices... ✅ Updated 10 positions | Gold: $4458.23
⏰ 09:41:44 - Syncing IBKR prices... ✅ Updated 10 positions | Gold: $4454.30
⏰ 09:42:46 - Syncing IBKR prices... ✅ Updated 10 positions | Gold: $4456.48
⏰ 09:43:47 - Syncing IBKR prices... ✅ Updated 10 positions | Gold: $4468.96
⏰ 09:44:49 - Syncing IBKR prices... ✅ Updated 10 positions | Gold: $4465.07
⏰ 09:45:50 - Syncing IBKR prices... ✅ Updated 10 positions | Gold: $4465.89
⏰ 09:46:52 - Syncing IBKR prices... ✅ Updated 10 positions | Gold: $4463.96
⏰ 09:47:54 - Syncing IBKR prices... ✅ Updated 10 positions | Gold: $4455.16
⏰ 09:48:55 - Syncing IBKR prices... ✅ Updated 10 positions | Gold: $4466.54
⏰ 09:49:57 - Syncing IBKR prices... ✅ Updated 10 positions | Gold: $4468.04
⏰ 09:50:59 - Syncing IBKR prices... ✅ Updated 10 positions | Gold: $4453.88
⏰ 09:52:00 - Syncing IBKR prices... ✅ Updated 10 positions | Gold: $4465.27
⏰ 09:53:02 - Syncing IBKR prices... ✅ Updated 10 positions | Gold: $4463.71
⏰ 09:54:03 - Syncing IBKR prices... ✅ Updated 10 positions | Gold: $4466.35
⏰ 09:55:05 - Syncing IBKR prices... ✅ Updated 10 positions | Gold: $4465.68
⏰ 09:56:06 - Syncing IBKR prices... ✅ Updated 10 positions | Gold: $4461.18
⏰ 09:57:08 - Syncing IBKR prices... ✅ Updated 10 positions | Gold: $4469.54
⏰ 09:58:09 - Syncing IBKR prices... ✅ Updated 10 positions | Gold: $4457.18
⏰ 09:59:11 - Syncing IBKR prices... ✅ Updated 10 positions | Gold: $4464.13
⏰ 10:00:12 - Syncing IBKR prices... ✅ Updated 10 positions | Gold: $4452.46
⏰ 10:01:14 - Syncing IBKR prices... ✅ Updated 10 positions | Gold: $4460.37
⏰ 10:02:16 - Syncing IBKR prices... ✅ Updated 10 positions | Gold: $4464.82
⏰ 10:03:17 - Syncing IBKR prices... ✅ Updated 10 positions | Gold: $4469.05
⏰ 10:04:19 - Syncing IBKR prices... ✅ Updated 10 positions | Gold: $4466.21
⏰ 10:05:20 - Syncing IBKR prices... ✅ Updated 10 positions | Gold: $4464.91
⏰ 10:06:22 - Syncing IBKR prices... ✅ Updated 10 positions | Gold: $4458.95
⏰ 10:07:23 - Syncing IBKR prices... ✅ Updated 10 positions | Gold: $4457.20
⏰ 10:08:25 - Syncing IBKR prices... ✅ Updated 10 positions | Gold: $4469.89
⏰ 10:09:26 - Syncing IBKR prices... ✅ Updated 10 positions | Gold: $4455.35
⏰ 10:10:28 - Syncing IBKR prices... ✅ Updated 10 positions | Gold: $4464.78
⏰ 10:11:29 - Syncing IBKR prices... ✅ Updated 10 positions | Gold: $4450.79
⏰ 10:12:31 - Syncing IBKR prices... ✅ Updated 10 positions | Gold: $4456.46
⏰ 10:13:32 - Syncing IBKR prices... ✅ Updated 10 positions | Gold: $4465.22
⏰ 10:14:34 - Syncing IBKR prices... ✅ Updated 10 positions | Gold: $4454.35
⏰ 10:15:36 - Syncing IBKR prices... ✅ Updated 10 positions | Gold: $4463.88
⏰ 10:16:37 - Syncing IBKR prices... ✅ Updated 10 positions | Gold: $4460.03
⏰ 10:17:39 - Syncing IBKR prices... ✅ Updated 10 positions | Gold: $4466.39
⏰ 10:18:41 - Syncing IBKR prices... ✅ Updated 10 positions | Gold: $4454.14
⏰ 10:19:42 - Syncing IBKR prices... ✅ Updated 10 positions | Gold: $4467.63
⏰ 10:20:44 - Syncing IBKR prices... ✅ Updated 10 positions | Gold: $4452.64
⏰ 10:21:45 - Syncing IBKR prices... ✅ Updated 10 positions | Gold: $4460.24
⏰ 10:22:47 - Syncing IBKR prices... ✅ Updated 10 positions | Gold: $4458.81
⏰ 10:23:49 - Syncing IBKR prices... ✅ Updated 10 positions | Gold: $4459.24
⏰ 10:24:50 - Syncing IBKR prices... ✅ Updated 10 positions | Gold: $4451.51
⏰ 10:25:52 - Syncing IBKR prices... ✅ Updated 10 positions | Gold: $4463.49
⏰ 10:26:53 - Syncing IBKR prices... ✅ Updated 10 positions | Gold: $4455.90
⏰ 10:27:55 - Syncing IBKR prices... ✅ Updated 10 positions | Gold: $4459.02
⏰ 10:28:56 - Syncing IBKR prices... ✅ Updated 10 positions | Gold: $4464.72
⏰ 10:29:58 - Syncing IBKR prices... ✅ Updated 10 positions | Gold: $4452.16
⏰ 10:31:00 - Syncing IBKR prices... ✅ Updated 10 positions | Gold: $4454.93
⏰ 10:32:01 - Syncing IBKR prices... ✅ Updated 10 positions | Gold: $4463.02
⏰ 10:33:03 - Syncing IBKR prices... ✅ Updated 10 positions | Gold: $4468.53
⏰ 10:34:04 - Syncing IBKR prices... ✅ Updated 10 positions | Gold: $4469.29
⏰ 10:35:06 - Syncing IBKR prices... ✅ Updated 10 positions | Gold: $4456.14
⏰ 10:36:08 - Syncing IBKR prices... ✅ Updated 10 positions | Gold: $4464.48
⏰ 10:37:09 - Syncing IBKR prices... ✅ Updated 10 positions | Gold: $4466.57
⏰ 10:38:11 - Syncing IBKR prices... ✅ Updated 10 positions | Gold: $4463.41
⏰ 10:39:13 - Syncing IBKR prices... ✅ Updated 10 positions | Gold: $4466.08
⏰ 10:40:14 - Syncing IBKR prices... ✅ Updated 10 positions | Gold: $4451.00
⏰ 10:41:16 - Syncing IBKR prices... ✅ Updated 10 positions | Gold: $4466.59
⏰ 10:42:18 - Syncing IBKR prices... ✅ Updated 10 positions | Gold: $4466.48
⏰ 10:43:19 - Syncing IBKR prices... ✅ Updated 10 positions | Gold: $4456.86
⏰ 10:44:21 - Syncing IBKR prices... ✅ Updated 10 positions | Gold: $4465.81
⏰ 10:45:23 - Syncing IBKR prices... ✅ Updated 10 positions | Gold: $4461.65
⏰ 10:46:24 - Syncing IBKR prices... ✅ Updated 10 positions | Gold: $4465.61
⏰ 10:47:26 - Syncing IBKR prices... ✅ Updated 10 positions | Gold: $4466.41
⏰ 10:48:27 - Syncing IBKR prices... ✅ Updated 10 positions | Gold: $4462.84
⏰ 10:49:29 - Syncing IBKR prices... ✅ Updated 10 positions | Gold: $4455.15
⏰ 10:50:30 - Syncing IBKR prices... ✅ Updated 10 positions | Gold: $4453.64
⏰ 10:51:32 - Syncing IBKR prices... ✅ Updated 10 positions | Gold: $4451.17
⏰ 10:52:33 - Syncing IBKR prices... ✅ Updated 10 positions | Gold: $4460.36
⏰ 10:53:35 - Syncing IBKR prices... ✅ Updated 10 positions | Gold: $4456.89
⏰ 10:54:37 - Syncing IBKR prices... ✅ Updated 10 positions | Gold: $4457.74
⏰ 10:55:38 - Syncing IBKR prices... ✅ Updated 10 positions | Gold: $4452.80
⏰ 10:56:40 - Syncing IBKR prices... ✅ Updated 10 positions | Gold: $4463.59
⏰ 10:57:41 - Syncing IBKR prices... ✅ Updated 10 positions | Gold: $4465.06
⏰ 10:58:43 - Syncing IBKR prices... ✅ Updated 10 positions | Gold: $4455.54
⏰ 10:59:44 - Syncing IBKR prices... ✅ Updated 10 positions | Gold: $4466.67
⏰ 11:00:46 - Syncing IBKR prices... ✅ Updated 10 positions | Gold: $4459.01
⏰ 11:01:47 - Syncing IBKR prices... ✅ Updated 10 positions | Gold: $4451.64
⏰ 11:02:49 - Syncing IBKR prices... ✅ Updated 10 positions | Gold: $4456.31
⏰ 11:03:51 - Syncing IBKR prices... ✅ Updated 10 positions | Gold: $4463.24
⏰ 11:04:52 - Syncing IBKR prices... ✅ Updated 10 positions | Gold: $4453.44
⏰ 11:05:54 - Syncing IBKR prices... ✅ Updated 10 positions | Gold: $4459.27
⏰ 11:06:55 - Syncing IBKR prices... ✅ Updated 10 positions | Gold: $4450.03
⏰ 11:07:57 - Syncing IBKR prices... ✅ Updated 10 positions | Gold: $4457.19
⏰ 11:08:59 - Syncing IBKR prices... ✅ Updated 10 positions | Gold: $4466.18
⏰ 11:10:00 - Syncing IBKR prices... ✅ Updated 10 positions | Gold: $4455.62
⏰ 11:11:02 - Syncing IBKR prices... ✅ Updated 10 positions | Gold: $4461.89
⏰ 11:12:04 - Syncing IBKR prices... ✅ Updated 10 positions | Gold: $4459.35
⏰ 11:13:05 - Syncing IBKR prices... ✅ Updated 10 positions | Gold: $4461.51
⏰ 11:14:07 - Syncing IBKR prices... ✅ Updated 10 positions | Gold: $4469.58
⏰ 11:15:08 - Syncing IBKR prices... ✅ Updated 10 positions | Gold: $4465.95
⏰ 11:16:10 - Syncing IBKR prices... ✅ Updated 10 positions | Gold: $4463.03
⏰ 11:17:12 - Syncing IBKR prices... ✅ Updated 10 positions | Gold: $4463.82
⏰ 11:18:13 - Syncing IBKR prices... ✅ Updated 10 positions | Gold: $4456.61
⏰ 11:19:15 - Syncing IBKR prices... ✅ Updated 10 positions | Gold: $4456.40
⏰ 11:20:16 - Syncing IBKR prices... ✅ Updated 10 positions | Gold: $4464.11
⏰ 11:21:18 - Syncing IBKR prices... ✅ Updated 10 positions | Gold: $4465.23
⏰ 11:22:19 - Syncing IBKR prices... ✅ Updated 10 positions | Gold: $4468.87
⏰ 11:23:21 - Syncing IBKR prices... ✅ Updated 10 positions | Gold: $4467.21
⏰ 11:24:23 - Syncing IBKR prices... ✅ Updated 10 positions | Gold: $4458.42
⏰ 11:25:25 - Syncing IBKR prices... ✅ Updated 10 positions | Gold: $4457.34
⏰ 11:26:26 - Syncing IBKR prices... ✅ Updated 10 positions | Gold: $4450.76
⏰ 11:27:28 - Syncing IBKR prices... ✅ Updated 10 positions | Gold: $4459.68
⏰ 11:28:29 - Syncing IBKR prices... ✅ Updated 10 positions | Gold: $4465.18
⏰ 11:29:31 - Syncing IBKR prices... ✅ Updated 10 positions | Gold: $4454.11
⏰ 11:30:33 - Syncing IBKR prices... ✅ Updated 10 positions | Gold: $4452.74
⏰ 11:31:35 - Syncing IBKR prices... ✅ Updated 10 positions | Gold: $4468.32
⏰ 11:32:36 - Syncing IBKR prices... ✅ Updated 10 positions | Gold: $4457.56
⏰ 11:33:38 - Syncing IBKR prices... ✅ Updated 10 positions | Gold: $4463.90
⏰ 11:34:40 - Syncing IBKR prices... ✅ Updated 10 positions | Gold: $4461.28
⏰ 11:35:41 - Syncing IBKR prices... ✅ Updated 10 positions | Gold: $4453.32
⏰ 11:36:43 - Syncing IBKR prices... ✅ Updated 10 positions | Gold: $4455.50
⏰ 11:37:44 - Syncing IBKR prices... ✅ Updated 10 positions | Gold: $4460.36
⏰ 11:38:46 - Syncing IBKR prices... ✅ Updated 10 positions | Gold: $4454.05
⏰ 11:39:48 - Syncing IBKR prices... ✅ Updated 10 positions | Gold: $4450.44
⏰ 11:40:49 - Syncing IBKR prices... ✅ Updated 10 positions | Gold: $4461.28
⏰ 11:41:51 - Syncing IBKR prices... ✅ Updated 10 positions | Gold: $4455.22
⏰ 11:42:52 - Syncing IBKR prices... ✅ Updated 10 positions | Gold: $4466.02
⏰ 11:43:54 - Syncing IBKR prices... ✅ Updated 10 positions | Gold: $4450.93
⏰ 11:44:55 - Syncing IBKR prices... ✅ Updated 10 positions | Gold: $4462.95
⏰ 11:45:57 - Syncing IBKR prices... ✅ Updated 10 positions | Gold: $4460.77
⏰ 11:46:58 - Syncing IBKR prices... ✅ Updated 10 positions | Gold: $4465.48
⏰ 11:48:00 - Syncing IBKR prices... ✅ Updated 10 positions | Gold: $4468.48
⏰ 11:49:02 - Syncing IBKR prices... ✅ Updated 10 positions | Gold: $4464.68
⏰ 11:50:04 - Syncing IBKR prices... ✅ Updated 10 positions | Gold: $4467.94
⏰ 11:51:05 - Syncing IBKR prices... ✅ Updated 10 positions | Gold: $4455.73
⏰ 11:52:07 - Syncing IBKR prices... ✅ Updated 10 positions | Gold: $4460.30
⏰ 11:53:08 - Syncing IBKR prices... ✅ Updated 10 positions | Gold: $4463.04
⏰ 11:54:10 - Syncing IBKR prices... ✅ Updated 10 positions | Gold: $4465.68
⏰ 11:55:11 - Syncing IBKR prices... ✅ Updated 10 positions | Gold: $4453.94
⏰ 11:56:13 - Syncing IBKR prices... ✅ Updated 10 positions | Gold: $4451.87
⏰ 11:57:15 - Syncing IBKR prices... ✅ Updated 10 positions | Gold: $4455.36
⏰ 11:58:16 - Syncing IBKR prices... ✅ Updated 10 positions | Gold: $4451.80
⏰ 11:59:18 - Syncing IBKR prices... ✅ Updated 10 positions | Gold: $4457.10
⏰ 12:00:19 - Syncing IBKR prices... ✅ Updated 10 positions | Gold: $4463.20
⏰ 12:01:21 - Syncing IBKR prices... ✅ Updated 10 positions | Gold: $4454.32
⏰ 12:02:23 - Syncing IBKR prices... ✅ Updated 10 positions | Gold: $4461.57
⏰ 12:03:24 - Syncing IBKR prices... ✅ Updated 10 positions | Gold: $4450.05
⏰ 12:04:26 - Syncing IBKR prices... ✅ Updated 10 positions | Gold: $4455.62
⏰ 12:05:27 - Syncing IBKR prices... ✅ Updated 10 positions | Gold: $4457.99
⏰ 12:06:29 - Syncing IBKR prices... ✅ Updated 10 positions | Gold: $4465.28
⏰ 12:07:31 - Syncing IBKR prices... ✅ Updated 10 positions | Gold: $4451.80
⏰ 12:08:32 - Syncing IBKR prices... ✅ Updated 10 positions | Gold: $4464.02
⏰ 12:09:34 - Syncing IBKR prices... ✅ Updated 10 positions | Gold: $4468.75
⏰ 12:10:35 - Syncing IBKR prices... ✅ Updated 10 positions | Gold: $4467.47
⏰ 12:11:37 - Syncing IBKR prices... ✅ Updated 10 positions | Gold: $4467.55
⏰ 12:12:39 - Syncing IBKR prices... ✅ Updated 10 positions | Gold: $4458.38
⏰ 12:13:40 - Syncing IBKR prices... ✅ Updated 10 positions | Gold: $4469.82
⏰ 12:14:42 - Syncing IBKR prices... ✅ Updated 10 positions | Gold: $4463.66
⏰ 12:15:43 - Syncing IBKR prices... ✅ Updated 10 positions | Gold: $4453.17
⏰ 12:16:45 - Syncing IBKR prices... ✅ Updated 10 positions | Gold: $4469.64
⏰ 12:17:47 - Syncing IBKR prices... ✅ Updated 10 positions | Gold: $4463.64
⏰ 12:18:48 - Syncing IBKR prices... ✅ Updated 10 positions | Gold: $4454.36
⏰ 12:19:50 - Syncing IBKR prices... ✅ Updated 10 positions | Gold: $4461.51
⏰ 12:20:51 - Syncing IBKR prices... ✅ Updated 10 positions | Gold: $4454.20
⏰ 12:21:53 - Syncing IBKR prices... ✅ Updated 10 positions | Gold: $4463.48
⏰ 12:22:55 - Syncing IBKR prices... ✅ Updated 10 positions | Gold: $4462.17
⏰ 12:23:56 - Syncing IBKR prices... ✅ Updated 10 positions | Gold: $4458.70
⏰ 12:24:58 - Syncing IBKR prices... ✅ Updated 10 positions | Gold: $4455.76
⏰ 12:26:00 - Syncing IBKR prices... ✅ Updated 10 positions | Gold: $4469.63
⏰ 12:27:01 - Syncing IBKR prices... ✅ Updated 10 positions | Gold: $4452.37
⏰ 12:28:03 - Syncing IBKR prices... ✅ Updated 10 positions | Gold: $4456.26
⏰ 12:29:05 - Syncing IBKR prices... ✅ Updated 10 positions | Gold: $4460.15
⏰ 12:30:06 - Syncing IBKR prices... ✅ Updated 10 positions | Gold: $4465.68
⏰ 12:31:08 - Syncing IBKR prices... ✅ Updated 10 positions | Gold: $4462.19
⏰ 12:32:10 - Syncing IBKR prices... ✅ Updated 10 positions | Gold: $4465.80
⏰ 12:33:11 - Syncing IBKR prices... ✅ Updated 10 positions | Gold: $4454.71
⏰ 12:34:13 - Syncing IBKR prices... ✅ Updated 10 positions | Gold: $4467.57
⏰ 12:35:14 - Syncing IBKR prices... ✅ Updated 10 positions | Gold: $4463.85
⏰ 12:36:16 - Syncing IBKR prices... ✅ Updated 10 positions | Gold: $4456.35
⏰ 12:37:17 - Syncing IBKR prices... ✅ Updated 10 positions | Gold: $4451.05
⏰ 12:38:19 - Syncing IBKR prices... ✅ Updated 10 positions | Gold: $4452.81
⏰ 12:39:21 - Syncing IBKR prices... ✅ Updated 10 positions | Gold: $4460.17
⏰ 12:40:22 - Syncing IBKR prices... ✅ Updated 10 positions | Gold: $4464.20
⏰ 12:41:24 - Syncing IBKR prices... ✅ Updated 10 positions | Gold: $4459.51
⏰ 12:42:25 - Syncing IBKR prices... ✅ Updated 10 positions | Gold: $4456.94
⏰ 12:43:27 - Syncing IBKR prices... ✅ Updated 10 positions | Gold: $4456.41
⏰ 12:44:28 - Syncing IBKR prices... ✅ Updated 10 positions | Gold: $4463.72
⏰ 12:45:30 - Syncing IBKR prices... ✅ Updated 10 positions | Gold: $4451.35
⏰ 12:46:32 - Syncing IBKR prices... ✅ Updated 10 positions | Gold: $4461.25
⏰ 12:47:33 - Syncing IBKR prices... ✅ Updated 10 positions | Gold: $4469.57
⏰ 12:48:35 - Syncing IBKR prices... ✅ Updated 10 positions | Gold: $4464.18
⏰ 12:49:36 - Syncing IBKR prices... ✅ Updated 10 positions | Gold: $4468.66
⏰ 12:50:38 - Syncing IBKR prices... ✅ Updated 10 positions | Gold: $4458.91
⏰ 12:51:40 - Syncing IBKR prices... ✅ Updated 10 positions | Gold: $4465.95
⏰ 12:52:41 - Syncing IBKR prices... ✅ Updated 10 positions | Gold: $4459.56
⏰ 12:53:43 - Syncing IBKR prices... ✅ Updated 10 positions | Gold: $4450.37
⏰ 12:54:44 - Syncing IBKR prices... ✅ Updated 10 positions | Gold: $4456.39
⏰ 12:55:46 - Syncing IBKR prices... ✅ Updated 10 positions | Gold: $4461.26
⏰ 12:56:47 - Syncing IBKR prices... ✅ Updated 10 positions | Gold: $4458.81
⏰ 12:57:49 - Syncing IBKR prices... ✅ Updated 10 positions | Gold: $4458.38
⏰ 12:58:50 - Syncing IBKR prices... ✅ Updated 10 positions | Gold: $4460.20
⏰ 12:59:52 - Syncing IBKR prices... ✅ Updated 10 positions | Gold: $4468.88
⏰ 13:00:54 - Syncing IBKR prices... ✅ Updated 10 positions | Gold: $4456.77
⏰ 13:01:55 - Syncing IBKR prices... ✅ Updated 10 positions | Gold: $4457.91
⏰ 13:02:57 - Syncing IBKR prices... ✅ Updated 10 positions | Gold: $4463.06
⏰ 13:03:59 - Syncing IBKR prices... ✅ Updated 10 positions | Gold: $4461.97
⏰ 13:05:00 - Syncing IBKR prices... ✅ Updated 10 positions | Gold: $4453.47
⏰ 13:06:02 - Syncing IBKR prices... ✅ Updated 10 positions | Gold: $4451.77
⏰ 13:07:03 - Syncing IBKR prices... ✅ Updated 10 positions | Gold: $4452.87
⏰ 13:08:05 - Syncing IBKR prices... ✅ Updated 10 positions | Gold: $4457.29
⏰ 13:09:07 - Syncing IBKR prices... ✅ Updated 10 positions | Gold: $4465.40
⏰ 13:10:08 - Syncing IBKR prices... ✅ Updated 10 positions | Gold: $4467.03
⏰ 13:11:10 - Syncing IBKR prices... ✅ Updated 10 positions | Gold: $4458.38
⏰ 13:12:11 - Syncing IBKR prices... ✅ Updated 10 positions | Gold: $4461.55
⏰ 13:13:13 - Syncing IBKR prices... ✅ Updated 10 positions | Gold: $4457.22
⏰ 13:14:15 - Syncing IBKR prices... ✅ Updated 10 positions | Gold: $4465.00
⏰ 13:15:16 - Syncing IBKR prices... ✅ Updated 10 positions | Gold: $4469.12
⏰ 13:16:18 - Syncing IBKR prices... ✅ Updated 10 positions | Gold: $4456.80
⏰ 13:17:20 - Syncing IBKR prices... ✅ Updated 10 positions | Gold: $4467.57
⏰ 13:18:21 - Syncing IBKR prices... ✅ Updated 10 positions | Gold: $4468.32
⏰ 13:19:23 - Syncing IBKR prices... ✅ Updated 10 positions | Gold: $4453.37
⏰ 13:20:24 - Syncing IBKR prices... ✅ Updated 10 positions | Gold: $4466.92
⏰ 13:21:26 - Syncing IBKR prices... ✅ Updated 10 positions | Gold: $4452.08
⏰ 13:22:28 - Syncing IBKR prices... ✅ Updated 10 positions | Gold: $4460.32
⏰ 13:23:29 - Syncing IBKR prices... ✅ Updated 10 positions | Gold: $4456.58
⏰ 13:24:31 - Syncing IBKR prices... ✅ Updated 10 positions | Gold: $4457.20
⏰ 13:25:33 - Syncing IBKR prices... ✅ Updated 10 positions | Gold: $4464.92
⏰ 13:26:34 - Syncing IBKR prices... ✅ Updated 10 positions | Gold: $4469.08
⏰ 13:27:36 - Syncing IBKR prices... ✅ Updated 10 positions | Gold: $4458.23
⏰ 13:28:37 - Syncing IBKR prices... ✅ Updated 10 positions | Gold: $4453.47
⏰ 13:29:39 - Syncing IBKR prices... ✅ Updated 10 positions | Gold: $4457.40
⏰ 13:30:41 - Syncing IBKR prices... ✅ Updated 10 positions | Gold: $4467.20
⏰ 13:31:42 - Syncing IBKR prices... ✅ Updated 10 positions | Gold: $4458.63
⏰ 13:32:44 - Syncing IBKR prices... ✅ Updated 10 positions | Gold: $4451.11
⏰ 13:33:45 - Syncing IBKR prices... ✅ Updated 10 positions | Gold: $4456.88
⏰ 13:34:47 - Syncing IBKR prices... ✅ Updated 10 positions | Gold: $4462.02
⏰ 13:35:48 - Syncing IBKR prices... ✅ Updated 10 positions | Gold: $4463.64
⏰ 13:36:50 - Syncing IBKR prices... ✅ Updated 10 positions | Gold: $4465.34
⏰ 13:37:52 - Syncing IBKR prices... ✅ Updated 10 positions | Gold: $4450.93
⏰ 13:38:54 - Syncing IBKR prices... ✅ Updated 10 positions | Gold: $4458.12
⏰ 13:39:55 - Syncing IBKR prices... ✅ Updated 10 positions | Gold: $4460.52
⏰ 13:40:57 - Syncing IBKR prices... ✅ Updated 10 positions | Gold: $4467.50
⏰ 13:41:58 - Syncing IBKR prices... ✅ Updated 10 positions | Gold: $4456.16
⏰ 13:43:00 - Syncing IBKR prices... ✅ Updated 10 positions | Gold: $4461.85
⏰ 13:44:02 - Syncing IBKR prices... ✅ Updated 10 positions | Gold: $4455.26
⏰ 13:45:03 - Syncing IBKR prices... ✅ Updated 10 positions | Gold: $4463.12
⏰ 13:46:05 - Syncing IBKR prices... ✅ Updated 10 positions | Gold: $4463.62
⏰ 13:47:06 - Syncing IBKR prices... ✅ Updated 10 positions | Gold: $4464.25
⏰ 13:48:08 - Syncing IBKR prices... ✅ Updated 10 positions | Gold: $4465.75
⏰ 13:49:09 - Syncing IBKR prices... ✅ Updated 10 positions | Gold: $4463.29
⏰ 13:50:11 - Syncing IBKR prices... ✅ Updated 10 positions | Gold: $4466.45
⏰ 13:51:13 - Syncing IBKR prices... ✅ Updated 10 positions | Gold: $4459.72
⏰ 13:52:14 - Syncing IBKR prices... ✅ Updated 10 positions | Gold: $4468.86
⏰ 13:53:16 - Syncing IBKR prices... ✅ Updated 10 positions | Gold: $4459.04
⏰ 13:54:18 - Syncing IBKR prices... ✅ Updated 10 positions | Gold: $4458.36
⏰ 13:55:19 - Syncing IBKR prices... ✅ Updated 10 positions | Gold: $4463.71
⏰ 13:56:21 - Syncing IBKR prices... ✅ Updated 10 positions | Gold: $4463.89
⏰ 13:57:22 - Syncing IBKR prices... ✅ Updated 10 positions | Gold: $4466.03
⏰ 13:58:24 - Syncing IBKR prices... ✅ Updated 10 positions | Gold: $4467.23
⏰ 13:59:26 - Syncing IBKR prices... ✅ Updated 10 positions | Gold: $4463.96
⏰ 14:00:27 - Syncing IBKR prices... ✅ Updated 10 positions | Gold: $4453.20
⏰ 14:01:29 - Syncing IBKR prices... ✅ Updated 10 positions | Gold: $4453.05
⏰ 14:02:30 - Syncing IBKR prices... ✅ Updated 10 positions | Gold: $4469.61
⏰ 14:03:32 - Syncing IBKR prices... ✅ Updated 10 positions | Gold: $4461.45
⏰ 14:04:34 - Syncing IBKR prices... ✅ Updated 10 positions | Gold: $4453.83
⏰ 14:05:35 - Syncing IBKR prices... ✅ Updated 10 positions | Gold: $4454.85
⏰ 14:06:37 - Syncing IBKR prices... ✅ Updated 10 positions | Gold: $4453.91
⏰ 14:07:38 - Syncing IBKR prices... ✅ Updated 10 positions | Gold: $4469.17
⏰ 14:08:40 - Syncing IBKR prices... ✅ Updated 10 positions | Gold: $4453.67
⏰ 14:09:42 - Syncing IBKR prices... ✅ Updated 10 positions | Gold: $4466.98
⏰ 14:10:43 - Syncing IBKR prices... ✅ Updated 10 positions | Gold: $4457.03
⏰ 14:11:45 - Syncing IBKR prices... ✅ Updated 10 positions | Gold: $4457.85
⏰ 14:12:47 - Syncing IBKR prices... ✅ Updated 10 positions | Gold: $4461.09
⏰ 14:13:48 - Syncing IBKR prices... ✅ Updated 10 positions | Gold: $4461.60
⏰ 14:14:50 - Syncing IBKR prices... ✅ Updated 10 positions | Gold: $4452.48
⏰ 14:15:51 - Syncing IBKR prices... ✅ Updated 10 positions | Gold: $4462.69
⏰ 14:16:53 - Syncing IBKR prices... ✅ Updated 10 positions | Gold: $4451.44
⏰ 14:17:55 - Syncing IBKR prices... ✅ Updated 10 positions | Gold: $4469.12
⏰ 14:18:56 - Syncing IBKR prices... ✅ Updated 10 positions | Gold: $4468.06
⏰ 14:19:58 - Syncing IBKR prices... ✅ Updated 10 positions | Gold: $4450.04
⏰ 14:20:59 - Syncing IBKR prices... ✅ Updated 10 positions | Gold: $4461.91
⏰ 14:22:01 - Syncing IBKR prices... ✅ Updated 10 positions | Gold: $4451.77
⏰ 14:23:03 - Syncing IBKR prices... ✅ Updated 10 positions | Gold: $4454.61
⏰ 14:24:04 - Syncing IBKR prices... ✅ Updated 10 positions | Gold: $4450.33
⏰ 14:25:06 - Syncing IBKR prices... ✅ Updated 10 positions | Gold: $4450.59
⏰ 14:26:07 - Syncing IBKR prices... ✅ Updated 10 positions | Gold: $4453.72
⏰ 14:27:09 - Syncing IBKR prices... ✅ Updated 10 positions | Gold: $4457.54
⏰ 14:28:10 - Syncing IBKR prices... ✅ Updated 10 positions | Gold: $4458.52
⏰ 14:29:12 - Syncing IBKR prices... ✅ Updated 10 positions | Gold: $4469.29
⏰ 14:30:13 - Syncing IBKR prices... ✅ Updated 10 positions | Gold: $4458.35
⏰ 14:31:15 - Syncing IBKR prices... ✅ Updated 10 positions | Gold: $4458.02
⏰ 14:32:16 - Syncing IBKR prices... ✅ Updated 10 positions | Gold: $4462.31
⏰ 14:33:18 - Syncing IBKR prices... ✅ Updated 10 positions | Gold: $4457.51
⏰ 14:34:20 - Syncing IBKR prices... ✅ Updated 10 positions | Gold: $4468.68
⏰ 14:35:21 - Syncing IBKR prices... ✅ Updated 10 positions | Gold: $4466.90
⏰ 14:36:23 - Syncing IBKR prices... ✅ Updated 10 positions | Gold: $4452.05
⏰ 14:37:24 - Syncing IBKR prices... ✅ Updated 10 positions | Gold: $4464.02
⏰ 14:38:26 - Syncing IBKR prices... ✅ Updated 10 positions | Gold: $4453.03
⏰ 14:39:27 - Syncing IBKR prices... ✅ Updated 10 positions | Gold: $4460.06
⏰ 14:40:29 - Syncing IBKR prices... ✅ Updated 10 positions | Gold: $4458.95
⏰ 14:41:31 - Syncing IBKR prices... ✅ Updated 10 positions | Gold: $4451.04
⏰ 14:42:32 - Syncing IBKR prices... ✅ Updated 10 positions | Gold: $4453.68
⏰ 14:43:34 - Syncing IBKR prices... ✅ Updated 10 positions | Gold: $4467.31
⏰ 14:44:35 - Syncing IBKR prices... ✅ Updated 10 positions | Gold: $4457.66
⏰ 14:45:37 - Syncing IBKR prices... ✅ Updated 10 positions | Gold: $4458.80
⏰ 14:46:38 - Syncing IBKR prices... ✅ Updated 10 positions | Gold: $4462.08
⏰ 14:47:40 - Syncing IBKR prices... ✅ Updated 10 positions | Gold: $4461.93
⏰ 14:48:42 - Syncing IBKR prices... ✅ Updated 10 positions | Gold: $4463.41
⏰ 14:49:43 - Syncing IBKR prices... ✅ Updated 10 positions | Gold: $4463.09
⏰ 14:50:45 - Syncing IBKR prices... ✅ Updated 10 positions | Gold: $4460.49
⏰ 14:51:47 - Syncing IBKR prices... ✅ Updated 10 positions | Gold: $4453.29
⏰ 14:52:48 - Syncing IBKR prices... ✅ Updated 10 positions | Gold: $4469.03
⏰ 14:53:50 - Syncing IBKR prices... ✅ Updated 10 positions | Gold: $4452.58
⏰ 14:54:51 - Syncing IBKR prices... ✅ Updated 10 positions | Gold: $4452.76
⏰ 14:55:53 - Syncing IBKR prices... ✅ Updated 10 positions | Gold: $4461.95
⏰ 14:56:55 - Syncing IBKR prices... ✅ Updated 10 positions | Gold: $4462.01
⏰ 14:57:56 - Syncing IBKR prices... ✅ Updated 10 positions | Gold: $4468.97
⏰ 14:58:58 - Syncing IBKR prices... ✅ Updated 10 positions | Gold: $4452.09
⏰ 14:59:59 - Syncing IBKR prices... ✅ Updated 10 positions | Gold: $4463.78
⏰ 15:01:01 - Syncing IBKR prices... ✅ Updated 10 positions | Gold: $4463.46
⏰ 15:02:03 - Syncing IBKR prices... ✅ Updated 10 positions | Gold: $4458.57
⏰ 15:03:04 - Syncing IBKR prices... ✅ Updated 10 positions | Gold: $4464.16
⏰ 15:04:06 - Syncing IBKR prices... ✅ Updated 10 positions | Gold: $4457.88
⏰ 15:05:08 - Syncing IBKR prices... ✅ Updated 10 positions | Gold: $4465.84
⏰ 15:06:09 - Syncing IBKR prices... ✅ Updated 10 positions | Gold: $4462.68
⏰ 15:07:11 - Syncing IBKR prices... ✅ Updated 10 positions | Gold: $4461.45
⏰ 15:08:13 - Syncing IBKR prices... ✅ Updated 10 positions | Gold: $4451.32
⏰ 15:09:15 - Syncing IBKR prices... ✅ Updated 10 positions | Gold: $4469.35
⏰ 15:10:17 - Syncing IBKR prices... ✅ Updated 10 positions | Gold: $4459.36
⏰ 15:11:18 - Syncing IBKR prices... ✅ Updated 10 positions | Gold: $4458.09
⏰ 15:12:20 - Syncing IBKR prices... ✅ Updated 10 positions | Gold: $4455.15
⏰ 15:13:22 - Syncing IBKR prices... ✅ Updated 10 positions | Gold: $4468.48
⏰ 15:14:23 - Syncing IBKR prices... ✅ Updated 10 positions | Gold: $4465.91
⏰ 15:15:25 - Syncing IBKR prices... ✅ Updated 10 positions | Gold: $4459.19
⏰ 15:16:49 - Syncing IBKR prices... ✅ Updated 10 positions | Gold: $4467.58
⏰ 15:17:51 - Syncing IBKR prices... ✅ Updated 10 positions | Gold: $4460.21
⏰ 15:18:52 - Syncing IBKR prices... ✅ Updated 10 positions | Gold: $4464.95
⏰ 15:19:54 - Syncing IBKR prices... ✅ Updated 10 positions | Gold: $4466.89
⏰ 15:20:55 - Syncing IBKR prices... ✅ Updated 10 positions | Gold: $4463.23
⏰ 15:21:57 - Syncing IBKR prices... ✅ Updated 10 positions | Gold: $4463.42
⏰ 15:22:58 - Syncing IBKR prices... ✅ Updated 10 positions | Gold: $4460.37
⏰ 15:24:00 - Syncing IBKR prices... ✅ Updated 10 positions | Gold: $4454.34
⏰ 15:25:02 - Syncing IBKR prices... ✅ Updated 10 positions | Gold: $4466.71
⏰ 15:26:03 - Syncing IBKR prices... ✅ Updated 10 positions | Gold: $4451.63
⏰ 15:27:05 - Syncing IBKR prices... ✅ Updated 10 positions | Gold: $4465.40
⏰ 15:28:06 - Syncing IBKR prices... ✅ Updated 10 positions | Gold: $4457.17
⏰ 15:29:08 - Syncing IBKR prices... ✅ Updated 10 positions | Gold: $4462.96
⏰ 15:30:10 - Syncing IBKR prices... ✅ Updated 10 positions | Gold: $4469.49
⏰ 15:31:11 - Syncing IBKR prices... ✅ Updated 10 positions | Gold: $4451.38
⏰ 15:32:13 - Syncing IBKR prices... ✅ Updated 10 positions | Gold: $4452.81
⏰ 15:33:14 - Syncing IBKR prices... ✅ Updated 10 positions | Gold: $4459.28
⏰ 15:34:16 - Syncing IBKR prices... ✅ Updated 10 positions | Gold: $4451.08
⏰ 15:35:18 - Syncing IBKR prices... ✅ Updated 10 positions | Gold: $4465.57
⏰ 15:36:19 - Syncing IBKR prices... ✅ Updated 10 positions | Gold: $4464.28
⏰ 15:37:21 - Syncing IBKR prices... ✅ Updated 10 positions | Gold: $4461.86
⏰ 15:38:23 - Syncing IBKR prices... ✅ Updated 10 positions | Gold: $4466.19
⏰ 15:39:24 - Syncing IBKR prices... ✅ Updated 10 positions | Gold: $4453.98
⏰ 15:40:26 - Syncing IBKR prices... ✅ Updated 10 positions | Gold: $4456.06
⏰ 15:41:28 - Syncing IBKR prices... ✅ Updated 10 positions | Gold: $4459.37
⏰ 15:42:29 - Syncing IBKR prices... ✅ Updated 10 positions | Gold: $4468.21
⏰ 15:43:31 - Syncing IBKR prices... ✅ Updated 10 positions | Gold: $4468.10
⏰ 15:44:33 - Syncing IBKR prices... ✅ Updated 10 positions | Gold: $4456.22
⏰ 15:45:34 - Syncing IBKR prices... ✅ Updated 10 positions | Gold: $4464.83
⏰ 15:46:36 - Syncing IBKR prices... ✅ Updated 10 positions | Gold: $4465.17
⏰ 15:47:38 - Syncing IBKR prices... ✅ Updated 10 positions | Gold: $4457.96
⏰ 15:48:39 - Syncing IBKR prices... ✅ Updated 10 positions | Gold: $4453.19
⏰ 15:49:41 - Syncing IBKR prices... ✅ Updated 10 positions | Gold: $4466.89
⏰ 15:50:42 - Syncing IBKR prices... ✅ Updated 10 positions | Gold: $4469.05
⏰ 15:51:44 - Syncing IBKR prices... ✅ Updated 10 positions | Gold: $4451.53
⏰ 15:52:45 - Syncing IBKR prices... ✅ Updated 10 positions | Gold: $4450.85
⏰ 15:53:47 - Syncing IBKR prices... ✅ Updated 10 positions | Gold: $4454.04
⏰ 15:54:49 - Syncing IBKR prices... ✅ Updated 10 positions | Gold: $4469.63
⏰ 15:55:50 - Syncing IBKR prices... ✅ Updated 10 positions | Gold: $4450.13
⏰ 15:56:52 - Syncing IBKR prices... ✅ Updated 10 positions | Gold: $4467.58
⏰ 15:57:53 - Syncing IBKR prices... ✅ Updated 10 positions | Gold: $4463.16
⏰ 15:58:55 - Syncing IBKR prices... ✅ Updated 10 positions | Gold: $4465.68
⏰ 15:59:56 - Syncing IBKR prices... ✅ Updated 10 positions | Gold: $4460.74
⏰ 16:00:58 - Syncing IBKR prices... ✅ Updated 10 positions | Gold: $4460.66
⏰ 16:02:00 - Syncing IBKR prices... ✅ Updated 10 positions | Gold: $4465.40
⏰ 16:03:01 - Syncing IBKR prices... ✅ Updated 10 positions | Gold: $4462.25
⏰ 16:04:03 - Syncing IBKR prices... ✅ Updated 10 positions | Gold: $4465.41
⏰ 16:05:05 - Syncing IBKR prices... ✅ Updated 10 positions | Gold: $4458.83
⏰ 16:06:06 - Syncing IBKR prices... ✅ Updated 10 positions | Gold: $4451.39
⏰ 16:07:08 - Syncing IBKR prices... ✅ Updated 10 positions | Gold: $4459.56
⏰ 16:08:09 - Syncing IBKR prices... ✅ Updated 10 positions | Gold: $4453.39
⏰ 16:09:11 - Syncing IBKR prices... ✅ Updated 10 positions | Gold: $4461.30
⏰ 16:10:12 - Syncing IBKR prices... ✅ Updated 10 positions | Gold: $4452.75
⏰ 16:11:14 - Syncing IBKR prices... ✅ Updated 10 positions | Gold: $4456.30
⏰ 16:12:15 - Syncing IBKR prices... ✅ Updated 10 positions | Gold: $4459.45
⏰ 16:13:17 - Syncing IBKR prices... ✅ Updated 10 positions | Gold: $4456.91
⏰ 16:14:19 - Syncing IBKR prices... ✅ Updated 10 positions | Gold: $4453.66
⏰ 16:15:20 - Syncing IBKR prices... ✅ Updated 10 positions | Gold: $4461.34
⏰ 16:16:22 - Syncing IBKR prices... ✅ Updated 10 positions | Gold: $4468.20
⏰ 16:17:23 - Syncing IBKR prices... ✅ Updated 10 positions | Gold: $4455.80
⏰ 16:18:25 - Syncing IBKR prices... ✅ Updated 10 positions | Gold: $4459.12
⏰ 16:19:27 - Syncing IBKR prices... ✅ Updated 10 positions | Gold: $4469.50
⏰ 16:20:28 - Syncing IBKR prices... ✅ Updated 10 positions | Gold: $4457.07
⏰ 16:21:30 - Syncing IBKR prices... ✅ Updated 10 positions | Gold: $4456.69
⏰ 16:22:32 - Syncing IBKR prices... ✅ Updated 10 positions | Gold: $4456.30
⏰ 16:23:33 - Syncing IBKR prices... ✅ Updated 10 positions | Gold: $4457.20
⏰ 16:24:35 - Syncing IBKR prices... ✅ Updated 10 positions | Gold: $4461.39
⏰ 16:25:36 - Syncing IBKR prices... ✅ Updated 10 positions | Gold: $4464.59
⏰ 16:26:38 - Syncing IBKR prices... ✅ Updated 10 positions | Gold: $4461.44
⏰ 16:27:40 - Syncing IBKR prices... ✅ Updated 10 positions | Gold: $4458.60
⏰ 16:28:41 - Syncing IBKR prices... ✅ Updated 10 positions | Gold: $4467.73
⏰ 16:29:43 - Syncing IBKR prices... ✅ Updated 10 positions | Gold: $4468.09
⏰ 16:30:45 - Syncing IBKR prices... ✅ Updated 10 positions | Gold: $4463.60
⏰ 16:31:46 - Syncing IBKR prices... ✅ Updated 10 positions | Gold: $4460.75
⏰ 16:32:48 - Syncing IBKR prices... ✅ Updated 10 positions | Gold: $4454.71
⏰ 16:33:50 - Syncing IBKR prices... ✅ Updated 10 positions | Gold: $4470.00
⏰ 16:34:52 - Syncing IBKR prices... ✅ Updated 10 positions | Gold: $4450.75
⏰ 16:35:53 - Syncing IBKR prices... ✅ Updated 10 positions | Gold: $4451.43
⏰ 16:36:55 - Syncing IBKR prices... ✅ Updated 10 positions | Gold: $4452.35
⏰ 16:37:56 - Syncing IBKR prices... ✅ Updated 10 positions | Gold: $4450.17
⏰ 16:38:58 - Syncing IBKR prices... ✅ Updated 10 positions | Gold: $4457.61
⏰ 16:40:00 - Syncing IBKR prices... ✅ Updated 10 positions | Gold: $4466.24
⏰ 16:41:01 - Syncing IBKR prices... ✅ Updated 10 positions | Gold: $4465.37
⏰ 16:42:03 - Syncing IBKR prices... ✅ Updated 10 positions | Gold: $4457.60
⏰ 16:43:05 - Syncing IBKR prices... ✅ Updated 10 positions | Gold: $4465.93
⏰ 16:44:06 - Syncing IBKR prices... ✅ Updated 10 positions | Gold: $4451.36
⏰ 16:45:08 - Syncing IBKR prices... ✅ Updated 10 positions | Gold: $4460.48
⏰ 16:46:09 - Syncing IBKR prices... ✅ Updated 10 positions | Gold: $4450.47
⏰ 16:47:11 - Syncing IBKR prices... ✅ Updated 10 positions | Gold: $4459.57
⏰ 16:48:13 - Syncing IBKR prices... ✅ Updated 10 positions | Gold: $4467.36
⏰ 16:49:14 - Syncing IBKR prices... ✅ Updated 10 positions | Gold: $4458.83
⏰ 16:50:16 - Syncing IBKR prices... ✅ Updated 10 positions | Gold: $4457.62
⏰ 16:51:18 - Syncing IBKR prices... ✅ Updated 10 positions | Gold: $4456.54
⏰ 16:52:19 - Syncing IBKR prices... ✅ Updated 10 positions | Gold: $4453.04
⏰ 16:53:21 - Syncing IBKR prices... ✅ Updated 10 positions | Gold: $4465.57
⏰ 16:54:22 - Syncing IBKR prices... ✅ Updated 10 positions | Gold: $4461.46
⏰ 16:55:24 - Syncing IBKR prices... ✅ Updated 10 positions | Gold: $4461.21
⏰ 16:56:26 - Syncing IBKR prices... ✅ Updated 10 positions | Gold: $4457.72
⏰ 16:57:27 - Syncing IBKR prices... ✅ Updated 10 positions | Gold: $4466.19
⏰ 16:58:29 - Syncing IBKR prices... ✅ Updated 10 positions | Gold: $4463.50
⏰ 16:59:30 - Syncing IBKR prices... ✅ Updated 10 positions | Gold: $4454.69
⏰ 17:00:32 - Syncing IBKR prices... ✅ Updated 10 positions | Gold: $4456.99
⏰ 17:01:33 - Syncing IBKR prices... ✅ Updated 10 positions | Gold: $4465.43
⏰ 17:02:35 - Syncing IBKR prices... ✅ Updated 10 positions | Gold: $4453.98
⏰ 17:03:37 - Syncing IBKR prices... ✅ Updated 10 positions | Gold: $4465.69
⏰ 17:04:39 - Syncing IBKR prices... ✅ Updated 10 positions | Gold: $4466.03
⏰ 17:05:40 - Syncing IBKR prices... ✅ Updated 10 positions | Gold: $4457.42
⏰ 17:06:42 - Syncing IBKR prices... ✅ Updated 10 positions | Gold: $4467.26
⏰ 17:07:43 - Syncing IBKR prices... ✅ Updated 10 positions | Gold: $4459.18
⏰ 17:08:45 - Syncing IBKR prices... ✅ Updated 10 positions | Gold: $4456.68
⏰ 17:09:46 - Syncing IBKR prices... ✅ Updated 10 positions | Gold: $4456.54
⏰ 17:10:48 - Syncing IBKR prices... ✅ Updated 10 positions | Gold: $4461.57
⏰ 17:11:50 - Syncing IBKR prices... ✅ Updated 10 positions | Gold: $4463.49
⏰ 17:12:51 - Syncing IBKR prices... ✅ Updated 10 positions | Gold: $4455.86
⏰ 17:13:53 - Syncing IBKR prices... ✅ Updated 10 positions | Gold: $4456.68
⏰ 17:14:55 - Syncing IBKR prices... ✅ Updated 10 positions | Gold: $4467.66
⏰ 17:15:56 - Syncing IBKR prices... ✅ Updated 10 positions | Gold: $4453.26
⏰ 17:16:58 - Syncing IBKR prices... ✅ Updated 10 positions | Gold: $4452.28
⏰ 17:18:00 - Syncing IBKR prices... ✅ Updated 10 positions | Gold: $4450.96
⏰ 17:19:01 - Syncing IBKR prices... ✅ Updated 10 positions | Gold: $4461.58
⏰ 17:20:03 - Syncing IBKR prices... ✅ Updated 10 positions | Gold: $4454.58
⏰ 17:21:05 - Syncing IBKR prices... ✅ Updated 10 positions | Gold: $4453.65
⏰ 17:22:06 - Syncing IBKR prices... ✅ Updated 10 positions | Gold: $4462.30
⏰ 17:23:08 - Syncing IBKR prices... ✅ Updated 10 positions | Gold: $4455.31
⏰ 17:24:10 - Syncing IBKR prices... ✅ Updated 10 positions | Gold: $4453.68
⏰ 17:25:12 - Syncing IBKR prices... ✅ Updated 10 positions | Gold: $4459.84
⏰ 17:26:13 - Syncing IBKR prices... ✅ Updated 10 positions | Gold: $4464.64
⏰ 17:27:15 - Syncing IBKR prices... ✅ Updated 10 positions | Gold: $4452.44
⏰ 17:28:17 - Syncing IBKR prices... ✅ Updated 10 positions | Gold: $4468.48
⏰ 17:29:19 - Syncing IBKR prices... ✅ Updated 10 positions | Gold: $4467.45
⏰ 17:30:20 - Syncing IBKR prices... ✅ Updated 10 positions | Gold: $4457.49
⏰ 17:31:22 - Syncing IBKR prices... ✅ Updated 10 positions | Gold: $4462.45
⏰ 17:32:24 - Syncing IBKR prices... ✅ Updated 10 positions | Gold: $4464.28
⏰ 17:33:25 - Syncing IBKR prices... ✅ Updated 10 positions | Gold: $4458.80
⏰ 17:34:27 - Syncing IBKR prices... ✅ Updated 10 positions | Gold: $4469.97
⏰ 17:35:29 - Syncing IBKR prices... ✅ Updated 10 positions | Gold: $4467.85
⏰ 17:36:30 - Syncing IBKR prices... ✅ Updated 10 positions | Gold: $4455.31
⏰ 17:37:32 - Syncing IBKR prices... ✅ Updated 10 positions | Gold: $4457.71
⏰ 17:38:33 - Syncing IBKR prices... ✅ Updated 10 positions | Gold: $4463.96
⏰ 17:39:35 - Syncing IBKR prices... ✅ Updated 10 positions | Gold: $4454.97
⏰ 17:40:36 - Syncing IBKR prices... ✅ Updated 10 positions | Gold: $4450.62
⏰ 17:41:39 - Syncing IBKR prices... ✅ Updated 10 positions | Gold: $4461.86
⏰ 17:42:41 - Syncing IBKR prices... ✅ Updated 10 positions | Gold: $4455.50
⏰ 17:43:42 - Syncing IBKR prices... ✅ Updated 10 positions | Gold: $4455.81
⏰ 17:44:44 - Syncing IBKR prices... ✅ Updated 10 positions | Gold: $4450.31
⏰ 17:45:45 - Syncing IBKR prices... ✅ Updated 10 positions | Gold: $4451.56
⏰ 17:46:47 - Syncing IBKR prices... ✅ Updated 10 positions | Gold: $4469.41
⏰ 17:47:49 - Syncing IBKR prices... ✅ Updated 10 positions | Gold: $4464.92
⏰ 17:48:50 - Syncing IBKR prices... ✅ Updated 10 positions | Gold: $4452.69
⏰ 17:49:53 - Syncing IBKR prices... ✅ Updated 10 positions | Gold: $4453.75
⏰ 17:50:54 - Syncing IBKR prices... ✅ Updated 10 positions | Gold: $4465.78
⏰ 17:51:56 - Syncing IBKR prices... ✅ Updated 10 positions | Gold: $4454.64
⏰ 17:52:58 - Syncing IBKR prices... ✅ Updated 10 positions | Gold: $4466.74
⏰ 17:54:00 - Syncing IBKR prices... ✅ Updated 10 positions | Gold: $4453.19
⏰ 17:55:01 - Syncing IBKR prices... ✅ Updated 10 positions | Gold: $4455.28
⏰ 17:56:03 - Syncing IBKR prices... ✅ Updated 10 positions | Gold: $4453.97
⏰ 17:57:05 - Syncing IBKR prices... ✅ Updated 10 positions | Gold: $4468.92
⏰ 17:58:06 - Syncing IBKR prices... ✅ Updated 10 positions | Gold: $4458.09
⏰ 17:59:08 - Syncing IBKR prices... ✅ Updated 10 positions | Gold: $4465.34
⏰ 18:00:10 - Syncing IBKR prices... ✅ Updated 10 positions | Gold: $4463.27
⏰ 18:01:12 - Syncing IBKR prices... ✅ Updated 10 positions | Gold: $4464.70
⏰ 18:02:13 - Syncing IBKR prices... ✅ Updated 10 positions | Gold: $4455.61
⏰ 18:03:15 - Syncing IBKR prices... ✅ Updated 10 positions | Gold: $4461.52
⏰ 18:04:17 - Syncing IBKR prices... ✅ Updated 10 positions | Gold: $4455.12
⏰ 18:05:18 - Syncing IBKR prices... ✅ Updated 10 positions | Gold: $4463.81
⏰ 18:06:20 - Syncing IBKR prices... ✅ Updated 10 positions | Gold: $4467.70
⏰ 18:07:21 - Syncing IBKR prices... ✅ Updated 10 positions | Gold: $4461.87
⏰ 18:08:23 - Syncing IBKR prices... ✅ Updated 10 positions | Gold: $4459.07
⏰ 18:09:25 - Syncing IBKR prices... ✅ Updated 10 positions | Gold: $4453.85
⏰ 18:10:26 - Syncing IBKR prices... ✅ Updated 10 positions | Gold: $4454.42
⏰ 18:11:28 - Syncing IBKR prices... ✅ Updated 10 positions | Gold: $4469.04
⏰ 18:12:30 - Syncing IBKR prices... ✅ Updated 10 positions | Gold: $4454.04
⏰ 18:13:31 - Syncing IBKR prices... ✅ Updated 10 positions | Gold: $4457.12
⏰ 18:14:33 - Syncing IBKR prices... ✅ Updated 10 positions | Gold: $4452.77
⏰ 18:15:35 - Syncing IBKR prices... ✅ Updated 10 positions | Gold: $4450.48
⏰ 18:16:37 - Syncing IBKR prices... ✅ Updated 10 positions | Gold: $4463.99
⏰ 18:17:38 - Syncing IBKR prices... ✅ Updated 10 positions | Gold: $4451.93
⏰ 18:18:40 - Syncing IBKR prices... ✅ Updated 10 positions | Gold: $4451.74
⏰ 18:19:42 - Syncing IBKR prices... ✅ Updated 10 positions | Gold: $4464.32
⏰ 18:20:43 - Syncing IBKR prices... ✅ Updated 10 positions | Gold: $4452.05
⏰ 18:21:45 - Syncing IBKR prices... ✅ Updated 10 positions | Gold: $4450.76
⏰ 18:22:47 - Syncing IBKR prices... ✅ Updated 10 positions | Gold: $4450.93
⏰ 18:23:48 - Syncing IBKR prices... ✅ Updated 10 positions | Gold: $4455.85
⏰ 18:24:50 - Syncing IBKR prices... ✅ Updated 10 positions | Gold: $4465.78
⏰ 18:25:51 - Syncing IBKR prices... ✅ Updated 10 positions | Gold: $4450.82
⏰ 18:26:53 - Syncing IBKR prices... ✅ Updated 10 positions | Gold: $4456.68
⏰ 18:27:54 - Syncing IBKR prices... ✅ Updated 10 positions | Gold: $4467.20
⏰ 18:28:56 - Syncing IBKR prices... ✅ Updated 10 positions | Gold: $4455.58
⏰ 18:29:57 - Syncing IBKR prices... ✅ Updated 10 positions | Gold: $4468.02
⏰ 18:30:59 - Syncing IBKR prices... ✅ Updated 10 positions | Gold: $4452.69
⏰ 18:32:00 - Syncing IBKR prices... ✅ Updated 10 positions | Gold: $4455.49
⏰ 18:33:02 - Syncing IBKR prices... ✅ Updated 10 positions | Gold: $4464.05
⏰ 18:34:03 - Syncing IBKR prices... ✅ Updated 10 positions | Gold: $4457.70
⏰ 18:35:05 - Syncing IBKR prices... ✅ Updated 10 positions | Gold: $4452.10
⏰ 18:36:07 - Syncing IBKR prices... ✅ Updated 10 positions | Gold: $4464.73
⏰ 18:37:08 - Syncing IBKR prices... ✅ Updated 10 positions | Gold: $4453.84
⏰ 18:38:10 - Syncing IBKR prices... ✅ Updated 10 positions | Gold: $4451.39
⏰ 18:39:11 - Syncing IBKR prices... ✅ Updated 10 positions | Gold: $4466.68
⏰ 18:40:13 - Syncing IBKR prices... ✅ Updated 10 positions | Gold: $4458.23
⏰ 18:41:14 - Syncing IBKR prices... ✅ Updated 10 positions | Gold: $4466.94
⏰ 18:42:16 - Syncing IBKR prices... ✅ Updated 10 positions | Gold: $4466.92
⏰ 18:43:18 - Syncing IBKR prices... ✅ Updated 10 positions | Gold: $4460.68
⏰ 18:44:19 - Syncing IBKR prices... ✅ Updated 10 positions | Gold: $4469.78
⏰ 18:45:21 - Syncing IBKR prices... ✅ Updated 10 positions | Gold: $4458.21
⏰ 18:46:22 - Syncing IBKR prices... ✅ Updated 10 positions | Gold: $4451.12
⏰ 18:47:24 - Syncing IBKR prices... ✅ Updated 10 positions | Gold: $4457.68
⏰ 18:48:25 - Syncing IBKR prices... ✅ Updated 10 positions | Gold: $4460.29
⏰ 18:49:27 - Syncing IBKR prices... ✅ Updated 10 positions | Gold: $4463.47
⏰ 18:50:29 - Syncing IBKR prices... ✅ Updated 10 positions | Gold: $4456.41
⏰ 18:51:30 - Syncing IBKR prices... ✅ Updated 10 positions | Gold: $4452.36
⏰ 18:52:32 - Syncing IBKR prices... ✅ Updated 10 positions | Gold: $4458.89
⏰ 18:53:34 - Syncing IBKR prices... ✅ Updated 10 positions | Gold: $4464.62
⏰ 18:54:35 - Syncing IBKR prices... ✅ Updated 10 positions | Gold: $4460.85
⏰ 18:55:37 - Syncing IBKR prices... ✅ Updated 10 positions | Gold: $4463.28
⏰ 18:56:38 - Syncing IBKR prices... ✅ Updated 10 positions | Gold: $4454.91
⏰ 18:57:40 - Syncing IBKR prices... ✅ Updated 10 positions | Gold: $4460.68
⏰ 18:58:41 - Syncing IBKR prices... ✅ Updated 10 positions | Gold: $4468.10
⏰ 18:59:43 - Syncing IBKR prices... ✅ Updated 10 positions | Gold: $4456.54
⏰ 19:00:45 - Syncing IBKR prices... ✅ Updated 10 positions | Gold: $4458.10
⏰ 19:01:46 - Syncing IBKR prices... ✅ Updated 10 positions | Gold: $4469.17
⏰ 19:02:48 - Syncing IBKR prices... ✅ Updated 10 positions | Gold: $4456.29
⏰ 19:03:50 - Syncing IBKR prices... ✅ Updated 10 positions | Gold: $4463.88
⏰ 19:04:51 - Syncing IBKR prices... ✅ Updated 10 positions | Gold: $4451.97
⏰ 19:05:53 - Syncing IBKR prices... ✅ Updated 10 positions | Gold: $4455.22
⏰ 19:06:55 - Syncing IBKR prices... ✅ Updated 10 positions | Gold: $4459.58
⏰ 19:07:56 - Syncing IBKR prices... ✅ Updated 10 positions | Gold: $4457.64
⏰ 19:08:58 - Syncing IBKR prices... ✅ Updated 10 positions | Gold: $4451.25
⏰ 19:10:00 - Syncing IBKR prices... ✅ Updated 10 positions | Gold: $4467.91
⏰ 19:11:01 - Syncing IBKR prices... ✅ Updated 10 positions | Gold: $4461.66
⏰ 19:12:03 - Syncing IBKR prices... ✅ Updated 10 positions | Gold: $4455.27
⏰ 19:13:05 - Syncing IBKR prices... ✅ Updated 10 positions | Gold: $4456.24
⏰ 19:14:06 - Syncing IBKR prices... ✅ Updated 10 positions | Gold: $4464.38
⏰ 19:15:08 - Syncing IBKR prices... ✅ Updated 10 positions | Gold: $4466.42
⏰ 19:16:10 - Syncing IBKR prices... ✅ Updated 10 positions | Gold: $4452.93
⏰ 19:17:11 - Syncing IBKR prices... ✅ Updated 10 positions | Gold: $4468.09
⏰ 19:18:13 - Syncing IBKR prices... ✅ Updated 10 positions | Gold: $4469.99
⏰ 19:19:14 - Syncing IBKR prices... ✅ Updated 10 positions | Gold: $4456.08
⏰ 19:20:16 - Syncing IBKR prices... ✅ Updated 10 positions | Gold: $4451.11
⏰ 19:21:17 - Syncing IBKR prices... ✅ Updated 10 positions | Gold: $4458.05
⏰ 19:22:19 - Syncing IBKR prices... ✅ Updated 10 positions | Gold: $4458.54
⏰ 19:23:21 - Syncing IBKR prices... ✅ Updated 10 positions | Gold: $4459.82
⏰ 19:24:22 - Syncing IBKR prices... ✅ Updated 10 positions | Gold: $4461.48
⏰ 19:25:24 - Syncing IBKR prices... ✅ Updated 10 positions | Gold: $4451.39
⏰ 19:26:25 - Syncing IBKR prices... ✅ Updated 10 positions | Gold: $4460.14
⏰ 19:27:27 - Syncing IBKR prices... ✅ Updated 10 positions | Gold: $4461.18
⏰ 19:28:28 - Syncing IBKR prices... ✅ Updated 10 positions | Gold: $4467.58
⏰ 19:29:30 - Syncing IBKR prices... ✅ Updated 10 positions | Gold: $4460.61
⏰ 19:30:31 - Syncing IBKR prices... ✅ Updated 10 positions | Gold: $4462.61
⏰ 19:31:33 - Syncing IBKR prices... ✅ Updated 10 positions | Gold: $4455.87
⏰ 19:32:35 - Syncing IBKR prices... ✅ Updated 10 positions | Gold: $4469.42
⏰ 19:33:36 - Syncing IBKR prices... ✅ Updated 10 positions | Gold: $4463.18
⏰ 19:34:38 - Syncing IBKR prices... ✅ Updated 10 positions | Gold: $4462.15
⏰ 19:35:39 - Syncing IBKR prices... ✅ Updated 10 positions | Gold: $4468.94
⏰ 19:36:41 - Syncing IBKR prices... ✅ Updated 10 positions | Gold: $4468.38
⏰ 19:37:42 - Syncing IBKR prices... ✅ Updated 10 positions | Gold: $4466.31
⏰ 19:38:44 - Syncing IBKR prices... ✅ Updated 10 positions | Gold: $4457.80
⏰ 19:39:46 - Syncing IBKR prices... ✅ Updated 10 positions | Gold: $4460.31
⏰ 19:40:47 - Syncing IBKR prices... ✅ Updated 10 positions | Gold: $4452.79
⏰ 19:41:49 - Syncing IBKR prices... ✅ Updated 10 positions | Gold: $4455.25
⏰ 19:42:50 - Syncing IBKR prices... ✅ Updated 10 positions | Gold: $4454.95
⏰ 19:43:52 - Syncing IBKR prices... ✅ Updated 10 positions | Gold: $4464.93
⏰ 19:44:53 - Syncing IBKR prices... ✅ Updated 10 positions | Gold: $4455.77
⏰ 19:45:55 - Syncing IBKR prices... ✅ Updated 10 positions | Gold: $4455.64
⏰ 19:46:57 - Syncing IBKR prices... ✅ Updated 10 positions | Gold: $4459.58
⏰ 19:47:58 - Syncing IBKR prices... ✅ Updated 10 positions | Gold: $4455.09
⏰ 19:49:00 - Syncing IBKR prices... ✅ Updated 10 positions | Gold: $4465.56
⏰ 19:50:01 - Syncing IBKR prices... ✅ Updated 10 positions | Gold: $4463.73
⏰ 19:51:03 - Syncing IBKR prices... ✅ Updated 10 positions | Gold: $4455.66
⏰ 19:52:05 - Syncing IBKR prices... ✅ Updated 10 positions | Gold: $4455.39
⏰ 19:53:07 - Syncing IBKR prices... ✅ Updated 10 positions | Gold: $4469.07
⏰ 19:54:08 - Syncing IBKR prices... ✅ Updated 10 positions | Gold: $4454.48
⏰ 19:55:10 - Syncing IBKR prices... ✅ Updated 10 positions | Gold: $4451.52
⏰ 19:56:11 - Syncing IBKR prices... ✅ Updated 10 positions | Gold: $4468.81
⏰ 19:57:13 - Syncing IBKR prices... ✅ Updated 10 positions | Gold: $4460.85
⏰ 19:58:15 - Syncing IBKR prices... ✅ Updated 10 positions | Gold: $4467.68
⏰ 19:59:16 - Syncing IBKR prices... ✅ Updated 10 positions | Gold: $4459.19
⏰ 20:00:18 - Syncing IBKR prices... ✅ Updated 10 positions | Gold: $4451.43
⏰ 20:01:20 - Syncing IBKR prices... ✅ Updated 10 positions | Gold: $4461.90
⏰ 20:02:21 - Syncing IBKR prices... ✅ Updated 10 positions | Gold: $4458.66
⏰ 20:03:23 - Syncing IBKR prices... ✅ Updated 10 positions | Gold: $4450.86
⏰ 20:04:25 - Syncing IBKR prices... ✅ Updated 10 positions | Gold: $4464.49
⏰ 20:05:26 - Syncing IBKR prices... ✅ Updated 10 positions | Gold: $4464.93
⏰ 20:06:28 - Syncing IBKR prices... ✅ Updated 10 positions | Gold: $4455.46
⏰ 20:07:30 - Syncing IBKR prices... ✅ Updated 10 positions | Gold: $4467.12
⏰ 20:08:31 - Syncing IBKR prices... ✅ Updated 10 positions | Gold: $4459.03
⏰ 20:09:33 - Syncing IBKR prices... ✅ Updated 10 positions | Gold: $4459.10
⏰ 20:10:34 - Syncing IBKR prices... ✅ Updated 10 positions | Gold: $4465.05
⏰ 20:11:36 - Syncing IBKR prices... ✅ Updated 10 positions | Gold: $4462.78
⏰ 20:12:37 - Syncing IBKR prices... ✅ Updated 10 positions | Gold: $4451.71
⏰ 20:13:39 - Syncing IBKR prices... ✅ Updated 10 positions | Gold: $4457.48
⏰ 20:14:41 - Syncing IBKR prices... ✅ Updated 10 positions | Gold: $4464.81
⏰ 20:15:42 - Syncing IBKR prices... ✅ Updated 10 positions | Gold: $4459.47
⏰ 20:16:44 - Syncing IBKR prices... ✅ Updated 10 positions | Gold: $4461.32
⏰ 20:17:45 - Syncing IBKR prices... ✅ Updated 10 positions | Gold: $4461.40
⏰ 20:18:47 - Syncing IBKR prices... ✅ Updated 10 positions | Gold: $4467.23
⏰ 20:19:48 - Syncing IBKR prices... ✅ Updated 10 positions | Gold: $4463.12
⏰ 20:20:50 - Syncing IBKR prices... ✅ Updated 10 positions | Gold: $4451.94
⏰ 20:21:51 - Syncing IBKR prices... ✅ Updated 10 positions | Gold: $4456.10
⏰ 20:22:53 - Syncing IBKR prices... ✅ Updated 10 positions | Gold: $4451.09
⏰ 20:23:55 - Syncing IBKR prices... ✅ Updated 10 positions | Gold: $4461.20
⏰ 20:24:56 - Syncing IBKR prices... ✅ Updated 10 positions | Gold: $4456.21
⏰ 20:25:58 - Syncing IBKR prices... ✅ Updated 10 positions | Gold: $4469.10
⏰ 20:26:59 - Syncing IBKR prices... ✅ Updated 10 positions | Gold: $4452.50
⏰ 20:28:01 - Syncing IBKR prices... ✅ Updated 10 positions | Gold: $4452.26
⏰ 20:29:03 - Syncing IBKR prices... ✅ Updated 10 positions | Gold: $4465.40
⏰ 20:30:04 - Syncing IBKR prices... ✅ Updated 10 positions | Gold: $4463.07
⏰ 20:31:06 - Syncing IBKR prices... ✅ Updated 10 positions | Gold: $4468.64
⏰ 20:32:08 - Syncing IBKR prices... ✅ Updated 10 positions | Gold: $4456.12
⏰ 20:33:09 - Syncing IBKR prices... ✅ Updated 10 positions | Gold: $4460.52
⏰ 20:34:11 - Syncing IBKR prices... ✅ Updated 10 positions | Gold: $4456.07
⏰ 20:35:12 - Syncing IBKR prices... ✅ Updated 10 positions | Gold: $4458.23
⏰ 20:36:14 - Syncing IBKR prices... ✅ Updated 10 positions | Gold: $4469.34
⏰ 20:37:16 - Syncing IBKR prices... ✅ Updated 10 positions | Gold: $4465.18
⏰ 20:38:17 - Syncing IBKR prices... ✅ Updated 10 positions | Gold: $4464.48
⏰ 20:39:19 - Syncing IBKR prices... ✅ Updated 10 positions | Gold: $4467.98
⏰ 20:40:20 - Syncing IBKR prices... ✅ Updated 10 positions | Gold: $4459.28
⏰ 20:41:22 - Syncing IBKR prices... ✅ Updated 10 positions | Gold: $4453.03
⏰ 20:42:23 - Syncing IBKR prices... ✅ Updated 10 positions | Gold: $4467.09
⏰ 20:43:25 - Syncing IBKR prices... ✅ Updated 10 positions | Gold: $4459.62
⏰ 20:44:27 - Syncing IBKR prices... ✅ Updated 10 positions | Gold: $4458.36
⏰ 20:45:28 - Syncing IBKR prices... ✅ Updated 10 positions | Gold: $4463.79
⏰ 20:46:30 - Syncing IBKR prices... ✅ Updated 10 positions | Gold: $4450.64
⏰ 20:47:32 - Syncing IBKR prices... ✅ Updated 10 positions | Gold: $4458.91
⏰ 20:48:33 - Syncing IBKR prices... ✅ Updated 10 positions | Gold: $4453.75
⏰ 20:49:35 - Syncing IBKR prices... ✅ Updated 10 positions | Gold: $4450.01
⏰ 20:50:36 - Syncing IBKR prices... ✅ Updated 10 positions | Gold: $4457.88
⏰ 20:51:38 - Syncing IBKR prices... ✅ Updated 10 positions | Gold: $4467.25
⏰ 20:52:40 - Syncing IBKR prices... ✅ Updated 10 positions | Gold: $4461.68
⏰ 20:53:41 - Syncing IBKR prices... ✅ Updated 10 positions | Gold: $4455.45
⏰ 20:54:43 - Syncing IBKR prices... ✅ Updated 10 positions | Gold: $4455.49
⏰ 20:55:45 - Syncing IBKR prices... ✅ Updated 10 positions | Gold: $4454.06
⏰ 20:56:46 - Syncing IBKR prices... ✅ Updated 10 positions | Gold: $4468.36
⏰ 20:57:48 - Syncing IBKR prices... ✅ Updated 10 positions | Gold: $4461.89
⏰ 20:58:50 - Syncing IBKR prices... ✅ Updated 10 positions | Gold: $4453.09
⏰ 20:59:51 - Syncing IBKR prices... ✅ Updated 10 positions | Gold: $4452.50
⏰ 21:00:53 - Syncing IBKR prices... ✅ Updated 10 positions | Gold: $4453.89
⏰ 21:01:54 - Syncing IBKR prices... ✅ Updated 10 positions | Gold: $4456.62
⏰ 21:02:56 - Syncing IBKR prices... ✅ Updated 10 positions | Gold: $4453.22
⏰ 21:03:57 - Syncing IBKR prices... ✅ Updated 10 positions | Gold: $4468.98
⏰ 21:04:59 - Syncing IBKR prices... ✅ Updated 10 positions | Gold: $4463.33
⏰ 21:06:00 - Syncing IBKR prices... ✅ Updated 10 positions | Gold: $4459.73
⏰ 21:07:02 - Syncing IBKR prices... ✅ Updated 10 positions | Gold: $4452.69
⏰ 21:08:04 - Syncing IBKR prices... ✅ Updated 10 positions | Gold: $4465.74
⏰ 21:09:05 - Syncing IBKR prices... ✅ Updated 10 positions | Gold: $4455.34
⏰ 21:10:07 - Syncing IBKR prices... ✅ Updated 10 positions | Gold: $4459.98
⏰ 21:11:08 - Syncing IBKR prices... ✅ Updated 10 positions | Gold: $4452.88
⏰ 21:12:10 - Syncing IBKR prices... ✅ Updated 10 positions | Gold: $4464.24
⏰ 21:13:12 - Syncing IBKR prices... ✅ Updated 10 positions | Gold: $4462.05
⏰ 21:14:13 - Syncing IBKR prices... ✅ Updated 10 positions | Gold: $4450.60
⏰ 21:15:15 - Syncing IBKR prices... ✅ Updated 10 positions | Gold: $4465.59
⏰ 21:16:16 - Syncing IBKR prices... ✅ Updated 10 positions | Gold: $4462.17
⏰ 21:17:18 - Syncing IBKR prices... ✅ Updated 10 positions | Gold: $4467.62
⏰ 21:18:20 - Syncing IBKR prices... ✅ Updated 10 positions | Gold: $4465.75
⏰ 21:19:21 - Syncing IBKR prices... ✅ Updated 10 positions | Gold: $4463.16
⏰ 21:20:23 - Syncing IBKR prices... ✅ Updated 10 positions | Gold: $4464.55
⏰ 21:21:24 - Syncing IBKR prices... ✅ Updated 10 positions | Gold: $4450.28
⏰ 21:22:26 - Syncing IBKR prices... ✅ Updated 10 positions | Gold: $4468.20
⏰ 21:23:27 - Syncing IBKR prices... ✅ Updated 10 positions | Gold: $4451.32
⏰ 21:24:29 - Syncing IBKR prices... ✅ Updated 10 positions | Gold: $4463.02
⏰ 21:25:31 - Syncing IBKR prices... ✅ Updated 10 positions | Gold: $4469.96
⏰ 21:26:33 - Syncing IBKR prices... ✅ Updated 10 positions | Gold: $4455.92
⏰ 21:27:34 - Syncing IBKR prices... ✅ Updated 10 positions | Gold: $4465.23
⏰ 21:28:36 - Syncing IBKR prices... ✅ Updated 10 positions | Gold: $4460.44
⏰ 21:29:37 - Syncing IBKR prices... ✅ Updated 10 positions | Gold: $4461.18
⏰ 21:30:39 - Syncing IBKR prices... ✅ Updated 10 positions | Gold: $4457.57
⏰ 21:31:40 - Syncing IBKR prices... ✅ Updated 10 positions | Gold: $4453.00
⏰ 21:32:42 - Syncing IBKR prices... ✅ Updated 10 positions | Gold: $4466.88
⏰ 21:33:44 - Syncing IBKR prices... ✅ Updated 10 positions | Gold: $4465.49
⏰ 21:34:45 - Syncing IBKR prices... ✅ Updated 10 positions | Gold: $4466.73
⏰ 21:35:47 - Syncing IBKR prices... ✅ Updated 10 positions | Gold: $4461.75
⏰ 21:36:48 - Syncing IBKR prices... ✅ Updated 10 positions | Gold: $4450.06
⏰ 21:37:50 - Syncing IBKR prices... ✅ Updated 10 positions | Gold: $4463.53
⏰ 21:38:52 - Syncing IBKR prices... ✅ Updated 10 positions | Gold: $4457.64
⏰ 21:39:54 - Syncing IBKR prices... ✅ Updated 10 positions | Gold: $4455.50
⏰ 21:40:55 - Syncing IBKR prices... ✅ Updated 10 positions | Gold: $4459.10
⏰ 21:41:57 - Syncing IBKR prices... ✅ Updated 10 positions | Gold: $4457.39
⏰ 21:42:59 - Syncing IBKR prices... ✅ Updated 10 positions | Gold: $4467.39
⏰ 21:44:00 - Syncing IBKR prices... ✅ Updated 10 positions | Gold: $4467.27
⏰ 21:45:02 - Syncing IBKR prices... ✅ Updated 10 positions | Gold: $4466.87
⏰ 21:46:04 - Syncing IBKR prices... ✅ Updated 10 positions | Gold: $4454.66
⏰ 21:47:05 - Syncing IBKR prices... ✅ Updated 10 positions | Gold: $4455.95
⏰ 21:48:07 - Syncing IBKR prices... ✅ Updated 10 positions | Gold: $4463.27
⏰ 21:49:09 - Syncing IBKR prices... ✅ Updated 10 positions | Gold: $4456.60
⏰ 21:50:10 - Syncing IBKR prices... ✅ Updated 10 positions | Gold: $4463.09
⏰ 21:51:12 - Syncing IBKR prices... ✅ Updated 10 positions | Gold: $4463.46
⏰ 21:52:14 - Syncing IBKR prices... ✅ Updated 10 positions | Gold: $4466.74
⏰ 21:53:15 - Syncing IBKR prices... ✅ Updated 10 positions | Gold: $4467.13
⏰ 21:54:17 - Syncing IBKR prices... ✅ Updated 10 positions | Gold: $4451.73
⏰ 21:55:18 - Syncing IBKR prices... ✅ Updated 10 positions | Gold: $4453.95
⏰ 21:56:20 - Syncing IBKR prices... ✅ Updated 10 positions | Gold: $4467.27
⏰ 21:57:22 - Syncing IBKR prices... ✅ Updated 10 positions | Gold: $4461.42
⏰ 21:58:23 - Syncing IBKR prices... ✅ Updated 10 positions | Gold: $4462.62
⏰ 21:59:25 - Syncing IBKR prices... ✅ Updated 10 positions | Gold: $4455.65
⏰ 22:00:26 - Syncing IBKR prices... ✅ Updated 10 positions | Gold: $4450.98
⏰ 22:01:28 - Syncing IBKR prices... ✅ Updated 10 positions | Gold: $4457.41
⏰ 22:02:29 - Syncing IBKR prices... ✅ Updated 10 positions | Gold: $4457.32
⏰ 22:03:31 - Syncing IBKR prices... ✅ Updated 10 positions | Gold: $4467.72
⏰ 22:04:32 - Syncing IBKR prices... ✅ Updated 10 positions | Gold: $4450.01
⏰ 22:05:34 - Syncing IBKR prices... ✅ Updated 10 positions | Gold: $4452.78
⏰ 22:06:35 - Syncing IBKR prices... ✅ Updated 10 positions | Gold: $4456.00
⏰ 22:07:37 - Syncing IBKR prices... ✅ Updated 10 positions | Gold: $4457.07
⏰ 22:08:39 - Syncing IBKR prices... ✅ Updated 10 positions | Gold: $4462.58
⏰ 22:09:40 - Syncing IBKR prices... ✅ Updated 10 positions | Gold: $4469.59
⏰ 22:10:42 - Syncing IBKR prices... ✅ Updated 10 positions | Gold: $4461.88
⏰ 22:11:43 - Syncing IBKR prices... ✅ Updated 10 positions | Gold: $4466.02
⏰ 22:12:45 - Syncing IBKR prices... ✅ Updated 10 positions | Gold: $4461.17
⏰ 22:13:47 - Syncing IBKR prices... ✅ Updated 10 positions | Gold: $4451.11
⏰ 22:14:48 - Syncing IBKR prices... ✅ Updated 10 positions | Gold: $4453.58
⏰ 22:15:50 - Syncing IBKR prices... ✅ Updated 10 positions | Gold: $4461.27
⏰ 22:16:51 - Syncing IBKR prices... ✅ Updated 10 positions | Gold: $4469.00
⏰ 22:17:53 - Syncing IBKR prices... ✅ Updated 10 positions | Gold: $4456.27
⏰ 22:18:54 - Syncing IBKR prices... ✅ Updated 10 positions | Gold: $4456.51
⏰ 22:19:56 - Syncing IBKR prices... ✅ Updated 10 positions | Gold: $4462.33
⏰ 22:20:57 - Syncing IBKR prices... ✅ Updated 10 positions | Gold: $4454.34
⏰ 22:21:59 - Syncing IBKR prices... ✅ Updated 10 positions | Gold: $4453.75
⏰ 22:23:01 - Syncing IBKR prices... ✅ Updated 10 positions | Gold: $4459.68
⏰ 22:24:02 - Syncing IBKR prices... ✅ Updated 10 positions | Gold: $4454.88
⏰ 22:25:04 - Syncing IBKR prices... ✅ Updated 10 positions | Gold: $4469.18
⏰ 22:26:05 - Syncing IBKR prices... ✅ Updated 10 positions | Gold: $4468.34
⏰ 22:27:07 - Syncing IBKR prices... ✅ Updated 10 positions | Gold: $4457.11
⏰ 22:28:08 - Syncing IBKR prices... ✅ Updated 10 positions | Gold: $4456.81
⏰ 22:29:10 - Syncing IBKR prices... ✅ Updated 10 positions | Gold: $4462.56
⏰ 22:30:12 - Syncing IBKR prices... ✅ Updated 10 positions | Gold: $4451.53
⏰ 22:31:13 - Syncing IBKR prices... ✅ Updated 10 positions | Gold: $4461.64
⏰ 22:32:15 - Syncing IBKR prices... ✅ Updated 10 positions | Gold: $4460.58
⏰ 22:33:16 - Syncing IBKR prices... ✅ Updated 10 positions | Gold: $4451.99
⏰ 22:34:18 - Syncing IBKR prices... ✅ Updated 10 positions | Gold: $4457.19
⏰ 22:35:20 - Syncing IBKR prices... ✅ Updated 10 positions | Gold: $4458.90
⏰ 22:36:21 - Syncing IBKR prices... ✅ Updated 10 positions | Gold: $4452.22
⏰ 22:37:23 - Syncing IBKR prices... ✅ Updated 10 positions | Gold: $4452.46
⏰ 22:38:24 - Syncing IBKR prices... ✅ Updated 10 positions | Gold: $4462.99
⏰ 22:39:26 - Syncing IBKR prices... ✅ Updated 10 positions | Gold: $4469.61
⏰ 22:40:28 - Syncing IBKR prices... ✅ Updated 10 positions | Gold: $4467.04
⏰ 22:41:29 - Syncing IBKR prices... ✅ Updated 10 positions | Gold: $4462.01
⏰ 22:42:31 - Syncing IBKR prices... ✅ Updated 10 positions | Gold: $4465.89
⏰ 22:43:33 - Syncing IBKR prices... ✅ Updated 10 positions | Gold: $4467.45
⏰ 22:44:34 - Syncing IBKR prices... ✅ Updated 10 positions | Gold: $4468.05
⏰ 22:45:36 - Syncing IBKR prices... ✅ Updated 10 positions | Gold: $4451.31
⏰ 22:46:38 - Syncing IBKR prices... ✅ Updated 10 positions | Gold: $4465.33
⏰ 22:47:39 - Syncing IBKR prices... ✅ Updated 10 positions | Gold: $4465.50
⏰ 22:48:41 - Syncing IBKR prices... ✅ Updated 10 positions | Gold: $4466.66
⏰ 22:49:43 - Syncing IBKR prices... ✅ Updated 10 positions | Gold: $4452.16
⏰ 22:50:44 - Syncing IBKR prices... ✅ Updated 10 positions | Gold: $4456.49
⏰ 22:51:46 - Syncing IBKR prices... ✅ Updated 10 positions | Gold: $4455.59
⏰ 22:52:47 - Syncing IBKR prices... ✅ Updated 10 positions | Gold: $4453.74
⏰ 22:53:49 - Syncing IBKR prices... ✅ Updated 10 positions | Gold: $4462.40
⏰ 22:54:50 - Syncing IBKR prices... ✅ Updated 10 positions | Gold: $4454.02
⏰ 22:55:52 - Syncing IBKR prices... ✅ Updated 10 positions | Gold: $4455.24
⏰ 22:56:53 - Syncing IBKR prices... ✅ Updated 10 positions | Gold: $4468.30
⏰ 22:57:55 - Syncing IBKR prices... ✅ Updated 10 positions | Gold: $4454.09
⏰ 22:58:57 - Syncing IBKR prices... ✅ Updated 10 positions | Gold: $4452.69
⏰ 22:59:58 - Syncing IBKR prices... ✅ Updated 10 positions | Gold: $4464.75
⏰ 23:01:00 - Syncing IBKR prices... ✅ Updated 10 positions | Gold: $4463.28
⏰ 23:02:01 - Syncing IBKR prices... ✅ Updated 10 positions | Gold: $4469.71
⏰ 23:03:03 - Syncing IBKR prices... ✅ Updated 10 positions | Gold: $4451.80
⏰ 23:04:04 - Syncing IBKR prices... ✅ Updated 10 positions | Gold: $4468.95
⏰ 23:05:06 - Syncing IBKR prices... ✅ Updated 10 positions | Gold: $4462.02
⏰ 23:06:08 - Syncing IBKR prices... ✅ Updated 10 positions | Gold: $4452.61
⏰ 23:07:09 - Syncing IBKR prices... ✅ Updated 10 positions | Gold: $4463.06
⏰ 23:08:11 - Syncing IBKR prices... ✅ Updated 10 positions | Gold: $4465.10
⏰ 23:09:12 - Syncing IBKR prices... ✅ Updated 10 positions | Gold: $4462.16
⏰ 23:10:14 - Syncing IBKR prices... ✅ Updated 10 positions | Gold: $4457.10
⏰ 23:11:16 - Syncing IBKR prices... ✅ Updated 10 positions | Gold: $4468.16
⏰ 23:12:17 - Syncing IBKR prices... ✅ Updated 10 positions | Gold: $4464.27
⏰ 23:13:18 - Syncing IBKR prices... ✅ Updated 10 positions | Gold: $4457.59
⏰ 23:14:20 - Syncing IBKR prices... ✅ Updated 10 positions | Gold: $4467.72
⏰ 23:15:23 - Syncing IBKR prices... ✅ Updated 10 positions | Gold: $4467.65
⏰ 23:16:24 - Syncing IBKR prices... ✅ Updated 10 positions | Gold: $4456.55
⏰ 23:17:25 - Syncing IBKR prices... ✅ Updated 10 positions | Gold: $4452.96
⏰ 23:18:27 - Syncing IBKR prices... ✅ Updated 10 positions | Gold: $4454.89
⏰ 23:19:28 - Syncing IBKR prices... ✅ Updated 10 positions | Gold: $4454.97
⏰ 23:20:29 - Syncing IBKR prices... ✅ Updated 10 positions | Gold: $4453.84
⏰ 23:21:31 - Syncing IBKR prices... ✅ Updated 10 positions | Gold: $4461.89
⏰ 23:22:32 - Syncing IBKR prices... ✅ Updated 10 positions | Gold: $4450.07
⏰ 23:23:33 - Syncing IBKR prices... ✅ Updated 10 positions | Gold: $4469.83
⏰ 23:24:35 - Syncing IBKR prices... ✅ Updated 10 positions | Gold: $4463.94
⏰ 23:25:36 - Syncing IBKR prices... ✅ Updated 10 positions | Gold: $4456.74
⏰ 23:26:37 - Syncing IBKR prices... ✅ Updated 10 positions | Gold: $4453.03
⏰ 23:27:39 - Syncing IBKR prices... ✅ Updated 10 positions | Gold: $4452.95
⏰ 23:28:40 - Syncing IBKR prices... ✅ Updated 10 positions | Gold: $4466.69
⏰ 23:29:41 - Syncing IBKR prices... ✅ Updated 10 positions | Gold: $4469.09
⏰ 23:30:43 - Syncing IBKR prices... ✅ Updated 10 positions | Gold: $4467.79
⏰ 23:31:44 - Syncing IBKR prices... ✅ Updated 10 positions | Gold: $4456.13
⏰ 23:32:45 - Syncing IBKR prices... ✅ Updated 10 positions | Gold: $4465.08
⏰ 23:33:47 - Syncing IBKR prices... ✅ Updated 10 positions | Gold: $4466.68
⏰ 23:34:48 - Syncing IBKR prices... ✅ Updated 10 positions | Gold: $4464.82
⏰ 23:35:50 - Syncing IBKR prices... ✅ Updated 10 positions | Gold: $4460.15
⏰ 23:36:51 - Syncing IBKR prices... ✅ Updated 10 positions | Gold: $4467.69
⏰ 23:37:52 - Syncing IBKR prices... ✅ Updated 10 positions | Gold: $4456.44
⏰ 23:38:54 - Syncing IBKR prices... ✅ Updated 10 positions | Gold: $4452.59
⏰ 23:39:55 - Syncing IBKR prices... ✅ Updated 10 positions | Gold: $4453.29
⏰ 23:40:57 - Syncing IBKR prices... ✅ Updated 10 positions | Gold: $4466.82
⏰ 23:41:58 - Syncing IBKR prices... ✅ Updated 10 positions | Gold: $4469.45
⏰ 23:42:59 - Syncing IBKR prices... ✅ Updated 10 positions | Gold: $4469.21
⏰ 23:44:01 - Syncing IBKR prices... ✅ Updated 10 positions | Gold: $4464.89
⏰ 23:45:02 - Syncing IBKR prices... ✅ Updated 10 positions | Gold: $4452.58
⏰ 23:46:04 - Syncing IBKR prices... ✅ Updated 10 positions | Gold: $4465.20
⏰ 23:47:05 - Syncing IBKR prices... ✅ Updated 10 positions | Gold: $4465.35
⏰ 23:48:06 - Syncing IBKR prices... ✅ Updated 10 positions | Gold: $4450.68
⏰ 23:49:07 - Syncing IBKR prices... ✅ Updated 10 positions | Gold: $4462.69
⏰ 23:50:09 - Syncing IBKR prices... ✅ Updated 10 positions | Gold: $4453.98
⏰ 23:51:10 - Syncing IBKR prices... ✅ Updated 10 positions | Gold: $4468.89
⏰ 23:52:11 - Syncing IBKR prices... ✅ Updated 10 positions | Gold: $4461.09
⏰ 23:53:13 - Syncing IBKR prices... ✅ Updated 10 positions | Gold: $4465.15
⏰ 23:54:14 - Syncing IBKR prices... ✅ Updated 10 positions | Gold: $4454.47
⏰ 23:55:15 - Syncing IBKR prices... ✅ Updated 10 positions | Gold: $4462.47
⏰ 23:56:16 - Syncing IBKR prices... ✅ Updated 10 positions | Gold: $4463.19
⏰ 23:57:18 - Syncing IBKR prices... ✅ Updated 10 positions | Gold: $4456.04
⏰ 23:58:19 - Syncing IBKR prices... ✅ Updated 10 positions | Gold: $4451.54
⏰ 23:59:21 - Syncing IBKR prices... ✅ Updated 10 positions | Gold: $4464.53
⏰ 00:00:22 - Syncing IBKR prices... ✅ Updated 10 positions | Gold: $4463.21
⏰ 00:01:23 - Syncing IBKR prices... ✅ Updated 10 positions | Gold: $4454.35
⏰ 00:02:25 - Syncing IBKR prices... ✅ Updated 10 positions | Gold: $4453.68
⏰ 00:03:26 - Syncing IBKR prices... ✅ Updated 10 positions | Gold: $4458.60
⏰ 00:04:27 - Syncing IBKR prices... ✅ Updated 10 positions | Gold: $4460.17
⏰ 00:05:28 - Syncing IBKR prices... ✅ Updated 10 positions | Gold: $4461.50
⏰ 00:06:30 - Syncing IBKR prices... ✅ Updated 10 positions | Gold: $4461.85
⏰ 00:07:31 - Syncing IBKR prices... ✅ Updated 10 positions | Gold: $4462.76
⏰ 00:08:32 - Syncing IBKR prices... ✅ Updated 10 positions | Gold: $4459.94
⏰ 00:09:33 - Syncing IBKR prices... ✅ Updated 10 positions | Gold: $4457.42
⏰ 00:10:35 - Syncing IBKR prices... ✅ Updated 10 positions | Gold: $4467.07
⏰ 00:11:36 - Syncing IBKR prices... ✅ Updated 10 positions | Gold: $4463.30
⏰ 00:12:37 - Syncing IBKR prices... ✅ Updated 10 positions | Gold: $4455.07
⏰ 00:13:38 - Syncing IBKR prices... ✅ Updated 10 positions | Gold: $4465.72
⏰ 00:14:40 - Syncing IBKR prices... ✅ Updated 10 positions | Gold: $4463.28
⏰ 00:15:41 - Syncing IBKR prices... ✅ Updated 10 positions | Gold: $4462.16
⏰ 00:16:42 - Syncing IBKR prices... ✅ Updated 10 positions | Gold: $4457.84
⏰ 00:17:43 - Syncing IBKR prices... ✅ Updated 10 positions | Gold: $4461.83
⏰ 00:18:45 - Syncing IBKR prices... ✅ Updated 10 positions | Gold: $4464.28
⏰ 00:19:46 - Syncing IBKR prices... ✅ Updated 10 positions | Gold: $4465.15
⏰ 00:20:47 - Syncing IBKR prices... ✅ Updated 10 positions | Gold: $4463.07
⏰ 00:21:48 - Syncing IBKR prices... ✅ Updated 10 positions | Gold: $4462.86
⏰ 00:22:50 - Syncing IBKR prices... ✅ Updated 10 positions | Gold: $4465.26
⏰ 00:23:51 - Syncing IBKR prices... ✅ Updated 10 positions | Gold: $4460.24
⏰ 00:24:52 - Syncing IBKR prices... ✅ Updated 10 positions | Gold: $4460.14
⏰ 00:25:54 - Syncing IBKR prices... ✅ Updated 10 positions | Gold: $4468.35
⏰ 00:26:55 - Syncing IBKR prices... ✅ Updated 10 positions | Gold: $4468.21
⏰ 00:27:56 - Syncing IBKR prices... ✅ Updated 10 positions | Gold: $4450.90
⏰ 00:28:57 - Syncing IBKR prices... ✅ Updated 10 positions | Gold: $4454.07
⏰ 00:29:59 - Syncing IBKR prices... ✅ Updated 10 positions | Gold: $4452.61
⏰ 00:31:00 - Syncing IBKR prices... ✅ Updated 10 positions | Gold: $4455.72
⏰ 00:32:02 - Syncing IBKR prices... ✅ Updated 10 positions | Gold: $4458.75
⏰ 00:33:03 - Syncing IBKR prices... ✅ Updated 10 positions | Gold: $4462.20
⏰ 00:34:05 - Syncing IBKR prices... ✅ Updated 10 positions | Gold: $4469.73
⏰ 00:35:06 - Syncing IBKR prices... ✅ Updated 10 positions | Gold: $4455.49
⏰ 00:36:07 - Syncing IBKR prices... ✅ Updated 10 positions | Gold: $4460.39
⏰ 00:37:09 - Syncing IBKR prices... ✅ Updated 10 positions | Gold: $4456.47
⏰ 00:38:10 - Syncing IBKR prices... ✅ Updated 10 positions | Gold: $4468.45
⏰ 00:39:12 - Syncing IBKR prices... ✅ Updated 10 positions | Gold: $4464.49
⏰ 00:40:13 - Syncing IBKR prices... ✅ Updated 10 positions | Gold: $4453.91
⏰ 00:41:15 - Syncing IBKR prices... ✅ Updated 10 positions | Gold: $4465.37
⏰ 00:42:17 - Syncing IBKR prices... ✅ Updated 10 positions | Gold: $4454.05
⏰ 00:43:18 - Syncing IBKR prices... ✅ Updated 10 positions | Gold: $4453.41
⏰ 00:44:20 - Syncing IBKR prices... ✅ Updated 10 positions | Gold: $4457.90
⏰ 00:45:21 - Syncing IBKR prices... ✅ Updated 10 positions | Gold: $4452.69
⏰ 00:46:23 - Syncing IBKR prices... ✅ Updated 10 positions | Gold: $4452.77
⏰ 00:47:24 - Syncing IBKR prices... ✅ Updated 10 positions | Gold: $4463.18
⏰ 00:48:26 - Syncing IBKR prices... ✅ Updated 10 positions | Gold: $4462.82
⏰ 00:49:28 - Syncing IBKR prices... ✅ Updated 10 positions | Gold: $4454.43
⏰ 00:50:29 - Syncing IBKR prices... ✅ Updated 10 positions | Gold: $4469.84
⏰ 00:51:31 - Syncing IBKR prices... ✅ Updated 10 positions | Gold: $4459.62
⏰ 00:52:32 - Syncing IBKR prices... ✅ Updated 10 positions | Gold: $4452.49
⏰ 00:53:34 - Syncing IBKR prices... ✅ Updated 10 positions | Gold: $4455.14
⏰ 00:54:36 - Syncing IBKR prices... ✅ Updated 10 positions | Gold: $4462.51
⏰ 00:55:37 - Syncing IBKR prices... ✅ Updated 10 positions | Gold: $4451.15
⏰ 00:56:39 - Syncing IBKR prices... ✅ Updated 10 positions | Gold: $4467.05
⏰ 00:57:40 - Syncing IBKR prices... ✅ Updated 10 positions | Gold: $4452.90
⏰ 00:58:42 - Syncing IBKR prices... ✅ Updated 10 positions | Gold: $4458.60
⏰ 00:59:43 - Syncing IBKR prices... ✅ Updated 10 positions | Gold: $4452.18
⏰ 01:00:45 - Syncing IBKR prices... ✅ Updated 10 positions | Gold: $4452.82
⏰ 01:01:46 - Syncing IBKR prices... ✅ Updated 10 positions | Gold: $4456.65
⏰ 01:02:48 - Syncing IBKR prices... ✅ Updated 10 positions | Gold: $4454.86
⏰ 01:03:50 - Syncing IBKR prices... ✅ Updated 10 positions | Gold: $4465.61
⏰ 01:04:51 - Syncing IBKR prices... ✅ Updated 10 positions | Gold: $4455.75
⏰ 01:05:53 - Syncing IBKR prices... ✅ Updated 10 positions | Gold: $4456.06
⏰ 01:06:54 - Syncing IBKR prices... ✅ Updated 10 positions | Gold: $4465.85
⏰ 01:07:56 - Syncing IBKR prices... ✅ Updated 10 positions | Gold: $4462.08
⏰ 01:08:57 - Syncing IBKR prices... ✅ Updated 10 positions | Gold: $4459.93
⏰ 01:09:59 - Syncing IBKR prices... ✅ Updated 10 positions | Gold: $4450.47
⏰ 01:11:00 - Syncing IBKR prices... ✅ Updated 10 positions | Gold: $4461.40
⏰ 01:12:02 - Syncing IBKR prices... ✅ Updated 10 positions | Gold: $4451.71
⏰ 01:13:04 - Syncing IBKR prices... ✅ Updated 10 positions | Gold: $4464.97
⏰ 01:14:05 - Syncing IBKR prices... ✅ Updated 10 positions | Gold: $4467.43
⏰ 01:15:07 - Syncing IBKR prices... ✅ Updated 10 positions | Gold: $4457.14
⏰ 01:16:08 - Syncing IBKR prices... ✅ Updated 10 positions | Gold: $4455.12
⏰ 01:17:10 - Syncing IBKR prices... ✅ Updated 10 positions | Gold: $4460.00
⏰ 01:18:11 - Syncing IBKR prices... ✅ Updated 10 positions | Gold: $4461.25
⏰ 01:19:13 - Syncing IBKR prices... ✅ Updated 10 positions | Gold: $4466.03
⏰ 01:20:14 - Syncing IBKR prices... ✅ Updated 10 positions | Gold: $4455.70
⏰ 01:21:16 - Syncing IBKR prices... ✅ Updated 10 positions | Gold: $4464.53
⏰ 01:22:18 - Syncing IBKR prices... ✅ Updated 10 positions | Gold: $4465.45
⏰ 01:23:19 - Syncing IBKR prices... ✅ Updated 10 positions | Gold: $4468.23
⏰ 01:24:21 - Syncing IBKR prices... ✅ Updated 10 positions | Gold: $4458.35
⏰ 01:25:22 - Syncing IBKR prices... ✅ Updated 10 positions | Gold: $4465.65
⏰ 01:26:24 - Syncing IBKR prices... ✅ Updated 10 positions | Gold: $4465.39
⏰ 01:27:25 - Syncing IBKR prices... ✅ Updated 10 positions | Gold: $4461.78
⏰ 01:28:27 - Syncing IBKR prices... ✅ Updated 10 positions | Gold: $4452.90
⏰ 01:29:28 - Syncing IBKR prices... ✅ Updated 10 positions | Gold: $4452.39
⏰ 01:30:30 - Syncing IBKR prices... ✅ Updated 10 positions | Gold: $4462.83
⏰ 01:31:31 - Syncing IBKR prices... ✅ Updated 10 positions | Gold: $4461.86
⏰ 01:32:33 - Syncing IBKR prices... ✅ Updated 10 positions | Gold: $4450.48
⏰ 01:33:34 - Syncing IBKR prices... ✅ Updated 10 positions | Gold: $4454.69
⏰ 01:34:36 - Syncing IBKR prices... ✅ Updated 10 positions | Gold: $4466.82
⏰ 01:35:38 - Syncing IBKR prices... ✅ Updated 10 positions | Gold: $4459.01
⏰ 01:36:39 - Syncing IBKR prices... ✅ Updated 10 positions | Gold: $4465.78
⏰ 01:37:41 - Syncing IBKR prices... ✅ Updated 10 positions | Gold: $4466.58
⏰ 01:38:43 - Syncing IBKR prices... ✅ Updated 10 positions | Gold: $4465.75
⏰ 01:39:44 - Syncing IBKR prices... ✅ Updated 10 positions | Gold: $4457.18
⏰ 01:40:46 - Syncing IBKR prices... ✅ Updated 10 positions | Gold: $4460.32
⏰ 01:41:47 - Syncing IBKR prices... ✅ Updated 10 positions | Gold: $4469.69
⏰ 01:42:49 - Syncing IBKR prices... ✅ Updated 10 positions | Gold: $4455.74
⏰ 01:43:50 - Syncing IBKR prices... ✅ Updated 10 positions | Gold: $4455.63
⏰ 01:44:52 - Syncing IBKR prices... ✅ Updated 10 positions | Gold: $4462.72
⏰ 01:45:54 - Syncing IBKR prices... ✅ Updated 10 positions | Gold: $4454.23
⏰ 01:46:55 - Syncing IBKR prices... ✅ Updated 10 positions | Gold: $4469.90
⏰ 01:47:57 - Syncing IBKR prices... ✅ Updated 10 positions | Gold: $4457.85
⏰ 01:48:58 - Syncing IBKR prices... ✅ Updated 10 positions | Gold: $4468.51
⏰ 01:50:00 - Syncing IBKR prices... ✅ Updated 10 positions | Gold: $4464.97
⏰ 01:51:01 - Syncing IBKR prices... ✅ Updated 10 positions | Gold: $4457.70
⏰ 01:52:02 - Syncing IBKR prices... ✅ Updated 10 positions | Gold: $4451.13
⏰ 01:53:04 - Syncing IBKR prices... ✅ Updated 10 positions | Gold: $4456.36
⏰ 01:54:06 - Syncing IBKR prices... ✅ Updated 10 positions | Gold: $4451.12
⏰ 01:55:07 - Syncing IBKR prices... ✅ Updated 10 positions | Gold: $4454.66
⏰ 01:56:09 - Syncing IBKR prices... ✅ Updated 10 positions | Gold: $4467.03
⏰ 01:57:10 - Syncing IBKR prices... ✅ Updated 10 positions | Gold: $4466.74
⏰ 01:58:12 - Syncing IBKR prices... ✅ Updated 10 positions | Gold: $4462.16
⏰ 01:59:13 - Syncing IBKR prices... ✅ Updated 10 positions | Gold: $4462.98
⏰ 02:00:15 - Syncing IBKR prices... ✅ Updated 10 positions | Gold: $4452.18
⏰ 02:01:16 - Syncing IBKR prices... ✅ Updated 10 positions | Gold: $4457.52
⏰ 02:02:18 - Syncing IBKR prices... ✅ Updated 10 positions | Gold: $4456.89
⏰ 02:03:19 - Syncing IBKR prices... ✅ Updated 10 positions | Gold: $4455.72
⏰ 02:04:21 - Syncing IBKR prices... ✅ Updated 10 positions | Gold: $4459.08
⏰ 02:05:22 - Syncing IBKR prices... ✅ Updated 10 positions | Gold: $4453.79
⏰ 02:06:24 - Syncing IBKR prices... ✅ Updated 10 positions | Gold: $4452.70
⏰ 02:07:26 - Syncing IBKR prices... ✅ Updated 10 positions | Gold: $4457.49
⏰ 02:08:27 - Syncing IBKR prices... ✅ Updated 10 positions | Gold: $4467.87
⏰ 02:09:29 - Syncing IBKR prices... ✅ Updated 10 positions | Gold: $4460.20
⏰ 02:10:30 - Syncing IBKR prices... ✅ Updated 10 positions | Gold: $4454.50
⏰ 02:11:32 - Syncing IBKR prices... ✅ Updated 10 positions | Gold: $4458.66
⏰ 02:12:33 - Syncing IBKR prices... ✅ Updated 10 positions | Gold: $4454.99
⏰ 02:13:35 - Syncing IBKR prices... ✅ Updated 10 positions | Gold: $4469.55
⏰ 02:14:37 - Syncing IBKR prices... ✅ Updated 10 positions | Gold: $4467.93
⏰ 02:15:38 - Syncing IBKR prices... ✅ Updated 10 positions | Gold: $4465.77
⏰ 02:16:40 - Syncing IBKR prices... ✅ Updated 10 positions | Gold: $4469.09
⏰ 02:17:41 - Syncing IBKR prices... ✅ Updated 10 positions | Gold: $4469.09
⏰ 02:18:43 - Syncing IBKR prices... ✅ Updated 10 positions | Gold: $4459.44
⏰ 02:19:44 - Syncing IBKR prices... ✅ Updated 10 positions | Gold: $4466.02
⏰ 02:20:46 - Syncing IBKR prices... ✅ Updated 10 positions | Gold: $4463.91
⏰ 02:21:47 - Syncing IBKR prices... ✅ Updated 10 positions | Gold: $4468.14
⏰ 02:22:49 - Syncing IBKR prices... ✅ Updated 10 positions | Gold: $4462.45
⏰ 02:23:50 - Syncing IBKR prices... ✅ Updated 10 positions | Gold: $4450.09
⏰ 02:24:52 - Syncing IBKR prices... ✅ Updated 10 positions | Gold: $4464.16
⏰ 02:25:53 - Syncing IBKR prices... ✅ Updated 10 positions | Gold: $4468.18
⏰ 02:26:55 - Syncing IBKR prices... ✅ Updated 10 positions | Gold: $4453.84
⏰ 02:27:57 - Syncing IBKR prices... ✅ Updated 10 positions | Gold: $4459.72
⏰ 02:28:58 - Syncing IBKR prices... ✅ Updated 10 positions | Gold: $4455.71
⏰ 02:30:00 - Syncing IBKR prices... ✅ Updated 10 positions | Gold: $4468.49
⏰ 02:31:01 - Syncing IBKR prices... ✅ Updated 10 positions | Gold: $4466.10
⏰ 02:32:03 - Syncing IBKR prices... ✅ Updated 10 positions | Gold: $4460.35
⏰ 02:33:05 - Syncing IBKR prices... ✅ Updated 10 positions | Gold: $4458.67
⏰ 02:34:06 - Syncing IBKR prices... ✅ Updated 10 positions | Gold: $4468.79
⏰ 02:35:08 - Syncing IBKR prices... ✅ Updated 10 positions | Gold: $4460.99
⏰ 02:36:09 - Syncing IBKR prices... ✅ Updated 10 positions | Gold: $4469.76
⏰ 02:37:11 - Syncing IBKR prices... ✅ Updated 10 positions | Gold: $4463.66
⏰ 02:38:12 - Syncing IBKR prices... ✅ Updated 10 positions | Gold: $4461.19
⏰ 02:39:14 - Syncing IBKR prices... ✅ Updated 10 positions | Gold: $4454.84
⏰ 02:40:15 - Syncing IBKR prices... ✅ Updated 10 positions | Gold: $4456.47
⏰ 02:41:17 - Syncing IBKR prices... ✅ Updated 10 positions | Gold: $4450.19
⏰ 02:42:18 - Syncing IBKR prices... ✅ Updated 10 positions | Gold: $4453.70
⏰ 02:43:20 - Syncing IBKR prices... ✅ Updated 10 positions | Gold: $4466.90
⏰ 02:44:21 - Syncing IBKR prices... ✅ Updated 10 positions | Gold: $4467.48
⏰ 02:45:23 - Syncing IBKR prices... ✅ Updated 10 positions | Gold: $4463.12
⏰ 02:46:24 - Syncing IBKR prices... ✅ Updated 10 positions | Gold: $4452.27
⏰ 02:47:26 - Syncing IBKR prices... ✅ Updated 10 positions | Gold: $4464.67
⏰ 02:48:27 - Syncing IBKR prices... ✅ Updated 10 positions | Gold: $4454.90
⏰ 02:49:29 - Syncing IBKR prices... ✅ Updated 10 positions | Gold: $4469.15
⏰ 02:50:30 - Syncing IBKR prices... ✅ Updated 10 positions | Gold: $4455.19
⏰ 02:51:32 - Syncing IBKR prices... ✅ Updated 10 positions | Gold: $4464.12
⏰ 02:52:33 - Syncing IBKR prices... ✅ Updated 10 positions | Gold: $4452.15
⏰ 02:53:36 - Syncing IBKR prices... ✅ Updated 10 positions | Gold: $4454.73
⏰ 02:54:38 - Syncing IBKR prices... ✅ Updated 10 positions | Gold: $4456.82
⏰ 02:55:39 - Syncing IBKR prices... ✅ Updated 10 positions | Gold: $4450.39
⏰ 02:56:41 - Syncing IBKR prices... ✅ Updated 10 positions | Gold: $4450.28
⏰ 02:57:42 - Syncing IBKR prices... ✅ Updated 10 positions | Gold: $4462.30
⏰ 02:58:44 - Syncing IBKR prices... ✅ Updated 10 positions | Gold: $4452.14
⏰ 02:59:45 - Syncing IBKR prices... ✅ Updated 10 positions | Gold: $4455.85
⏰ 03:00:47 - Syncing IBKR prices... ✅ Updated 10 positions | Gold: $4465.71
⏰ 03:01:48 - Syncing IBKR prices... ✅ Updated 10 positions | Gold: $4468.95
⏰ 03:02:50 - Syncing IBKR prices... ✅ Updated 10 positions | Gold: $4451.47
⏰ 03:03:51 - Syncing IBKR prices... ✅ Updated 10 positions | Gold: $4461.79
⏰ 03:04:54 - Syncing IBKR prices... ✅ Updated 10 positions | Gold: $4458.32
⏰ 03:05:55 - Syncing IBKR prices... ✅ Updated 10 positions | Gold: $4466.25
⏰ 03:06:57 - Syncing IBKR prices... ✅ Updated 10 positions | Gold: $4463.78
⏰ 03:07:58 - Syncing IBKR prices... ✅ Updated 10 positions | Gold: $4464.13
⏰ 03:09:00 - Syncing IBKR prices... ✅ Updated 10 positions | Gold: $4450.13
⏰ 03:10:01 - Syncing IBKR prices... ✅ Updated 10 positions | Gold: $4450.92
⏰ 03:11:03 - Syncing IBKR prices... ✅ Updated 10 positions | Gold: $4464.53
⏰ 03:12:04 - Syncing IBKR prices... ✅ Updated 10 positions | Gold: $4462.96
⏰ 03:13:06 - Syncing IBKR prices... ✅ Updated 10 positions | Gold: $4468.70
⏰ 03:14:08 - Syncing IBKR prices... ✅ Updated 10 positions | Gold: $4453.94
⏰ 03:15:09 - Syncing IBKR prices... ✅ Updated 10 positions | Gold: $4458.53
⏰ 03:16:11 - Syncing IBKR prices... ✅ Updated 10 positions | Gold: $4458.61
⏰ 03:17:12 - Syncing IBKR prices... ✅ Updated 10 positions | Gold: $4454.87
⏰ 03:18:14 - Syncing IBKR prices... ✅ Updated 10 positions | Gold: $4469.79
⏰ 03:19:15 - Syncing IBKR prices... ✅ Updated 10 positions | Gold: $4453.67
⏰ 03:20:17 - Syncing IBKR prices... ✅ Updated 10 positions | Gold: $4464.94
⏰ 03:21:18 - Syncing IBKR prices... ✅ Updated 10 positions | Gold: $4459.80
⏰ 03:22:20 - Syncing IBKR prices... ✅ Updated 10 positions | Gold: $4458.09
⏰ 03:23:22 - Syncing IBKR prices... ✅ Updated 10 positions | Gold: $4465.26
⏰ 03:24:24 - Syncing IBKR prices... ✅ Updated 10 positions | Gold: $4465.81
⏰ 03:25:25 - Syncing IBKR prices... ✅ Updated 10 positions | Gold: $4458.34
⏰ 03:26:27 - Syncing IBKR prices... ✅ Updated 10 positions | Gold: $4457.46
⏰ 03:27:29 - Syncing IBKR prices... ✅ Updated 10 positions | Gold: $4467.23
⏰ 03:28:31 - Syncing IBKR prices... ✅ Updated 10 positions | Gold: $4457.89
⏰ 03:29:32 - Syncing IBKR prices... ✅ Updated 10 positions | Gold: $4456.77
⏰ 03:30:34 - Syncing IBKR prices... ✅ Updated 10 positions | Gold: $4466.40
⏰ 03:31:36 - Syncing IBKR prices... ✅ Updated 10 positions | Gold: $4452.34
⏰ 03:32:37 - Syncing IBKR prices... ✅ Updated 10 positions | Gold: $4467.41
⏰ 03:33:39 - Syncing IBKR prices... ✅ Updated 10 positions | Gold: $4465.04
⏰ 03:34:40 - Syncing IBKR prices... ✅ Updated 10 positions | Gold: $4467.30
⏰ 03:35:42 - Syncing IBKR prices... ✅ Updated 10 positions | Gold: $4455.90
⏰ 03:36:44 - Syncing IBKR prices... ✅ Updated 10 positions | Gold: $4452.96
⏰ 03:37:45 - Syncing IBKR prices... ✅ Updated 10 positions | Gold: $4467.54
⏰ 03:38:47 - Syncing IBKR prices... ✅ Updated 10 positions | Gold: $4466.17
⏰ 03:39:49 - Syncing IBKR prices... ✅ Updated 10 positions | Gold: $4460.67
⏰ 03:40:50 - Syncing IBKR prices... ✅ Updated 10 positions | Gold: $4459.32
⏰ 03:41:52 - Syncing IBKR prices... ✅ Updated 10 positions | Gold: $4452.86
⏰ 03:42:54 - Syncing IBKR prices... ✅ Updated 10 positions | Gold: $4469.88
⏰ 03:43:55 - Syncing IBKR prices... ✅ Updated 10 positions | Gold: $4450.91
⏰ 03:44:57 - Syncing IBKR prices... ✅ Updated 10 positions | Gold: $4466.65
⏰ 03:45:58 - Syncing IBKR prices... ✅ Updated 10 positions | Gold: $4459.56
⏰ 03:47:00 - Syncing IBKR prices... ✅ Updated 10 positions | Gold: $4468.32
⏰ 03:48:01 - Syncing IBKR prices... ✅ Updated 10 positions | Gold: $4455.36
⏰ 03:49:03 - Syncing IBKR prices... ✅ Updated 10 positions | Gold: $4459.13
⏰ 03:50:05 - Syncing IBKR prices... ✅ Updated 10 positions | Gold: $4467.49
⏰ 03:51:06 - Syncing IBKR prices... ✅ Updated 10 positions | Gold: $4450.61
⏰ 03:52:08 - Syncing IBKR prices... ✅ Updated 10 positions | Gold: $4466.24
⏰ 03:53:09 - Syncing IBKR prices... ✅ Updated 10 positions | Gold: $4468.56
⏰ 03:54:11 - Syncing IBKR prices... ✅ Updated 10 positions | Gold: $4462.55
⏰ 03:55:13 - Syncing IBKR prices... ✅ Updated 10 positions | Gold: $4462.29
⏰ 03:56:14 - Syncing IBKR prices... ✅ Updated 10 positions | Gold: $4456.29
⏰ 03:57:16 - Syncing IBKR prices... ✅ Updated 10 positions | Gold: $4456.27
⏰ 03:58:17 - Syncing IBKR prices... ✅ Updated 10 positions | Gold: $4451.96
⏰ 03:59:19 - Syncing IBKR prices... ✅ Updated 10 positions | Gold: $4455.31
⏰ 04:00:21 - Syncing IBKR prices... ✅ Updated 10 positions | Gold: $4460.72
⏰ 04:01:22 - Syncing IBKR prices... ✅ Updated 10 positions | Gold: $4451.67
⏰ 04:02:24 - Syncing IBKR prices... ✅ Updated 10 positions | Gold: $4463.40
⏰ 04:03:25 - Syncing IBKR prices... ✅ Updated 10 positions | Gold: $4460.26
⏰ 04:04:27 - Syncing IBKR prices... ✅ Updated 10 positions | Gold: $4465.26
⏰ 04:05:29 - Syncing IBKR prices... ✅ Updated 10 positions | Gold: $4467.91
⏰ 04:06:30 - Syncing IBKR prices... ✅ Updated 10 positions | Gold: $4458.74
⏰ 04:07:32 - Syncing IBKR prices... ✅ Updated 10 positions | Gold: $4451.30
⏰ 04:08:34 - Syncing IBKR prices... ✅ Updated 10 positions | Gold: $4457.02
⏰ 04:09:35 - Syncing IBKR prices... ✅ Updated 10 positions | Gold: $4455.19
⏰ 04:10:37 - Syncing IBKR prices... ✅ Updated 10 positions | Gold: $4469.13
⏰ 04:11:39 - Syncing IBKR prices... ✅ Updated 10 positions | Gold: $4453.75
⏰ 04:12:40 - Syncing IBKR prices... ✅ Updated 10 positions | Gold: $4456.48
⏰ 04:13:42 - Syncing IBKR prices... ✅ Updated 10 positions | Gold: $4466.72
⏰ 04:14:44 - Syncing IBKR prices... ✅ Updated 10 positions | Gold: $4459.49
⏰ 04:15:45 - Syncing IBKR prices... ✅ Updated 10 positions | Gold: $4464.94
⏰ 04:16:47 - Syncing IBKR prices... ✅ Updated 10 positions | Gold: $4458.68
⏰ 04:17:49 - Syncing IBKR prices... ✅ Updated 10 positions | Gold: $4463.21
⏰ 04:18:50 - Syncing IBKR prices... ✅ Updated 10 positions | Gold: $4450.11
⏰ 04:19:52 - Syncing IBKR prices... ✅ Updated 10 positions | Gold: $4460.79
⏰ 04:20:53 - Syncing IBKR prices... ✅ Updated 10 positions | Gold: $4457.58
⏰ 04:21:55 - Syncing IBKR prices... ✅ Updated 10 positions | Gold: $4453.59
⏰ 04:22:57 - Syncing IBKR prices... ✅ Updated 10 positions | Gold: $4456.26
⏰ 04:23:58 - Syncing IBKR prices... ✅ Updated 10 positions | Gold: $4453.57
⏰ 04:25:00 - Syncing IBKR prices... ✅ Updated 10 positions | Gold: $4455.58
⏰ 04:26:02 - Syncing IBKR prices... ✅ Updated 10 positions | Gold: $4467.48
⏰ 04:27:03 - Syncing IBKR prices... ✅ Updated 10 positions | Gold: $4457.03
⏰ 04:28:05 - Syncing IBKR prices... ✅ Updated 10 positions | Gold: $4457.67
⏰ 04:29:06 - Syncing IBKR prices... ✅ Updated 10 positions | Gold: $4468.17
⏰ 04:30:08 - Syncing IBKR prices... ✅ Updated 10 positions | Gold: $4459.90
⏰ 04:31:10 - Syncing IBKR prices... ✅ Updated 10 positions | Gold: $4455.45
⏰ 04:32:11 - Syncing IBKR prices... ✅ Updated 10 positions | Gold: $4455.75
⏰ 04:33:13 - Syncing IBKR prices... ✅ Updated 10 positions | Gold: $4459.16
⏰ 04:34:15 - Syncing IBKR prices... ✅ Updated 10 positions | Gold: $4461.83
⏰ 04:35:16 - Syncing IBKR prices... ✅ Updated 10 positions | Gold: $4451.53
⏰ 04:36:18 - Syncing IBKR prices... ✅ Updated 10 positions | Gold: $4469.19
⏰ 04:37:19 - Syncing IBKR prices... ✅ Updated 10 positions | Gold: $4462.77
⏰ 04:38:20 - Syncing IBKR prices... ✅ Updated 10 positions | Gold: $4468.25
⏰ 04:39:22 - Syncing IBKR prices... ✅ Updated 10 positions | Gold: $4457.47
⏰ 04:40:24 - Syncing IBKR prices... ✅ Updated 10 positions | Gold: $4450.95
⏰ 04:41:25 - Syncing IBKR prices... ✅ Updated 10 positions | Gold: $4465.29
⏰ 04:42:27 - Syncing IBKR prices... ✅ Updated 10 positions | Gold: $4456.50
⏰ 04:43:28 - Syncing IBKR prices... ✅ Updated 10 positions | Gold: $4463.98
⏰ 04:44:30 - Syncing IBKR prices... ✅ Updated 10 positions | Gold: $4451.07
⏰ 04:45:32 - Syncing IBKR prices... ✅ Updated 10 positions | Gold: $4462.16
⏰ 04:46:33 - Syncing IBKR prices... ✅ Updated 10 positions | Gold: $4450.01
⏰ 04:47:35 - Syncing IBKR prices... ✅ Updated 10 positions | Gold: $4468.98
⏰ 04:48:36 - Syncing IBKR prices... ✅ Updated 10 positions | Gold: $4453.26
⏰ 04:49:38 - Syncing IBKR prices... ✅ Updated 10 positions | Gold: $4467.76
⏰ 04:50:39 - Syncing IBKR prices... ✅ Updated 10 positions | Gold: $4458.40
⏰ 04:51:41 - Syncing IBKR prices... ✅ Updated 10 positions | Gold: $4469.57
⏰ 04:52:43 - Syncing IBKR prices... ✅ Updated 10 positions | Gold: $4452.57
⏰ 04:53:44 - Syncing IBKR prices... ✅ Updated 10 positions | Gold: $4455.78
⏰ 04:54:46 - Syncing IBKR prices... ✅ Updated 10 positions | Gold: $4458.28
⏰ 04:55:48 - Syncing IBKR prices... ✅ Updated 10 positions | Gold: $4469.28
⏰ 04:56:49 - Syncing IBKR prices... ✅ Updated 10 positions | Gold: $4457.53
⏰ 04:57:51 - Syncing IBKR prices... ✅ Updated 10 positions | Gold: $4468.62
⏰ 04:58:52 - Syncing IBKR prices... ✅ Updated 10 positions | Gold: $4455.90
⏰ 04:59:54 - Syncing IBKR prices... ✅ Updated 10 positions | Gold: $4461.28
⏰ 05:00:55 - Syncing IBKR prices... ✅ Updated 10 positions | Gold: $4454.17
⏰ 05:01:57 - Syncing IBKR prices... ✅ Updated 10 positions | Gold: $4459.91
⏰ 05:02:59 - Syncing IBKR prices... ✅ Updated 10 positions | Gold: $4458.45
⏰ 05:04:01 - Syncing IBKR prices... ✅ Updated 10 positions | Gold: $4469.80
⏰ 05:05:03 - Syncing IBKR prices... ✅ Updated 10 positions | Gold: $4455.63
⏰ 05:06:04 - Syncing IBKR prices... ✅ Updated 10 positions | Gold: $4467.75
⏰ 05:07:06 - Syncing IBKR prices... ✅ Updated 10 positions | Gold: $4457.40
⏰ 05:08:07 - Syncing IBKR prices... ✅ Updated 10 positions | Gold: $4466.81
⏰ 05:09:09 - Syncing IBKR prices... ✅ Updated 10 positions | Gold: $4465.42
⏰ 05:10:11 - Syncing IBKR prices... ✅ Updated 10 positions | Gold: $4464.39
⏰ 05:11:12 - Syncing IBKR prices... ✅ Updated 10 positions | Gold: $4465.80
⏰ 05:12:14 - Syncing IBKR prices... ✅ Updated 10 positions | Gold: $4450.27
⏰ 05:13:15 - Syncing IBKR prices... ✅ Updated 10 positions | Gold: $4460.01
⏰ 05:14:17 - Syncing IBKR prices... ✅ Updated 10 positions | Gold: $4456.32
⏰ 05:15:19 - Syncing IBKR prices... ✅ Updated 10 positions | Gold: $4450.81
⏰ 05:16:20 - Syncing IBKR prices... ✅ Updated 10 positions | Gold: $4459.64
⏰ 05:17:22 - Syncing IBKR prices... ✅ Updated 10 positions | Gold: $4458.64
⏰ 05:18:23 - Syncing IBKR prices... ✅ Updated 10 positions | Gold: $4467.58
⏰ 05:19:25 - Syncing IBKR prices... ✅ Updated 10 positions | Gold: $4457.12
⏰ 05:20:26 - Syncing IBKR prices... ✅ Updated 10 positions | Gold: $4458.23
⏰ 05:21:28 - Syncing IBKR prices... ✅ Updated 10 positions | Gold: $4465.14
⏰ 05:22:29 - Syncing IBKR prices... ✅ Updated 10 positions | Gold: $4454.40
⏰ 05:23:31 - Syncing IBKR prices... ✅ Updated 10 positions | Gold: $4454.81
⏰ 05:24:32 - Syncing IBKR prices... ✅ Updated 10 positions | Gold: $4459.07
⏰ 05:25:34 - Syncing IBKR prices... ✅ Updated 10 positions | Gold: $4451.91
⏰ 05:26:35 - Syncing IBKR prices... ✅ Updated 10 positions | Gold: $4466.48
⏰ 05:27:37 - Syncing IBKR prices... ✅ Updated 10 positions | Gold: $4468.11
⏰ 05:28:38 - Syncing IBKR prices... ✅ Updated 10 positions | Gold: $4465.18
⏰ 05:29:40 - Syncing IBKR prices... ✅ Updated 10 positions | Gold: $4468.31
⏰ 05:30:42 - Syncing IBKR prices... ✅ Updated 10 positions | Gold: $4457.15
⏰ 05:31:43 - Syncing IBKR prices... ✅ Updated 10 positions | Gold: $4461.14
⏰ 05:32:45 - Syncing IBKR prices... ✅ Updated 10 positions | Gold: $4467.00
⏰ 05:33:46 - Syncing IBKR prices... ✅ Updated 10 positions | Gold: $4450.99
⏰ 05:34:48 - Syncing IBKR prices... ✅ Updated 10 positions | Gold: $4457.29
⏰ 05:35:50 - Syncing IBKR prices... ✅ Updated 10 positions | Gold: $4460.84
⏰ 05:36:51 - Syncing IBKR prices... ✅ Updated 10 positions | Gold: $4454.84
⏰ 05:37:53 - Syncing IBKR prices... ✅ Updated 10 positions | Gold: $4455.70
⏰ 05:38:55 - Syncing IBKR prices... ✅ Updated 10 positions | Gold: $4464.98
⏰ 05:39:57 - Syncing IBKR prices... ✅ Updated 10 positions | Gold: $4451.49
⏰ 05:40:58 - Syncing IBKR prices... ✅ Updated 10 positions | Gold: $4469.50
⏰ 05:42:00 - Syncing IBKR prices... ✅ Updated 10 positions | Gold: $4453.62
⏰ 05:43:02 - Syncing IBKR prices... ✅ Updated 10 positions | Gold: $4463.07
⏰ 05:44:03 - Syncing IBKR prices... ✅ Updated 10 positions | Gold: $4463.72
⏰ 05:45:05 - Syncing IBKR prices... ✅ Updated 10 positions | Gold: $4462.01
⏰ 05:46:06 - Syncing IBKR prices... ✅ Updated 10 positions | Gold: $4454.40
⏰ 05:47:08 - Syncing IBKR prices... ✅ Updated 10 positions | Gold: $4462.78
⏰ 05:48:09 - Syncing IBKR prices... ✅ Updated 10 positions | Gold: $4465.22
⏰ 05:49:11 - Syncing IBKR prices... ✅ Updated 10 positions | Gold: $4452.81
⏰ 05:50:13 - Syncing IBKR prices... ✅ Updated 10 positions | Gold: $4465.94
⏰ 05:51:14 - Syncing IBKR prices... ✅ Updated 10 positions | Gold: $4467.87
⏰ 05:52:16 - Syncing IBKR prices... ✅ Updated 10 positions | Gold: $4459.25
⏰ 05:53:17 - Syncing IBKR prices... ✅ Updated 10 positions | Gold: $4457.76
⏰ 05:54:19 - Syncing IBKR prices... ✅ Updated 10 positions | Gold: $4469.07
⏰ 05:55:21 - Syncing IBKR prices... ✅ Updated 10 positions | Gold: $4469.06
⏰ 05:56:22 - Syncing IBKR prices... ✅ Updated 10 positions | Gold: $4469.80
⏰ 05:57:24 - Syncing IBKR prices... ✅ Updated 10 positions | Gold: $4463.62
⏰ 05:58:26 - Syncing IBKR prices... ✅ Updated 10 positions | Gold: $4462.28
⏰ 05:59:27 - Syncing IBKR prices... ✅ Updated 10 positions | Gold: $4461.64
⏰ 06:00:29 - Syncing IBKR prices... ✅ Updated 10 positions | Gold: $4451.51
⏰ 06:01:30 - Syncing IBKR prices... ✅ Updated 10 positions | Gold: $4456.04
⏰ 06:02:32 - Syncing IBKR prices... ✅ Updated 10 positions | Gold: $4454.43
⏰ 06:03:34 - Syncing IBKR prices... ✅ Updated 10 positions | Gold: $4458.92
⏰ 06:04:36 - Syncing IBKR prices... ✅ Updated 10 positions | Gold: $4458.34
⏰ 06:05:38 - Syncing IBKR prices... ✅ Updated 10 positions | Gold: $4467.48
⏰ 06:06:40 - Syncing IBKR prices... ✅ Updated 10 positions | Gold: $4450.35
⏰ 06:07:41 - Syncing IBKR prices... ✅ Updated 10 positions | Gold: $4459.01
⏰ 06:08:43 - Syncing IBKR prices... ✅ Updated 10 positions | Gold: $4463.07
⏰ 06:09:44 - Syncing IBKR prices... ✅ Updated 10 positions | Gold: $4450.16
⏰ 06:10:46 - Syncing IBKR prices... ✅ Updated 10 positions | Gold: $4460.86
⏰ 06:11:47 - Syncing IBKR prices... ✅ Updated 10 positions | Gold: $4452.54
⏰ 06:12:49 - Syncing IBKR prices... ✅ Updated 10 positions | Gold: $4467.68
⏰ 06:13:51 - Syncing IBKR prices... ✅ Updated 10 positions | Gold: $4450.45
⏰ 06:14:52 - Syncing IBKR prices... ✅ Updated 10 positions | Gold: $4453.03
⏰ 06:15:54 - Syncing IBKR prices... ✅ Updated 10 positions | Gold: $4469.33
⏰ 06:16:55 - Syncing IBKR prices... ✅ Updated 10 positions | Gold: $4466.22
⏰ 06:17:57 - Syncing IBKR prices... ✅ Updated 10 positions | Gold: $4459.16
⏰ 06:18:58 - Syncing IBKR prices... ✅ Updated 10 positions | Gold: $4466.17
⏰ 06:20:00 - Syncing IBKR prices... ✅ Updated 10 positions | Gold: $4460.26
⏰ 06:21:02 - Syncing IBKR prices... ✅ Updated 10 positions | Gold: $4462.89
⏰ 06:22:03 - Syncing IBKR prices... ✅ Updated 10 positions | Gold: $4454.67
⏰ 06:23:05 - Syncing IBKR prices... ✅ Updated 10 positions | Gold: $4466.32
⏰ 06:24:07 - Syncing IBKR prices... ✅ Updated 10 positions | Gold: $4464.52
⏰ 06:25:08 - Syncing IBKR prices... ✅ Updated 10 positions | Gold: $4453.70
⏰ 06:26:10 - Syncing IBKR prices... ✅ Updated 10 positions | Gold: $4469.09
⏰ 06:27:11 - Syncing IBKR prices... ✅ Updated 10 positions | Gold: $4460.70
⏰ 06:28:13 - Syncing IBKR prices... ✅ Updated 10 positions | Gold: $4455.92
⏰ 06:29:15 - Syncing IBKR prices... ✅ Updated 10 positions | Gold: $4452.64
⏰ 06:30:16 - Syncing IBKR prices... ✅ Updated 10 positions | Gold: $4469.47
⏰ 06:31:18 - Syncing IBKR prices... ✅ Updated 10 positions | Gold: $4468.88
⏰ 06:32:19 - Syncing IBKR prices... ✅ Updated 10 positions | Gold: $4456.25
⏰ 06:33:21 - Syncing IBKR prices... ✅ Updated 10 positions | Gold: $4450.71
⏰ 06:34:23 - Syncing IBKR prices... ✅ Updated 10 positions | Gold: $4465.61
⏰ 06:35:24 - Syncing IBKR prices... ✅ Updated 10 positions | Gold: $4458.63
⏰ 06:36:26 - Syncing IBKR prices... ✅ Updated 10 positions | Gold: $4466.52
⏰ 06:37:27 - Syncing IBKR prices... ✅ Updated 10 positions | Gold: $4452.03
⏰ 06:38:29 - Syncing IBKR prices... ✅ Updated 10 positions | Gold: $4466.37
⏰ 06:39:30 - Syncing IBKR prices... ✅ Updated 10 positions | Gold: $4450.82
⏰ 06:40:32 - Syncing IBKR prices... ✅ Updated 10 positions | Gold: $4456.45
⏰ 06:41:33 - Syncing IBKR prices... ✅ Updated 10 positions | Gold: $4459.50
⏰ 06:42:35 - Syncing IBKR prices... ✅ Updated 10 positions | Gold: $4459.96
⏰ 06:43:36 - Syncing IBKR prices... ✅ Updated 10 positions | Gold: $4458.63
⏰ 06:44:38 - Syncing IBKR prices... ✅ Updated 10 positions | Gold: $4452.19
⏰ 06:45:40 - Syncing IBKR prices... ✅ Updated 10 positions | Gold: $4468.01
⏰ 06:46:41 - Syncing IBKR prices... ✅ Updated 10 positions | Gold: $4453.30
⏰ 06:47:43 - Syncing IBKR prices... ✅ Updated 10 positions | Gold: $4455.59
⏰ 06:48:45 - Syncing IBKR prices... ✅ Updated 10 positions | Gold: $4451.43
⏰ 06:49:46 - Syncing IBKR prices... ✅ Updated 10 positions | Gold: $4461.13
⏰ 06:50:48 - Syncing IBKR prices... ✅ Updated 10 positions | Gold: $4469.82
⏰ 06:51:50 - Syncing IBKR prices... ✅ Updated 10 positions | Gold: $4465.43
⏰ 06:52:52 - Syncing IBKR prices... ✅ Updated 10 positions | Gold: $4468.54
⏰ 06:53:53 - Syncing IBKR prices... ✅ Updated 10 positions | Gold: $4467.81
⏰ 06:54:55 - Syncing IBKR prices... ✅ Updated 10 positions | Gold: $4466.83
⏰ 06:55:57 - Syncing IBKR prices... ✅ Updated 10 positions | Gold: $4455.39
⏰ 06:56:58 - Syncing IBKR prices... ✅ Updated 10 positions | Gold: $4463.27
⏰ 06:58:00 - Syncing IBKR prices... ✅ Updated 10 positions | Gold: $4458.34
⏰ 06:59:01 - Syncing IBKR prices... ✅ Updated 10 positions | Gold: $4452.34
⏰ 07:00:03 - Syncing IBKR prices... ✅ Updated 10 positions | Gold: $4463.47
⏰ 07:01:05 - Syncing IBKR prices... ✅ Updated 10 positions | Gold: $4464.03
⏰ 07:02:06 - Syncing IBKR prices... ✅ Updated 10 positions | Gold: $4454.14
⏰ 07:03:08 - Syncing IBKR prices... ✅ Updated 10 positions | Gold: $4457.10
⏰ 07:04:09 - Syncing IBKR prices... ✅ Updated 10 positions | Gold: $4454.39
⏰ 07:05:11 - Syncing IBKR prices... ✅ Updated 10 positions | Gold: $4462.20
⏰ 07:06:13 - Syncing IBKR prices... ✅ Updated 10 positions | Gold: $4458.36
⏰ 07:07:14 - Syncing IBKR prices... ✅ Updated 10 positions | Gold: $4467.31
⏰ 07:08:16 - Syncing IBKR prices... ✅ Updated 10 positions | Gold: $4464.13
⏰ 07:09:17 - Syncing IBKR prices... ✅ Updated 10 positions | Gold: $4457.02
⏰ 07:10:19 - Syncing IBKR prices... ✅ Updated 10 positions | Gold: $4465.96
⏰ 07:11:20 - Syncing IBKR prices... ✅ Updated 10 positions | Gold: $4464.62
⏰ 07:12:22 - Syncing IBKR prices... ✅ Updated 10 positions | Gold: $4450.23
⏰ 07:13:23 - Syncing IBKR prices... ✅ Updated 10 positions | Gold: $4453.91
⏰ 07:14:25 - Syncing IBKR prices... ✅ Updated 10 positions | Gold: $4468.94
⏰ 07:15:26 - Syncing IBKR prices... ✅ Updated 10 positions | Gold: $4466.37
⏰ 07:16:28 - Syncing IBKR prices... ✅ Updated 10 positions | Gold: $4469.29
⏰ 07:17:29 - Syncing IBKR prices... ✅ Updated 10 positions | Gold: $4451.93
⏰ 07:18:31 - Syncing IBKR prices... ✅ Updated 10 positions | Gold: $4453.37
⏰ 07:19:33 - Syncing IBKR prices... ✅ Updated 10 positions | Gold: $4466.72
⏰ 07:20:34 - Syncing IBKR prices... ✅ Updated 10 positions | Gold: $4466.41
⏰ 07:21:36 - Syncing IBKR prices... ✅ Updated 10 positions | Gold: $4456.50
⏰ 07:22:37 - Syncing IBKR prices... ✅ Updated 10 positions | Gold: $4459.32
⏰ 07:23:39 - Syncing IBKR prices... ✅ Updated 10 positions | Gold: $4467.05
⏰ 07:24:40 - Syncing IBKR prices... ✅ Updated 10 positions | Gold: $4461.81
⏰ 07:25:42 - Syncing IBKR prices... ✅ Updated 10 positions | Gold: $4469.58
⏰ 07:26:43 - Syncing IBKR prices... ✅ Updated 10 positions | Gold: $4466.36
⏰ 07:27:45 - Syncing IBKR prices... ✅ Updated 10 positions | Gold: $4453.86
⏰ 07:28:46 - Syncing IBKR prices... ✅ Updated 10 positions | Gold: $4451.84
⏰ 07:29:48 - Syncing IBKR prices... ✅ Updated 10 positions | Gold: $4457.70
⏰ 07:30:49 - Syncing IBKR prices... ✅ Updated 10 positions | Gold: $4465.68
⏰ 07:31:51 - Syncing IBKR prices... ✅ Updated 10 positions | Gold: $4457.63
⏰ 07:32:53 - Syncing IBKR prices... ✅ Updated 10 positions | Gold: $4460.42
⏰ 07:33:54 - Syncing IBKR prices... ✅ Updated 10 positions | Gold: $4467.01
⏰ 07:34:56 - Syncing IBKR prices... ✅ Updated 10 positions | Gold: $4453.81
⏰ 07:35:57 - Syncing IBKR prices... ✅ Updated 10 positions | Gold: $4463.81
⏰ 07:36:59 - Syncing IBKR prices... ✅ Updated 10 positions | Gold: $4450.75
⏰ 07:38:00 - Syncing IBKR prices... ✅ Updated 10 positions | Gold: $4468.13
⏰ 07:39:02 - Syncing IBKR prices... ✅ Updated 10 positions | Gold: $4459.29
⏰ 07:40:04 - Syncing IBKR prices... ✅ Updated 10 positions | Gold: $4466.29
⏰ 07:41:05 - Syncing IBKR prices... ✅ Updated 10 positions | Gold: $4468.70
⏰ 07:42:07 - Syncing IBKR prices... ✅ Updated 10 positions | Gold: $4467.97
⏰ 07:43:09 - Syncing IBKR prices... ✅ Updated 10 positions | Gold: $4452.20
⏰ 07:44:10 - Syncing IBKR prices... ✅ Updated 10 positions | Gold: $4459.25
⏰ 07:45:12 - Syncing IBKR prices... ✅ Updated 10 positions | Gold: $4468.01
⏰ 07:46:13 - Syncing IBKR prices... ✅ Updated 10 positions | Gold: $4469.67
⏰ 07:47:15 - Syncing IBKR prices... ✅ Updated 10 positions | Gold: $4465.59
⏰ 07:48:16 - Syncing IBKR prices... ✅ Updated 10 positions | Gold: $4467.02
⏰ 07:49:18 - Syncing IBKR prices... ✅ Updated 10 positions | Gold: $4457.48
⏰ 07:50:20 - Syncing IBKR prices... ✅ Updated 10 positions | Gold: $4457.51
⏰ 07:51:21 - Syncing IBKR prices... ✅ Updated 10 positions | Gold: $4455.43
⏰ 07:52:23 - Syncing IBKR prices... ✅ Updated 10 positions | Gold: $4453.54
⏰ 07:53:24 - Syncing IBKR prices... ✅ Updated 10 positions | Gold: $4453.75
⏰ 07:54:26 - Syncing IBKR prices... ✅ Updated 10 positions | Gold: $4457.33
⏰ 07:55:28 - Syncing IBKR prices... ✅ Updated 10 positions | Gold: $4464.32
⏰ 07:56:29 - Syncing IBKR prices... ✅ Updated 10 positions | Gold: $4459.35
⏰ 07:57:31 - Syncing IBKR prices... ✅ Updated 10 positions | Gold: $4456.61
⏰ 07:58:32 - Syncing IBKR prices... ✅ Updated 10 positions | Gold: $4460.69
⏰ 07:59:34 - Syncing IBKR prices... ✅ Updated 10 positions | Gold: $4452.94
⏰ 08:00:35 - Syncing IBKR prices... ✅ Updated 10 positions | Gold: $4452.52
⏰ 08:01:37 - Syncing IBKR prices... ✅ Updated 10 positions | Gold: $4450.19
⏰ 08:02:39 - Syncing IBKR prices... ✅ Updated 10 positions | Gold: $4455.57
⏰ 08:03:40 - Syncing IBKR prices... ✅ Updated 10 positions | Gold: $4468.51
⏰ 08:04:42 - Syncing IBKR prices... ✅ Updated 10 positions | Gold: $4462.26
⏰ 08:05:43 - Syncing IBKR prices... ✅ Updated 10 positions | Gold: $4451.63
⏰ 08:06:45 - Syncing IBKR prices... ✅ Updated 10 positions | Gold: $4453.66
⏰ 08:07:46 - Syncing IBKR prices... ✅ Updated 10 positions | Gold: $4462.50
⏰ 08:08:48 - Syncing IBKR prices... ✅ Updated 10 positions | Gold: $4453.70
⏰ 08:09:49 - Syncing IBKR prices... ✅ Updated 10 positions | Gold: $4451.94
⏰ 08:10:51 - Syncing IBKR prices... ✅ Updated 10 positions | Gold: $4460.29
⏰ 08:11:52 - Syncing IBKR prices... ✅ Updated 10 positions | Gold: $4467.13
⏰ 08:12:54 - Syncing IBKR prices... ✅ Updated 10 positions | Gold: $4465.62
⏰ 08:13:55 - Syncing IBKR prices... ✅ Updated 10 positions | Gold: $4452.50
⏰ 08:14:57 - Syncing IBKR prices... ✅ Updated 10 positions | Gold: $4463.88
⏰ 08:15:59 - Syncing IBKR prices... ✅ Updated 10 positions | Gold: $4466.29
⏰ 08:17:00 - Syncing IBKR prices... ✅ Updated 10 positions | Gold: $4453.69
⏰ 08:18:02 - Syncing IBKR prices... ✅ Updated 10 positions | Gold: $4464.52
⏰ 08:19:03 - Syncing IBKR prices... ✅ Updated 10 positions | Gold: $4464.87
⏰ 08:20:05 - Syncing IBKR prices... ✅ Updated 10 positions | Gold: $4464.09
⏰ 08:21:07 - Syncing IBKR prices... ✅ Updated 10 positions | Gold: $4468.26
⏰ 08:22:08 - Syncing IBKR prices... ✅ Updated 10 positions | Gold: $4462.35
⏰ 08:23:10 - Syncing IBKR prices... ✅ Updated 10 positions | Gold: $4459.31
⏰ 08:24:11 - Syncing IBKR prices... ✅ Updated 10 positions | Gold: $4463.86
⏰ 08:25:13 - Syncing IBKR prices... ✅ Updated 10 positions | Gold: $4453.33
⏰ 08:26:15 - Syncing IBKR prices... ✅ Updated 10 positions | Gold: $4453.08
⏰ 08:27:16 - Syncing IBKR prices... ✅ Updated 10 positions | Gold: $4452.37
⏰ 08:28:18 - Syncing IBKR prices... ✅ Updated 10 positions | Gold: $4450.49
⏰ 08:29:20 - Syncing IBKR prices... ✅ Updated 10 positions | Gold: $4469.71
⏰ 08:30:21 - Syncing IBKR prices... ✅ Updated 10 positions | Gold: $4460.90
⏰ 08:31:23 - Syncing IBKR prices... ✅ Updated 10 positions | Gold: $4458.21
⏰ 08:32:25 - Syncing IBKR prices... ✅ Updated 10 positions | Gold: $4450.10
⏰ 08:33:27 - Syncing IBKR prices... ✅ Updated 10 positions | Gold: $4454.73
⏰ 08:34:28 - Syncing IBKR prices... ✅ Updated 10 positions | Gold: $4462.15
⏰ 08:35:30 - Syncing IBKR prices... ✅ Updated 10 positions | Gold: $4454.83
⏰ 08:36:32 - Syncing IBKR prices... ✅ Updated 10 positions | Gold: $4456.35
⏰ 08:37:34 - Syncing IBKR prices... ✅ Updated 10 positions | Gold: $4454.10
⏰ 08:38:35 - Syncing IBKR prices... ✅ Updated 10 positions | Gold: $4465.44
⏰ 08:39:37 - Syncing IBKR prices... ✅ Updated 10 positions | Gold: $4469.52
⏰ 08:40:39 - Syncing IBKR prices... ✅ Updated 10 positions | Gold: $4452.59
⏰ 08:41:41 - Syncing IBKR prices... ✅ Updated 10 positions | Gold: $4453.97
⏰ 08:42:42 - Syncing IBKR prices... ✅ Updated 10 positions | Gold: $4450.28
⏰ 08:43:44 - Syncing IBKR prices... ✅ Updated 10 positions | Gold: $4465.71
⏰ 08:44:46 - Syncing IBKR prices... ✅ Updated 10 positions | Gold: $4452.41
⏰ 08:45:48 - Syncing IBKR prices... ✅ Updated 10 positions | Gold: $4461.32
⏰ 08:46:50 - Syncing IBKR prices... ✅ Updated 10 positions | Gold: $4454.68
⏰ 08:47:51 - Syncing IBKR prices... ✅ Updated 10 positions | Gold: $4463.06
⏰ 08:48:53 - Syncing IBKR prices... ✅ Updated 10 positions | Gold: $4466.89
⏰ 08:49:54 - Syncing IBKR prices... ✅ Updated 10 positions | Gold: $4462.44
⏰ 08:50:56 - Syncing IBKR prices... ✅ Updated 10 positions | Gold: $4457.75
⏰ 08:51:58 - Syncing IBKR prices... ✅ Updated 10 positions | Gold: $4452.78
⏰ 08:53:00 - Syncing IBKR prices... ✅ Updated 10 positions | Gold: $4462.99
⏰ 08:54:01 - Syncing IBKR prices... ✅ Updated 10 positions | Gold: $4463.01
⏰ 08:55:03 - Syncing IBKR prices... ✅ Updated 10 positions | Gold: $4460.16
⏰ 08:56:04 - Syncing IBKR prices... ✅ Updated 10 positions | Gold: $4450.38
⏰ 08:57:06 - Syncing IBKR prices... ✅ Updated 10 positions | Gold: $4469.74
⏰ 08:58:08 - Syncing IBKR prices... ✅ Updated 10 positions | Gold: $4451.84
⏰ 08:59:09 - Syncing IBKR prices... ✅ Updated 10 positions | Gold: $4453.17
⏰ 09:00:11 - Syncing IBKR prices... ✅ Updated 10 positions | Gold: $4463.02
⏰ 09:01:12 - Syncing IBKR prices... ✅ Updated 10 positions | Gold: $4451.83
⏰ 09:02:14 - Syncing IBKR prices... ✅ Updated 10 positions | Gold: $4455.52
⏰ 09:03:16 - Syncing IBKR prices... ✅ Updated 10 positions | Gold: $4451.85
⏰ 09:04:17 - Syncing IBKR prices... ✅ Updated 10 positions | Gold: $4450.91
⏰ 09:05:19 - Syncing IBKR prices... ✅ Updated 10 positions | Gold: $4468.04
⏰ 09:06:20 - Syncing IBKR prices... ✅ Updated 10 positions | Gold: $4456.93
⏰ 09:07:22 - Syncing IBKR prices... ✅ Updated 10 positions | Gold: $4468.02
⏰ 09:08:24 - Syncing IBKR prices... ✅ Updated 10 positions | Gold: $4469.35
⏰ 09:09:25 - Syncing IBKR prices... ✅ Updated 10 positions | Gold: $4459.43
⏰ 09:10:27 - Syncing IBKR prices... ✅ Updated 10 positions | Gold: $4453.57
⏰ 09:11:29 - Syncing IBKR prices... ✅ Updated 10 positions | Gold: $4452.58
⏰ 09:12:30 - Syncing IBKR prices... ✅ Updated 10 positions | Gold: $4450.04
⏰ 09:13:32 - Syncing IBKR prices... ✅ Updated 10 positions | Gold: $4454.96
⏰ 09:14:34 - Syncing IBKR prices... ✅ Updated 10 positions | Gold: $4468.61
⏰ 09:15:35 - Syncing IBKR prices... ✅ Updated 10 positions | Gold: $4468.65
⏰ 09:16:37 - Syncing IBKR prices... ✅ Updated 10 positions | Gold: $4462.81
⏰ 09:17:38 - Syncing IBKR prices... ✅ Updated 10 positions | Gold: $4468.73
⏰ 09:18:40 - Syncing IBKR prices... ✅ Updated 10 positions | Gold: $4467.62
⏰ 09:19:41 - Syncing IBKR prices... ✅ Updated 10 positions | Gold: $4469.29
⏰ 09:20:43 - Syncing IBKR prices... ✅ Updated 10 positions | Gold: $4451.29
⏰ 09:21:45 - Syncing IBKR prices... ✅ Updated 10 positions | Gold: $4459.17
⏰ 09:22:46 - Syncing IBKR prices... ✅ Updated 10 positions | Gold: $4457.16
⏰ 09:23:48 - Syncing IBKR prices... ✅ Updated 10 positions | Gold: $4451.94
⏰ 09:24:50 - Syncing IBKR prices... ✅ Updated 10 positions | Gold: $4464.55
⏰ 09:25:52 - Syncing IBKR prices... ✅ Updated 10 positions | Gold: $4468.23
⏰ 09:26:53 - Syncing IBKR prices... ✅ Updated 10 positions | Gold: $4459.03
⏰ 09:27:55 - Syncing IBKR prices... ✅ Updated 10 positions | Gold: $4464.17
⏰ 09:28:57 - Syncing IBKR prices... ✅ Updated 10 positions | Gold: $4459.29
⏰ 09:29:58 - Syncing IBKR prices... ✅ Updated 10 positions | Gold: $4452.15
⏰ 09:31:00 - Syncing IBKR prices... ✅ Updated 10 positions | Gold: $4453.70
⏰ 09:32:02 - Syncing IBKR prices... ✅ Updated 10 positions | Gold: $4464.87
⏰ 09:33:03 - Syncing IBKR prices... ✅ Updated 10 positions | Gold: $4459.83
⏰ 09:34:05 - Syncing IBKR prices... ✅ Updated 10 positions | Gold: $4451.57
⏰ 09:35:07 - Syncing IBKR prices... ✅ Updated 10 positions | Gold: $4461.24
⏰ 09:36:09 - Syncing IBKR prices... ✅ Updated 10 positions | Gold: $4460.69
⏰ 09:37:11 - Syncing IBKR prices... ✅ Updated 10 positions | Gold: $4460.77
⏰ 09:38:12 - Syncing IBKR prices... ✅ Updated 10 positions | Gold: $4469.77
⏰ 09:39:14 - Syncing IBKR prices... ✅ Updated 10 positions | Gold: $4456.52
⏰ 09:40:16 - Syncing IBKR prices... ✅ Updated 10 positions | Gold: $4468.29
⏰ 09:41:17 - Syncing IBKR prices... ✅ Updated 10 positions | Gold: $4454.40
⏰ 09:42:19 - Syncing IBKR prices... ✅ Updated 10 positions | Gold: $4456.19
⏰ 09:43:20 - Syncing IBKR prices... ✅ Updated 10 positions | Gold: $4460.17
⏰ 09:44:22 - Syncing IBKR prices... ✅ Updated 10 positions | Gold: $4462.21
⏰ 09:45:24 - Syncing IBKR prices... ✅ Updated 10 positions | Gold: $4461.37
⏰ 09:46:25 - Syncing IBKR prices... ✅ Updated 10 positions | Gold: $4453.01
⏰ 09:47:27 - Syncing IBKR prices... ✅ Updated 10 positions | Gold: $4453.60
⏰ 09:48:28 - Syncing IBKR prices... ✅ Updated 10 positions | Gold: $4451.28
⏰ 09:49:30 - Syncing IBKR prices... ✅ Updated 10 positions | Gold: $4454.81
⏰ 09:50:32 - Syncing IBKR prices... ✅ Updated 10 positions | Gold: $4456.39
⏰ 09:51:33 - Syncing IBKR prices... ✅ Updated 10 positions | Gold: $4468.85
⏰ 09:52:35 - Syncing IBKR prices... ✅ Updated 10 positions | Gold: $4462.90
⏰ 09:53:36 - Syncing IBKR prices... ✅ Updated 10 positions | Gold: $4466.93
⏰ 09:54:38 - Syncing IBKR prices... ✅ Updated 10 positions | Gold: $4457.08
⏰ 09:55:40 - Syncing IBKR prices... ✅ Updated 10 positions | Gold: $4454.43
⏰ 09:56:41 - Syncing IBKR prices... ✅ Updated 10 positions | Gold: $4468.27
⏰ 09:57:43 - Syncing IBKR prices... ✅ Updated 10 positions | Gold: $4454.18
⏰ 09:58:45 - Syncing IBKR prices... ✅ Updated 10 positions | Gold: $4451.61
⏰ 09:59:46 - Syncing IBKR prices... ✅ Updated 10 positions | Gold: $4466.18
⏰ 10:00:48 - Syncing IBKR prices... ✅ Updated 10 positions | Gold: $4466.66
⏰ 10:01:50 - Syncing IBKR prices... ✅ Updated 10 positions | Gold: $4465.36
⏰ 10:02:51 - Syncing IBKR prices... ✅ Updated 10 positions | Gold: $4465.98
⏰ 10:03:53 - Syncing IBKR prices... ✅ Updated 10 positions | Gold: $4465.35
⏰ 10:04:55 - Syncing IBKR prices... ✅ Updated 10 positions | Gold: $4454.04
⏰ 10:05:56 - Syncing IBKR prices... ✅ Updated 10 positions | Gold: $4465.48
⏰ 10:06:58 - Syncing IBKR prices... ✅ Updated 10 positions | Gold: $4463.30
⏰ 10:08:00 - Syncing IBKR prices... ✅ Updated 10 positions | Gold: $4454.82
⏰ 10:09:01 - Syncing IBKR prices... ✅ Updated 10 positions | Gold: $4464.15
⏰ 10:10:03 - Syncing IBKR prices... ✅ Updated 10 positions | Gold: $4465.99
⏰ 10:11:05 - Syncing IBKR prices... ✅ Updated 10 positions | Gold: $4463.90
⏰ 10:12:06 - Syncing IBKR prices... ✅ Updated 10 positions | Gold: $4461.60
⏰ 10:13:08 - Syncing IBKR prices... ✅ Updated 10 positions | Gold: $4469.79
⏰ 10:14:10 - Syncing IBKR prices... ✅ Updated 10 positions | Gold: $4453.45
⏰ 10:15:11 - Syncing IBKR prices... ✅ Updated 10 positions | Gold: $4457.16
⏰ 10:16:13 - Syncing IBKR prices... ✅ Updated 10 positions | Gold: $4460.13
⏰ 10:17:15 - Syncing IBKR prices... ✅ Updated 10 positions | Gold: $4463.82
⏰ 10:18:16 - Syncing IBKR prices... ✅ Updated 10 positions | Gold: $4461.44
⏰ 10:19:18 - Syncing IBKR prices... ✅ Updated 10 positions | Gold: $4453.22
⏰ 10:20:20 - Syncing IBKR prices... ✅ Updated 10 positions | Gold: $4465.93
⏰ 10:21:22 - Syncing IBKR prices... ✅ Updated 10 positions | Gold: $4457.14
⏰ 10:22:24 - Syncing IBKR prices... ✅ Updated 10 positions | Gold: $4458.66
⏰ 10:23:25 - Syncing IBKR prices... ✅ Updated 10 positions | Gold: $4466.15
⏰ 10:24:27 - Syncing IBKR prices... ✅ Updated 10 positions | Gold: $4467.84
⏰ 10:25:29 - Syncing IBKR prices... ✅ Updated 10 positions | Gold: $4455.37
⏰ 10:26:30 - Syncing IBKR prices... ✅ Updated 10 positions | Gold: $4451.87
⏰ 10:27:32 - Syncing IBKR prices... ✅ Updated 10 positions | Gold: $4457.70
⏰ 10:28:34 - Syncing IBKR prices... ✅ Updated 10 positions | Gold: $4452.55
⏰ 10:29:35 - Syncing IBKR prices... ✅ Updated 10 positions | Gold: $4454.03
⏰ 10:30:37 - Syncing IBKR prices... ✅ Updated 10 positions | Gold: $4464.01
⏰ 10:31:39 - Syncing IBKR prices... ✅ Updated 10 positions | Gold: $4464.44
⏰ 10:32:40 - Syncing IBKR prices... ✅ Updated 10 positions | Gold: $4450.81
⏰ 10:33:42 - Syncing IBKR prices... ✅ Updated 10 positions | Gold: $4462.51
⏰ 10:34:43 - Syncing IBKR prices... ✅ Updated 10 positions | Gold: $4453.61
⏰ 10:35:45 - Syncing IBKR prices... ✅ Updated 10 positions | Gold: $4454.26
⏰ 10:36:47 - Syncing IBKR prices... ✅ Updated 10 positions | Gold: $4456.52
⏰ 10:37:48 - Syncing IBKR prices... ✅ Updated 10 positions | Gold: $4462.95
⏰ 10:38:50 - Syncing IBKR prices... ✅ Updated 10 positions | Gold: $4454.90
⏰ 10:39:51 - Syncing IBKR prices... ✅ Updated 10 positions | Gold: $4459.71
⏰ 10:40:53 - Syncing IBKR prices... ✅ Updated 10 positions | Gold: $4455.49
⏰ 10:41:55 - Syncing IBKR prices... ✅ Updated 10 positions | Gold: $4450.21
⏰ 10:42:56 - Syncing IBKR prices... ✅ Updated 10 positions | Gold: $4458.24
⏰ 10:43:58 - Syncing IBKR prices... ✅ Updated 10 positions | Gold: $4454.52
⏰ 10:44:59 - Syncing IBKR prices... ✅ Updated 10 positions | Gold: $4463.97
⏰ 10:46:01 - Syncing IBKR prices... ✅ Updated 10 positions | Gold: $4463.85
⏰ 10:47:03 - Syncing IBKR prices... ✅ Updated 10 positions | Gold: $4453.12
⏰ 10:48:04 - Syncing IBKR prices... ✅ Updated 10 positions | Gold: $4453.28
⏰ 10:49:06 - Syncing IBKR prices... ✅ Updated 10 positions | Gold: $4464.77
⏰ 10:50:08 - Syncing IBKR prices... ✅ Updated 10 positions | Gold: $4455.07
⏰ 10:51:09 - Syncing IBKR prices... ✅ Updated 10 positions | Gold: $4451.61
⏰ 10:52:11 - Syncing IBKR prices... ✅ Updated 10 positions | Gold: $4457.72
⏰ 10:53:12 - Syncing IBKR prices... ✅ Updated 10 positions | Gold: $4463.41
⏰ 10:54:14 - Syncing IBKR prices... ✅ Updated 10 positions | Gold: $4469.91
⏰ 10:55:16 - Syncing IBKR prices... ✅ Updated 10 positions | Gold: $4462.14
⏰ 10:56:17 - Syncing IBKR prices... ✅ Updated 10 positions | Gold: $4457.54
⏰ 10:57:19 - Syncing IBKR prices... ✅ Updated 10 positions | Gold: $4466.02
⏰ 10:58:21 - Syncing IBKR prices... ✅ Updated 10 positions | Gold: $4453.51
⏰ 10:59:22 - Syncing IBKR prices... ✅ Updated 10 positions | Gold: $4460.26
⏰ 11:00:24 - Syncing IBKR prices... ✅ Updated 10 positions | Gold: $4463.57
⏰ 11:01:26 - Syncing IBKR prices... ✅ Updated 10 positions | Gold: $4467.55
⏰ 11:02:27 - Syncing IBKR prices... ✅ Updated 10 positions | Gold: $4458.67
⏰ 11:03:29 - Syncing IBKR prices... ✅ Updated 10 positions | Gold: $4469.34
⏰ 11:04:30 - Syncing IBKR prices... ✅ Updated 10 positions | Gold: $4460.65
⏰ 11:05:32 - Syncing IBKR prices... ✅ Updated 10 positions | Gold: $4463.03
⏰ 11:06:34 - Syncing IBKR prices... ✅ Updated 10 positions | Gold: $4452.67
⏰ 11:07:36 - Syncing IBKR prices... ✅ Updated 10 positions | Gold: $4458.29
⏰ 11:08:37 - Syncing IBKR prices... ✅ Updated 10 positions | Gold: $4468.14
⏰ 11:09:39 - Syncing IBKR prices... ✅ Updated 10 positions | Gold: $4452.33
⏰ 11:10:41 - Syncing IBKR prices... ✅ Updated 10 positions | Gold: $4451.36
⏰ 11:11:42 - Syncing IBKR prices... ✅ Updated 10 positions | Gold: $4451.07
⏰ 11:12:44 - Syncing IBKR prices... ✅ Updated 10 positions | Gold: $4461.44
⏰ 11:13:46 - Syncing IBKR prices... ✅ Updated 10 positions | Gold: $4466.05
⏰ 11:14:47 - Syncing IBKR prices... ✅ Updated 10 positions | Gold: $4458.69
⏰ 11:15:49 - Syncing IBKR prices... ✅ Updated 10 positions | Gold: $4461.52
⏰ 11:16:51 - Syncing IBKR prices... ✅ Updated 10 positions | Gold: $4464.20
⏰ 11:17:52 - Syncing IBKR prices... ✅ Updated 10 positions | Gold: $4451.35
⏰ 11:18:54 - Syncing IBKR prices... ✅ Updated 10 positions | Gold: $4467.89
⏰ 11:19:56 - Syncing IBKR prices... ✅ Updated 10 positions | Gold: $4453.91
⏰ 11:20:57 - Syncing IBKR prices... ✅ Updated 10 positions | Gold: $4465.35
⏰ 11:21:59 - Syncing IBKR prices... ✅ Updated 10 positions | Gold: $4468.61
⏰ 11:23:01 - Syncing IBKR prices... ✅ Updated 10 positions | Gold: $4467.44
⏰ 11:24:02 - Syncing IBKR prices... ✅ Updated 10 positions | Gold: $4451.12
⏰ 11:25:04 - Syncing IBKR prices... ✅ Updated 10 positions | Gold: $4455.19
⏰ 11:26:05 - Syncing IBKR prices... ✅ Updated 10 positions | Gold: $4469.44
⏰ 11:27:07 - Syncing IBKR prices... ✅ Updated 10 positions | Gold: $4451.21
⏰ 11:28:09 - Syncing IBKR prices... ✅ Updated 10 positions | Gold: $4462.40
⏰ 11:29:10 - Syncing IBKR prices... ✅ Updated 10 positions | Gold: $4451.48
⏰ 11:30:12 - Syncing IBKR prices... ✅ Updated 10 positions | Gold: $4458.45
⏰ 11:31:14 - Syncing IBKR prices... ✅ Updated 10 positions | Gold: $4454.13
⏰ 11:32:15 - Syncing IBKR prices... ✅ Updated 10 positions | Gold: $4456.77
⏰ 11:33:17 - Syncing IBKR prices... ✅ Updated 10 positions | Gold: $4451.44
⏰ 11:34:18 - Syncing IBKR prices... ✅ Updated 10 positions | Gold: $4464.02
⏰ 11:35:20 - Syncing IBKR prices... ✅ Updated 10 positions | Gold: $4465.41
⏰ 11:36:22 - Syncing IBKR prices... ✅ Updated 10 positions | Gold: $4450.10
⏰ 11:37:23 - Syncing IBKR prices... ✅ Updated 10 positions | Gold: $4452.17
⏰ 11:38:25 - Syncing IBKR prices... ✅ Updated 10 positions | Gold: $4469.09
⏰ 11:39:27 - Syncing IBKR prices... ✅ Updated 10 positions | Gold: $4462.77
⏰ 11:40:28 - Syncing IBKR prices... ✅ Updated 10 positions | Gold: $4463.52
⏰ 11:41:30 - Syncing IBKR prices... ✅ Updated 10 positions | Gold: $4469.19
⏰ 11:42:32 - Syncing IBKR prices... ✅ Updated 10 positions | Gold: $4459.81
⏰ 11:43:33 - Syncing IBKR prices... ✅ Updated 10 positions | Gold: $4453.66
⏰ 11:44:35 - Syncing IBKR prices... ✅ Updated 10 positions | Gold: $4469.49
⏰ 11:45:37 - Syncing IBKR prices... ✅ Updated 10 positions | Gold: $4450.62
⏰ 11:46:38 - Syncing IBKR prices... ✅ Updated 10 positions | Gold: $4457.80
⏰ 11:47:40 - Syncing IBKR prices... ✅ Updated 10 positions | Gold: $4465.41
⏰ 11:48:42 - Syncing IBKR prices... ✅ Updated 10 positions | Gold: $4451.35
⏰ 11:49:43 - Syncing IBKR prices... ✅ Updated 10 positions | Gold: $4451.57
⏰ 11:50:45 - Syncing IBKR prices... ✅ Updated 10 positions | Gold: $4467.71
⏰ 11:51:47 - Syncing IBKR prices... ✅ Updated 10 positions | Gold: $4455.86
⏰ 11:52:48 - Syncing IBKR prices... ✅ Updated 10 positions | Gold: $4460.26
⏰ 11:53:50 - Syncing IBKR prices... ✅ Updated 10 positions | Gold: $4467.13
⏰ 11:54:52 - Syncing IBKR prices... ✅ Updated 10 positions | Gold: $4469.60
⏰ 11:55:53 - Syncing IBKR prices... ✅ Updated 10 positions | Gold: $4464.50
⏰ 11:56:55 - Syncing IBKR prices... ✅ Updated 10 positions | Gold: $4459.63
⏰ 11:57:57 - Syncing IBKR prices... ✅ Updated 10 positions | Gold: $4468.66
⏰ 11:58:58 - Syncing IBKR prices... ✅ Updated 10 positions | Gold: $4450.72
⏰ 12:00:00 - Syncing IBKR prices... ✅ Updated 10 positions | Gold: $4469.89
⏰ 12:01:02 - Syncing IBKR prices... ✅ Updated 10 positions | Gold: $4459.23
⏰ 12:02:03 - Syncing IBKR prices... ✅ Updated 10 positions | Gold: $4453.07
⏰ 12:03:05 - Syncing IBKR prices... ✅ Updated 10 positions | Gold: $4469.11
⏰ 12:04:07 - Syncing IBKR prices... ✅ Updated 10 positions | Gold: $4460.96
⏰ 12:05:09 - Syncing IBKR prices... ✅ Updated 10 positions | Gold: $4462.24
⏰ 12:06:10 - Syncing IBKR prices... ✅ Updated 10 positions | Gold: $4463.26
⏰ 12:07:12 - Syncing IBKR prices... ✅ Updated 10 positions | Gold: $4461.13
⏰ 12:08:14 - Syncing IBKR prices... ✅ Updated 10 positions | Gold: $4452.97
⏰ 12:09:16 - Syncing IBKR prices... ✅ Updated 10 positions | Gold: $4459.73
⏰ 12:10:18 - Syncing IBKR prices... ✅ Updated 10 positions | Gold: $4459.57
⏰ 12:11:19 - Syncing IBKR prices... ✅ Updated 10 positions | Gold: $4450.08
⏰ 12:12:21 - Syncing IBKR prices... ✅ Updated 10 positions | Gold: $4452.61
⏰ 12:13:22 - Syncing IBKR prices... ✅ Updated 10 positions | Gold: $4452.87
⏰ 12:14:24 - Syncing IBKR prices... ✅ Updated 10 positions | Gold: $4466.81
⏰ 12:15:26 - Syncing IBKR prices... ✅ Updated 10 positions | Gold: $4453.78
⏰ 12:16:27 - Syncing IBKR prices... ✅ Updated 10 positions | Gold: $4461.32
⏰ 12:17:29 - Syncing IBKR prices... ✅ Updated 10 positions | Gold: $4452.25
⏰ 12:18:31 - Syncing IBKR prices... ✅ Updated 10 positions | Gold: $4453.47
⏰ 12:19:32 - Syncing IBKR prices... ✅ Updated 10 positions | Gold: $4466.75
⏰ 12:20:34 - Syncing IBKR prices... ✅ Updated 10 positions | Gold: $4459.89
⏰ 12:21:36 - Syncing IBKR prices... ✅ Updated 10 positions | Gold: $4466.40
⏰ 12:22:37 - Syncing IBKR prices... ✅ Updated 10 positions | Gold: $4455.06
⏰ 12:23:39 - Syncing IBKR prices... ✅ Updated 10 positions | Gold: $4451.47
⏰ 12:24:41 - Syncing IBKR prices... ✅ Updated 10 positions | Gold: $4454.20
⏰ 12:25:42 - Syncing IBKR prices... ✅ Updated 10 positions | Gold: $4460.15
⏰ 12:26:44 - Syncing IBKR prices... ✅ Updated 10 positions | Gold: $4450.50
⏰ 12:27:45 - Syncing IBKR prices... ✅ Updated 10 positions | Gold: $4465.19
⏰ 12:28:47 - Syncing IBKR prices... ✅ Updated 10 positions | Gold: $4455.44
⏰ 12:29:49 - Syncing IBKR prices... ✅ Updated 10 positions | Gold: $4462.28
⏰ 12:30:50 - Syncing IBKR prices... ✅ Updated 10 positions | Gold: $4468.59
⏰ 12:31:52 - Syncing IBKR prices... ✅ Updated 10 positions | Gold: $4464.67
⏰ 12:32:54 - Syncing IBKR prices... ✅ Updated 10 positions | Gold: $4458.65
⏰ 12:33:55 - Syncing IBKR prices... ✅ Updated 10 positions | Gold: $4455.37
⏰ 12:34:57 - Syncing IBKR prices... ✅ Updated 10 positions | Gold: $4469.18
⏰ 12:35:59 - Syncing IBKR prices... ✅ Updated 10 positions | Gold: $4457.24
⏰ 12:37:00 - Syncing IBKR prices... ✅ Updated 10 positions | Gold: $4450.85
⏰ 12:38:02 - Syncing IBKR prices... ✅ Updated 10 positions | Gold: $4450.22
⏰ 12:39:04 - Syncing IBKR prices... ✅ Updated 10 positions | Gold: $4454.21
⏰ 12:40:05 - Syncing IBKR prices... ✅ Updated 10 positions | Gold: $4464.69
⏰ 12:41:07 - Syncing IBKR prices... ✅ Updated 10 positions | Gold: $4467.00
⏰ 12:42:09 - Syncing IBKR prices... ✅ Updated 10 positions | Gold: $4458.84
⏰ 12:43:10 - Syncing IBKR prices... ✅ Updated 10 positions | Gold: $4451.87
⏰ 12:44:12 - Syncing IBKR prices... ✅ Updated 10 positions | Gold: $4457.88
⏰ 12:45:14 - Syncing IBKR prices... ✅ Updated 10 positions | Gold: $4466.26
⏰ 12:46:15 - Syncing IBKR prices... ✅ Updated 10 positions | Gold: $4469.55
⏰ 12:47:17 - Syncing IBKR prices... ✅ Updated 10 positions | Gold: $4464.12
⏰ 12:48:19 - Syncing IBKR prices... ✅ Updated 10 positions | Gold: $4469.12
⏰ 12:49:20 - Syncing IBKR prices... ✅ Updated 10 positions | Gold: $4469.65
⏰ 12:50:22 - Syncing IBKR prices... ✅ Updated 10 positions | Gold: $4455.48
⏰ 12:51:24 - Syncing IBKR prices... ✅ Updated 10 positions | Gold: $4456.51
⏰ 12:52:25 - Syncing IBKR prices... ✅ Updated 10 positions | Gold: $4460.80
⏰ 12:53:27 - Syncing IBKR prices... ✅ Updated 10 positions | Gold: $4459.22
⏰ 12:54:29 - Syncing IBKR prices... ✅ Updated 10 positions | Gold: $4467.15
⏰ 12:55:31 - Syncing IBKR prices... ✅ Updated 10 positions | Gold: $4451.38
⏰ 12:56:33 - Syncing IBKR prices... ✅ Updated 10 positions | Gold: $4467.60
⏰ 12:57:35 - Syncing IBKR prices... ✅ Updated 10 positions | Gold: $4456.31
⏰ 12:58:36 - Syncing IBKR prices... ✅ Updated 10 positions | Gold: $4460.71
⏰ 12:59:38 - Syncing IBKR prices... ✅ Updated 10 positions | Gold: $4466.64
⏰ 13:00:40 - Syncing IBKR prices... ✅ Updated 10 positions | Gold: $4465.83
⏰ 13:01:41 - Syncing IBKR prices... ✅ Updated 10 positions | Gold: $4457.06
⏰ 13:02:43 - Syncing IBKR prices... ✅ Updated 10 positions | Gold: $4463.17
⏰ 13:03:45 - Syncing IBKR prices... ✅ Updated 10 positions | Gold: $4451.00
⏰ 13:04:46 - Syncing IBKR prices... ✅ Updated 10 positions | Gold: $4465.28
⏰ 13:05:48 - Syncing IBKR prices... ✅ Updated 10 positions | Gold: $4458.33
⏰ 13:06:50 - Syncing IBKR prices... ✅ Updated 10 positions | Gold: $4453.47
⏰ 13:07:51 - Syncing IBKR prices... ✅ Updated 10 positions | Gold: $4456.21
⏰ 13:08:53 - Syncing IBKR prices... ✅ Updated 10 positions | Gold: $4466.60
⏰ 13:09:55 - Syncing IBKR prices... ✅ Updated 10 positions | Gold: $4461.07
⏰ 13:10:57 - Syncing IBKR prices... ✅ Updated 10 positions | Gold: $4457.40
⏰ 13:11:58 - Syncing IBKR prices... ✅ Updated 10 positions | Gold: $4454.60
⏰ 13:13:00 - Syncing IBKR prices... ✅ Updated 10 positions | Gold: $4451.02
⏰ 13:14:02 - Syncing IBKR prices... ✅ Updated 10 positions | Gold: $4455.99
⏰ 13:15:03 - Syncing IBKR prices... ✅ Updated 10 positions | Gold: $4458.95
⏰ 13:16:05 - Syncing IBKR prices... ✅ Updated 10 positions | Gold: $4450.80
⏰ 13:17:07 - Syncing IBKR prices... ✅ Updated 10 positions | Gold: $4465.12
⏰ 13:18:08 - Syncing IBKR prices... ✅ Updated 10 positions | Gold: $4459.10
⏰ 13:19:10 - Syncing IBKR prices... ✅ Updated 10 positions | Gold: $4458.66
⏰ 13:20:11 - Syncing IBKR prices... ✅ Updated 10 positions | Gold: $4453.42
⏰ 13:21:13 - Syncing IBKR prices... ✅ Updated 10 positions | Gold: $4453.47
⏰ 13:22:15 - Syncing IBKR prices... ✅ Updated 10 positions | Gold: $4463.04
⏰ 13:23:16 - Syncing IBKR prices... ✅ Updated 10 positions | Gold: $4462.72
⏰ 13:24:18 - Syncing IBKR prices... ✅ Updated 10 positions | Gold: $4459.87
⏰ 13:25:20 - Syncing IBKR prices... ✅ Updated 10 positions | Gold: $4458.78
⏰ 13:26:21 - Syncing IBKR prices... ✅ Updated 10 positions | Gold: $4458.64
⏰ 13:27:23 - Syncing IBKR prices... ✅ Updated 10 positions | Gold: $4453.48
⏰ 13:28:24 - Syncing IBKR prices... ✅ Updated 10 positions | Gold: $4451.65
⏰ 13:29:26 - Syncing IBKR prices... ✅ Updated 10 positions | Gold: $4462.69
⏰ 13:30:28 - Syncing IBKR prices... ✅ Updated 10 positions | Gold: $4459.34
⏰ 13:31:30 - Syncing IBKR prices... ✅ Updated 10 positions | Gold: $4466.82
⏰ 13:32:31 - Syncing IBKR prices... ✅ Updated 10 positions | Gold: $4456.69
⏰ 13:33:33 - Syncing IBKR prices... ✅ Updated 10 positions | Gold: $4456.02
⏰ 13:34:35 - Syncing IBKR prices... ✅ Updated 10 positions | Gold: $4460.64
⏰ 13:35:36 - Syncing IBKR prices... ✅ Updated 10 positions | Gold: $4450.52
⏰ 13:36:38 - Syncing IBKR prices... ✅ Updated 10 positions | Gold: $4454.74
⏰ 13:37:40 - Syncing IBKR prices... ✅ Updated 10 positions | Gold: $4462.68
⏰ 13:38:41 - Syncing IBKR prices... ✅ Updated 10 positions | Gold: $4454.88
⏰ 13:39:43 - Syncing IBKR prices... ✅ Updated 10 positions | Gold: $4466.46
⏰ 13:40:45 - Syncing IBKR prices... ✅ Updated 10 positions | Gold: $4459.47
⏰ 13:41:47 - Syncing IBKR prices... ✅ Updated 10 positions | Gold: $4458.27
⏰ 13:42:48 - Syncing IBKR prices... ✅ Updated 10 positions | Gold: $4455.67
⏰ 13:43:50 - Syncing IBKR prices... ✅ Updated 10 positions | Gold: $4458.64
⏰ 13:44:52 - Syncing IBKR prices... ✅ Updated 10 positions | Gold: $4450.14
⏰ 13:45:53 - Syncing IBKR prices... ✅ Updated 10 positions | Gold: $4450.44
⏰ 13:46:55 - Syncing IBKR prices... ✅ Updated 10 positions | Gold: $4458.37
⏰ 13:47:57 - Syncing IBKR prices... ✅ Updated 10 positions | Gold: $4468.50
⏰ 13:48:59 - Syncing IBKR prices... ✅ Updated 10 positions | Gold: $4460.94
⏰ 13:50:00 - Syncing IBKR prices... ✅ Updated 10 positions | Gold: $4459.51
⏰ 13:51:02 - Syncing IBKR prices... ✅ Updated 10 positions | Gold: $4455.67
⏰ 13:52:04 - Syncing IBKR prices... ✅ Updated 10 positions | Gold: $4469.20
⏰ 13:53:05 - Syncing IBKR prices... ✅ Updated 10 positions | Gold: $4465.93
⏰ 13:54:07 - Syncing IBKR prices... ✅ Updated 10 positions | Gold: $4464.48
⏰ 13:55:08 - Syncing IBKR prices... ✅ Updated 10 positions | Gold: $4463.02
⏰ 13:56:10 - Syncing IBKR prices... ✅ Updated 10 positions | Gold: $4451.39
⏰ 13:57:12 - Syncing IBKR prices... ✅ Updated 10 positions | Gold: $4452.43
⏰ 13:58:13 - Syncing IBKR prices... ✅ Updated 10 positions | Gold: $4455.85
⏰ 13:59:15 - Syncing IBKR prices... ✅ Updated 10 positions | Gold: $4455.49
⏰ 14:00:17 - Syncing IBKR prices... ✅ Updated 10 positions | Gold: $4451.54
⏰ 14:01:18 - Syncing IBKR prices... ✅ Updated 10 positions | Gold: $4450.02
⏰ 14:02:20 - Syncing IBKR prices... ✅ Updated 10 positions | Gold: $4455.05
⏰ 14:03:21 - Syncing IBKR prices... ✅ Updated 10 positions | Gold: $4459.62
⏰ 14:04:23 - Syncing IBKR prices... ✅ Updated 10 positions | Gold: $4462.53
⏰ 14:05:25 - Syncing IBKR prices... ✅ Updated 10 positions | Gold: $4460.53
⏰ 14:06:26 - Syncing IBKR prices... ✅ Updated 10 positions | Gold: $4452.00
⏰ 14:07:28 - Syncing IBKR prices... ✅ Updated 10 positions | Gold: $4451.11
⏰ 14:08:30 - Syncing IBKR prices... ✅ Updated 10 positions | Gold: $4457.54
⏰ 14:09:31 - Syncing IBKR prices... ✅ Updated 10 positions | Gold: $4464.29
⏰ 14:10:33 - Syncing IBKR prices... ✅ Updated 10 positions | Gold: $4469.26
⏰ 14:11:35 - Syncing IBKR prices... ✅ Updated 10 positions | Gold: $4457.17
⏰ 14:12:37 - Syncing IBKR prices... ✅ Updated 10 positions | Gold: $4451.24
⏰ 14:13:38 - Syncing IBKR prices... ✅ Updated 10 positions | Gold: $4452.77
⏰ 14:14:40 - Syncing IBKR prices... ✅ Updated 10 positions | Gold: $4454.40
⏰ 14:15:42 - Syncing IBKR prices... ✅ Updated 10 positions | Gold: $4460.41
⏰ 14:16:43 - Syncing IBKR prices... ✅ Updated 10 positions | Gold: $4452.64
⏰ 14:17:45 - Syncing IBKR prices... ✅ Updated 10 positions | Gold: $4450.71
⏰ 14:18:47 - Syncing IBKR prices... ✅ Updated 10 positions | Gold: $4466.20
⏰ 14:19:48 - Syncing IBKR prices... ✅ Updated 10 positions | Gold: $4456.89
⏰ 14:20:50 - Syncing IBKR prices... ✅ Updated 10 positions | Gold: $4464.02
⏰ 14:21:52 - Syncing IBKR prices... ✅ Updated 10 positions | Gold: $4468.82
⏰ 14:22:54 - Syncing IBKR prices... ✅ Updated 10 positions | Gold: $4467.87
⏰ 14:23:56 - Syncing IBKR prices... ✅ Updated 10 positions | Gold: $4463.38
⏰ 14:24:57 - Syncing IBKR prices... ✅ Updated 10 positions | Gold: $4453.46
⏰ 14:25:59 - Syncing IBKR prices... ✅ Updated 10 positions | Gold: $4465.63
⏰ 14:27:00 - Syncing IBKR prices... ✅ Updated 10 positions | Gold: $4468.37
⏰ 14:28:02 - Syncing IBKR prices... ✅ Updated 10 positions | Gold: $4464.24
⏰ 14:29:04 - Syncing IBKR prices... ✅ Updated 10 positions | Gold: $4469.72
⏰ 14:30:05 - Syncing IBKR prices... ✅ Updated 10 positions | Gold: $4456.42
⏰ 14:31:07 - Syncing IBKR prices... ✅ Updated 10 positions | Gold: $4465.11
⏰ 14:32:09 - Syncing IBKR prices... ✅ Updated 10 positions | Gold: $4451.12
⏰ 14:33:11 - Syncing IBKR prices... ✅ Updated 10 positions | Gold: $4466.13
⏰ 14:34:12 - Syncing IBKR prices... ✅ Updated 10 positions | Gold: $4451.94
⏰ 14:35:14 - Syncing IBKR prices... ✅ Updated 10 positions | Gold: $4450.18
⏰ 14:36:16 - Syncing IBKR prices... ✅ Updated 10 positions | Gold: $4454.78
⏰ 14:37:17 - Syncing IBKR prices... ✅ Updated 10 positions | Gold: $4468.15
⏰ 14:38:19 - Syncing IBKR prices... ✅ Updated 10 positions | Gold: $4458.96
⏰ 14:39:21 - Syncing IBKR prices... ✅ Updated 10 positions | Gold: $4451.11
⏰ 14:40:23 - Syncing IBKR prices... ✅ Updated 10 positions | Gold: $4460.54
⏰ 14:41:24 - Syncing IBKR prices... ✅ Updated 10 positions | Gold: $4466.47
⏰ 14:42:26 - Syncing IBKR prices... ✅ Updated 10 positions | Gold: $4462.89
⏰ 14:43:27 - Syncing IBKR prices... ✅ Updated 10 positions | Gold: $4462.24
⏰ 14:44:29 - Syncing IBKR prices... ✅ Updated 10 positions | Gold: $4457.33
⏰ 14:45:31 - Syncing IBKR prices... ✅ Updated 10 positions | Gold: $4454.50
⏰ 14:46:32 - Syncing IBKR prices... ✅ Updated 10 positions | Gold: $4450.90
⏰ 14:47:34 - Syncing IBKR prices... ✅ Updated 10 positions | Gold: $4464.10
⏰ 14:48:36 - Syncing IBKR prices... ✅ Updated 10 positions | Gold: $4461.17
⏰ 14:49:37 - Syncing IBKR prices... ✅ Updated 10 positions | Gold: $4461.05
⏰ 14:50:39 - Syncing IBKR prices... ✅ Updated 10 positions | Gold: $4464.79
⏰ 14:51:40 - Syncing IBKR prices... ✅ Updated 10 positions | Gold: $4454.56
⏰ 14:52:42 - Syncing IBKR prices... ✅ Updated 10 positions | Gold: $4457.61
⏰ 14:53:44 - Syncing IBKR prices... ✅ Updated 10 positions | Gold: $4467.03
⏰ 14:54:45 - Syncing IBKR prices... ✅ Updated 10 positions | Gold: $4454.79
⏰ 14:55:47 - Syncing IBKR prices... ✅ Updated 10 positions | Gold: $4456.56
⏰ 14:56:49 - Syncing IBKR prices... ✅ Updated 10 positions | Gold: $4456.80
⏰ 14:57:51 - Syncing IBKR prices... ✅ Updated 10 positions | Gold: $4456.50
⏰ 14:58:52 - Syncing IBKR prices... ✅ Updated 10 positions | Gold: $4453.14
⏰ 14:59:54 - Syncing IBKR prices... ✅ Updated 10 positions | Gold: $4459.59
⏰ 15:00:55 - Syncing IBKR prices... ✅ Updated 10 positions | Gold: $4464.01
⏰ 15:01:57 - Syncing IBKR prices... ✅ Updated 10 positions | Gold: $4452.13
⏰ 15:02:59 - Syncing IBKR prices... ✅ Updated 10 positions | Gold: $4460.26
⏰ 15:04:00 - Syncing IBKR prices... ✅ Updated 10 positions | Gold: $4469.69
⏰ 15:05:02 - Syncing IBKR prices... ✅ Updated 10 positions | Gold: $4465.77
⏰ 15:06:04 - Syncing IBKR prices... ✅ Updated 10 positions | Gold: $4455.97
⏰ 15:07:06 - Syncing IBKR prices... ✅ Updated 10 positions | Gold: $4467.97
⏰ 15:08:07 - Syncing IBKR prices... ✅ Updated 10 positions | Gold: $4466.54
⏰ 15:09:09 - Syncing IBKR prices... ✅ Updated 10 positions | Gold: $4454.80
⏰ 15:10:11 - Syncing IBKR prices... ✅ Updated 10 positions | Gold: $4467.96
⏰ 15:11:13 - Syncing IBKR prices... ✅ Updated 10 positions | Gold: $4466.68
⏰ 15:12:14 - Syncing IBKR prices... ✅ Updated 10 positions | Gold: $4467.54
⏰ 15:13:16 - Syncing IBKR prices... ✅ Updated 10 positions | Gold: $4462.26
⏰ 15:14:18 - Syncing IBKR prices... ✅ Updated 10 positions | Gold: $4462.42
⏰ 15:15:20 - Syncing IBKR prices... ✅ Updated 10 positions | Gold: $4450.91
⏰ 15:16:21 - Syncing IBKR prices... ✅ Updated 10 positions | Gold: $4468.82
⏰ 15:17:23 - Syncing IBKR prices... ✅ Updated 10 positions | Gold: $4450.52
⏰ 15:18:25 - Syncing IBKR prices... ✅ Updated 10 positions | Gold: $4464.36
⏰ 15:19:26 - Syncing IBKR prices... ✅ Updated 10 positions | Gold: $4455.96
⏰ 15:20:28 - Syncing IBKR prices... ✅ Updated 10 positions | Gold: $4456.09
⏰ 15:21:30 - Syncing IBKR prices... ✅ Updated 10 positions | Gold: $4467.76
⏰ 15:22:32 - Syncing IBKR prices... ✅ Updated 10 positions | Gold: $4453.29
⏰ 15:23:33 - Syncing IBKR prices... ✅ Updated 10 positions | Gold: $4469.77
⏰ 15:24:35 - Syncing IBKR prices... ✅ Updated 10 positions | Gold: $4462.63
⏰ 15:25:37 - Syncing IBKR prices... ✅ Updated 10 positions | Gold: $4454.13
⏰ 15:26:38 - Syncing IBKR prices... ✅ Updated 10 positions | Gold: $4455.82
⏰ 15:27:40 - Syncing IBKR prices... ✅ Updated 10 positions | Gold: $4460.62
⏰ 15:28:42 - Syncing IBKR prices... ✅ Updated 10 positions | Gold: $4452.54
⏰ 15:29:43 - Syncing IBKR prices... ✅ Updated 10 positions | Gold: $4453.98
⏰ 15:30:45 - Syncing IBKR prices... ✅ Updated 10 positions | Gold: $4458.97
⏰ 15:31:47 - Syncing IBKR prices... ✅ Updated 10 positions | Gold: $4453.72
⏰ 15:32:48 - Syncing IBKR prices... ✅ Updated 10 positions | Gold: $4469.39
⏰ 15:33:50 - Syncing IBKR prices... ✅ Updated 10 positions | Gold: $4452.67
⏰ 15:34:52 - Syncing IBKR prices... ✅ Updated 10 positions | Gold: $4458.91
⏰ 15:35:53 - Syncing IBKR prices... ✅ Updated 10 positions | Gold: $4462.22
⏰ 15:36:55 - Syncing IBKR prices... ✅ Updated 10 positions | Gold: $4469.25
⏰ 15:37:56 - Syncing IBKR prices... ✅ Updated 10 positions | Gold: $4466.00
⏰ 15:38:58 - Syncing IBKR prices... ✅ Updated 10 positions | Gold: $4461.96
⏰ 15:40:00 - Syncing IBKR prices... ✅ Updated 10 positions | Gold: $4463.66
⏰ 15:41:01 - Syncing IBKR prices... ✅ Updated 10 positions | Gold: $4459.02
⏰ 15:42:03 - Syncing IBKR prices... ✅ Updated 10 positions | Gold: $4463.88
⏰ 15:43:04 - Syncing IBKR prices... ✅ Updated 10 positions | Gold: $4462.74
⏰ 15:44:06 - Syncing IBKR prices... ✅ Updated 10 positions | Gold: $4465.41
⏰ 15:45:08 - Syncing IBKR prices... ✅ Updated 10 positions | Gold: $4452.81
⏰ 15:46:09 - Syncing IBKR prices... ✅ Updated 10 positions | Gold: $4456.80
⏰ 15:47:11 - Syncing IBKR prices... ✅ Updated 10 positions | Gold: $4465.51
⏰ 15:48:13 - Syncing IBKR prices... ✅ Updated 10 positions | Gold: $4454.43
⏰ 15:49:14 - Syncing IBKR prices... ✅ Updated 10 positions | Gold: $4460.65
⏰ 15:50:16 - Syncing IBKR prices... ✅ Updated 10 positions | Gold: $4459.28
⏰ 15:51:17 - Syncing IBKR prices... ✅ Updated 10 positions | Gold: $4450.28
⏰ 15:52:19 - Syncing IBKR prices... ✅ Updated 10 positions | Gold: $4452.19
⏰ 15:53:21 - Syncing IBKR prices... ✅ Updated 10 positions | Gold: $4457.32
⏰ 15:54:22 - Syncing IBKR prices... ✅ Updated 10 positions | Gold: $4459.72
⏰ 15:55:24 - Syncing IBKR prices... ✅ Updated 10 positions | Gold: $4467.34
⏰ 15:56:26 - Syncing IBKR prices... ✅ Updated 10 positions | Gold: $4457.20
⏰ 15:57:27 - Syncing IBKR prices... ✅ Updated 10 positions | Gold: $4454.62
⏰ 15:58:29 - Syncing IBKR prices... ✅ Updated 10 positions | Gold: $4468.50
⏰ 15:59:31 - Syncing IBKR prices... ✅ Updated 10 positions | Gold: $4458.03
⏰ 16:00:32 - Syncing IBKR prices... ✅ Updated 10 positions | Gold: $4454.53
⏰ 16:01:34 - Syncing IBKR prices... ✅ Updated 10 positions | Gold: $4452.23
⏰ 16:02:36 - Syncing IBKR prices... ✅ Updated 10 positions | Gold: $4469.62
⏰ 16:03:37 - Syncing IBKR prices... ✅ Updated 10 positions | Gold: $4456.02
⏰ 16:04:39 - Syncing IBKR prices... ✅ Updated 10 positions | Gold: $4453.24
⏰ 16:05:41 - Syncing IBKR prices... ✅ Updated 10 positions | Gold: $4455.97
⏰ 16:06:43 - Syncing IBKR prices... ✅ Updated 10 positions | Gold: $4453.66
⏰ 16:07:44 - Syncing IBKR prices... ✅ Updated 10 positions | Gold: $4459.41
⏰ 16:08:46 - Syncing IBKR prices... ✅ Updated 10 positions | Gold: $4462.11
⏰ 16:09:47 - Syncing IBKR prices... ✅ Updated 10 positions | Gold: $4453.11
⏰ 16:10:49 - Syncing IBKR prices... ✅ Updated 10 positions | Gold: $4463.16
⏰ 16:11:51 - Syncing IBKR prices... ✅ Updated 10 positions | Gold: $4455.47
⏰ 16:12:53 - Syncing IBKR prices... ✅ Updated 10 positions | Gold: $4459.78
⏰ 16:13:55 - Syncing IBKR prices... ✅ Updated 10 positions | Gold: $4463.46
⏰ 16:14:56 - Syncing IBKR prices... ✅ Updated 10 positions | Gold: $4463.71
⏰ 16:15:58 - Syncing IBKR prices... ✅ Updated 10 positions | Gold: $4467.46
⏰ 16:17:00 - Syncing IBKR prices... ✅ Updated 10 positions | Gold: $4464.38
⏰ 16:18:01 - Syncing IBKR prices... ✅ Updated 10 positions | Gold: $4467.81
⏰ 16:19:03 - Syncing IBKR prices... ✅ Updated 10 positions | Gold: $4469.24
⏰ 16:20:05 - Syncing IBKR prices... ✅ Updated 10 positions | Gold: $4458.27
⏰ 16:21:07 - Syncing IBKR prices... ✅ Updated 10 positions | Gold: $4469.75
⏰ 16:22:08 - Syncing IBKR prices... ✅ Updated 10 positions | Gold: $4467.08
⏰ 16:23:10 - Syncing IBKR prices... ✅ Updated 10 positions | Gold: $4457.50
⏰ 16:24:12 - Syncing IBKR prices... ✅ Updated 10 positions | Gold: $4464.32
⏰ 16:25:13 - Syncing IBKR prices... ✅ Updated 10 positions | Gold: $4457.97
⏰ 16:26:15 - Syncing IBKR prices... ✅ Updated 10 positions | Gold: $4460.33
⏰ 16:27:16 - Syncing IBKR prices... ✅ Updated 10 positions | Gold: $4451.16
⏰ 16:28:18 - Syncing IBKR prices... ✅ Updated 10 positions | Gold: $4460.41
⏰ 16:29:20 - Syncing IBKR prices... ✅ Updated 10 positions | Gold: $4459.69
⏰ 16:30:21 - Syncing IBKR prices... ✅ Updated 10 positions | Gold: $4466.05
⏰ 16:31:23 - Syncing IBKR prices... ✅ Updated 10 positions | Gold: $4468.57
⏰ 16:32:24 - Syncing IBKR prices... ✅ Updated 10 positions | Gold: $4462.51
⏰ 16:33:26 - Syncing IBKR prices... ✅ Updated 10 positions | Gold: $4452.26
⏰ 16:34:28 - Syncing IBKR prices... ✅ Updated 10 positions | Gold: $4450.41
⏰ 16:35:29 - Syncing IBKR prices... ✅ Updated 10 positions | Gold: $4455.67
⏰ 16:36:31 - Syncing IBKR prices... ✅ Updated 10 positions | Gold: $4457.36
⏰ 16:37:32 - Syncing IBKR prices... ✅ Updated 10 positions | Gold: $4461.43
⏰ 16:38:34 - Syncing IBKR prices... ✅ Updated 10 positions | Gold: $4465.63
⏰ 16:39:36 - Syncing IBKR prices... ✅ Updated 10 positions | Gold: $4451.21
⏰ 16:40:38 - Syncing IBKR prices... ✅ Updated 10 positions | Gold: $4457.19
⏰ 16:41:39 - Syncing IBKR prices... ✅ Updated 10 positions | Gold: $4469.91
⏰ 16:42:41 - Syncing IBKR prices... ✅ Updated 10 positions | Gold: $4462.92
⏰ 16:43:43 - Syncing IBKR prices... ✅ Updated 10 positions | Gold: $4466.42
⏰ 16:44:45 - Syncing IBKR prices... ✅ Updated 10 positions | Gold: $4459.65
⏰ 16:45:46 - Syncing IBKR prices... ✅ Updated 10 positions | Gold: $4450.26
⏰ 16:46:48 - Syncing IBKR prices... ✅ Updated 10 positions | Gold: $4468.65
⏰ 16:47:50 - Syncing IBKR prices... ✅ Updated 10 positions | Gold: $4469.98
⏰ 16:48:51 - Syncing IBKR prices... ✅ Updated 10 positions | Gold: $4456.36
⏰ 16:49:53 - Syncing IBKR prices... ✅ Updated 10 positions | Gold: $4452.13
⏰ 16:50:55 - Syncing IBKR prices... ✅ Updated 10 positions | Gold: $4462.10
⏰ 16:51:57 - Syncing IBKR prices... ✅ Updated 10 positions | Gold: $4453.20
⏰ 16:52:58 - Syncing IBKR prices... ✅ Updated 10 positions | Gold: $4464.97
⏰ 16:54:00 - Syncing IBKR prices... ✅ Updated 10 positions | Gold: $4468.67
⏰ 16:55:02 - Syncing IBKR prices... ✅ Updated 10 positions | Gold: $4452.04
⏰ 16:56:03 - Syncing IBKR prices... ✅ Updated 10 positions | Gold: $4467.56
⏰ 16:57:05 - Syncing IBKR prices... ✅ Updated 10 positions | Gold: $4458.51
⏰ 16:58:07 - Syncing IBKR prices... ✅ Updated 10 positions | Gold: $4452.02
⏰ 16:59:08 - Syncing IBKR prices... ✅ Updated 10 positions | Gold: $4454.12
⏰ 17:00:10 - Syncing IBKR prices... ✅ Updated 10 positions | Gold: $4461.62
⏰ 17:01:12 - Syncing IBKR prices... ✅ Updated 10 positions | Gold: $4456.07
⏰ 17:02:13 - Syncing IBKR prices... ✅ Updated 10 positions | Gold: $4463.52
⏰ 17:03:15 - Syncing IBKR prices... ✅ Updated 10 positions | Gold: $4460.85
⏰ 17:04:17 - Syncing IBKR prices... ✅ Updated 10 positions | Gold: $4459.96
⏰ 17:05:19 - Syncing IBKR prices... ✅ Updated 10 positions | Gold: $4461.21
⏰ 17:06:20 - Syncing IBKR prices... ✅ Updated 10 positions | Gold: $4462.33
⏰ 17:07:22 - Syncing IBKR prices... ✅ Updated 10 positions | Gold: $4459.12
⏰ 17:08:24 - Syncing IBKR prices... ✅ Updated 10 positions | Gold: $4461.25
⏰ 17:09:25 - Syncing IBKR prices... ✅ Updated 10 positions | Gold: $4457.49
⏰ 17:10:27 - Syncing IBKR prices... ✅ Updated 10 positions | Gold: $4455.46
⏰ 17:11:29 - Syncing IBKR prices... ✅ Updated 10 positions | Gold: $4463.52
⏰ 17:12:30 - Syncing IBKR prices... ✅ Updated 10 positions | Gold: $4459.53
⏰ 17:13:32 - Syncing IBKR prices... ✅ Updated 10 positions | Gold: $4458.02
⏰ 17:14:34 - Syncing IBKR prices... ✅ Updated 10 positions | Gold: $4456.36
⏰ 17:15:35 - Syncing IBKR prices... ✅ Updated 10 positions | Gold: $4468.12
⏰ 17:16:37 - Syncing IBKR prices... ✅ Updated 10 positions | Gold: $4456.72
⏰ 17:17:38 - Syncing IBKR prices... ✅ Updated 10 positions | Gold: $4465.03
⏰ 17:18:40 - Syncing IBKR prices... ✅ Updated 10 positions | Gold: $4460.77
⏰ 17:19:42 - Syncing IBKR prices... ✅ Updated 10 positions | Gold: $4467.48
⏰ 17:20:43 - Syncing IBKR prices... ✅ Updated 10 positions | Gold: $4458.01
⏰ 17:21:45 - Syncing IBKR prices... ✅ Updated 10 positions | Gold: $4469.24
⏰ 17:22:46 - Syncing IBKR prices... ✅ Updated 10 positions | Gold: $4454.82
⏰ 17:23:48 - Syncing IBKR prices... ✅ Updated 10 positions | Gold: $4460.11
⏰ 17:24:50 - Syncing IBKR prices... ✅ Updated 10 positions | Gold: $4454.39
⏰ 17:25:51 - Syncing IBKR prices... ✅ Updated 10 positions | Gold: $4456.45
⏰ 17:26:53 - Syncing IBKR prices... ✅ Updated 10 positions | Gold: $4456.73
⏰ 17:27:54 - Syncing IBKR prices... ✅ Updated 10 positions | Gold: $4452.63
⏰ 17:28:56 - Syncing IBKR prices... ✅ Updated 10 positions | Gold: $4453.88
⏰ 17:29:58 - Syncing IBKR prices... ✅ Updated 10 positions | Gold: $4455.46
⏰ 17:30:59 - Syncing IBKR prices... ✅ Updated 10 positions | Gold: $4463.21
⏰ 17:32:01 - Syncing IBKR prices... ✅ Updated 10 positions | Gold: $4452.33
⏰ 17:33:03 - Syncing IBKR prices... ✅ Updated 10 positions | Gold: $4462.82
⏰ 17:34:04 - Syncing IBKR prices... ✅ Updated 10 positions | Gold: $4469.48
⏰ 17:35:06 - Syncing IBKR prices... ✅ Updated 10 positions | Gold: $4464.27
⏰ 17:36:07 - Syncing IBKR prices... ✅ Updated 10 positions | Gold: $4469.73
⏰ 17:37:09 - Syncing IBKR prices... ✅ Updated 10 positions | Gold: $4450.62
⏰ 17:38:11 - Syncing IBKR prices... ✅ Updated 10 positions | Gold: $4469.66
⏰ 17:39:12 - Syncing IBKR prices... ✅ Updated 10 positions | Gold: $4458.76
⏰ 17:40:14 - Syncing IBKR prices... ✅ Updated 10 positions | Gold: $4468.20
⏰ 17:41:15 - Syncing IBKR prices... ✅ Updated 10 positions | Gold: $4458.51
⏰ 17:42:17 - Syncing IBKR prices... ✅ Updated 10 positions | Gold: $4454.25
⏰ 17:43:19 - Syncing IBKR prices... ✅ Updated 10 positions | Gold: $4460.14
⏰ 17:44:20 - Syncing IBKR prices... ✅ Updated 10 positions | Gold: $4453.68
⏰ 17:45:22 - Syncing IBKR prices... ✅ Updated 10 positions | Gold: $4452.02
⏰ 17:46:24 - Syncing IBKR prices... ✅ Updated 10 positions | Gold: $4462.41
⏰ 17:47:25 - Syncing IBKR prices... ✅ Updated 10 positions | Gold: $4453.45
⏰ 17:48:27 - Syncing IBKR prices... ✅ Updated 10 positions | Gold: $4454.94
⏰ 17:49:29 - Syncing IBKR prices... ✅ Updated 10 positions | Gold: $4461.99
⏰ 17:50:30 - Syncing IBKR prices... ✅ Updated 10 positions | Gold: $4469.90
⏰ 17:51:32 - Syncing IBKR prices... ✅ Updated 10 positions | Gold: $4458.27
⏰ 17:52:34 - Syncing IBKR prices... ✅ Updated 10 positions | Gold: $4459.50
⏰ 17:53:36 - Syncing IBKR prices... ✅ Updated 10 positions | Gold: $4458.60
⏰ 17:54:37 - Syncing IBKR prices... ✅ Updated 10 positions | Gold: $4468.77
⏰ 17:55:39 - Syncing IBKR prices... ✅ Updated 10 positions | Gold: $4462.73
⏰ 17:56:41 - Syncing IBKR prices... ✅ Updated 10 positions | Gold: $4459.57
⏰ 17:57:42 - Syncing IBKR prices... ✅ Updated 10 positions | Gold: $4464.71
⏰ 17:58:44 - Syncing IBKR prices... ✅ Updated 10 positions | Gold: $4451.75
⏰ 17:59:46 - Syncing IBKR prices... ✅ Updated 10 positions | Gold: $4468.47
⏰ 18:00:47 - Syncing IBKR prices... ✅ Updated 10 positions | Gold: $4467.77
⏰ 18:01:49 - Syncing IBKR prices... ✅ Updated 10 positions | Gold: $4452.62
⏰ 18:02:51 - Syncing IBKR prices... ✅ Updated 10 positions | Gold: $4461.88
⏰ 18:03:53 - Syncing IBKR prices... ✅ Updated 10 positions | Gold: $4460.26
⏰ 18:04:54 - Syncing IBKR prices... ✅ Updated 10 positions | Gold: $4463.14
⏰ 18:05:56 - Syncing IBKR prices... ✅ Updated 10 positions | Gold: $4464.12
⏰ 18:06:58 - Syncing IBKR prices... ✅ Updated 10 positions | Gold: $4450.44
⏰ 18:07:59 - Syncing IBKR prices... ✅ Updated 10 positions | Gold: $4456.74
⏰ 18:09:01 - Syncing IBKR prices... ✅ Updated 10 positions | Gold: $4450.68
⏰ 18:10:02 - Syncing IBKR prices... ✅ Updated 10 positions | Gold: $4453.54
⏰ 18:11:04 - Syncing IBKR prices... ✅ Updated 10 positions | Gold: $4450.07
⏰ 18:12:06 - Syncing IBKR prices... ✅ Updated 10 positions | Gold: $4463.86
⏰ 18:13:07 - Syncing IBKR prices... ✅ Updated 10 positions | Gold: $4465.93
⏰ 18:14:09 - Syncing IBKR prices... ✅ Updated 10 positions | Gold: $4466.61
⏰ 18:15:11 - Syncing IBKR prices... ✅ Updated 10 positions | Gold: $4457.63
⏰ 18:16:12 - Syncing IBKR prices... ✅ Updated 10 positions | Gold: $4462.82
⏰ 18:17:14 - Syncing IBKR prices... ✅ Updated 10 positions | Gold: $4457.83
⏰ 18:18:15 - Syncing IBKR prices... ✅ Updated 10 positions | Gold: $4458.38
⏰ 18:19:17 - Syncing IBKR prices... ✅ Updated 10 positions | Gold: $4460.53
⏰ 18:20:19 - Syncing IBKR prices... ✅ Updated 10 positions | Gold: $4469.25
⏰ 18:21:20 - Syncing IBKR prices... ✅ Updated 10 positions | Gold: $4451.71
⏰ 18:22:22 - Syncing IBKR prices... ✅ Updated 10 positions | Gold: $4459.93
⏰ 18:23:24 - Syncing IBKR prices... ✅ Updated 10 positions | Gold: $4461.00
⏰ 18:24:25 - Syncing IBKR prices... ✅ Updated 10 positions | Gold: $4458.02
⏰ 18:25:27 - Syncing IBKR prices... ✅ Updated 10 positions | Gold: $4464.50
⏰ 18:26:28 - Syncing IBKR prices... ✅ Updated 10 positions | Gold: $4454.32
⏰ 18:27:30 - Syncing IBKR prices... ✅ Updated 10 positions | Gold: $4469.50
⏰ 18:28:32 - Syncing IBKR prices... ✅ Updated 10 positions | Gold: $4469.02
⏰ 18:29:34 - Syncing IBKR prices... ✅ Updated 10 positions | Gold: $4455.73
⏰ 18:30:35 - Syncing IBKR prices... ✅ Updated 10 positions | Gold: $4450.29
⏰ 18:31:37 - Syncing IBKR prices... ✅ Updated 10 positions | Gold: $4463.76
⏰ 18:32:39 - Syncing IBKR prices... ✅ Updated 10 positions | Gold: $4458.76
⏰ 18:33:40 - Syncing IBKR prices... ✅ Updated 10 positions | Gold: $4453.22
⏰ 18:34:42 - Syncing IBKR prices... ✅ Updated 10 positions | Gold: $4459.63
⏰ 18:35:44 - Syncing IBKR prices... ✅ Updated 10 positions | Gold: $4459.81
⏰ 18:36:46 - Syncing IBKR prices... ✅ Updated 10 positions | Gold: $4455.82
⏰ 18:37:47 - Syncing IBKR prices... ✅ Updated 10 positions | Gold: $4458.95
⏰ 18:38:49 - Syncing IBKR prices... ✅ Updated 10 positions | Gold: $4465.52
⏰ 18:39:51 - Syncing IBKR prices... ✅ Updated 10 positions | Gold: $4458.15
⏰ 18:40:52 - Syncing IBKR prices... ✅ Updated 10 positions | Gold: $4462.74
⏰ 18:41:54 - Syncing IBKR prices... ✅ Updated 10 positions | Gold: $4457.50
⏰ 18:42:56 - Syncing IBKR prices... ✅ Updated 10 positions | Gold: $4459.41
⏰ 18:43:58 - Syncing IBKR prices... ✅ Updated 10 positions | Gold: $4468.78
⏰ 18:44:59 - Syncing IBKR prices... ✅ Updated 10 positions | Gold: $4450.98
⏰ 18:46:01 - Syncing IBKR prices... ✅ Updated 10 positions | Gold: $4463.21
⏰ 18:47:03 - Syncing IBKR prices... ✅ Updated 10 positions | Gold: $4456.24
⏰ 18:48:05 - Syncing IBKR prices... ✅ Updated 10 positions | Gold: $4462.10
⏰ 18:49:06 - Syncing IBKR prices... ✅ Updated 10 positions | Gold: $4453.29
⏰ 18:50:08 - Syncing IBKR prices... ✅ Updated 10 positions | Gold: $4465.45
⏰ 18:51:10 - Syncing IBKR prices... ✅ Updated 10 positions | Gold: $4454.97
⏰ 18:52:11 - Syncing IBKR prices... ✅ Updated 10 positions | Gold: $4451.91
⏰ 18:53:13 - Syncing IBKR prices... ✅ Updated 10 positions | Gold: $4468.13
⏰ 18:54:15 - Syncing IBKR prices... ✅ Updated 10 positions | Gold: $4462.61
⏰ 18:55:17 - Syncing IBKR prices... ✅ Updated 10 positions | Gold: $4455.45
⏰ 18:56:19 - Syncing IBKR prices... ✅ Updated 10 positions | Gold: $4463.26
⏰ 18:57:20 - Syncing IBKR prices... ✅ Updated 10 positions | Gold: $4455.73
⏰ 18:58:22 - Syncing IBKR prices... ✅ Updated 10 positions | Gold: $4461.69
⏰ 18:59:24 - Syncing IBKR prices... ✅ Updated 10 positions | Gold: $4467.21
⏰ 19:00:25 - Syncing IBKR prices... ✅ Updated 10 positions | Gold: $4460.57
⏰ 19:01:27 - Syncing IBKR prices... ✅ Updated 10 positions | Gold: $4456.77
⏰ 19:02:29 - Syncing IBKR prices... ✅ Updated 10 positions | Gold: $4456.17
⏰ 19:03:31 - Syncing IBKR prices... ✅ Updated 10 positions | Gold: $4464.92
⏰ 19:04:32 - Syncing IBKR prices... ✅ Updated 10 positions | Gold: $4455.40
⏰ 19:05:34 - Syncing IBKR prices... ✅ Updated 10 positions | Gold: $4466.57
⏰ 19:06:36 - Syncing IBKR prices... ✅ Updated 10 positions | Gold: $4456.05
⏰ 19:07:37 - Syncing IBKR prices... ✅ Updated 10 positions | Gold: $4452.37
⏰ 19:08:39 - Syncing IBKR prices... ✅ Updated 10 positions | Gold: $4451.88
⏰ 19:09:41 - Syncing IBKR prices... ✅ Updated 10 positions | Gold: $4468.04
⏰ 19:10:42 - Syncing IBKR prices... ✅ Updated 10 positions | Gold: $4455.84
⏰ 19:11:44 - Syncing IBKR prices... ✅ Updated 10 positions | Gold: $4455.32
⏰ 19:12:46 - Syncing IBKR prices... ✅ Updated 10 positions | Gold: $4450.69
⏰ 19:13:47 - Syncing IBKR prices... ✅ Updated 10 positions | Gold: $4467.07
⏰ 19:14:49 - Syncing IBKR prices... ✅ Updated 10 positions | Gold: $4466.18
⏰ 19:15:51 - Syncing IBKR prices... ✅ Updated 10 positions | Gold: $4465.03
⏰ 19:16:52 - Syncing IBKR prices... ✅ Updated 10 positions | Gold: $4453.96
⏰ 19:17:54 - Syncing IBKR prices... ✅ Updated 10 positions | Gold: $4468.03
⏰ 19:18:56 - Syncing IBKR prices... ✅ Updated 10 positions | Gold: $4452.58
⏰ 19:19:57 - Syncing IBKR prices... ✅ Updated 10 positions | Gold: $4466.53
⏰ 19:20:59 - Syncing IBKR prices... ✅ Updated 10 positions | Gold: $4455.91
⏰ 19:22:01 - Syncing IBKR prices... ✅ Updated 10 positions | Gold: $4463.37
⏰ 19:23:02 - Syncing IBKR prices... ✅ Updated 10 positions | Gold: $4459.02
⏰ 19:24:04 - Syncing IBKR prices... ✅ Updated 10 positions | Gold: $4453.70
⏰ 19:25:06 - Syncing IBKR prices... ✅ Updated 10 positions | Gold: $4458.55
⏰ 19:26:08 - Syncing IBKR prices... ✅ Updated 10 positions | Gold: $4456.88
⏰ 19:27:09 - Syncing IBKR prices... ✅ Updated 10 positions | Gold: $4468.33
⏰ 19:28:11 - Syncing IBKR prices... ✅ Updated 10 positions | Gold: $4452.10
⏰ 19:29:13 - Syncing IBKR prices... ✅ Updated 10 positions | Gold: $4451.21
⏰ 19:30:15 - Syncing IBKR prices... ✅ Updated 10 positions | Gold: $4455.10
⏰ 19:31:16 - Syncing IBKR prices... ✅ Updated 10 positions | Gold: $4466.01
⏰ 19:32:18 - Syncing IBKR prices... ✅ Updated 10 positions | Gold: $4456.09
⏰ 19:33:20 - Syncing IBKR prices... ✅ Updated 10 positions | Gold: $4459.54
⏰ 19:34:22 - Syncing IBKR prices... ✅ Updated 10 positions | Gold: $4454.44
⏰ 19:35:23 - Syncing IBKR prices... ✅ Updated 10 positions | Gold: $4450.82
⏰ 19:36:25 - Syncing IBKR prices... ✅ Updated 10 positions | Gold: $4458.60
⏰ 19:37:27 - Syncing IBKR prices... ✅ Updated 10 positions | Gold: $4451.63
⏰ 19:38:29 - Syncing IBKR prices... ✅ Updated 10 positions | Gold: $4456.80
⏰ 19:39:30 - Syncing IBKR prices... ✅ Updated 10 positions | Gold: $4468.43
⏰ 19:40:32 - Syncing IBKR prices... ✅ Updated 10 positions | Gold: $4468.22
⏰ 19:41:34 - Syncing IBKR prices... ✅ Updated 10 positions | Gold: $4469.23
⏰ 19:42:36 - Syncing IBKR prices... ✅ Updated 10 positions | Gold: $4453.85
⏰ 19:43:38 - Syncing IBKR prices... ✅ Updated 10 positions | Gold: $4462.96
⏰ 19:44:39 - Syncing IBKR prices... ✅ Updated 10 positions | Gold: $4466.00
⏰ 19:45:41 - Syncing IBKR prices... ✅ Updated 10 positions | Gold: $4464.59
⏰ 19:46:43 - Syncing IBKR prices... ✅ Updated 10 positions | Gold: $4469.29
⏰ 19:47:44 - Syncing IBKR prices... ✅ Updated 10 positions | Gold: $4468.19
⏰ 19:48:46 - Syncing IBKR prices... ✅ Updated 10 positions | Gold: $4465.53
⏰ 19:49:47 - Syncing IBKR prices... ✅ Updated 10 positions | Gold: $4453.95
⏰ 19:50:49 - Syncing IBKR prices... ✅ Updated 10 positions | Gold: $4460.18
⏰ 19:51:51 - Syncing IBKR prices... ✅ Updated 10 positions | Gold: $4459.01
⏰ 19:52:52 - Syncing IBKR prices... ✅ Updated 10 positions | Gold: $4456.52
⏰ 19:53:54 - Syncing IBKR prices... ✅ Updated 10 positions | Gold: $4469.40
⏰ 19:54:55 - Syncing IBKR prices... ✅ Updated 10 positions | Gold: $4461.22
⏰ 19:55:57 - Syncing IBKR prices... ✅ Updated 10 positions | Gold: $4464.06
⏰ 19:56:59 - Syncing IBKR prices... ✅ Updated 10 positions | Gold: $4455.97
⏰ 19:58:00 - Syncing IBKR prices... ✅ Updated 10 positions | Gold: $4452.06
⏰ 19:59:02 - Syncing IBKR prices... ✅ Updated 10 positions | Gold: $4451.63
⏰ 20:00:03 - Syncing IBKR prices... ✅ Updated 10 positions | Gold: $4468.84
⏰ 20:01:05 - Syncing IBKR prices... ✅ Updated 10 positions | Gold: $4453.19
⏰ 20:02:07 - Syncing IBKR prices... ✅ Updated 10 positions | Gold: $4463.28
⏰ 20:03:08 - Syncing IBKR prices... ✅ Updated 10 positions | Gold: $4460.51
⏰ 20:04:10 - Syncing IBKR prices... ✅ Updated 10 positions | Gold: $4452.04
⏰ 20:05:12 - Syncing IBKR prices... ✅ Updated 10 positions | Gold: $4465.52
⏰ 20:06:13 - Syncing IBKR prices... ✅ Updated 10 positions | Gold: $4459.56
⏰ 20:07:15 - Syncing IBKR prices... ✅ Updated 10 positions | Gold: $4456.53
⏰ 20:08:16 - Syncing IBKR prices... ✅ Updated 10 positions | Gold: $4453.17
⏰ 20:09:18 - Syncing IBKR prices... ✅ Updated 10 positions | Gold: $4454.42
⏰ 20:10:20 - Syncing IBKR prices... ✅ Updated 10 positions | Gold: $4458.81
⏰ 20:11:21 - Syncing IBKR prices... ✅ Updated 10 positions | Gold: $4453.73
⏰ 20:12:23 - Syncing IBKR prices... ✅ Updated 10 positions | Gold: $4456.51
⏰ 20:13:25 - Syncing IBKR prices... ✅ Updated 10 positions | Gold: $4459.78
⏰ 20:14:27 - Syncing IBKR prices... ✅ Updated 10 positions | Gold: $4462.63
⏰ 20:15:29 - Syncing IBKR prices... ✅ Updated 10 positions | Gold: $4469.80
⏰ 20:16:30 - Syncing IBKR prices... ✅ Updated 10 positions | Gold: $4462.68
⏰ 20:17:32 - Syncing IBKR prices... ✅ Updated 10 positions | Gold: $4468.05
⏰ 20:18:34 - Syncing IBKR prices... ✅ Updated 10 positions | Gold: $4457.02
⏰ 20:19:35 - Syncing IBKR prices... ✅ Updated 10 positions | Gold: $4458.35
⏰ 20:20:37 - Syncing IBKR prices... ✅ Updated 10 positions | Gold: $4465.26
⏰ 20:21:38 - Syncing IBKR prices... ✅ Updated 10 positions | Gold: $4466.00
⏰ 20:22:40 - Syncing IBKR prices... ✅ Updated 10 positions | Gold: $4452.61
⏰ 20:23:42 - Syncing IBKR prices... ✅ Updated 10 positions | Gold: $4459.50
⏰ 20:24:43 - Syncing IBKR prices... ✅ Updated 10 positions | Gold: $4454.69
⏰ 20:25:45 - Syncing IBKR prices... ✅ Updated 10 positions | Gold: $4461.92
⏰ 20:26:47 - Syncing IBKR prices... ✅ Updated 10 positions | Gold: $4457.74
⏰ 20:27:49 - Syncing IBKR prices... ✅ Updated 10 positions | Gold: $4468.17
⏰ 20:28:50 - Syncing IBKR prices... ✅ Updated 10 positions | Gold: $4469.54
⏰ 20:29:52 - Syncing IBKR prices... ✅ Updated 10 positions | Gold: $4452.19
⏰ 20:30:54 - Syncing IBKR prices... ✅ Updated 10 positions | Gold: $4453.52
⏰ 20:31:56 - Syncing IBKR prices... ✅ Updated 10 positions | Gold: $4453.55
⏰ 20:32:57 - Syncing IBKR prices... ✅ Updated 10 positions | Gold: $4455.14
⏰ 20:33:59 - Syncing IBKR prices... ✅ Updated 10 positions | Gold: $4456.92
⏰ 20:35:01 - Syncing IBKR prices... ✅ Updated 10 positions | Gold: $4469.58
⏰ 20:36:02 - Syncing IBKR prices... ✅ Updated 10 positions | Gold: $4468.40
⏰ 20:37:04 - Syncing IBKR prices... ✅ Updated 10 positions | Gold: $4462.84
⏰ 20:38:06 - Syncing IBKR prices... ✅ Updated 10 positions | Gold: $4452.13
⏰ 20:39:07 - Syncing IBKR prices... ✅ Updated 10 positions | Gold: $4457.35
⏰ 20:40:09 - Syncing IBKR prices... ✅ Updated 10 positions | Gold: $4451.13
⏰ 20:41:10 - Syncing IBKR prices... ✅ Updated 10 positions | Gold: $4455.23
⏰ 20:42:12 - Syncing IBKR prices... ✅ Updated 10 positions | Gold: $4454.62
⏰ 20:43:14 - Syncing IBKR prices... ✅ Updated 10 positions | Gold: $4454.61
⏰ 20:44:15 - Syncing IBKR prices... ✅ Updated 10 positions | Gold: $4455.18
⏰ 20:45:17 - Syncing IBKR prices... ✅ Updated 10 positions | Gold: $4455.89
⏰ 20:46:18 - Syncing IBKR prices... ✅ Updated 10 positions | Gold: $4467.05
⏰ 20:47:20 - Syncing IBKR prices... ✅ Updated 10 positions | Gold: $4466.95
⏰ 20:48:22 - Syncing IBKR prices... ✅ Updated 10 positions | Gold: $4460.75
⏰ 20:49:23 - Syncing IBKR prices... ✅ Updated 10 positions | Gold: $4464.68
⏰ 20:50:25 - Syncing IBKR prices... ✅ Updated 10 positions | Gold: $4453.75
⏰ 20:51:26 - Syncing IBKR prices... ✅ Updated 10 positions | Gold: $4452.89
⏰ 20:52:28 - Syncing IBKR prices... ✅ Updated 10 positions | Gold: $4461.09
⏰ 20:53:30 - Syncing IBKR prices... ✅ Updated 10 positions | Gold: $4462.19
⏰ 20:54:31 - Syncing IBKR prices... ✅ Updated 10 positions | Gold: $4451.55
⏰ 20:55:33 - Syncing IBKR prices... ✅ Updated 10 positions | Gold: $4450.81
⏰ 20:56:35 - Syncing IBKR prices... ✅ Updated 10 positions | Gold: $4463.66
⏰ 20:57:36 - Syncing IBKR prices... ✅ Updated 10 positions | Gold: $4456.03
⏰ 20:58:38 - Syncing IBKR prices... ✅ Updated 10 positions | Gold: $4467.29
⏰ 20:59:39 - Syncing IBKR prices... ✅ Updated 10 positions | Gold: $4450.81
⏰ 21:00:41 - Syncing IBKR prices... ✅ Updated 10 positions | Gold: $4450.38
⏰ 21:01:43 - Syncing IBKR prices... ✅ Updated 10 positions | Gold: $4456.07
⏰ 21:02:44 - Syncing IBKR prices... ✅ Updated 10 positions | Gold: $4450.14
⏰ 21:03:46 - Syncing IBKR prices... ✅ Updated 10 positions | Gold: $4460.25
⏰ 21:04:48 - Syncing IBKR prices... ✅ Updated 10 positions | Gold: $4460.92
⏰ 21:05:49 - Syncing IBKR prices... ✅ Updated 10 positions | Gold: $4451.69
⏰ 21:06:51 - Syncing IBKR prices... ✅ Updated 10 positions | Gold: $4464.01
⏰ 21:07:52 - Syncing IBKR prices... ✅ Updated 10 positions | Gold: $4456.43
⏰ 21:08:54 - Syncing IBKR prices... ✅ Updated 10 positions | Gold: $4461.15
⏰ 21:09:56 - Syncing IBKR prices... ✅ Updated 10 positions | Gold: $4457.04
⏰ 21:10:57 - Syncing IBKR prices... ✅ Updated 10 positions | Gold: $4453.04
⏰ 21:11:59 - Syncing IBKR prices... ✅ Updated 10 positions | Gold: $4455.96
⏰ 21:13:01 - Syncing IBKR prices... ✅ Updated 10 positions | Gold: $4459.72
⏰ 21:14:02 - Syncing IBKR prices... ✅ Updated 10 positions | Gold: $4465.51
⏰ 21:15:05 - Syncing IBKR prices... ✅ Updated 10 positions | Gold: $4453.77
⏰ 21:16:06 - Syncing IBKR prices... ✅ Updated 10 positions | Gold: $4469.63
⏰ 21:17:08 - Syncing IBKR prices... ✅ Updated 10 positions | Gold: $4456.93
⏰ 21:18:10 - Syncing IBKR prices... ✅ Updated 10 positions | Gold: $4453.32
⏰ 21:19:11 - Syncing IBKR prices... ✅ Updated 10 positions | Gold: $4458.50
⏰ 21:20:13 - Syncing IBKR prices... ✅ Updated 10 positions | Gold: $4450.88
⏰ 21:21:15 - Syncing IBKR prices... ✅ Updated 10 positions | Gold: $4465.81
⏰ 21:22:16 - Syncing IBKR prices... ✅ Updated 10 positions | Gold: $4451.60
⏰ 21:23:18 - Syncing IBKR prices... ✅ Updated 10 positions | Gold: $4457.47
⏰ 21:24:20 - Syncing IBKR prices... ✅ Updated 10 positions | Gold: $4458.20
⏰ 21:25:21 - Syncing IBKR prices... ✅ Updated 10 positions | Gold: $4458.26
⏰ 21:26:23 - Syncing IBKR prices... ✅ Updated 10 positions | Gold: $4454.21
⏰ 21:27:25 - Syncing IBKR prices... ✅ Updated 10 positions | Gold: $4460.45
⏰ 21:28:26 - Syncing IBKR prices... ✅ Updated 10 positions | Gold: $4450.93
⏰ 21:29:28 - Syncing IBKR prices... ✅ Updated 10 positions | Gold: $4456.42
⏰ 21:30:30 - Syncing IBKR prices... ✅ Updated 10 positions | Gold: $4461.33
⏰ 21:31:31 - Syncing IBKR prices... ✅ Updated 10 positions | Gold: $4451.94
⏰ 21:32:33 - Syncing IBKR prices... ✅ Updated 10 positions | Gold: $4458.73
⏰ 21:33:34 - Syncing IBKR prices... ✅ Updated 10 positions | Gold: $4461.43
⏰ 21:34:36 - Syncing IBKR prices... ✅ Updated 10 positions | Gold: $4454.50
⏰ 21:35:38 - Syncing IBKR prices... ✅ Updated 10 positions | Gold: $4455.18
⏰ 21:36:39 - Syncing IBKR prices... ✅ Updated 10 positions | Gold: $4462.90
⏰ 21:37:41 - Syncing IBKR prices... ✅ Updated 10 positions | Gold: $4463.95
⏰ 21:38:42 - Syncing IBKR prices... ✅ Updated 10 positions | Gold: $4466.77
⏰ 21:39:44 - Syncing IBKR prices... ✅ Updated 10 positions | Gold: $4467.68
⏰ 21:40:45 - Syncing IBKR prices... ✅ Updated 10 positions | Gold: $4451.50
⏰ 21:41:47 - Syncing IBKR prices... ✅ Updated 10 positions | Gold: $4451.72
⏰ 21:42:49 - Syncing IBKR prices... ✅ Updated 10 positions | Gold: $4455.39
⏰ 21:43:51 - Syncing IBKR prices... ✅ Updated 10 positions | Gold: $4466.91
⏰ 21:44:52 - Syncing IBKR prices... ✅ Updated 10 positions | Gold: $4460.07
⏰ 21:45:54 - Syncing IBKR prices... ✅ Updated 10 positions | Gold: $4464.03
⏰ 21:46:55 - Syncing IBKR prices... ✅ Updated 10 positions | Gold: $4467.28
⏰ 21:47:57 - Syncing IBKR prices... ✅ Updated 10 positions | Gold: $4462.73
⏰ 21:48:58 - Syncing IBKR prices... ✅ Updated 10 positions | Gold: $4462.42
⏰ 21:50:00 - Syncing IBKR prices... ✅ Updated 10 positions | Gold: $4465.57
⏰ 21:51:02 - Syncing IBKR prices... ✅ Updated 10 positions | Gold: $4465.20
⏰ 21:52:03 - Syncing IBKR prices... ✅ Updated 10 positions | Gold: $4456.03
⏰ 21:53:05 - Syncing IBKR prices... ✅ Updated 10 positions | Gold: $4452.58
⏰ 21:54:07 - Syncing IBKR prices... ✅ Updated 10 positions | Gold: $4455.88
⏰ 21:55:08 - Syncing IBKR prices... ✅ Updated 10 positions | Gold: $4462.17
⏰ 21:56:10 - Syncing IBKR prices... ✅ Updated 10 positions | Gold: $4460.04
⏰ 21:57:11 - Syncing IBKR prices... ✅ Updated 10 positions | Gold: $4458.81
⏰ 21:58:13 - Syncing IBKR prices... ✅ Updated 10 positions | Gold: $4468.82
⏰ 21:59:15 - Syncing IBKR prices... ✅ Updated 10 positions | Gold: $4464.08
⏰ 22:00:16 - Syncing IBKR prices... ✅ Updated 10 positions | Gold: $4468.82
⏰ 22:01:18 - Syncing IBKR prices... ✅ Updated 10 positions | Gold: $4467.36
⏰ 22:02:20 - Syncing IBKR prices... ✅ Updated 10 positions | Gold: $4467.06
⏰ 22:03:21 - Syncing IBKR prices... ✅ Updated 10 positions | Gold: $4466.93
⏰ 22:04:23 - Syncing IBKR prices... ✅ Updated 10 positions | Gold: $4455.59
⏰ 22:05:24 - Syncing IBKR prices... ✅ Updated 10 positions | Gold: $4466.01
⏰ 22:06:26 - Syncing IBKR prices... ✅ Updated 10 positions | Gold: $4450.59
⏰ 22:07:28 - Syncing IBKR prices... ✅ Updated 10 positions | Gold: $4465.27
⏰ 22:08:29 - Syncing IBKR prices... ✅ Updated 10 positions | Gold: $4464.96
⏰ 22:09:31 - Syncing IBKR prices... ✅ Updated 10 positions | Gold: $4454.97
⏰ 22:10:33 - Syncing IBKR prices... ✅ Updated 10 positions | Gold: $4451.72
⏰ 22:11:34 - Syncing IBKR prices... ✅ Updated 10 positions | Gold: $4464.45
⏰ 22:12:36 - Syncing IBKR prices... ✅ Updated 10 positions | Gold: $4458.67
⏰ 22:13:38 - Syncing IBKR prices... ✅ Updated 10 positions | Gold: $4453.69
⏰ 22:14:40 - Syncing IBKR prices... ✅ Updated 10 positions | Gold: $4458.13
⏰ 22:15:41 - Syncing IBKR prices... ✅ Updated 10 positions | Gold: $4456.27
⏰ 22:16:43 - Syncing IBKR prices... ✅ Updated 10 positions | Gold: $4462.01
⏰ 22:17:45 - Syncing IBKR prices... ✅ Updated 10 positions | Gold: $4466.05
⏰ 22:18:46 - Syncing IBKR prices... ✅ Updated 10 positions | Gold: $4458.30
⏰ 22:19:48 - Syncing IBKR prices... ✅ Updated 10 positions | Gold: $4452.29
⏰ 22:20:50 - Syncing IBKR prices... ✅ Updated 10 positions | Gold: $4461.28
⏰ 22:21:51 - Syncing IBKR prices... ✅ Updated 10 positions | Gold: $4460.37
⏰ 22:22:53 - Syncing IBKR prices... ✅ Updated 10 positions | Gold: $4460.01
⏰ 22:23:54 - Syncing IBKR prices... ✅ Updated 10 positions | Gold: $4452.24
⏰ 22:24:56 - Syncing IBKR prices... ✅ Updated 10 positions | Gold: $4465.82
⏰ 22:25:58 - Syncing IBKR prices... ✅ Updated 10 positions | Gold: $4462.24
⏰ 22:26:59 - Syncing IBKR prices... ✅ Updated 10 positions | Gold: $4467.46
⏰ 22:28:01 - Syncing IBKR prices... ✅ Updated 10 positions | Gold: $4469.23
⏰ 22:29:02 - Syncing IBKR prices... ✅ Updated 10 positions | Gold: $4467.27
⏰ 22:30:04 - Syncing IBKR prices... ✅ Updated 10 positions | Gold: $4452.09
⏰ 22:31:06 - Syncing IBKR prices... ✅ Updated 10 positions | Gold: $4462.38
⏰ 22:32:07 - Syncing IBKR prices... ✅ Updated 10 positions | Gold: $4451.24
⏰ 22:33:09 - Syncing IBKR prices... ✅ Updated 10 positions | Gold: $4456.94
⏰ 22:34:11 - Syncing IBKR prices... ✅ Updated 10 positions | Gold: $4460.65
⏰ 22:35:12 - Syncing IBKR prices... ✅ Updated 10 positions | Gold: $4460.34
⏰ 22:36:14 - Syncing IBKR prices... ✅ Updated 10 positions | Gold: $4453.97
⏰ 22:37:15 - Syncing IBKR prices... ✅ Updated 10 positions | Gold: $4464.79
⏰ 22:38:17 - Syncing IBKR prices... ✅ Updated 10 positions | Gold: $4456.93
⏰ 22:39:18 - Syncing IBKR prices... ✅ Updated 10 positions | Gold: $4463.52
⏰ 22:40:20 - Syncing IBKR prices... ✅ Updated 10 positions | Gold: $4458.65
⏰ 22:41:22 - Syncing IBKR prices... ✅ Updated 10 positions | Gold: $4465.88
⏰ 22:42:23 - Syncing IBKR prices... ✅ Updated 10 positions | Gold: $4458.17
⏰ 22:43:25 - Syncing IBKR prices... ✅ Updated 10 positions | Gold: $4454.28
⏰ 22:44:27 - Syncing IBKR prices... ✅ Updated 10 positions | Gold: $4468.99
⏰ 22:45:29 - Syncing IBKR prices... ✅ Updated 10 positions | Gold: $4457.51
⏰ 22:46:30 - Syncing IBKR prices... ✅ Updated 10 positions | Gold: $4452.41
⏰ 22:47:32 - Syncing IBKR prices... ✅ Updated 10 positions | Gold: $4455.06
⏰ 22:48:33 - Syncing IBKR prices... ✅ Updated 10 positions | Gold: $4461.57
⏰ 22:49:35 - Syncing IBKR prices... ✅ Updated 10 positions | Gold: $4458.88
⏰ 22:50:36 - Syncing IBKR prices... ✅ Updated 10 positions | Gold: $4466.81
⏰ 22:51:38 - Syncing IBKR prices... ✅ Updated 10 positions | Gold: $4462.83
⏰ 22:52:40 - Syncing IBKR prices... ✅ Updated 10 positions | Gold: $4467.07
⏰ 22:53:41 - Syncing IBKR prices... ✅ Updated 10 positions | Gold: $4453.30
⏰ 22:54:43 - Syncing IBKR prices... ✅ Updated 10 positions | Gold: $4457.37
⏰ 22:55:45 - Syncing IBKR prices... ✅ Updated 10 positions | Gold: $4468.83
⏰ 22:56:47 - Syncing IBKR prices... ✅ Updated 10 positions | Gold: $4456.89
⏰ 22:57:48 - Syncing IBKR prices... ✅ Updated 10 positions | Gold: $4453.28
⏰ 22:58:50 - Syncing IBKR prices... ✅ Updated 10 positions | Gold: $4459.55
⏰ 22:59:51 - Syncing IBKR prices... ✅ Updated 10 positions | Gold: $4458.50
⏰ 23:00:53 - Syncing IBKR prices... ✅ Updated 10 positions | Gold: $4460.28
⏰ 23:01:55 - Syncing IBKR prices... ✅ Updated 10 positions | Gold: $4458.84
⏰ 23:02:57 - Syncing IBKR prices... ✅ Updated 10 positions | Gold: $4451.75
⏰ 23:03:58 - Syncing IBKR prices... ✅ Updated 10 positions | Gold: $4451.34
⏰ 23:05:00 - Syncing IBKR prices... ✅ Updated 10 positions | Gold: $4465.26
⏰ 23:06:02 - Syncing IBKR prices... ✅ Updated 10 positions | Gold: $4455.08
⏰ 23:07:03 - Syncing IBKR prices... ✅ Updated 10 positions | Gold: $4461.23
⏰ 23:08:05 - Syncing IBKR prices... ✅ Updated 10 positions | Gold: $4452.90
⏰ 23:09:07 - Syncing IBKR prices... ✅ Updated 10 positions | Gold: $4467.21
⏰ 23:10:08 - Syncing IBKR prices... ✅ Updated 10 positions | Gold: $4469.11
⏰ 23:11:10 - Syncing IBKR prices... ✅ Updated 10 positions | Gold: $4467.88
⏰ 23:12:11 - Syncing IBKR prices... ✅ Updated 10 positions | Gold: $4465.33
⏰ 23:13:13 - Syncing IBKR prices... ✅ Updated 10 positions | Gold: $4469.91
⏰ 23:14:14 - Syncing IBKR prices... ✅ Updated 10 positions | Gold: $4467.34
⏰ 23:15:16 - Syncing IBKR prices... ✅ Updated 10 positions | Gold: $4469.54
⏰ 23:16:18 - Syncing IBKR prices... ✅ Updated 10 positions | Gold: $4452.58
⏰ 23:17:19 - Syncing IBKR prices... ✅ Updated 10 positions | Gold: $4461.28
⏰ 23:18:21 - Syncing IBKR prices... ✅ Updated 10 positions | Gold: $4468.28
⏰ 23:19:22 - Syncing IBKR prices... ✅ Updated 10 positions | Gold: $4456.36
⏰ 23:20:24 - Syncing IBKR prices... ✅ Updated 10 positions | Gold: $4453.13
⏰ 23:21:25 - Syncing IBKR prices... ✅ Updated 10 positions | Gold: $4450.35
⏰ 23:22:27 - Syncing IBKR prices... ✅ Updated 10 positions | Gold: $4455.71
⏰ 23:23:29 - Syncing IBKR prices... ✅ Updated 10 positions | Gold: $4460.14
⏰ 23:24:30 - Syncing IBKR prices... ✅ Updated 10 positions | Gold: $4456.84
⏰ 23:25:32 - Syncing IBKR prices... ✅ Updated 10 positions | Gold: $4463.08
⏰ 23:26:33 - Syncing IBKR prices... ✅ Updated 10 positions | Gold: $4464.26
⏰ 23:27:35 - Syncing IBKR prices... ✅ Updated 10 positions | Gold: $4459.23
⏰ 23:28:36 - Syncing IBKR prices... ✅ Updated 10 positions | Gold: $4454.04
⏰ 23:29:38 - Syncing IBKR prices... ✅ Updated 10 positions | Gold: $4467.57
⏰ 23:30:39 - Syncing IBKR prices... ✅ Updated 10 positions | Gold: $4460.29
⏰ 23:31:41 - Syncing IBKR prices... ✅ Updated 10 positions | Gold: $4465.03
⏰ 23:32:43 - Syncing IBKR prices... ✅ Updated 10 positions | Gold: $4464.59
⏰ 23:33:44 - Syncing IBKR prices... ✅ Updated 10 positions | Gold: $4467.77
⏰ 23:34:46 - Syncing IBKR prices... ✅ Updated 10 positions | Gold: $4468.91
⏰ 23:35:47 - Syncing IBKR prices... ✅ Updated 10 positions | Gold: $4453.52
⏰ 23:36:49 - Syncing IBKR prices... ✅ Updated 10 positions | Gold: $4464.20
⏰ 23:37:50 - Syncing IBKR prices... ✅ Updated 10 positions | Gold: $4455.37
⏰ 23:38:52 - Syncing IBKR prices... ✅ Updated 10 positions | Gold: $4456.92
⏰ 23:39:54 - Syncing IBKR prices... ✅ Updated 10 positions | Gold: $4461.82
⏰ 23:40:55 - Syncing IBKR prices... ✅ Updated 10 positions | Gold: $4455.45
⏰ 23:41:57 - Syncing IBKR prices... ✅ Updated 10 positions | Gold: $4458.40
⏰ 23:42:58 - Syncing IBKR prices... ✅ Updated 10 positions | Gold: $4457.49
⏰ 23:44:00 - Syncing IBKR prices... ✅ Updated 10 positions | Gold: $4455.80
⏰ 23:45:02 - Syncing IBKR prices... ✅ Updated 10 positions | Gold: $4461.00
⏰ 23:46:04 - Syncing IBKR prices... ✅ Updated 10 positions | Gold: $4457.45
⏰ 23:47:05 - Syncing IBKR prices... ✅ Updated 10 positions | Gold: $4465.95
⏰ 23:48:07 - Syncing IBKR prices... ✅ Updated 10 positions | Gold: $4454.80
⏰ 23:49:09 - Syncing IBKR prices... ✅ Updated 10 positions | Gold: $4450.90
⏰ 23:50:10 - Syncing IBKR prices... ✅ Updated 10 positions | Gold: $4465.28
⏰ 23:51:12 - Syncing IBKR prices... ✅ Updated 10 positions | Gold: $4457.45
⏰ 23:52:13 - Syncing IBKR prices... ✅ Updated 10 positions | Gold: $4460.44
⏰ 23:53:15 - Syncing IBKR prices... ✅ Updated 10 positions | Gold: $4459.63
⏰ 23:54:17 - Syncing IBKR prices... ✅ Updated 10 positions | Gold: $4461.16
⏰ 23:55:18 - Syncing IBKR prices... ✅ Updated 10 positions | Gold: $4451.77
⏰ 23:56:20 - Syncing IBKR prices... ✅ Updated 10 positions | Gold: $4463.16
⏰ 23:57:22 - Syncing IBKR prices... ✅ Updated 10 positions | Gold: $4455.62
⏰ 23:58:23 - Syncing IBKR prices... ✅ Updated 10 positions | Gold: $4453.18
⏰ 23:59:25 - Syncing IBKR prices... ✅ Updated 10 positions | Gold: $4451.36
⏰ 00:00:27 - Syncing IBKR prices... ✅ Updated 10 positions | Gold: $4465.81
⏰ 00:01:28 - Syncing IBKR prices... ✅ Updated 10 positions | Gold: $4461.77
⏰ 00:02:30 - Syncing IBKR prices... ✅ Updated 10 positions | Gold: $4454.33
⏰ 00:03:31 - Syncing IBKR prices... ✅ Updated 10 positions | Gold: $4456.03
⏰ 00:04:33 - Syncing IBKR prices... ✅ Updated 10 positions | Gold: $4452.69
⏰ 00:05:34 - Syncing IBKR prices... ✅ Updated 10 positions | Gold: $4467.41
⏰ 00:06:36 - Syncing IBKR prices... ✅ Updated 10 positions | Gold: $4457.85
⏰ 00:07:38 - Syncing IBKR prices... ✅ Updated 10 positions | Gold: $4464.48
⏰ 00:08:39 - Syncing IBKR prices... ✅ Updated 10 positions | Gold: $4452.89
⏰ 00:09:41 - Syncing IBKR prices... ✅ Updated 10 positions | Gold: $4451.54
⏰ 00:10:42 - Syncing IBKR prices... ✅ Updated 10 positions | Gold: $4466.66
⏰ 00:11:44 - Syncing IBKR prices... ✅ Updated 10 positions | Gold: $4456.98
⏰ 00:12:46 - Syncing IBKR prices... ✅ Updated 10 positions | Gold: $4454.95
⏰ 00:13:47 - Syncing IBKR prices... ✅ Updated 10 positions | Gold: $4457.20
⏰ 00:14:49 - Syncing IBKR prices... ✅ Updated 10 positions | Gold: $4451.44
⏰ 00:15:50 - Syncing IBKR prices... ✅ Updated 10 positions | Gold: $4451.47
⏰ 00:16:52 - Syncing IBKR prices... ✅ Updated 10 positions | Gold: $4468.51
⏰ 00:17:54 - Syncing IBKR prices... ✅ Updated 10 positions | Gold: $4466.40
⏰ 00:18:55 - Syncing IBKR prices... ✅ Updated 10 positions | Gold: $4450.92
⏰ 00:19:57 - Syncing IBKR prices... ✅ Updated 10 positions | Gold: $4461.21
⏰ 00:20:58 - Syncing IBKR prices... ✅ Updated 10 positions | Gold: $4456.13
⏰ 00:22:00 - Syncing IBKR prices... ✅ Updated 10 positions | Gold: $4454.67
⏰ 00:23:02 - Syncing IBKR prices... ✅ Updated 10 positions | Gold: $4459.69
⏰ 00:24:04 - Syncing IBKR prices... ✅ Updated 10 positions | Gold: $4465.84
⏰ 00:25:05 - Syncing IBKR prices... ✅ Updated 10 positions | Gold: $4469.17
⏰ 00:26:07 - Syncing IBKR prices... ✅ Updated 10 positions | Gold: $4453.26
⏰ 00:27:09 - Syncing IBKR prices... ✅ Updated 10 positions | Gold: $4468.01
⏰ 00:28:10 - Syncing IBKR prices... ✅ Updated 10 positions | Gold: $4460.63
⏰ 00:29:12 - Syncing IBKR prices... ✅ Updated 10 positions | Gold: $4457.89
⏰ 00:30:13 - Syncing IBKR prices... ✅ Updated 10 positions | Gold: $4455.68
⏰ 00:31:15 - Syncing IBKR prices... ✅ Updated 10 positions | Gold: $4453.62
⏰ 00:32:17 - Syncing IBKR prices... ✅ Updated 10 positions | Gold: $4458.97
⏰ 00:33:18 - Syncing IBKR prices... ✅ Updated 10 positions | Gold: $4461.72
⏰ 00:34:20 - Syncing IBKR prices... ✅ Updated 10 positions | Gold: $4458.60
⏰ 00:35:22 - Syncing IBKR prices... ✅ Updated 10 positions | Gold: $4459.35
⏰ 00:36:23 - Syncing IBKR prices... ✅ Updated 10 positions | Gold: $4465.75
⏰ 00:37:25 - Syncing IBKR prices... ✅ Updated 10 positions | Gold: $4453.34
⏰ 00:38:27 - Syncing IBKR prices... ✅ Updated 10 positions | Gold: $4458.25
⏰ 00:39:28 - Syncing IBKR prices... ✅ Updated 10 positions | Gold: $4460.39
⏰ 00:40:30 - Syncing IBKR prices... ✅ Updated 10 positions | Gold: $4462.57
⏰ 00:41:31 - Syncing IBKR prices... ✅ Updated 10 positions | Gold: $4451.14
⏰ 00:42:33 - Syncing IBKR prices... ✅ Updated 10 positions | Gold: $4464.00
⏰ 00:43:35 - Syncing IBKR prices... ✅ Updated 10 positions | Gold: $4468.09
⏰ 00:44:37 - Syncing IBKR prices... ✅ Updated 10 positions | Gold: $4456.87
⏰ 00:45:38 - Syncing IBKR prices... ✅ Updated 10 positions | Gold: $4450.06
⏰ 00:46:40 - Syncing IBKR prices... ✅ Updated 10 positions | Gold: $4451.35
⏰ 00:47:41 - Syncing IBKR prices... ✅ Updated 10 positions | Gold: $4453.46
⏰ 00:48:43 - Syncing IBKR prices... ✅ Updated 10 positions | Gold: $4451.52
⏰ 00:49:45 - Syncing IBKR prices... ✅ Updated 10 positions | Gold: $4463.30
⏰ 00:50:46 - Syncing IBKR prices... ✅ Updated 10 positions | Gold: $4456.32
⏰ 00:51:48 - Syncing IBKR prices... ✅ Updated 10 positions | Gold: $4461.12
⏰ 00:52:50 - Syncing IBKR prices... ✅ Updated 10 positions | Gold: $4453.50
⏰ 00:53:51 - Syncing IBKR prices... ✅ Updated 10 positions | Gold: $4463.42
⏰ 00:54:53 - Syncing IBKR prices... ✅ Updated 10 positions | Gold: $4463.56
⏰ 00:55:55 - Syncing IBKR prices... ✅ Updated 10 positions | Gold: $4465.25
⏰ 00:56:56 - Syncing IBKR prices... ✅ Updated 10 positions | Gold: $4462.23
⏰ 00:57:58 - Syncing IBKR prices... ✅ Updated 10 positions | Gold: $4453.31
⏰ 00:58:59 - Syncing IBKR prices... ✅ Updated 10 positions | Gold: $4467.47
⏰ 01:00:01 - Syncing IBKR prices... ✅ Updated 10 positions | Gold: $4466.78
⏰ 01:01:02 - Syncing IBKR prices... ✅ Updated 10 positions | Gold: $4463.59
⏰ 01:02:04 - Syncing IBKR prices... ✅ Updated 10 positions | Gold: $4460.91
⏰ 01:03:06 - Syncing IBKR prices... ✅ Updated 10 positions | Gold: $4456.18
⏰ 01:04:07 - Syncing IBKR prices... ✅ Updated 10 positions | Gold: $4461.54
⏰ 01:05:09 - Syncing IBKR prices... ✅ Updated 10 positions | Gold: $4466.90
⏰ 01:06:10 - Syncing IBKR prices... ✅ Updated 10 positions | Gold: $4468.15
⏰ 01:07:12 - Syncing IBKR prices... ✅ Updated 10 positions | Gold: $4457.36
⏰ 01:08:13 - Syncing IBKR prices... ✅ Updated 10 positions | Gold: $4454.77
⏰ 01:09:15 - Syncing IBKR prices... ✅ Updated 10 positions | Gold: $4465.69
⏰ 01:10:16 - Syncing IBKR prices... ✅ Updated 10 positions | Gold: $4458.56
⏰ 01:11:18 - Syncing IBKR prices... ✅ Updated 10 positions | Gold: $4466.92
⏰ 01:12:20 - Syncing IBKR prices... ✅ Updated 10 positions | Gold: $4458.23
⏰ 01:13:21 - Syncing IBKR prices... ✅ Updated 10 positions | Gold: $4461.42
⏰ 01:14:23 - Syncing IBKR prices... ✅ Updated 10 positions | Gold: $4469.36
⏰ 01:15:26 - Syncing IBKR prices... ✅ Updated 10 positions | Gold: $4469.31
⏰ 01:16:27 - Syncing IBKR prices... ✅ Updated 10 positions | Gold: $4452.60
⏰ 01:17:29 - Syncing IBKR prices... ✅ Updated 10 positions | Gold: $4462.65
⏰ 01:18:30 - Syncing IBKR prices... ✅ Updated 10 positions | Gold: $4460.41
⏰ 01:19:32 - Syncing IBKR prices... ✅ Updated 10 positions | Gold: $4451.47
⏰ 01:20:33 - Syncing IBKR prices... ✅ Updated 10 positions | Gold: $4454.78
⏰ 01:21:35 - Syncing IBKR prices... ✅ Updated 10 positions | Gold: $4462.55
⏰ 01:22:36 - Syncing IBKR prices... ✅ Updated 10 positions | Gold: $4454.25
⏰ 01:23:38 - Syncing IBKR prices... ✅ Updated 10 positions | Gold: $4462.77
⏰ 01:24:40 - Syncing IBKR prices... ✅ Updated 10 positions | Gold: $4450.58
⏰ 01:25:42 - Syncing IBKR prices... ✅ Updated 10 positions | Gold: $4465.65
⏰ 01:26:44 - Syncing IBKR prices... ✅ Updated 10 positions | Gold: $4452.77
⏰ 01:27:45 - Syncing IBKR prices... ✅ Updated 10 positions | Gold: $4465.44
⏰ 01:28:47 - Syncing IBKR prices... ✅ Updated 10 positions | Gold: $4452.81
⏰ 01:29:48 - Syncing IBKR prices... ✅ Updated 10 positions | Gold: $4462.51
⏰ 01:30:50 - Syncing IBKR prices... ✅ Updated 10 positions | Gold: $4456.28
⏰ 01:31:51 - Syncing IBKR prices... ✅ Updated 10 positions | Gold: $4454.11
⏰ 01:32:53 - Syncing IBKR prices... ✅ Updated 10 positions | Gold: $4454.94
⏰ 01:33:54 - Syncing IBKR prices... ✅ Updated 10 positions | Gold: $4451.75
⏰ 01:34:56 - Syncing IBKR prices... ✅ Updated 10 positions | Gold: $4462.37
⏰ 01:35:58 - Syncing IBKR prices... ✅ Updated 10 positions | Gold: $4468.73
⏰ 01:36:59 - Syncing IBKR prices... ✅ Updated 10 positions | Gold: $4456.54
⏰ 01:38:00 - Syncing IBKR prices... ✅ Updated 10 positions | Gold: $4461.71
⏰ 01:39:02 - Syncing IBKR prices... ✅ Updated 10 positions | Gold: $4453.52
⏰ 01:40:03 - Syncing IBKR prices... ✅ Updated 10 positions | Gold: $4460.14
⏰ 01:41:05 - Syncing IBKR prices... ✅ Updated 10 positions | Gold: $4460.75
⏰ 01:42:07 - Syncing IBKR prices... ✅ Updated 10 positions | Gold: $4462.81
⏰ 01:43:08 - Syncing IBKR prices... ✅ Updated 10 positions | Gold: $4455.00
⏰ 01:44:10 - Syncing IBKR prices... ✅ Updated 10 positions | Gold: $4460.31
⏰ 01:45:11 - Syncing IBKR prices... ✅ Updated 10 positions | Gold: $4467.68
⏰ 01:46:13 - Syncing IBKR prices... ✅ Updated 10 positions | Gold: $4466.21
⏰ 01:47:14 - Syncing IBKR prices... ✅ Updated 10 positions | Gold: $4456.46
⏰ 01:48:16 - Syncing IBKR prices... ✅ Updated 10 positions | Gold: $4465.80
⏰ 01:49:18 - Syncing IBKR prices... ✅ Updated 10 positions | Gold: $4452.13
⏰ 01:50:19 - Syncing IBKR prices... ✅ Updated 10 positions | Gold: $4462.87
⏰ 01:51:20 - Syncing IBKR prices... ✅ Updated 10 positions | Gold: $4457.68
⏰ 01:52:22 - Syncing IBKR prices... ✅ Updated 10 positions | Gold: $4466.18
⏰ 01:53:23 - Syncing IBKR prices... ✅ Updated 10 positions | Gold: $4459.38
⏰ 01:54:25 - Syncing IBKR prices... ✅ Updated 10 positions | Gold: $4460.26
⏰ 01:55:26 - Syncing IBKR prices... ✅ Updated 10 positions | Gold: $4454.29
⏰ 01:56:28 - Syncing IBKR prices... ✅ Updated 10 positions | Gold: $4465.58
⏰ 01:57:29 - Syncing IBKR prices... ✅ Updated 10 positions | Gold: $4460.91
⏰ 01:58:31 - Syncing IBKR prices... ✅ Updated 10 positions | Gold: $4465.24
⏰ 01:59:32 - Syncing IBKR prices... ✅ Updated 10 positions | Gold: $4464.85
⏰ 02:00:34 - Syncing IBKR prices... ✅ Updated 10 positions | Gold: $4461.49
⏰ 02:01:35 - Syncing IBKR prices... ✅ Updated 10 positions | Gold: $4461.21
⏰ 02:02:36 - Syncing IBKR prices... ✅ Updated 10 positions | Gold: $4458.08
⏰ 02:03:38 - Syncing IBKR prices... ✅ Updated 10 positions | Gold: $4456.17
⏰ 02:04:39 - Syncing IBKR prices... ✅ Updated 10 positions | Gold: $4450.32
⏰ 02:05:41 - Syncing IBKR prices... ✅ Updated 10 positions | Gold: $4466.89
⏰ 02:06:42 - Syncing IBKR prices... ✅ Updated 10 positions | Gold: $4458.17
⏰ 02:07:44 - Syncing IBKR prices... ✅ Updated 10 positions | Gold: $4454.47
⏰ 02:08:45 - Syncing IBKR prices... ✅ Updated 10 positions | Gold: $4452.56
⏰ 02:09:47 - Syncing IBKR prices... ✅ Updated 10 positions | Gold: $4459.23
⏰ 02:10:48 - Syncing IBKR prices... ✅ Updated 10 positions | Gold: $4456.48
⏰ 02:11:50 - Syncing IBKR prices... ✅ Updated 10 positions | Gold: $4462.98
⏰ 02:12:51 - Syncing IBKR prices... ✅ Updated 10 positions | Gold: $4457.11
⏰ 02:13:53 - Syncing IBKR prices... ✅ Updated 10 positions | Gold: $4462.19
⏰ 02:14:54 - Syncing IBKR prices... ✅ Updated 10 positions | Gold: $4462.87
⏰ 02:15:55 - Syncing IBKR prices... ✅ Updated 10 positions | Gold: $4467.11
⏰ 02:16:57 - Syncing IBKR prices... ✅ Updated 10 positions | Gold: $4451.40
⏰ 02:17:58 - Syncing IBKR prices... ✅ Updated 10 positions | Gold: $4464.11
⏰ 02:19:00 - Syncing IBKR prices... ✅ Updated 10 positions | Gold: $4468.66
⏰ 02:20:01 - Syncing IBKR prices... ✅ Updated 10 positions | Gold: $4467.63
⏰ 02:21:03 - Syncing IBKR prices... ✅ Updated 10 positions | Gold: $4460.15
⏰ 02:22:04 - Syncing IBKR prices... ✅ Updated 10 positions | Gold: $4464.98
⏰ 02:23:06 - Syncing IBKR prices... ✅ Updated 10 positions | Gold: $4463.79
⏰ 02:24:07 - Syncing IBKR prices... ✅ Updated 10 positions | Gold: $4458.44
⏰ 02:25:09 - Syncing IBKR prices... ✅ Updated 10 positions | Gold: $4450.13
⏰ 02:26:10 - Syncing IBKR prices... ✅ Updated 10 positions | Gold: $4463.47
⏰ 02:27:12 - Syncing IBKR prices... ✅ Updated 10 positions | Gold: $4454.54
⏰ 02:28:13 - Syncing IBKR prices... ✅ Updated 10 positions | Gold: $4455.88
⏰ 02:29:15 - Syncing IBKR prices... ✅ Updated 10 positions | Gold: $4461.43
⏰ 02:30:16 - Syncing IBKR prices... ✅ Updated 10 positions | Gold: $4460.39
⏰ 02:31:18 - Syncing IBKR prices... ✅ Updated 10 positions | Gold: $4469.32
⏰ 02:32:20 - Syncing IBKR prices... ✅ Updated 10 positions | Gold: $4452.55
⏰ 02:33:21 - Syncing IBKR prices... ✅ Updated 10 positions | Gold: $4461.86
⏰ 02:34:23 - Syncing IBKR prices... ✅ Updated 10 positions | Gold: $4468.45
⏰ 02:35:25 - Syncing IBKR prices... ✅ Updated 10 positions | Gold: $4469.21
⏰ 02:36:26 - Syncing IBKR prices... ✅ Updated 10 positions | Gold: $4458.57
⏰ 02:37:28 - Syncing IBKR prices... ✅ Updated 10 positions | Gold: $4462.41
⏰ 02:38:29 - Syncing IBKR prices... ✅ Updated 10 positions | Gold: $4466.66
⏰ 02:39:31 - Syncing IBKR prices... ✅ Updated 10 positions | Gold: $4458.76
⏰ 02:40:32 - Syncing IBKR prices... ✅ Updated 10 positions | Gold: $4467.25
⏰ 02:41:34 - Syncing IBKR prices... ✅ Updated 10 positions | Gold: $4468.90
⏰ 02:42:36 - Syncing IBKR prices... ✅ Updated 10 positions | Gold: $4463.92
⏰ 02:43:37 - Syncing IBKR prices... ✅ Updated 10 positions | Gold: $4464.19
⏰ 02:44:39 - Syncing IBKR prices... ✅ Updated 10 positions | Gold: $4458.67
⏰ 02:45:40 - Syncing IBKR prices... ✅ Updated 10 positions | Gold: $4455.20
⏰ 02:46:42 - Syncing IBKR prices... ✅ Updated 10 positions | Gold: $4460.04
⏰ 02:47:43 - Syncing IBKR prices... ✅ Updated 10 positions | Gold: $4458.61
⏰ 02:48:45 - Syncing IBKR prices... ✅ Updated 10 positions | Gold: $4465.62
⏰ 02:49:46 - Syncing IBKR prices... ✅ Updated 10 positions | Gold: $4462.37
⏰ 02:50:48 - Syncing IBKR prices... ✅ Updated 10 positions | Gold: $4465.16
⏰ 02:51:49 - Syncing IBKR prices... ✅ Updated 10 positions | Gold: $4461.89
⏰ 02:52:50 - Syncing IBKR prices... ✅ Updated 10 positions | Gold: $4460.33
⏰ 02:53:52 - Syncing IBKR prices... ✅ Updated 10 positions | Gold: $4463.94
⏰ 02:54:54 - Syncing IBKR prices... ✅ Updated 10 positions | Gold: $4468.37
⏰ 02:55:55 - Syncing IBKR prices... ✅ Updated 10 positions | Gold: $4468.85
⏰ 02:56:57 - Syncing IBKR prices... ✅ Updated 10 positions | Gold: $4465.17
⏰ 02:57:58 - Syncing IBKR prices... ✅ Updated 10 positions | Gold: $4460.98
⏰ 02:59:00 - Syncing IBKR prices... ✅ Updated 10 positions | Gold: $4468.48
⏰ 03:00:01 - Syncing IBKR prices... ✅ Updated 10 positions | Gold: $4450.25
⏰ 03:01:03 - Syncing IBKR prices... ✅ Updated 10 positions | Gold: $4458.40
⏰ 03:02:04 - Syncing IBKR prices... ✅ Updated 10 positions | Gold: $4465.86
⏰ 03:03:05 - Syncing IBKR prices... ✅ Updated 10 positions | Gold: $4468.65
⏰ 03:04:07 - Syncing IBKR prices... ✅ Updated 10 positions | Gold: $4461.77
⏰ 03:05:09 - Syncing IBKR prices... ✅ Updated 10 positions | Gold: $4463.23
⏰ 03:06:10 - Syncing IBKR prices... ✅ Updated 10 positions | Gold: $4459.04
⏰ 03:07:12 - Syncing IBKR prices... ✅ Updated 10 positions | Gold: $4453.94
⏰ 03:08:13 - Syncing IBKR prices... ✅ Updated 10 positions | Gold: $4458.50
⏰ 03:09:15 - Syncing IBKR prices... ✅ Updated 10 positions | Gold: $4467.74
⏰ 03:10:16 - Syncing IBKR prices... ✅ Updated 10 positions | Gold: $4464.81
⏰ 03:11:17 - Syncing IBKR prices... ✅ Updated 10 positions | Gold: $4469.93
⏰ 03:12:19 - Syncing IBKR prices... ✅ Updated 10 positions | Gold: $4452.15
⏰ 03:13:20 - Syncing IBKR prices... ✅ Updated 10 positions | Gold: $4463.29
⏰ 03:14:22 - Syncing IBKR prices... ✅ Updated 10 positions | Gold: $4468.84
⏰ 03:15:24 - Syncing IBKR prices... ✅ Updated 10 positions | Gold: $4451.68
⏰ 03:16:25 - Syncing IBKR prices... ✅ Updated 10 positions | Gold: $4465.22
⏰ 03:17:27 - Syncing IBKR prices... ✅ Updated 10 positions | Gold: $4463.82
⏰ 03:18:28 - Syncing IBKR prices... ✅ Updated 10 positions | Gold: $4464.29
⏰ 03:19:30 - Syncing IBKR prices... ✅ Updated 10 positions | Gold: $4469.19
⏰ 03:20:31 - Syncing IBKR prices... ✅ Updated 10 positions | Gold: $4458.46
⏰ 03:21:33 - Syncing IBKR prices... ✅ Updated 10 positions | Gold: $4460.53
⏰ 03:22:34 - Syncing IBKR prices... ✅ Updated 10 positions | Gold: $4462.55
⏰ 03:23:36 - Syncing IBKR prices... ✅ Updated 10 positions | Gold: $4456.57
⏰ 03:24:37 - Syncing IBKR prices... ✅ Updated 10 positions | Gold: $4462.20
⏰ 03:25:39 - Syncing IBKR prices... ✅ Updated 10 positions | Gold: $4463.59
⏰ 03:26:40 - Syncing IBKR prices... ✅ Updated 10 positions | Gold: $4451.85
⏰ 03:27:42 - Syncing IBKR prices... ✅ Updated 10 positions | Gold: $4464.19
⏰ 03:28:43 - Syncing IBKR prices... ✅ Updated 10 positions | Gold: $4459.09
⏰ 03:29:45 - Syncing IBKR prices... ✅ Updated 10 positions | Gold: $4465.54
⏰ 03:30:46 - Syncing IBKR prices... ✅ Updated 10 positions | Gold: $4466.98
⏰ 03:31:48 - Syncing IBKR prices... ✅ Updated 10 positions | Gold: $4450.94
⏰ 03:32:49 - Syncing IBKR prices... ✅ Updated 10 positions | Gold: $4450.24
⏰ 03:33:51 - Syncing IBKR prices... ✅ Updated 10 positions | Gold: $4450.10
⏰ 03:34:53 - Syncing IBKR prices... ✅ Updated 10 positions | Gold: $4462.92
⏰ 03:35:54 - Syncing IBKR prices... ✅ Updated 10 positions | Gold: $4464.27
⏰ 03:36:56 - Syncing IBKR prices... ✅ Updated 10 positions | Gold: $4465.75
⏰ 03:37:58 - Syncing IBKR prices... ✅ Updated 10 positions | Gold: $4457.67
⏰ 03:38:59 - Syncing IBKR prices... ✅ Updated 10 positions | Gold: $4462.19
⏰ 03:40:01 - Syncing IBKR prices... ✅ Updated 10 positions | Gold: $4465.68
⏰ 03:41:02 - Syncing IBKR prices... ✅ Updated 10 positions | Gold: $4465.83
⏰ 03:42:04 - Syncing IBKR prices... ✅ Updated 10 positions | Gold: $4466.00
⏰ 03:43:05 - Syncing IBKR prices... ✅ Updated 10 positions | Gold: $4458.76
⏰ 03:44:07 - Syncing IBKR prices... ✅ Updated 10 positions | Gold: $4464.61
⏰ 03:45:08 - Syncing IBKR prices... ✅ Updated 10 positions | Gold: $4455.49
⏰ 03:46:10 - Syncing IBKR prices... ✅ Updated 10 positions | Gold: $4450.52
⏰ 03:47:11 - Syncing IBKR prices... ✅ Updated 10 positions | Gold: $4455.77
⏰ 03:48:13 - Syncing IBKR prices... ✅ Updated 10 positions | Gold: $4460.12
⏰ 03:49:14 - Syncing IBKR prices... ✅ Updated 10 positions | Gold: $4468.33
⏰ 03:50:16 - Syncing IBKR prices... ✅ Updated 10 positions | Gold: $4457.23
⏰ 03:51:17 - Syncing IBKR prices... ✅ Updated 10 positions | Gold: $4453.29
⏰ 03:52:19 - Syncing IBKR prices... ✅ Updated 10 positions | Gold: $4467.07
⏰ 03:53:20 - Syncing IBKR prices... ✅ Updated 10 positions | Gold: $4468.39
⏰ 03:54:22 - Syncing IBKR prices... ✅ Updated 10 positions | Gold: $4453.35
⏰ 03:55:23 - Syncing IBKR prices... ✅ Updated 10 positions | Gold: $4465.98
⏰ 03:56:25 - Syncing IBKR prices... ✅ Updated 10 positions | Gold: $4453.12
⏰ 03:57:26 - Syncing IBKR prices... ✅ Updated 10 positions | Gold: $4466.56
⏰ 03:58:28 - Syncing IBKR prices... ✅ Updated 10 positions | Gold: $4456.81
⏰ 03:59:29 - Syncing IBKR prices... ✅ Updated 10 positions | Gold: $4461.86
⏰ 04:00:31 - Syncing IBKR prices... ✅ Updated 10 positions | Gold: $4455.64
⏰ 04:01:32 - Syncing IBKR prices... ✅ Updated 10 positions | Gold: $4458.28
⏰ 04:02:34 - Syncing IBKR prices... ✅ Updated 10 positions | Gold: $4462.61
⏰ 04:03:35 - Syncing IBKR prices... ✅ Updated 10 positions | Gold: $4468.78
⏰ 04:04:37 - Syncing IBKR prices... ✅ Updated 10 positions | Gold: $4467.04
⏰ 04:05:38 - Syncing IBKR prices... ✅ Updated 10 positions | Gold: $4453.76
⏰ 04:06:40 - Syncing IBKR prices... ✅ Updated 10 positions | Gold: $4451.78
⏰ 04:07:41 - Syncing IBKR prices... ✅ Updated 10 positions | Gold: $4469.76
⏰ 04:08:42 - Syncing IBKR prices... ✅ Updated 10 positions | Gold: $4460.66
⏰ 04:09:44 - Syncing IBKR prices... ✅ Updated 10 positions | Gold: $4450.32
⏰ 04:10:45 - Syncing IBKR prices... ✅ Updated 10 positions | Gold: $4462.32
⏰ 04:11:47 - Syncing IBKR prices... ✅ Updated 10 positions | Gold: $4461.03
⏰ 04:12:49 - Syncing IBKR prices... ✅ Updated 10 positions | Gold: $4464.30
⏰ 04:13:51 - Syncing IBKR prices... ✅ Updated 10 positions | Gold: $4466.04
⏰ 04:14:52 - Syncing IBKR prices... ✅ Updated 10 positions | Gold: $4458.57
⏰ 04:15:54 - Syncing IBKR prices... ✅ Updated 10 positions | Gold: $4465.68
⏰ 04:16:56 - Syncing IBKR prices... ✅ Updated 10 positions | Gold: $4460.12
⏰ 04:17:58 - Syncing IBKR prices... ✅ Updated 10 positions | Gold: $4456.47
⏰ 04:18:59 - Syncing IBKR prices... ✅ Updated 10 positions | Gold: $4452.60
⏰ 04:20:01 - Syncing IBKR prices... ✅ Updated 10 positions | Gold: $4455.13
⏰ 04:21:03 - Syncing IBKR prices... ✅ Updated 10 positions | Gold: $4460.62
⏰ 04:22:05 - Syncing IBKR prices... ✅ Updated 10 positions | Gold: $4459.80
⏰ 04:23:07 - Syncing IBKR prices... ✅ Updated 10 positions | Gold: $4467.47
⏰ 04:24:08 - Syncing IBKR prices... ✅ Updated 10 positions | Gold: $4460.81
⏰ 04:25:10 - Syncing IBKR prices... ✅ Updated 10 positions | Gold: $4464.84
⏰ 04:26:12 - Syncing IBKR prices... ✅ Updated 10 positions | Gold: $4460.61
⏰ 04:27:14 - Syncing IBKR prices... ✅ Updated 10 positions | Gold: $4455.79
⏰ 04:28:16 - Syncing IBKR prices... ✅ Updated 10 positions | Gold: $4462.64
⏰ 04:29:17 - Syncing IBKR prices... ✅ Updated 10 positions | Gold: $4454.34
⏰ 04:30:19 - Syncing IBKR prices... ✅ Updated 10 positions | Gold: $4463.41
⏰ 04:31:21 - Syncing IBKR prices... ✅ Updated 10 positions | Gold: $4459.89
⏰ 04:32:23 - Syncing IBKR prices... ✅ Updated 10 positions | Gold: $4453.64
⏰ 04:33:25 - Syncing IBKR prices... ✅ Updated 10 positions | Gold: $4466.78
⏰ 04:34:27 - Syncing IBKR prices... ✅ Updated 10 positions | Gold: $4459.51
⏰ 04:35:28 - Syncing IBKR prices... ✅ Updated 10 positions | Gold: $4460.17
⏰ 04:36:30 - Syncing IBKR prices... ✅ Updated 10 positions | Gold: $4454.91
⏰ 04:37:32 - Syncing IBKR prices... ✅ Updated 10 positions | Gold: $4465.60
⏰ 04:38:33 - Syncing IBKR prices... ✅ Updated 10 positions | Gold: $4456.52
⏰ 04:39:35 - Syncing IBKR prices... ✅ Updated 10 positions | Gold: $4456.80
⏰ 04:40:37 - Syncing IBKR prices... ✅ Updated 10 positions | Gold: $4469.75
⏰ 04:41:38 - Syncing IBKR prices... ✅ Updated 10 positions | Gold: $4452.71
⏰ 04:42:40 - Syncing IBKR prices... ✅ Updated 10 positions | Gold: $4453.97
⏰ 04:43:42 - Syncing IBKR prices... ✅ Updated 10 positions | Gold: $4453.23
⏰ 04:44:43 - Syncing IBKR prices... ✅ Updated 10 positions | Gold: $4466.62
⏰ 04:45:45 - Syncing IBKR prices... ✅ Updated 10 positions | Gold: $4456.49
⏰ 04:46:47 - Syncing IBKR prices... ✅ Updated 10 positions | Gold: $4451.80
⏰ 04:47:49 - Syncing IBKR prices... ✅ Updated 10 positions | Gold: $4455.65
⏰ 04:48:50 - Syncing IBKR prices... ✅ Updated 10 positions | Gold: $4457.81
⏰ 04:49:52 - Syncing IBKR prices... ✅ Updated 10 positions | Gold: $4460.38
⏰ 04:50:54 - Syncing IBKR prices... ✅ Updated 10 positions | Gold: $4453.18
⏰ 04:51:55 - Syncing IBKR prices... ✅ Updated 10 positions | Gold: $4453.11
⏰ 04:52:57 - Syncing IBKR prices... ✅ Updated 10 positions | Gold: $4469.48
⏰ 04:53:58 - Syncing IBKR prices... ✅ Updated 10 positions | Gold: $4457.40
⏰ 04:55:00 - Syncing IBKR prices... ✅ Updated 10 positions | Gold: $4454.66
⏰ 04:56:01 - Syncing IBKR prices... ✅ Updated 10 positions | Gold: $4467.49
⏰ 04:57:03 - Syncing IBKR prices... ✅ Updated 10 positions | Gold: $4463.08
⏰ 04:58:04 - Syncing IBKR prices... ✅ Updated 10 positions | Gold: $4455.92
⏰ 04:59:06 - Syncing IBKR prices... ✅ Updated 10 positions | Gold: $4456.89
⏰ 05:00:07 - Syncing IBKR prices... ✅ Updated 10 positions | Gold: $4457.97
⏰ 05:01:09 - Syncing IBKR prices... ✅ Updated 10 positions | Gold: $4456.49
⏰ 05:02:10 - Syncing IBKR prices... ✅ Updated 10 positions | Gold: $4460.70
⏰ 05:03:12 - Syncing IBKR prices... ✅ Updated 10 positions | Gold: $4465.85
⏰ 05:04:13 - Syncing IBKR prices... ✅ Updated 10 positions | Gold: $4450.50
⏰ 05:05:15 - Syncing IBKR prices... ✅ Updated 10 positions | Gold: $4451.27
⏰ 05:06:16 - Syncing IBKR prices... ✅ Updated 10 positions | Gold: $4464.07
⏰ 05:07:18 - Syncing IBKR prices... ✅ Updated 10 positions | Gold: $4457.41
⏰ 05:08:19 - Syncing IBKR prices... ✅ Updated 10 positions | Gold: $4454.59
⏰ 05:09:21 - Syncing IBKR prices... ✅ Updated 10 positions | Gold: $4453.96
⏰ 05:10:22 - Syncing IBKR prices... ✅ Updated 10 positions | Gold: $4459.08
⏰ 05:11:24 - Syncing IBKR prices... ✅ Updated 10 positions | Gold: $4456.90
⏰ 05:12:25 - Syncing IBKR prices... ✅ Updated 10 positions | Gold: $4469.29
⏰ 05:13:26 - Syncing IBKR prices... ✅ Updated 10 positions | Gold: $4455.34
⏰ 05:14:28 - Syncing IBKR prices... ✅ Updated 10 positions | Gold: $4459.57
⏰ 05:15:30 - Syncing IBKR prices... ✅ Updated 10 positions | Gold: $4452.98
⏰ 05:16:31 - Syncing IBKR prices... ✅ Updated 10 positions | Gold: $4453.25
⏰ 05:17:33 - Syncing IBKR prices... ✅ Updated 10 positions | Gold: $4463.14
⏰ 05:18:34 - Syncing IBKR prices... ✅ Updated 10 positions | Gold: $4462.83
⏰ 05:19:36 - Syncing IBKR prices... ✅ Updated 10 positions | Gold: $4459.86
⏰ 05:20:37 - Syncing IBKR prices... ✅ Updated 10 positions | Gold: $4469.23
⏰ 05:21:39 - Syncing IBKR prices... ✅ Updated 10 positions | Gold: $4461.61
⏰ 05:22:40 - Syncing IBKR prices... ✅ Updated 10 positions | Gold: $4457.32
⏰ 05:23:42 - Syncing IBKR prices... ✅ Updated 10 positions | Gold: $4459.65
⏰ 05:24:43 - Syncing IBKR prices... ✅ Updated 10 positions | Gold: $4457.21
⏰ 05:25:45 - Syncing IBKR prices... ✅ Updated 10 positions | Gold: $4465.94
⏰ 05:26:47 - Syncing IBKR prices... ✅ Updated 10 positions | Gold: $4450.50
⏰ 05:27:48 - Syncing IBKR prices... ✅ Updated 10 positions | Gold: $4458.80
⏰ 05:28:50 - Syncing IBKR prices... ✅ Updated 10 positions | Gold: $4463.04
⏰ 05:29:51 - Syncing IBKR prices... ✅ Updated 10 positions | Gold: $4466.65
⏰ 05:30:53 - Syncing IBKR prices... ✅ Updated 10 positions | Gold: $4464.10
⏰ 05:31:54 - Syncing IBKR prices... ✅ Updated 10 positions | Gold: $4461.10
⏰ 05:32:56 - Syncing IBKR prices... ✅ Updated 10 positions | Gold: $4458.67
⏰ 05:33:57 - Syncing IBKR prices... ✅ Updated 10 positions | Gold: $4469.55
⏰ 05:34:59 - Syncing IBKR prices... ✅ Updated 10 positions | Gold: $4459.73
⏰ 05:36:01 - Syncing IBKR prices... ✅ Updated 10 positions | Gold: $4460.81
⏰ 05:37:02 - Syncing IBKR prices... ✅ Updated 10 positions | Gold: $4455.16
⏰ 05:38:04 - Syncing IBKR prices... ✅ Updated 10 positions | Gold: $4467.53
⏰ 05:39:05 - Syncing IBKR prices... ✅ Updated 10 positions | Gold: $4468.71
⏰ 05:40:07 - Syncing IBKR prices... ✅ Updated 10 positions | Gold: $4461.23
⏰ 05:41:08 - Syncing IBKR prices... ✅ Updated 10 positions | Gold: $4460.57
⏰ 05:42:10 - Syncing IBKR prices... ✅ Updated 10 positions | Gold: $4457.19
⏰ 05:43:11 - Syncing IBKR prices... ✅ Updated 10 positions | Gold: $4460.57
⏰ 05:44:14 - Syncing IBKR prices... ✅ Updated 10 positions | Gold: $4461.67
⏰ 05:45:15 - Syncing IBKR prices... ✅ Updated 10 positions | Gold: $4468.47
⏰ 05:46:17 - Syncing IBKR prices... ✅ Updated 10 positions | Gold: $4468.67
⏰ 05:47:18 - Syncing IBKR prices... ✅ Updated 10 positions | Gold: $4462.71
⏰ 05:48:20 - Syncing IBKR prices... ✅ Updated 10 positions | Gold: $4453.12
⏰ 05:49:21 - Syncing IBKR prices... ✅ Updated 10 positions | Gold: $4456.36
⏰ 05:50:23 - Syncing IBKR prices... ✅ Updated 10 positions | Gold: $4453.69
⏰ 05:51:24 - Syncing IBKR prices... ✅ Updated 10 positions | Gold: $4455.56
⏰ 05:52:26 - Syncing IBKR prices... ✅ Updated 10 positions | Gold: $4467.72
⏰ 05:53:27 - Syncing IBKR prices... ✅ Updated 10 positions | Gold: $4459.93
⏰ 05:54:29 - Syncing IBKR prices... ✅ Updated 10 positions | Gold: $4457.96
⏰ 05:55:31 - Syncing IBKR prices... ✅ Updated 10 positions | Gold: $4466.91
⏰ 05:56:32 - Syncing IBKR prices... ✅ Updated 10 positions | Gold: $4456.35
⏰ 05:57:34 - Syncing IBKR prices... ✅ Updated 10 positions | Gold: $4466.65
⏰ 05:58:35 - Syncing IBKR prices... ✅ Updated 10 positions | Gold: $4466.46
⏰ 05:59:37 - Syncing IBKR prices... ✅ Updated 10 positions | Gold: $4452.88
⏰ 06:00:38 - Syncing IBKR prices... ✅ Updated 10 positions | Gold: $4451.55
⏰ 06:01:40 - Syncing IBKR prices... ✅ Updated 10 positions | Gold: $4468.03
⏰ 06:02:42 - Syncing IBKR prices... ✅ Updated 10 positions | Gold: $4463.95
⏰ 06:03:43 - Syncing IBKR prices... ✅ Updated 10 positions | Gold: $4460.08
⏰ 06:04:45 - Syncing IBKR prices... ✅ Updated 10 positions | Gold: $4465.91
⏰ 06:05:47 - Syncing IBKR prices... ✅ Updated 10 positions | Gold: $4455.09
⏰ 06:06:48 - Syncing IBKR prices... ✅ Updated 10 positions | Gold: $4464.90
⏰ 06:07:50 - Syncing IBKR prices... ✅ Updated 10 positions | Gold: $4463.67
⏰ 06:08:52 - Syncing IBKR prices... ✅ Updated 10 positions | Gold: $4453.08
⏰ 06:09:53 - Syncing IBKR prices... ✅ Updated 10 positions | Gold: $4458.32
⏰ 06:10:55 - Syncing IBKR prices... ✅ Updated 10 positions | Gold: $4450.22
⏰ 06:11:56 - Syncing IBKR prices... ✅ Updated 10 positions | Gold: $4458.80
⏰ 06:12:58 - Syncing IBKR prices... ✅ Updated 10 positions | Gold: $4450.86
⏰ 06:14:00 - Syncing IBKR prices... ✅ Updated 10 positions | Gold: $4458.48
⏰ 06:15:02 - Syncing IBKR prices... ✅ Updated 10 positions | Gold: $4454.96
⏰ 06:16:03 - Syncing IBKR prices... ✅ Updated 10 positions | Gold: $4458.79
⏰ 06:17:05 - Syncing IBKR prices... ✅ Updated 10 positions | Gold: $4459.00
⏰ 06:18:07 - Syncing IBKR prices... ✅ Updated 10 positions | Gold: $4459.49
⏰ 06:19:08 - Syncing IBKR prices... ✅ Updated 10 positions | Gold: $4463.34
⏰ 06:20:10 - Syncing IBKR prices... ✅ Updated 10 positions | Gold: $4452.14
⏰ 06:21:11 - Syncing IBKR prices... ✅ Updated 10 positions | Gold: $4460.41
⏰ 06:22:13 - Syncing IBKR prices... ✅ Updated 10 positions | Gold: $4467.00
⏰ 06:23:14 - Syncing IBKR prices... ✅ Updated 10 positions | Gold: $4452.95
⏰ 06:24:16 - Syncing IBKR prices... ✅ Updated 10 positions | Gold: $4456.32
⏰ 06:25:17 - Syncing IBKR prices... ✅ Updated 10 positions | Gold: $4454.58
⏰ 06:26:19 - Syncing IBKR prices... ✅ Updated 10 positions | Gold: $4462.33
⏰ 06:27:20 - Syncing IBKR prices... ✅ Updated 10 positions | Gold: $4457.20
⏰ 06:28:21 - Syncing IBKR prices... ✅ Updated 10 positions | Gold: $4452.23
⏰ 06:29:23 - Syncing IBKR prices... ✅ Updated 10 positions | Gold: $4460.83
⏰ 06:30:25 - Syncing IBKR prices... ✅ Updated 10 positions | Gold: $4452.51
⏰ 06:31:26 - Syncing IBKR prices... ✅ Updated 10 positions | Gold: $4457.11
⏰ 06:32:28 - Syncing IBKR prices... ✅ Updated 10 positions | Gold: $4465.44
⏰ 06:33:29 - Syncing IBKR prices... ✅ Updated 10 positions | Gold: $4450.99
⏰ 06:34:30 - Syncing IBKR prices... ✅ Updated 10 positions | Gold: $4463.23
⏰ 06:35:32 - Syncing IBKR prices... ✅ Updated 10 positions | Gold: $4455.87
⏰ 06:36:33 - Syncing IBKR prices... ✅ Updated 10 positions | Gold: $4469.02
⏰ 06:37:35 - Syncing IBKR prices... ✅ Updated 10 positions | Gold: $4460.55
⏰ 06:38:36 - Syncing IBKR prices... ✅ Updated 10 positions | Gold: $4459.04
⏰ 06:39:38 - Syncing IBKR prices... ✅ Updated 10 positions | Gold: $4466.22
⏰ 06:40:39 - Syncing IBKR prices... ✅ Updated 10 positions | Gold: $4458.92
⏰ 06:41:41 - Syncing IBKR prices... ✅ Updated 10 positions | Gold: $4451.86
⏰ 06:42:42 - Syncing IBKR prices... ✅ Updated 10 positions | Gold: $4458.17
⏰ 06:43:44 - Syncing IBKR prices... ✅ Updated 10 positions | Gold: $4455.31
⏰ 06:44:46 - Syncing IBKR prices... ✅ Updated 10 positions | Gold: $4467.13
⏰ 06:45:47 - Syncing IBKR prices... ✅ Updated 10 positions | Gold: $4462.72
⏰ 06:46:49 - Syncing IBKR prices... ✅ Updated 10 positions | Gold: $4450.94
⏰ 06:47:50 - Syncing IBKR prices... ✅ Updated 10 positions | Gold: $4455.08
⏰ 06:48:51 - Syncing IBKR prices... ✅ Updated 10 positions | Gold: $4453.60
⏰ 06:49:53 - Syncing IBKR prices... ✅ Updated 10 positions | Gold: $4460.37
⏰ 06:50:54 - Syncing IBKR prices... ✅ Updated 10 positions | Gold: $4451.46
⏰ 06:51:56 - Syncing IBKR prices... ✅ Updated 10 positions | Gold: $4463.76
⏰ 06:52:58 - Syncing IBKR prices... ✅ Updated 10 positions | Gold: $4466.47
⏰ 06:53:59 - Syncing IBKR prices... ✅ Updated 10 positions | Gold: $4459.97
⏰ 06:55:01 - Syncing IBKR prices... ✅ Updated 10 positions | Gold: $4466.54
⏰ 06:56:02 - Syncing IBKR prices... ✅ Updated 10 positions | Gold: $4459.16
⏰ 06:57:04 - Syncing IBKR prices... ✅ Updated 10 positions | Gold: $4450.50
⏰ 06:58:05 - Syncing IBKR prices... ✅ Updated 10 positions | Gold: $4457.60
⏰ 06:59:07 - Syncing IBKR prices... ✅ Updated 10 positions | Gold: $4465.57
⏰ 07:00:08 - Syncing IBKR prices... ✅ Updated 10 positions | Gold: $4462.96
⏰ 07:01:10 - Syncing IBKR prices... ✅ Updated 10 positions | Gold: $4453.84
⏰ 07:02:11 - Syncing IBKR prices... ✅ Updated 10 positions | Gold: $4454.12
⏰ 07:03:13 - Syncing IBKR prices... ✅ Updated 10 positions | Gold: $4457.02
⏰ 07:04:14 - Syncing IBKR prices... ✅ Updated 10 positions | Gold: $4465.63
⏰ 07:05:16 - Syncing IBKR prices... ✅ Updated 10 positions | Gold: $4457.07
⏰ 07:06:18 - Syncing IBKR prices... ✅ Updated 10 positions | Gold: $4451.70
⏰ 07:07:19 - Syncing IBKR prices... ✅ Updated 10 positions | Gold: $4469.31
⏰ 07:08:21 - Syncing IBKR prices... ✅ Updated 10 positions | Gold: $4458.12
⏰ 07:09:22 - Syncing IBKR prices... ✅ Updated 10 positions | Gold: $4451.58
⏰ 07:10:24 - Syncing IBKR prices... ✅ Updated 10 positions | Gold: $4469.91
⏰ 07:11:25 - Syncing IBKR prices... ✅ Updated 10 positions | Gold: $4461.07
⏰ 07:12:27 - Syncing IBKR prices... ✅ Updated 10 positions | Gold: $4459.28
⏰ 07:13:28 - Syncing IBKR prices... ✅ Updated 10 positions | Gold: $4451.99
⏰ 07:14:30 - Syncing IBKR prices... ✅ Updated 10 positions | Gold: $4452.30
⏰ 07:15:32 - Syncing IBKR prices... ✅ Updated 10 positions | Gold: $4461.88
⏰ 07:16:33 - Syncing IBKR prices... ✅ Updated 10 positions | Gold: $4458.80
⏰ 07:17:34 - Syncing IBKR prices... ✅ Updated 10 positions | Gold: $4469.22
⏰ 07:18:36 - Syncing IBKR prices... ✅ Updated 10 positions | Gold: $4459.45
⏰ 07:19:37 - Syncing IBKR prices... ✅ Updated 10 positions | Gold: $4451.11
⏰ 07:20:39 - Syncing IBKR prices... ✅ Updated 10 positions | Gold: $4460.19
⏰ 07:21:40 - Syncing IBKR prices... ✅ Updated 10 positions | Gold: $4456.46
⏰ 07:22:42 - Syncing IBKR prices... ✅ Updated 10 positions | Gold: $4466.93
⏰ 07:23:43 - Syncing IBKR prices... ✅ Updated 10 positions | Gold: $4460.75
⏰ 07:24:45 - Syncing IBKR prices... ✅ Updated 10 positions | Gold: $4469.04
⏰ 07:25:46 - Syncing IBKR prices... ✅ Updated 10 positions | Gold: $4455.87
⏰ 07:26:48 - Syncing IBKR prices... ✅ Updated 10 positions | Gold: $4455.12
⏰ 07:27:50 - Syncing IBKR prices... ✅ Updated 10 positions | Gold: $4461.30
⏰ 07:28:51 - Syncing IBKR prices... ✅ Updated 10 positions | Gold: $4451.03
⏰ 07:29:53 - Syncing IBKR prices... ✅ Updated 10 positions | Gold: $4467.36
⏰ 07:30:54 - Syncing IBKR prices... ✅ Updated 10 positions | Gold: $4458.41
⏰ 07:31:55 - Syncing IBKR prices... ✅ Updated 10 positions | Gold: $4467.53
⏰ 07:32:57 - Syncing IBKR prices... ✅ Updated 10 positions | Gold: $4467.17
⏰ 07:33:58 - Syncing IBKR prices... ✅ Updated 10 positions | Gold: $4456.41
⏰ 07:35:00 - Syncing IBKR prices... ✅ Updated 10 positions | Gold: $4452.50
⏰ 07:36:02 - Syncing IBKR prices... ✅ Updated 10 positions | Gold: $4464.07
⏰ 07:37:03 - Syncing IBKR prices... ✅ Updated 10 positions | Gold: $4463.03
⏰ 07:38:05 - Syncing IBKR prices... ✅ Updated 10 positions | Gold: $4455.71
⏰ 07:39:06 - Syncing IBKR prices... ✅ Updated 10 positions | Gold: $4460.07
⏰ 07:40:08 - Syncing IBKR prices... ✅ Updated 10 positions | Gold: $4462.95
⏰ 07:41:09 - Syncing IBKR prices... ✅ Updated 10 positions | Gold: $4463.43
⏰ 07:42:11 - Syncing IBKR prices... ✅ Updated 10 positions | Gold: $4468.51
⏰ 07:43:12 - Syncing IBKR prices... ✅ Updated 10 positions | Gold: $4454.25
⏰ 07:44:14 - Syncing IBKR prices... ✅ Updated 10 positions | Gold: $4457.76
⏰ 07:45:15 - Syncing IBKR prices... ✅ Updated 10 positions | Gold: $4455.90
⏰ 07:46:17 - Syncing IBKR prices... ✅ Updated 10 positions | Gold: $4458.77
⏰ 07:47:18 - Syncing IBKR prices... ✅ Updated 10 positions | Gold: $4462.25
⏰ 07:48:20 - Syncing IBKR prices... ✅ Updated 10 positions | Gold: $4461.30
⏰ 07:49:21 - Syncing IBKR prices... ✅ Updated 10 positions | Gold: $4461.00
⏰ 07:50:23 - Syncing IBKR prices... ✅ Updated 10 positions | Gold: $4463.02
⏰ 07:51:24 - Syncing IBKR prices... ✅ Updated 10 positions | Gold: $4455.23
⏰ 07:52:26 - Syncing IBKR prices... ✅ Updated 10 positions | Gold: $4463.41
⏰ 07:53:27 - Syncing IBKR prices... ✅ Updated 10 positions | Gold: $4456.07
⏰ 07:54:29 - Syncing IBKR prices... ✅ Updated 10 positions | Gold: $4461.94
⏰ 07:55:30 - Syncing IBKR prices... ✅ Updated 10 positions | Gold: $4460.56
⏰ 07:56:32 - Syncing IBKR prices... ✅ Updated 10 positions | Gold: $4454.46
⏰ 07:57:33 - Syncing IBKR prices... ✅ Updated 10 positions | Gold: $4460.92
⏰ 07:58:35 - Syncing IBKR prices... ✅ Updated 10 positions | Gold: $4457.75
⏰ 07:59:36 - Syncing IBKR prices... ✅ Updated 10 positions | Gold: $4455.81
⏰ 08:00:38 - Syncing IBKR prices... ✅ Updated 10 positions | Gold: $4458.10
⏰ 08:01:39 - Syncing IBKR prices... ✅ Updated 10 positions | Gold: $4456.84
⏰ 08:02:41 - Syncing IBKR prices... ✅ Updated 10 positions | Gold: $4467.79
⏰ 08:03:42 - Syncing IBKR prices... ✅ Updated 10 positions | Gold: $4460.76
⏰ 08:04:44 - Syncing IBKR prices... ✅ Updated 10 positions | Gold: $4462.44
⏰ 08:05:45 - Syncing IBKR prices... ✅ Updated 10 positions | Gold: $4466.91
⏰ 08:06:47 - Syncing IBKR prices... ✅ Updated 10 positions | Gold: $4467.31
⏰ 08:07:49 - Syncing IBKR prices... ✅ Updated 10 positions | Gold: $4459.84
⏰ 08:08:50 - Syncing IBKR prices... ✅ Updated 10 positions | Gold: $4456.17
⏰ 08:09:52 - Syncing IBKR prices... ✅ Updated 10 positions | Gold: $4456.84
⏰ 08:10:53 - Syncing IBKR prices... ✅ Updated 10 positions | Gold: $4456.04
⏰ 08:11:55 - Syncing IBKR prices... ✅ Updated 10 positions | Gold: $4462.71
⏰ 08:12:56 - Syncing IBKR prices... ✅ Updated 10 positions | Gold: $4464.50
⏰ 08:13:58 - Syncing IBKR prices... ✅ Updated 10 positions | Gold: $4455.61
⏰ 08:14:59 - Syncing IBKR prices... ✅ Updated 10 positions | Gold: $4455.84
⏰ 08:16:01 - Syncing IBKR prices... ✅ Updated 10 positions | Gold: $4454.51
⏰ 08:17:02 - Syncing IBKR prices... ✅ Updated 10 positions | Gold: $4457.87
⏰ 08:18:04 - Syncing IBKR prices... ✅ Updated 10 positions | Gold: $4450.49
⏰ 08:19:05 - Syncing IBKR prices... ✅ Updated 10 positions | Gold: $4455.12
⏰ 08:20:07 - Syncing IBKR prices... ✅ Updated 10 positions | Gold: $4463.95
⏰ 08:21:08 - Syncing IBKR prices... ✅ Updated 10 positions | Gold: $4462.00
⏰ 08:22:10 - Syncing IBKR prices... ✅ Updated 10 positions | Gold: $4453.80
⏰ 08:23:11 - Syncing IBKR prices... ✅ Updated 10 positions | Gold: $4461.03
⏰ 08:24:13 - Syncing IBKR prices... ✅ Updated 10 positions | Gold: $4456.75
⏰ 08:25:14 - Syncing IBKR prices... ✅ Updated 10 positions | Gold: $4455.40
⏰ 08:26:16 - Syncing IBKR prices... ✅ Updated 10 positions | Gold: $4454.05
⏰ 08:27:17 - Syncing IBKR prices... ✅ Updated 10 positions | Gold: $4456.92
⏰ 08:28:19 - Syncing IBKR prices... ✅ Updated 10 positions | Gold: $4465.26
⏰ 08:29:20 - Syncing IBKR prices... ✅ Updated 10 positions | Gold: $4451.47
⏰ 08:30:22 - Syncing IBKR prices... ✅ Updated 10 positions | Gold: $4458.63
⏰ 08:31:23 - Syncing IBKR prices... ✅ Updated 10 positions | Gold: $4459.50
⏰ 08:32:25 - Syncing IBKR prices... ✅ Updated 10 positions | Gold: $4456.28
⏰ 08:33:26 - Syncing IBKR prices... ✅ Updated 10 positions | Gold: $4451.78
⏰ 08:34:28 - Syncing IBKR prices... ✅ Updated 10 positions | Gold: $4460.60
⏰ 08:35:29 - Syncing IBKR prices... ✅ Updated 10 positions | Gold: $4453.40
⏰ 08:36:31 - Syncing IBKR prices... ✅ Updated 10 positions | Gold: $4460.63
⏰ 08:37:32 - Syncing IBKR prices... ✅ Updated 10 positions | Gold: $4458.53
⏰ 08:38:34 - Syncing IBKR prices... ✅ Updated 10 positions | Gold: $4462.38
⏰ 08:39:35 - Syncing IBKR prices... ✅ Updated 10 positions | Gold: $4452.62
⏰ 08:40:37 - Syncing IBKR prices... ✅ Updated 10 positions | Gold: $4458.72
⏰ 08:41:38 - Syncing IBKR prices... ✅ Updated 10 positions | Gold: $4453.92
⏰ 08:42:40 - Syncing IBKR prices... ✅ Updated 10 positions | Gold: $4450.77
⏰ 08:43:41 - Syncing IBKR prices... ✅ Updated 10 positions | Gold: $4459.35
⏰ 08:44:42 - Syncing IBKR prices... ✅ Updated 10 positions | Gold: $4466.34
⏰ 08:45:44 - Syncing IBKR prices... ✅ Updated 10 positions | Gold: $4464.04
⏰ 08:46:45 - Syncing IBKR prices... ✅ Updated 10 positions | Gold: $4457.40
⏰ 08:47:47 - Syncing IBKR prices... ✅ Updated 10 positions | Gold: $4458.80
⏰ 08:48:48 - Syncing IBKR prices... ✅ Updated 10 positions | Gold: $4464.30
⏰ 08:49:50 - Syncing IBKR prices... ✅ Updated 10 positions | Gold: $4461.74
⏰ 08:50:52 - Syncing IBKR prices... ✅ Updated 10 positions | Gold: $4462.95
⏰ 08:51:53 - Syncing IBKR prices... ✅ Updated 10 positions | Gold: $4453.30
⏰ 08:52:55 - Syncing IBKR prices... ✅ Updated 10 positions | Gold: $4457.26
⏰ 08:53:56 - Syncing IBKR prices... ✅ Updated 10 positions | Gold: $4458.52
⏰ 08:54:58 - Syncing IBKR prices... ✅ Updated 10 positions | Gold: $4462.54
⏰ 08:55:59 - Syncing IBKR prices... ✅ Updated 10 positions | Gold: $4461.87
⏰ 08:57:01 - Syncing IBKR prices... ✅ Updated 10 positions | Gold: $4466.03
⏰ 08:58:02 - Syncing IBKR prices... ✅ Updated 10 positions | Gold: $4455.84
⏰ 08:59:04 - Syncing IBKR prices... ✅ Updated 10 positions | Gold: $4454.65
⏰ 09:00:05 - Syncing IBKR prices... ✅ Updated 10 positions | Gold: $4452.13
⏰ 09:01:07 - Syncing IBKR prices... ✅ Updated 10 positions | Gold: $4466.21
⏰ 09:02:09 - Syncing IBKR prices... ✅ Updated 10 positions | Gold: $4452.32
⏰ 09:03:10 - Syncing IBKR prices... ✅ Updated 10 positions | Gold: $4456.44
⏰ 09:04:12 - Syncing IBKR prices... ✅ Updated 10 positions | Gold: $4463.51
⏰ 09:05:13 - Syncing IBKR prices... ✅ Updated 10 positions | Gold: $4451.11
⏰ 09:06:15 - Syncing IBKR prices... ✅ Updated 10 positions | Gold: $4454.15
⏰ 09:07:16 - Syncing IBKR prices... ✅ Updated 10 positions | Gold: $4457.71
⏰ 09:08:18 - Syncing IBKR prices... ✅ Updated 10 positions | Gold: $4460.57
⏰ 09:09:20 - Syncing IBKR prices... ✅ Updated 10 positions | Gold: $4459.68
⏰ 09:10:21 - Syncing IBKR prices... ✅ Updated 10 positions | Gold: $4467.40
⏰ 09:11:23 - Syncing IBKR prices... ✅ Updated 10 positions | Gold: $4450.37
⏰ 09:12:25 - Syncing IBKR prices... ✅ Updated 10 positions | Gold: $4463.06
⏰ 09:13:26 - Syncing IBKR prices... ✅ Updated 10 positions | Gold: $4460.66
⏰ 09:14:28 - Syncing IBKR prices... ✅ Updated 10 positions | Gold: $4469.55
⏰ 09:15:29 - Syncing IBKR prices... ✅ Updated 10 positions | Gold: $4466.30
⏰ 09:16:31 - Syncing IBKR prices... ✅ Updated 10 positions | Gold: $4451.94
⏰ 09:17:32 - Syncing IBKR prices... ✅ Updated 10 positions | Gold: $4457.17
⏰ 09:18:34 - Syncing IBKR prices... ✅ Updated 10 positions | Gold: $4457.58
⏰ 09:19:35 - Syncing IBKR prices... ✅ Updated 10 positions | Gold: $4464.51
⏰ 09:20:37 - Syncing IBKR prices... ✅ Updated 10 positions | Gold: $4452.22
⏰ 09:21:38 - Syncing IBKR prices... ✅ Updated 10 positions | Gold: $4458.88
⏰ 09:22:40 - Syncing IBKR prices... ✅ Updated 10 positions | Gold: $4460.04
⏰ 09:23:41 - Syncing IBKR prices... ✅ Updated 10 positions | Gold: $4450.22
⏰ 09:24:42 - Syncing IBKR prices... ✅ Updated 10 positions | Gold: $4456.43
⏰ 09:25:44 - Syncing IBKR prices... ✅ Updated 10 positions | Gold: $4452.84
⏰ 09:26:45 - Syncing IBKR prices... ✅ Updated 10 positions | Gold: $4451.44
⏰ 09:27:47 - Syncing IBKR prices... ✅ Updated 10 positions | Gold: $4450.99
⏰ 09:28:48 - Syncing IBKR prices... ✅ Updated 10 positions | Gold: $4460.93
⏰ 09:29:50 - Syncing IBKR prices... ✅ Updated 10 positions | Gold: $4467.17
⏰ 09:30:51 - Syncing IBKR prices... ✅ Updated 10 positions | Gold: $4469.22
⏰ 09:31:53 - Syncing IBKR prices... ✅ Updated 10 positions | Gold: $4461.27
⏰ 09:32:54 - Syncing IBKR prices... ✅ Updated 10 positions | Gold: $4457.02
⏰ 09:33:56 - Syncing IBKR prices... ✅ Updated 10 positions | Gold: $4469.08
⏰ 09:34:57 - Syncing IBKR prices... ✅ Updated 10 positions | Gold: $4451.38
⏰ 09:35:59 - Syncing IBKR prices... ✅ Updated 10 positions | Gold: $4466.13
⏰ 09:37:00 - Syncing IBKR prices... ✅ Updated 10 positions | Gold: $4465.26
⏰ 09:38:02 - Syncing IBKR prices... ✅ Updated 10 positions | Gold: $4458.65
⏰ 09:39:03 - Syncing IBKR prices... ✅ Updated 10 positions | Gold: $4453.10
⏰ 09:40:05 - Syncing IBKR prices... ✅ Updated 10 positions | Gold: $4465.68
⏰ 09:41:06 - Syncing IBKR prices... ✅ Updated 10 positions | Gold: $4466.51
⏰ 09:42:08 - Syncing IBKR prices... ✅ Updated 10 positions | Gold: $4458.00
⏰ 09:43:09 - Syncing IBKR prices... ✅ Updated 10 positions | Gold: $4457.90
⏰ 09:44:11 - Syncing IBKR prices... ✅ Updated 10 positions | Gold: $4466.62
⏰ 09:45:12 - Syncing IBKR prices... ✅ Updated 10 positions | Gold: $4464.57
⏰ 09:46:14 - Syncing IBKR prices... ✅ Updated 10 positions | Gold: $4452.09
⏰ 09:47:16 - Syncing IBKR prices... ✅ Updated 10 positions | Gold: $4468.65
⏰ 09:48:17 - Syncing IBKR prices... ✅ Updated 10 positions | Gold: $4464.20
⏰ 09:49:19 - Syncing IBKR prices... ✅ Updated 10 positions | Gold: $4466.87
⏰ 09:50:20 - Syncing IBKR prices... ✅ Updated 10 positions | Gold: $4469.60
⏰ 09:51:22 - Syncing IBKR prices... ✅ Updated 10 positions | Gold: $4458.25
⏰ 09:52:23 - Syncing IBKR prices... ✅ Updated 10 positions | Gold: $4458.84
⏰ 09:53:25 - Syncing IBKR prices... ✅ Updated 10 positions | Gold: $4469.23
⏰ 09:54:27 - Syncing IBKR prices... ✅ Updated 10 positions | Gold: $4462.97
⏰ 09:55:28 - Syncing IBKR prices... ✅ Updated 10 positions | Gold: $4465.95
⏰ 09:56:30 - Syncing IBKR prices... ✅ Updated 10 positions | Gold: $4454.92
⏰ 09:57:31 - Syncing IBKR prices... ✅ Updated 10 positions | Gold: $4465.14
⏰ 09:58:33 - Syncing IBKR prices... ✅ Updated 10 positions | Gold: $4468.59
⏰ 09:59:34 - Syncing IBKR prices... ✅ Updated 10 positions | Gold: $4460.00
⏰ 10:00:36 - Syncing IBKR prices... ✅ Updated 10 positions | Gold: $4469.67
⏰ 10:01:38 - Syncing IBKR prices... ✅ Updated 10 positions | Gold: $4465.41
⏰ 10:02:39 - Syncing IBKR prices... ✅ Updated 10 positions | Gold: $4452.93
⏰ 10:03:41 - Syncing IBKR prices... ✅ Updated 10 positions | Gold: $4458.04
⏰ 10:04:42 - Syncing IBKR prices... ✅ Updated 10 positions | Gold: $4459.93
⏰ 10:05:44 - Syncing IBKR prices... ✅ Updated 10 positions | Gold: $4450.90
⏰ 10:06:45 - Syncing IBKR prices... ✅ Updated 10 positions | Gold: $4458.71
⏰ 10:07:47 - Syncing IBKR prices... ✅ Updated 10 positions | Gold: $4450.28
⏰ 10:08:48 - Syncing IBKR prices... ✅ Updated 10 positions | Gold: $4450.53
⏰ 10:09:50 - Syncing IBKR prices... ✅ Updated 10 positions | Gold: $4469.19
⏰ 10:10:51 - Syncing IBKR prices... ✅ Updated 10 positions | Gold: $4457.60
⏰ 10:11:53 - Syncing IBKR prices... ✅ Updated 10 positions | Gold: $4466.97
⏰ 10:12:55 - Syncing IBKR prices... ✅ Updated 10 positions | Gold: $4455.42
⏰ 10:13:56 - Syncing IBKR prices... ✅ Updated 10 positions | Gold: $4464.95
⏰ 10:14:58 - Syncing IBKR prices... ✅ Updated 10 positions | Gold: $4466.62
⏰ 10:15:59 - Syncing IBKR prices... ✅ Updated 10 positions | Gold: $4462.83
⏰ 10:17:01 - Syncing IBKR prices... ✅ Updated 10 positions | Gold: $4456.82
⏰ 10:18:02 - Syncing IBKR prices... ✅ Updated 10 positions | Gold: $4469.73
⏰ 10:19:03 - Syncing IBKR prices... ✅ Updated 10 positions | Gold: $4457.16
⏰ 10:20:05 - Syncing IBKR prices... ✅ Updated 10 positions | Gold: $4464.89
⏰ 10:21:06 - Syncing IBKR prices... ✅ Updated 10 positions | Gold: $4459.78
⏰ 10:22:08 - Syncing IBKR prices... ✅ Updated 10 positions | Gold: $4452.29
⏰ 10:23:09 - Syncing IBKR prices... ✅ Updated 10 positions | Gold: $4469.63
⏰ 10:24:11 - Syncing IBKR prices... ✅ Updated 10 positions | Gold: $4452.87
⏰ 10:25:12 - Syncing IBKR prices... ✅ Updated 10 positions | Gold: $4458.84
⏰ 10:26:14 - Syncing IBKR prices... ✅ Updated 10 positions | Gold: $4451.44
⏰ 10:27:15 - Syncing IBKR prices... ✅ Updated 10 positions | Gold: $4466.02
⏰ 10:28:17 - Syncing IBKR prices... ✅ Updated 10 positions | Gold: $4459.47
⏰ 10:29:18 - Syncing IBKR prices... ✅ Updated 10 positions | Gold: $4463.59
⏰ 10:30:20 - Syncing IBKR prices... ✅ Updated 10 positions | Gold: $4466.76
⏰ 10:31:21 - Syncing IBKR prices... ✅ Updated 10 positions | Gold: $4462.00
⏰ 10:32:23 - Syncing IBKR prices... ✅ Updated 10 positions | Gold: $4461.79
⏰ 10:33:24 - Syncing IBKR prices... ✅ Updated 10 positions | Gold: $4452.29
⏰ 10:34:26 - Syncing IBKR prices... ✅ Updated 10 positions | Gold: $4455.81
⏰ 10:35:28 - Syncing IBKR prices... ✅ Updated 10 positions | Gold: $4456.25
⏰ 10:36:29 - Syncing IBKR prices... ✅ Updated 10 positions | Gold: $4450.43
⏰ 10:37:31 - Syncing IBKR prices... ✅ Updated 10 positions | Gold: $4468.30
⏰ 10:38:32 - Syncing IBKR prices... ✅ Updated 10 positions | Gold: $4455.91
⏰ 10:39:34 - Syncing IBKR prices... ✅ Updated 10 positions | Gold: $4465.48
⏰ 10:40:35 - Syncing IBKR prices... ✅ Updated 10 positions | Gold: $4469.31
⏰ 10:41:37 - Syncing IBKR prices... ✅ Updated 10 positions | Gold: $4462.90
⏰ 10:42:38 - Syncing IBKR prices... ✅ Updated 10 positions | Gold: $4465.99
⏰ 10:43:40 - Syncing IBKR prices... ✅ Updated 10 positions | Gold: $4456.21
⏰ 10:44:41 - Syncing IBKR prices... ✅ Updated 10 positions | Gold: $4454.54
⏰ 10:45:43 - Syncing IBKR prices... ✅ Updated 10 positions | Gold: $4459.85
⏰ 10:46:44 - Syncing IBKR prices... ✅ Updated 10 positions | Gold: $4454.92
⏰ 10:47:46 - Syncing IBKR prices... ✅ Updated 10 positions | Gold: $4451.13
⏰ 10:48:47 - Syncing IBKR prices... ✅ Updated 10 positions | Gold: $4458.23
⏰ 10:49:49 - Syncing IBKR prices... ✅ Updated 10 positions | Gold: $4467.40
⏰ 10:50:50 - Syncing IBKR prices... ✅ Updated 10 positions | Gold: $4468.46
⏰ 10:51:52 - Syncing IBKR prices... ✅ Updated 10 positions | Gold: $4456.95
⏰ 10:52:53 - Syncing IBKR prices... ✅ Updated 10 positions | Gold: $4461.26
⏰ 10:53:55 - Syncing IBKR prices... ✅ Updated 10 positions | Gold: $4461.85
⏰ 10:54:57 - Syncing IBKR prices... ✅ Updated 10 positions | Gold: $4456.69
⏰ 10:55:58 - Syncing IBKR prices... ✅ Updated 10 positions | Gold: $4456.96
⏰ 10:57:00 - Syncing IBKR prices... ✅ Updated 10 positions | Gold: $4454.02
⏰ 10:58:02 - Syncing IBKR prices... ✅ Updated 10 positions | Gold: $4451.62
⏰ 10:59:03 - Syncing IBKR prices... ✅ Updated 10 positions | Gold: $4455.43
⏰ 11:00:05 - Syncing IBKR prices... ✅ Updated 10 positions | Gold: $4466.46
⏰ 11:01:06 - Syncing IBKR prices... ✅ Updated 10 positions | Gold: $4467.61
⏰ 11:02:08 - Syncing IBKR prices... ✅ Updated 10 positions | Gold: $4466.42
⏰ 11:03:10 - Syncing IBKR prices... ✅ Updated 10 positions | Gold: $4451.44
⏰ 11:04:11 - Syncing IBKR prices... ✅ Updated 10 positions | Gold: $4451.70
⏰ 11:05:13 - Syncing IBKR prices... ✅ Updated 10 positions | Gold: $4464.52
⏰ 11:06:14 - Syncing IBKR prices... ✅ Updated 10 positions | Gold: $4469.01
⏰ 11:07:16 - Syncing IBKR prices... ✅ Updated 10 positions | Gold: $4460.02
⏰ 11:08:17 - Syncing IBKR prices... ✅ Updated 10 positions | Gold: $4460.83
⏰ 11:09:19 - Syncing IBKR prices... ✅ Updated 10 positions | Gold: $4458.12
⏰ 11:10:20 - Syncing IBKR prices... ✅ Updated 10 positions | Gold: $4454.12
⏰ 11:11:22 - Syncing IBKR prices... ✅ Updated 10 positions | Gold: $4455.33
⏰ 11:12:23 - Syncing IBKR prices... ✅ Updated 10 positions | Gold: $4459.32
⏰ 11:13:25 - Syncing IBKR prices... ✅ Updated 10 positions | Gold: $4465.68
⏰ 11:14:26 - Syncing IBKR prices... ✅ Updated 10 positions | Gold: $4456.17
⏰ 11:15:28 - Syncing IBKR prices... ✅ Updated 10 positions | Gold: $4461.26
⏰ 11:16:29 - Syncing IBKR prices... ✅ Updated 10 positions | Gold: $4462.51
⏰ 11:17:31 - Syncing IBKR prices... ✅ Updated 10 positions | Gold: $4468.13
⏰ 11:18:32 - Syncing IBKR prices... ✅ Updated 10 positions | Gold: $4468.24
⏰ 11:19:34 - Syncing IBKR prices... ✅ Updated 10 positions | Gold: $4459.60
⏰ 11:20:35 - Syncing IBKR prices... ✅ Updated 10 positions | Gold: $4456.23
⏰ 11:21:37 - Syncing IBKR prices... ✅ Updated 10 positions | Gold: $4457.07
⏰ 11:22:38 - Syncing IBKR prices... ✅ Updated 10 positions | Gold: $4466.04
⏰ 11:23:40 - Syncing IBKR prices... ✅ Updated 10 positions | Gold: $4462.73
⏰ 11:24:41 - Syncing IBKR prices... ✅ Updated 10 positions | Gold: $4453.62
⏰ 11:25:43 - Syncing IBKR prices... ✅ Updated 10 positions | Gold: $4463.26
⏰ 11:26:44 - Syncing IBKR prices... ✅ Updated 10 positions | Gold: $4466.24
⏰ 11:27:45 - Syncing IBKR prices... ✅ Updated 10 positions | Gold: $4465.85
⏰ 11:28:47 - Syncing IBKR prices... ✅ Updated 10 positions | Gold: $4460.36
⏰ 11:29:48 - Syncing IBKR prices... ✅ Updated 10 positions | Gold: $4450.15
⏰ 11:30:50 - Syncing IBKR prices... ✅ Updated 10 positions | Gold: $4462.91
⏰ 11:31:51 - Syncing IBKR prices... ✅ Updated 10 positions | Gold: $4452.06
⏰ 11:32:53 - Syncing IBKR prices... ✅ Updated 10 positions | Gold: $4453.70
⏰ 11:33:55 - Syncing IBKR prices... ✅ Updated 10 positions | Gold: $4453.83
⏰ 11:34:56 - Syncing IBKR prices... ✅ Updated 10 positions | Gold: $4457.39
⏰ 11:35:58 - Syncing IBKR prices... ✅ Updated 10 positions | Gold: $4453.09
⏰ 11:36:59 - Syncing IBKR prices... ✅ Updated 10 positions | Gold: $4455.78
⏰ 11:38:01 - Syncing IBKR prices... ✅ Updated 10 positions | Gold: $4469.44
⏰ 11:39:02 - Syncing IBKR prices... ✅ Updated 10 positions | Gold: $4459.44
⏰ 11:40:04 - Syncing IBKR prices... ✅ Updated 10 positions | Gold: $4450.79
⏰ 11:41:05 - Syncing IBKR prices... ✅ Updated 10 positions | Gold: $4458.03
⏰ 11:42:07 - Syncing IBKR prices... ✅ Updated 10 positions | Gold: $4452.54
⏰ 11:43:08 - Syncing IBKR prices... ✅ Updated 10 positions | Gold: $4452.79
⏰ 11:44:10 - Syncing IBKR prices... ✅ Updated 10 positions | Gold: $4466.79
⏰ 11:45:11 - Syncing IBKR prices... ✅ Updated 10 positions | Gold: $4458.23
⏰ 11:46:13 - Syncing IBKR prices... ✅ Updated 10 positions | Gold: $4462.53
⏰ 11:47:14 - Syncing IBKR prices... ✅ Updated 10 positions | Gold: $4467.90
⏰ 11:48:16 - Syncing IBKR prices... ✅ Updated 10 positions | Gold: $4454.52
⏰ 11:49:17 - Syncing IBKR prices... ✅ Updated 10 positions | Gold: $4466.47
⏰ 11:50:19 - Syncing IBKR prices... ✅ Updated 10 positions | Gold: $4458.97
⏰ 11:51:21 - Syncing IBKR prices... ✅ Updated 10 positions | Gold: $4469.74
⏰ 11:52:22 - Syncing IBKR prices... ✅ Updated 10 positions | Gold: $4464.51
⏰ 11:53:24 - Syncing IBKR prices... ✅ Updated 10 positions | Gold: $4453.32
⏰ 11:54:25 - Syncing IBKR prices... ✅ Updated 10 positions | Gold: $4457.29
⏰ 11:55:27 - Syncing IBKR prices... ✅ Updated 10 positions | Gold: $4454.06
⏰ 11:56:28 - Syncing IBKR prices... ✅ Updated 10 positions | Gold: $4459.43
⏰ 11:57:30 - Syncing IBKR prices... ✅ Updated 10 positions | Gold: $4459.99
⏰ 11:58:32 - Syncing IBKR prices... ✅ Updated 10 positions | Gold: $4457.92
⏰ 11:59:33 - Syncing IBKR prices... ✅ Updated 10 positions | Gold: $4458.36
⏰ 12:00:35 - Syncing IBKR prices... ✅ Updated 10 positions | Gold: $4450.90
⏰ 12:01:37 - Syncing IBKR prices... ✅ Updated 10 positions | Gold: $4451.25
⏰ 12:02:38 - Syncing IBKR prices... ✅ Updated 10 positions | Gold: $4450.87
⏰ 12:03:39 - Syncing IBKR prices... ✅ Updated 10 positions | Gold: $4452.13
⏰ 12:04:41 - Syncing IBKR prices... ✅ Updated 10 positions | Gold: $4462.53
⏰ 12:05:42 - Syncing IBKR prices... ✅ Updated 10 positions | Gold: $4467.60
⏰ 12:06:44 - Syncing IBKR prices... ✅ Updated 10 positions | Gold: $4452.47
⏰ 12:07:45 - Syncing IBKR prices... ✅ Updated 10 positions | Gold: $4463.26
⏰ 12:08:47 - Syncing IBKR prices... ✅ Updated 10 positions | Gold: $4450.63
⏰ 12:09:48 - Syncing IBKR prices... ✅ Updated 10 positions | Gold: $4466.65
⏰ 12:10:50 - Syncing IBKR prices... ✅ Updated 10 positions | Gold: $4463.88
⏰ 12:11:51 - Syncing IBKR prices... ✅ Updated 10 positions | Gold: $4450.64
⏰ 12:12:53 - Syncing IBKR prices... ✅ Updated 10 positions | Gold: $4454.57
⏰ 12:13:55 - Syncing IBKR prices... ✅ Updated 10 positions | Gold: $4460.15
⏰ 12:14:56 - Syncing IBKR prices... ✅ Updated 10 positions | Gold: $4452.07
⏰ 12:15:57 - Syncing IBKR prices... ✅ Updated 10 positions | Gold: $4450.62
⏰ 12:16:59 - Syncing IBKR prices... ✅ Updated 10 positions | Gold: $4454.78
⏰ 12:18:00 - Syncing IBKR prices... ✅ Updated 10 positions | Gold: $4454.50
⏰ 12:19:02 - Syncing IBKR prices... ✅ Updated 10 positions | Gold: $4458.31
⏰ 12:20:04 - Syncing IBKR prices... ✅ Updated 10 positions | Gold: $4453.53
⏰ 12:21:05 - Syncing IBKR prices... ✅ Updated 10 positions | Gold: $4454.29
⏰ 12:22:06 - Syncing IBKR prices... ✅ Updated 10 positions | Gold: $4453.03
⏰ 12:23:08 - Syncing IBKR prices... ✅ Updated 10 positions | Gold: $4462.81
⏰ 12:24:09 - Syncing IBKR prices... ✅ Updated 10 positions | Gold: $4459.87
⏰ 12:25:11 - Syncing IBKR prices... ✅ Updated 10 positions | Gold: $4452.56
⏰ 12:26:12 - Syncing IBKR prices... ✅ Updated 10 positions | Gold: $4455.04
⏰ 12:27:14 - Syncing IBKR prices... ✅ Updated 10 positions | Gold: $4465.88
⏰ 12:28:15 - Syncing IBKR prices... ✅ Updated 10 positions | Gold: $4465.35
⏰ 12:29:17 - Syncing IBKR prices... ✅ Updated 10 positions | Gold: $4460.20
⏰ 12:30:18 - Syncing IBKR prices... ✅ Updated 10 positions | Gold: $4463.01
⏰ 12:31:20 - Syncing IBKR prices... ✅ Updated 10 positions | Gold: $4459.12
⏰ 12:32:21 - Syncing IBKR prices... ✅ Updated 10 positions | Gold: $4460.37
⏰ 12:33:23 - Syncing IBKR prices... ✅ Updated 10 positions | Gold: $4459.50
⏰ 12:34:24 - Syncing IBKR prices... ✅ Updated 10 positions | Gold: $4450.71
⏰ 12:35:26 - Syncing IBKR prices... ✅ Updated 10 positions | Gold: $4462.49
⏰ 12:36:28 - Syncing IBKR prices... ✅ Updated 10 positions | Gold: $4462.40
⏰ 12:37:29 - Syncing IBKR prices... ✅ Updated 10 positions | Gold: $4464.59
⏰ 12:38:31 - Syncing IBKR prices... ✅ Updated 10 positions | Gold: $4458.95
⏰ 12:39:32 - Syncing IBKR prices... ✅ Updated 10 positions | Gold: $4467.05
⏰ 12:40:34 - Syncing IBKR prices... ✅ Updated 10 positions | Gold: $4462.03
⏰ 12:41:35 - Syncing IBKR prices... ✅ Updated 10 positions | Gold: $4458.39
⏰ 12:42:37 - Syncing IBKR prices... ✅ Updated 10 positions | Gold: $4463.04
⏰ 12:43:38 - Syncing IBKR prices... ✅ Updated 10 positions | Gold: $4455.38
⏰ 12:44:40 - Syncing IBKR prices... ✅ Updated 10 positions | Gold: $4459.17
⏰ 12:45:41 - Syncing IBKR prices... ✅ Updated 10 positions | Gold: $4451.01
⏰ 12:46:43 - Syncing IBKR prices... ✅ Updated 10 positions | Gold: $4467.98
⏰ 12:47:44 - Syncing IBKR prices... ✅ Updated 10 positions | Gold: $4466.77
⏰ 12:48:46 - Syncing IBKR prices... ✅ Updated 10 positions | Gold: $4461.65
⏰ 12:49:48 - Syncing IBKR prices... ✅ Updated 10 positions | Gold: $4457.30
⏰ 12:50:49 - Syncing IBKR prices... ✅ Updated 10 positions | Gold: $4451.57
⏰ 12:51:51 - Syncing IBKR prices... ✅ Updated 10 positions | Gold: $4463.16
⏰ 12:52:52 - Syncing IBKR prices... ✅ Updated 10 positions | Gold: $4467.28
⏰ 12:53:54 - Syncing IBKR prices... ✅ Updated 10 positions | Gold: $4468.58
⏰ 12:54:56 - Syncing IBKR prices... ✅ Updated 10 positions | Gold: $4456.68
⏰ 12:55:57 - Syncing IBKR prices... ✅ Updated 10 positions | Gold: $4454.46
⏰ 12:56:59 - Syncing IBKR prices... ✅ Updated 10 positions | Gold: $4467.64
⏰ 12:58:00 - Syncing IBKR prices... ✅ Updated 10 positions | Gold: $4459.65
⏰ 12:59:02 - Syncing IBKR prices... ✅ Updated 10 positions | Gold: $4457.91
⏰ 13:00:03 - Syncing IBKR prices... ✅ Updated 10 positions | Gold: $4461.01
⏰ 13:01:05 - Syncing IBKR prices... ✅ Updated 10 positions | Gold: $4451.36
⏰ 13:02:06 - Syncing IBKR prices... ✅ Updated 10 positions | Gold: $4468.34
⏰ 13:03:08 - Syncing IBKR prices... ✅ Updated 10 positions | Gold: $4451.03
⏰ 13:04:09 - Syncing IBKR prices... ✅ Updated 10 positions | Gold: $4465.73
⏰ 13:05:11 - Syncing IBKR prices... ✅ Updated 10 positions | Gold: $4452.10
⏰ 13:06:12 - Syncing IBKR prices... ✅ Updated 10 positions | Gold: $4454.92
⏰ 13:07:14 - Syncing IBKR prices... ✅ Updated 10 positions | Gold: $4465.09
⏰ 13:08:15 - Syncing IBKR prices... ✅ Updated 10 positions | Gold: $4464.53
⏰ 13:09:17 - Syncing IBKR prices... ✅ Updated 10 positions | Gold: $4465.10
⏰ 13:10:18 - Syncing IBKR prices... ✅ Updated 10 positions | Gold: $4460.67
⏰ 13:11:20 - Syncing IBKR prices... ✅ Updated 10 positions | Gold: $4453.02
⏰ 13:12:21 - Syncing IBKR prices... ✅ Updated 10 positions | Gold: $4469.94
⏰ 13:13:23 - Syncing IBKR prices... ✅ Updated 10 positions | Gold: $4465.48
⏰ 13:14:24 - Syncing IBKR prices... ✅ Updated 10 positions | Gold: $4458.71
⏰ 13:15:26 - Syncing IBKR prices... ✅ Updated 10 positions | Gold: $4466.76
⏰ 13:16:27 - Syncing IBKR prices... ✅ Updated 10 positions | Gold: $4469.75
⏰ 13:17:28 - Syncing IBKR prices... ✅ Updated 10 positions | Gold: $4465.82
⏰ 13:18:30 - Syncing IBKR prices... ✅ Updated 10 positions | Gold: $4458.24
⏰ 13:19:31 - Syncing IBKR prices... ✅ Updated 10 positions | Gold: $4464.29
⏰ 13:20:33 - Syncing IBKR prices... ✅ Updated 10 positions | Gold: $4466.81
⏰ 13:21:35 - Syncing IBKR prices... ✅ Updated 10 positions | Gold: $4457.66
⏰ 13:22:36 - Syncing IBKR prices... ✅ Updated 10 positions | Gold: $4453.17
⏰ 13:23:38 - Syncing IBKR prices... ✅ Updated 10 positions | Gold: $4453.84
⏰ 13:24:39 - Syncing IBKR prices... ✅ Updated 10 positions | Gold: $4457.38
⏰ 13:25:40 - Syncing IBKR prices... ✅ Updated 10 positions | Gold: $4464.81
⏰ 13:26:42 - Syncing IBKR prices... ✅ Updated 10 positions | Gold: $4456.04
⏰ 13:27:43 - Syncing IBKR prices... ✅ Updated 10 positions | Gold: $4466.02
⏰ 13:28:45 - Syncing IBKR prices... ✅ Updated 10 positions | Gold: $4465.37
⏰ 13:29:47 - Syncing IBKR prices... ✅ Updated 10 positions | Gold: $4469.21
⏰ 13:30:48 - Syncing IBKR prices... ✅ Updated 10 positions | Gold: $4468.13
⏰ 13:31:49 - Syncing IBKR prices... ✅ Updated 10 positions | Gold: $4454.86
⏰ 13:32:52 - Syncing IBKR prices... ✅ Updated 10 positions | Gold: $4454.05
⏰ 13:33:53 - Syncing IBKR prices... ✅ Updated 10 positions | Gold: $4459.15
⏰ 13:34:55 - Syncing IBKR prices... ✅ Updated 10 positions | Gold: $4455.05
⏰ 13:35:56 - Syncing IBKR prices... ✅ Updated 10 positions | Gold: $4459.75
⏰ 13:36:58 - Syncing IBKR prices... ✅ Updated 10 positions | Gold: $4455.03
⏰ 13:37:59 - Syncing IBKR prices... ✅ Updated 10 positions | Gold: $4462.07
⏰ 13:39:01 - Syncing IBKR prices... ✅ Updated 10 positions | Gold: $4453.49
⏰ 13:40:03 - Syncing IBKR prices... ✅ Updated 10 positions | Gold: $4464.85
⏰ 13:41:04 - Syncing IBKR prices... ✅ Updated 10 positions | Gold: $4454.24
⏰ 13:42:06 - Syncing IBKR prices... ✅ Updated 10 positions | Gold: $4461.62
⏰ 13:43:08 - Syncing IBKR prices... ✅ Updated 10 positions | Gold: $4469.65
⏰ 13:44:09 - Syncing IBKR prices... ✅ Updated 10 positions | Gold: $4466.04
⏰ 13:45:11 - Syncing IBKR prices... ✅ Updated 10 positions | Gold: $4451.77
⏰ 13:46:12 - Syncing IBKR prices... ✅ Updated 10 positions | Gold: $4453.78
⏰ 13:47:14 - Syncing IBKR prices... ✅ Updated 10 positions | Gold: $4463.26
⏰ 13:48:15 - Syncing IBKR prices... ✅ Updated 10 positions | Gold: $4452.67
⏰ 13:49:17 - Syncing IBKR prices... ✅ Updated 10 positions | Gold: $4454.71
⏰ 13:50:18 - Syncing IBKR prices... ✅ Updated 10 positions | Gold: $4468.04
⏰ 13:51:20 - Syncing IBKR prices... ✅ Updated 10 positions | Gold: $4466.72
⏰ 13:52:21 - Syncing IBKR prices... ✅ Updated 10 positions | Gold: $4456.29
⏰ 13:53:23 - Syncing IBKR prices... ✅ Updated 10 positions | Gold: $4459.41
⏰ 13:54:24 - Syncing IBKR prices... ✅ Updated 10 positions | Gold: $4464.12
⏰ 13:55:26 - Syncing IBKR prices... ✅ Updated 10 positions | Gold: $4466.22
⏰ 13:56:27 - Syncing IBKR prices... ✅ Updated 10 positions | Gold: $4469.37
⏰ 13:57:29 - Syncing IBKR prices... ✅ Updated 10 positions | Gold: $4467.02
⏰ 13:58:30 - Syncing IBKR prices... ✅ Updated 10 positions | Gold: $4459.72
⏰ 13:59:32 - Syncing IBKR prices... ✅ Updated 10 positions | Gold: $4451.67
⏰ 14:00:33 - Syncing IBKR prices... ✅ Updated 10 positions | Gold: $4453.12
⏰ 14:01:35 - Syncing IBKR prices... ✅ Updated 10 positions | Gold: $4458.52
⏰ 14:02:36 - Syncing IBKR prices... ✅ Updated 10 positions | Gold: $4461.28
⏰ 14:03:38 - Syncing IBKR prices... ✅ Updated 10 positions | Gold: $4467.45
⏰ 14:04:39 - Syncing IBKR prices... ✅ Updated 10 positions | Gold: $4468.53
⏰ 14:05:41 - Syncing IBKR prices... ✅ Updated 10 positions | Gold: $4459.50
⏰ 14:06:42 - Syncing IBKR prices... ✅ Updated 10 positions | Gold: $4467.25
⏰ 14:07:44 - Syncing IBKR prices... ✅ Updated 10 positions | Gold: $4464.93
⏰ 14:08:45 - Syncing IBKR prices... ✅ Updated 10 positions | Gold: $4463.20
⏰ 14:09:46 - Syncing IBKR prices... ✅ Updated 10 positions | Gold: $4463.27
⏰ 14:10:48 - Syncing IBKR prices... ✅ Updated 10 positions | Gold: $4456.38
⏰ 14:11:49 - Syncing IBKR prices... ✅ Updated 10 positions | Gold: $4457.39
⏰ 14:12:51 - Syncing IBKR prices... ✅ Updated 10 positions | Gold: $4468.66
⏰ 14:13:52 - Syncing IBKR prices... ✅ Updated 10 positions | Gold: $4465.02
⏰ 14:14:54 - Syncing IBKR prices... ✅ Updated 10 positions | Gold: $4467.57
⏰ 14:15:55 - Syncing IBKR prices... ✅ Updated 10 positions | Gold: $4451.01
⏰ 14:16:57 - Syncing IBKR prices... ✅ Updated 10 positions | Gold: $4469.20
⏰ 14:17:58 - Syncing IBKR prices... ✅ Updated 10 positions | Gold: $4454.45
⏰ 14:19:00 - Syncing IBKR prices... ✅ Updated 10 positions | Gold: $4453.39
⏰ 14:20:01 - Syncing IBKR prices... ✅ Updated 10 positions | Gold: $4469.40
⏰ 14:21:03 - Syncing IBKR prices... ✅ Updated 10 positions | Gold: $4456.59
⏰ 14:22:04 - Syncing IBKR prices... ✅ Updated 10 positions | Gold: $4452.27
⏰ 14:23:06 - Syncing IBKR prices... ✅ Updated 10 positions | Gold: $4461.45
⏰ 14:24:07 - Syncing IBKR prices... ✅ Updated 10 positions | Gold: $4453.48
⏰ 14:25:09 - Syncing IBKR prices... ✅ Updated 10 positions | Gold: $4456.76
⏰ 14:26:10 - Syncing IBKR prices... ✅ Updated 10 positions | Gold: $4463.96
⏰ 14:27:12 - Syncing IBKR prices... ✅ Updated 10 positions | Gold: $4463.82
⏰ 14:28:14 - Syncing IBKR prices... ✅ Updated 10 positions | Gold: $4454.71
⏰ 14:29:15 - Syncing IBKR prices... ✅ Updated 10 positions | Gold: $4467.26
⏰ 14:30:17 - Syncing IBKR prices... ✅ Updated 10 positions | Gold: $4467.90
⏰ 14:31:18 - Syncing IBKR prices... ✅ Updated 10 positions | Gold: $4465.57
⏰ 14:32:20 - Syncing IBKR prices... ✅ Updated 10 positions | Gold: $4463.75
⏰ 14:33:22 - Syncing IBKR prices... ✅ Updated 10 positions | Gold: $4462.83
⏰ 14:34:23 - Syncing IBKR prices... ✅ Updated 10 positions | Gold: $4459.01
⏰ 14:35:25 - Syncing IBKR prices... ✅ Updated 10 positions | Gold: $4457.31
⏰ 14:36:26 - Syncing IBKR prices... ✅ Updated 10 positions | Gold: $4454.71
⏰ 14:37:28 - Syncing IBKR prices... ✅ Updated 10 positions | Gold: $4464.32
⏰ 14:38:30 - Syncing IBKR prices... ✅ Updated 10 positions | Gold: $4467.87
⏰ 14:39:32 - Syncing IBKR prices... ✅ Updated 10 positions | Gold: $4468.45
⏰ 14:40:33 - Syncing IBKR prices... ✅ Updated 10 positions | Gold: $4451.00
⏰ 14:41:35 - Syncing IBKR prices... ✅ Updated 10 positions | Gold: $4468.66
⏰ 14:42:36 - Syncing IBKR prices... ✅ Updated 10 positions | Gold: $4454.97
⏰ 14:43:38 - Syncing IBKR prices... ✅ Updated 10 positions | Gold: $4461.41
⏰ 14:44:40 - Syncing IBKR prices... ✅ Updated 10 positions | Gold: $4460.06
⏰ 14:45:41 - Syncing IBKR prices... ✅ Updated 10 positions | Gold: $4468.42
⏰ 14:46:43 - Syncing IBKR prices... ✅ Updated 10 positions | Gold: $4466.44
⏰ 14:47:45 - Syncing IBKR prices... ✅ Updated 10 positions | Gold: $4458.62
⏰ 14:48:47 - Syncing IBKR prices... ✅ Updated 10 positions | Gold: $4461.31
⏰ 14:49:48 - Syncing IBKR prices... ✅ Updated 10 positions | Gold: $4452.17
⏰ 14:50:50 - Syncing IBKR prices... ✅ Updated 10 positions | Gold: $4459.82
⏰ 14:51:51 - Syncing IBKR prices... ✅ Updated 10 positions | Gold: $4454.55
⏰ 14:52:53 - Syncing IBKR prices... ✅ Updated 10 positions | Gold: $4450.93
⏰ 14:53:54 - Syncing IBKR prices... ✅ Updated 10 positions | Gold: $4450.39
⏰ 14:54:56 - Syncing IBKR prices... ✅ Updated 10 positions | Gold: $4454.36
⏰ 14:55:57 - Syncing IBKR prices... ✅ Updated 10 positions | Gold: $4468.27
⏰ 14:56:59 - Syncing IBKR prices... ✅ Updated 10 positions | Gold: $4467.49
⏰ 14:58:00 - Syncing IBKR prices... ✅ Updated 10 positions | Gold: $4457.79
⏰ 14:59:02 - Syncing IBKR prices... ✅ Updated 10 positions | Gold: $4461.86
⏰ 15:00:03 - Syncing IBKR prices... ✅ Updated 10 positions | Gold: $4454.49
⏰ 15:01:05 - Syncing IBKR prices... ✅ Updated 10 positions | Gold: $4461.87
⏰ 15:02:06 - Syncing IBKR prices... ✅ Updated 10 positions | Gold: $4462.85
⏰ 15:03:08 - Syncing IBKR prices... ✅ Updated 10 positions | Gold: $4451.91
⏰ 15:04:09 - Syncing IBKR prices... ✅ Updated 10 positions | Gold: $4453.21
⏰ 15:05:11 - Syncing IBKR prices... ✅ Updated 10 positions | Gold: $4457.73
⏰ 15:06:12 - Syncing IBKR prices... ✅ Updated 10 positions | Gold: $4459.39
⏰ 15:07:13 - Syncing IBKR prices... ✅ Updated 10 positions | Gold: $4450.21
⏰ 15:08:15 - Syncing IBKR prices... ✅ Updated 10 positions | Gold: $4456.43
⏰ 15:09:17 - Syncing IBKR prices... ✅ Updated 10 positions | Gold: $4453.16
⏰ 15:10:18 - Syncing IBKR prices... ✅ Updated 10 positions | Gold: $4469.32
⏰ 15:11:19 - Syncing IBKR prices... ✅ Updated 10 positions | Gold: $4451.36
⏰ 15:12:21 - Syncing IBKR prices... ✅ Updated 10 positions | Gold: $4456.44
⏰ 15:13:22 - Syncing IBKR prices... ✅ Updated 10 positions | Gold: $4454.57
⏰ 15:14:24 - Syncing IBKR prices... ✅ Updated 10 positions | Gold: $4464.12
⏰ 15:15:26 - Syncing IBKR prices... ✅ Updated 10 positions | Gold: $4469.72
⏰ 15:16:27 - Syncing IBKR prices... ✅ Updated 10 positions | Gold: $4459.05
⏰ 15:17:29 - Syncing IBKR prices... ✅ Updated 10 positions | Gold: $4456.13
⏰ 15:18:30 - Syncing IBKR prices... ✅ Updated 10 positions | Gold: $4454.43
⏰ 15:19:32 - Syncing IBKR prices... ✅ Updated 10 positions | Gold: $4458.19
⏰ 15:20:33 - Syncing IBKR prices... ✅ Updated 10 positions | Gold: $4456.21
⏰ 15:21:35 - Syncing IBKR prices... ✅ Updated 10 positions | Gold: $4463.48
⏰ 15:22:36 - Syncing IBKR prices... ✅ Updated 10 positions | Gold: $4460.47
⏰ 15:23:38 - Syncing IBKR prices... ✅ Updated 10 positions | Gold: $4462.31
⏰ 15:24:39 - Syncing IBKR prices... ✅ Updated 10 positions | Gold: $4450.71
⏰ 15:25:41 - Syncing IBKR prices... ✅ Updated 10 positions | Gold: $4457.27
⏰ 15:26:42 - Syncing IBKR prices... ✅ Updated 10 positions | Gold: $4457.85
⏰ 15:27:44 - Syncing IBKR prices... ✅ Updated 10 positions | Gold: $4464.47
⏰ 15:28:45 - Syncing IBKR prices... ✅ Updated 10 positions | Gold: $4466.31
⏰ 15:29:47 - Syncing IBKR prices... ✅ Updated 10 positions | Gold: $4452.53
⏰ 15:30:48 - Syncing IBKR prices... ✅ Updated 10 positions | Gold: $4457.67
⏰ 15:31:50 - Syncing IBKR prices... ✅ Updated 10 positions | Gold: $4456.37
⏰ 15:32:51 - Syncing IBKR prices... ✅ Updated 10 positions | Gold: $4469.29
⏰ 15:33:53 - Syncing IBKR prices... ✅ Updated 10 positions | Gold: $4450.64
⏰ 15:34:55 - Syncing IBKR prices... ✅ Updated 10 positions | Gold: $4459.04
⏰ 15:35:56 - Syncing IBKR prices... ✅ Updated 10 positions | Gold: $4456.90
⏰ 15:36:58 - Syncing IBKR prices... ✅ Updated 10 positions | Gold: $4461.02
⏰ 15:37:59 - Syncing IBKR prices... ✅ Updated 10 positions | Gold: $4462.34
⏰ 15:39:01 - Syncing IBKR prices... ✅ Updated 10 positions | Gold: $4463.85
⏰ 15:40:02 - Syncing IBKR prices... ✅ Updated 10 positions | Gold: $4464.55
⏰ 15:41:04 - Syncing IBKR prices... ✅ Updated 10 positions | Gold: $4467.73
⏰ 15:42:06 - Syncing IBKR prices... ✅ Updated 10 positions | Gold: $4450.84
⏰ 15:43:08 - Syncing IBKR prices... ✅ Updated 10 positions | Gold: $4463.94
⏰ 15:44:10 - Syncing IBKR prices... ✅ Updated 10 positions | Gold: $4467.72
⏰ 15:45:11 - Syncing IBKR prices... ✅ Updated 10 positions | Gold: $4453.70
⏰ 15:46:13 - Syncing IBKR prices... ✅ Updated 10 positions | Gold: $4458.59
⏰ 15:47:15 - Syncing IBKR prices... ✅ Updated 10 positions | Gold: $4450.75
⏰ 15:48:16 - Syncing IBKR prices... ✅ Updated 10 positions | Gold: $4459.45
⏰ 15:49:18 - Syncing IBKR prices... ✅ Updated 10 positions | Gold: $4466.59
⏰ 15:50:19 - Syncing IBKR prices... ✅ Updated 10 positions | Gold: $4458.28
⏰ 15:51:21 - Syncing IBKR prices... ✅ Updated 10 positions | Gold: $4459.04
⏰ 15:52:22 - Syncing IBKR prices... ✅ Updated 10 positions | Gold: $4463.46
⏰ 15:53:24 - Syncing IBKR prices... ✅ Updated 10 positions | Gold: $4461.18
⏰ 15:54:25 - Syncing IBKR prices... ✅ Updated 10 positions | Gold: $4455.11
⏰ 15:55:27 - Syncing IBKR prices... ✅ Updated 10 positions | Gold: $4457.52
⏰ 15:56:28 - Syncing IBKR prices... ✅ Updated 10 positions | Gold: $4469.05
⏰ 15:57:30 - Syncing IBKR prices... ✅ Updated 10 positions | Gold: $4467.73
⏰ 15:58:31 - Syncing IBKR prices... ✅ Updated 10 positions | Gold: $4469.73
⏰ 15:59:33 - Syncing IBKR prices... ✅ Updated 10 positions | Gold: $4463.91
⏰ 16:00:34 - Syncing IBKR prices... ✅ Updated 10 positions | Gold: $4454.19
⏰ 16:01:36 - Syncing IBKR prices... ✅ Updated 10 positions | Gold: $4461.07
⏰ 16:02:37 - Syncing IBKR prices... ✅ Updated 10 positions | Gold: $4469.71
⏰ 16:03:39 - Syncing IBKR prices... ✅ Updated 10 positions | Gold: $4463.69
⏰ 16:04:40 - Syncing IBKR prices... ✅ Updated 10 positions | Gold: $4462.92
⏰ 16:05:42 - Syncing IBKR prices... ✅ Updated 10 positions | Gold: $4458.43
⏰ 16:06:43 - Syncing IBKR prices... ✅ Updated 10 positions | Gold: $4458.13
⏰ 16:07:45 - Syncing IBKR prices... ✅ Updated 10 positions | Gold: $4461.60
⏰ 16:08:46 - Syncing IBKR prices... ✅ Updated 10 positions | Gold: $4466.30
⏰ 16:09:48 - Syncing IBKR prices... ✅ Updated 10 positions | Gold: $4468.75
⏰ 16:10:49 - Syncing IBKR prices... ✅ Updated 10 positions | Gold: $4452.58
⏰ 16:11:51 - Syncing IBKR prices... ✅ Updated 10 positions | Gold: $4455.66
⏰ 16:12:52 - Syncing IBKR prices... ✅ Updated 10 positions | Gold: $4450.29
⏰ 16:13:53 - Syncing IBKR prices... ✅ Updated 10 positions | Gold: $4453.75
⏰ 16:14:55 - Syncing IBKR prices... ✅ Updated 10 positions | Gold: $4469.26
⏰ 16:15:57 - Syncing IBKR prices... ✅ Updated 10 positions | Gold: $4455.51
⏰ 16:16:58 - Syncing IBKR prices... ✅ Updated 10 positions | Gold: $4453.71
⏰ 16:18:00 - Syncing IBKR prices... ✅ Updated 10 positions | Gold: $4457.13
⏰ 16:19:01 - Syncing IBKR prices... ✅ Updated 10 positions | Gold: $4457.13
⏰ 16:20:03 - Syncing IBKR prices... ✅ Updated 10 positions | Gold: $4468.22
⏰ 16:21:04 - Syncing IBKR prices... ✅ Updated 10 positions | Gold: $4464.90
⏰ 16:22:06 - Syncing IBKR prices... ✅ Updated 10 positions | Gold: $4468.96
⏰ 16:23:07 - Syncing IBKR prices... ✅ Updated 10 positions | Gold: $4456.64
⏰ 16:24:09 - Syncing IBKR prices... ✅ Updated 10 positions | Gold: $4450.97
⏰ 16:25:10 - Syncing IBKR prices... ✅ Updated 10 positions | Gold: $4455.02
⏰ 16:26:12 - Syncing IBKR prices... ✅ Updated 10 positions | Gold: $4465.18
⏰ 16:27:13 - Syncing IBKR prices... ✅ Updated 10 positions | Gold: $4450.92
⏰ 16:28:15 - Syncing IBKR prices... ✅ Updated 10 positions | Gold: $4463.76
⏰ 16:29:16 - Syncing IBKR prices... ✅ Updated 10 positions | Gold: $4468.91
⏰ 16:30:18 - Syncing IBKR prices... ✅ Updated 10 positions | Gold: $4461.10
⏰ 16:31:20 - Syncing IBKR prices... ✅ Updated 10 positions | Gold: $4458.50
⏰ 16:32:21 - Syncing IBKR prices... ✅ Updated 10 positions | Gold: $4463.29
⏰ 16:33:23 - Syncing IBKR prices... ✅ Updated 10 positions | Gold: $4469.47
⏰ 16:34:24 - Syncing IBKR prices... ✅ Updated 10 positions | Gold: $4466.01
⏰ 16:35:26 - Syncing IBKR prices... ✅ Updated 10 positions | Gold: $4455.13
⏰ 16:36:27 - Syncing IBKR prices... ✅ Updated 10 positions | Gold: $4452.10
⏰ 16:37:29 - Syncing IBKR prices... ✅ Updated 10 positions | Gold: $4463.64
⏰ 16:38:30 - Syncing IBKR prices... ✅ Updated 10 positions | Gold: $4464.20
⏰ 16:39:32 - Syncing IBKR prices... ✅ Updated 10 positions | Gold: $4450.05
⏰ 16:40:34 - Syncing IBKR prices... ✅ Updated 10 positions | Gold: $4462.81
⏰ 16:41:35 - Syncing IBKR prices... ✅ Updated 10 positions | Gold: $4453.36
⏰ 16:42:36 - Syncing IBKR prices... ✅ Updated 10 positions | Gold: $4463.62
⏰ 16:43:38 - Syncing IBKR prices... ✅ Updated 10 positions | Gold: $4460.54
⏰ 16:44:40 - Syncing IBKR prices... ✅ Updated 10 positions | Gold: $4466.97
⏰ 16:45:41 - Syncing IBKR prices... ✅ Updated 10 positions | Gold: $4469.69
⏰ 16:46:43 - Syncing IBKR prices... ✅ Updated 10 positions | Gold: $4464.06
⏰ 16:47:44 - Syncing IBKR prices... ✅ Updated 10 positions | Gold: $4459.57
⏰ 16:48:46 - Syncing IBKR prices... ✅ Updated 10 positions | Gold: $4467.41
⏰ 16:49:47 - Syncing IBKR prices... ✅ Updated 10 positions | Gold: $4456.63
⏰ 16:50:49 - Syncing IBKR prices... ✅ Updated 10 positions | Gold: $4456.10
⏰ 16:51:50 - Syncing IBKR prices... ✅ Updated 10 positions | Gold: $4458.17
⏰ 16:52:53 - Syncing IBKR prices... ✅ Updated 10 positions | Gold: $4458.56
⏰ 16:53:54 - Syncing IBKR prices... ✅ Updated 10 positions | Gold: $4453.58
⏰ 16:54:56 - Syncing IBKR prices... ✅ Updated 10 positions | Gold: $4455.77
⏰ 16:55:57 - Syncing IBKR prices... ✅ Updated 10 positions | Gold: $4468.30
⏰ 16:56:59 - Syncing IBKR prices... ✅ Updated 10 positions | Gold: $4457.15
⏰ 16:58:00 - Syncing IBKR prices... ✅ Updated 10 positions | Gold: $4461.44
⏰ 16:59:02 - Syncing IBKR prices... ✅ Updated 10 positions | Gold: $4461.78
⏰ 17:00:03 - Syncing IBKR prices... ✅ Updated 10 positions | Gold: $4462.69
⏰ 17:01:05 - Syncing IBKR prices... ✅ Updated 10 positions | Gold: $4450.67
⏰ 17:02:06 - Syncing IBKR prices... ✅ Updated 10 positions | Gold: $4466.54
⏰ 17:03:08 - Syncing IBKR prices... ✅ Updated 10 positions | Gold: $4461.66
⏰ 17:04:09 - Syncing IBKR prices... ✅ Updated 10 positions | Gold: $4458.37
⏰ 17:05:11 - Syncing IBKR prices... ✅ Updated 10 positions | Gold: $4460.67
⏰ 17:06:12 - Syncing IBKR prices... ✅ Updated 10 positions | Gold: $4453.93
⏰ 17:07:14 - Syncing IBKR prices... ✅ Updated 10 positions | Gold: $4460.98
⏰ 17:08:15 - Syncing IBKR prices... ✅ Updated 10 positions | Gold: $4466.65
⏰ 17:09:17 - Syncing IBKR prices... ✅ Updated 10 positions | Gold: $4452.31
⏰ 17:10:18 - Syncing IBKR prices... ✅ Updated 10 positions | Gold: $4461.60
⏰ 17:11:20 - Syncing IBKR prices... ✅ Updated 10 positions | Gold: $4469.01
⏰ 17:12:21 - Syncing IBKR prices... ✅ Updated 10 positions | Gold: $4456.94
⏰ 17:13:23 - Syncing IBKR prices... ✅ Updated 10 positions | Gold: $4455.29
⏰ 17:14:24 - Syncing IBKR prices... ✅ Updated 10 positions | Gold: $4464.42
⏰ 17:15:26 - Syncing IBKR prices... ✅ Updated 10 positions | Gold: $4456.92
⏰ 17:16:27 - Syncing IBKR prices... ✅ Updated 10 positions | Gold: $4455.55
⏰ 17:17:29 - Syncing IBKR prices... ✅ Updated 10 positions | Gold: $4462.31
⏰ 17:18:30 - Syncing IBKR prices... ✅ Updated 10 positions | Gold: $4451.31
⏰ 17:19:32 - Syncing IBKR prices... ✅ Updated 10 positions | Gold: $4457.48
⏰ 17:20:33 - Syncing IBKR prices... ✅ Updated 10 positions | Gold: $4468.96
⏰ 17:21:35 - Syncing IBKR prices... ✅ Updated 10 positions | Gold: $4462.69
⏰ 17:22:36 - Syncing IBKR prices... ✅ Updated 10 positions | Gold: $4452.50
⏰ 17:23:38 - Syncing IBKR prices... ✅ Updated 10 positions | Gold: $4467.46
⏰ 17:24:39 - Syncing IBKR prices... ✅ Updated 10 positions | Gold: $4453.59
⏰ 17:25:41 - Syncing IBKR prices... ✅ Updated 10 positions | Gold: $4457.16
⏰ 17:26:43 - Syncing IBKR prices... ✅ Updated 10 positions | Gold: $4458.12
⏰ 17:27:44 - Syncing IBKR prices... ✅ Updated 10 positions | Gold: $4458.14
⏰ 17:28:46 - Syncing IBKR prices... ✅ Updated 10 positions | Gold: $4463.51
⏰ 17:29:47 - Syncing IBKR prices... ✅ Updated 10 positions | Gold: $4456.68
⏰ 17:30:49 - Syncing IBKR prices... ✅ Updated 10 positions | Gold: $4461.65
⏰ 17:31:50 - Syncing IBKR prices... ✅ Updated 10 positions | Gold: $4465.23
⏰ 17:32:52 - Syncing IBKR prices... ✅ Updated 10 positions | Gold: $4464.00
⏰ 17:33:54 - Syncing IBKR prices... ✅ Updated 10 positions | Gold: $4451.73
⏰ 17:34:55 - Syncing IBKR prices... ✅ Updated 10 positions | Gold: $4450.45
⏰ 17:35:57 - Syncing IBKR prices... ✅ Updated 10 positions | Gold: $4468.31
⏰ 17:36:58 - Syncing IBKR prices... ✅ Updated 10 positions | Gold: $4461.85
⏰ 17:38:00 - Syncing IBKR prices... ✅ Updated 10 positions | Gold: $4458.16
⏰ 17:39:02 - Syncing IBKR prices... ✅ Updated 10 positions | Gold: $4465.62
⏰ 17:40:03 - Syncing IBKR prices... ✅ Updated 10 positions | Gold: $4459.39
⏰ 17:41:05 - Syncing IBKR prices... ✅ Updated 10 positions | Gold: $4453.71
⏰ 17:42:06 - Syncing IBKR prices... ✅ Updated 10 positions | Gold: $4450.70
⏰ 17:43:08 - Syncing IBKR prices... ✅ Updated 10 positions | Gold: $4463.49
⏰ 17:44:09 - Syncing IBKR prices... ✅ Updated 10 positions | Gold: $4462.87
⏰ 17:45:11 - Syncing IBKR prices... ✅ Updated 10 positions | Gold: $4469.75
⏰ 17:46:12 - Syncing IBKR prices... ✅ Updated 10 positions | Gold: $4460.74
⏰ 17:47:14 - Syncing IBKR prices... ✅ Updated 10 positions | Gold: $4462.39
⏰ 17:48:15 - Syncing IBKR prices... ✅ Updated 10 positions | Gold: $4464.25
⏰ 17:49:16 - Syncing IBKR prices... ✅ Updated 10 positions | Gold: $4465.42
⏰ 17:50:18 - Syncing IBKR prices... ✅ Updated 10 positions | Gold: $4450.04
⏰ 17:51:19 - Syncing IBKR prices... ✅ Updated 10 positions | Gold: $4463.49
⏰ 17:52:21 - Syncing IBKR prices... ✅ Updated 10 positions | Gold: $4453.77
⏰ 17:53:22 - Syncing IBKR prices... ✅ Updated 10 positions | Gold: $4455.34
⏰ 17:54:24 - Syncing IBKR prices... ✅ Updated 10 positions | Gold: $4457.05
⏰ 17:55:25 - Syncing IBKR prices... ✅ Updated 10 positions | Gold: $4464.04
⏰ 17:56:27 - Syncing IBKR prices... ✅ Updated 10 positions | Gold: $4452.56
⏰ 17:57:28 - Syncing IBKR prices... ✅ Updated 10 positions | Gold: $4456.94
⏰ 17:58:30 - Syncing IBKR prices... ✅ Updated 10 positions | Gold: $4451.22
⏰ 17:59:31 - Syncing IBKR prices... ✅ Updated 10 positions | Gold: $4452.22
⏰ 18:00:33 - Syncing IBKR prices... ✅ Updated 10 positions | Gold: $4469.96
⏰ 18:01:34 - Syncing IBKR prices... ✅ Updated 10 positions | Gold: $4466.55
⏰ 18:02:36 - Syncing IBKR prices... ✅ Updated 10 positions | Gold: $4462.21
⏰ 18:03:37 - Syncing IBKR prices... ✅ Updated 10 positions | Gold: $4458.45
⏰ 18:04:39 - Syncing IBKR prices... ✅ Updated 10 positions | Gold: $4463.49
⏰ 18:05:40 - Syncing IBKR prices... ✅ Updated 10 positions | Gold: $4463.55
⏰ 18:06:42 - Syncing IBKR prices... ✅ Updated 10 positions | Gold: $4466.26
⏰ 18:07:43 - Syncing IBKR prices... ✅ Updated 10 positions | Gold: $4464.43
⏰ 18:08:45 - Syncing IBKR prices... ✅ Updated 10 positions | Gold: $4462.21
⏰ 18:09:46 - Syncing IBKR prices... ✅ Updated 10 positions | Gold: $4466.50
⏰ 18:10:48 - Syncing IBKR prices... ✅ Updated 10 positions | Gold: $4468.26
⏰ 18:11:50 - Syncing IBKR prices... ✅ Updated 10 positions | Gold: $4460.33
⏰ 18:12:51 - Syncing IBKR prices... ✅ Updated 10 positions | Gold: $4461.00
⏰ 18:13:53 - Syncing IBKR prices... ✅ Updated 10 positions | Gold: $4458.28
⏰ 18:14:54 - Syncing IBKR prices... ✅ Updated 10 positions | Gold: $4451.11
⏰ 18:15:56 - Syncing IBKR prices... ✅ Updated 10 positions | Gold: $4466.79
⏰ 18:16:57 - Syncing IBKR prices... ✅ Updated 10 positions | Gold: $4462.17
⏰ 18:17:59 - Syncing IBKR prices... ✅ Updated 10 positions | Gold: $4453.30
⏰ 18:19:00 - Syncing IBKR prices... ✅ Updated 10 positions | Gold: $4469.78
⏰ 18:20:02 - Syncing IBKR prices... ✅ Updated 10 positions | Gold: $4460.37
⏰ 18:21:03 - Syncing IBKR prices... ✅ Updated 10 positions | Gold: $4451.96
⏰ 18:22:05 - Syncing IBKR prices... ✅ Updated 10 positions | Gold: $4465.83
⏰ 18:23:07 - Syncing IBKR prices... ✅ Updated 10 positions | Gold: $4460.16
⏰ 18:24:08 - Syncing IBKR prices... ✅ Updated 10 positions | Gold: $4469.89
⏰ 18:25:10 - Syncing IBKR prices... ✅ Updated 10 positions | Gold: $4461.21
⏰ 18:26:12 - Syncing IBKR prices... ✅ Updated 10 positions | Gold: $4458.80
⏰ 18:27:13 - Syncing IBKR prices... ✅ Updated 10 positions | Gold: $4456.34
⏰ 18:28:15 - Syncing IBKR prices... ✅ Updated 10 positions | Gold: $4464.71
⏰ 18:29:16 - Syncing IBKR prices... ✅ Updated 10 positions | Gold: $4454.42
⏰ 18:30:18 - Syncing IBKR prices... ✅ Updated 10 positions | Gold: $4467.82
⏰ 18:31:19 - Syncing IBKR prices... ✅ Updated 10 positions | Gold: $4458.94
⏰ 18:32:21 - Syncing IBKR prices... ✅ Updated 10 positions | Gold: $4456.92
⏰ 18:33:23 - Syncing IBKR prices... ✅ Updated 10 positions | Gold: $4462.60
⏰ 18:34:24 - Syncing IBKR prices... ✅ Updated 10 positions | Gold: $4463.54
⏰ 18:35:26 - Syncing IBKR prices... ✅ Updated 10 positions | Gold: $4461.05
⏰ 18:36:27 - Syncing IBKR prices... ✅ Updated 10 positions | Gold: $4467.65
⏰ 18:37:29 - Syncing IBKR prices... ✅ Updated 10 positions | Gold: $4457.44
⏰ 18:38:30 - Syncing IBKR prices... ✅ Updated 10 positions | Gold: $4454.50
⏰ 18:39:32 - Syncing IBKR prices... ✅ Updated 10 positions | Gold: $4450.62
⏰ 18:40:33 - Syncing IBKR prices... ✅ Updated 10 positions | Gold: $4462.06
⏰ 18:41:35 - Syncing IBKR prices... ✅ Updated 10 positions | Gold: $4455.93
⏰ 18:42:36 - Syncing IBKR prices... ✅ Updated 10 positions | Gold: $4452.08
⏰ 18:43:37 - Syncing IBKR prices... ✅ Updated 10 positions | Gold: $4466.65
⏰ 18:44:39 - Syncing IBKR prices... ✅ Updated 10 positions | Gold: $4454.22
⏰ 18:45:40 - Syncing IBKR prices... ✅ Updated 10 positions | Gold: $4454.17
⏰ 18:46:42 - Syncing IBKR prices... ✅ Updated 10 positions | Gold: $4465.99
⏰ 18:47:43 - Syncing IBKR prices... ✅ Updated 10 positions | Gold: $4462.91
⏰ 18:48:45 - Syncing IBKR prices... ✅ Updated 10 positions | Gold: $4458.70
⏰ 18:49:46 - Syncing IBKR prices... ✅ Updated 10 positions | Gold: $4468.16
⏰ 18:50:48 - Syncing IBKR prices... ✅ Updated 10 positions | Gold: $4469.03
⏰ 18:51:49 - Syncing IBKR prices... ✅ Updated 10 positions | Gold: $4463.48
⏰ 18:52:51 - Syncing IBKR prices... ✅ Updated 10 positions | Gold: $4452.79
⏰ 18:53:52 - Syncing IBKR prices... ✅ Updated 10 positions | Gold: $4465.14
⏰ 18:54:54 - Syncing IBKR prices... ✅ Updated 10 positions | Gold: $4467.17
⏰ 18:55:55 - Syncing IBKR prices... ✅ Updated 10 positions | Gold: $4456.18
⏰ 18:56:57 - Syncing IBKR prices... ✅ Updated 10 positions | Gold: $4463.93
⏰ 18:57:59 - Syncing IBKR prices... ✅ Updated 10 positions | Gold: $4463.84
⏰ 18:59:01 - Syncing IBKR prices... ✅ Updated 10 positions | Gold: $4459.33
⏰ 19:00:02 - Syncing IBKR prices... ✅ Updated 10 positions | Gold: $4452.91
⏰ 19:01:04 - Syncing IBKR prices... ✅ Updated 10 positions | Gold: $4450.96
⏰ 19:02:06 - Syncing IBKR prices... ✅ Updated 10 positions | Gold: $4450.50
⏰ 19:03:08 - Syncing IBKR prices... ✅ Updated 10 positions | Gold: $4461.38
⏰ 19:04:09 - Syncing IBKR prices... ✅ Updated 10 positions | Gold: $4452.39
⏰ 19:05:11 - Syncing IBKR prices... ✅ Updated 10 positions | Gold: $4464.73
⏰ 19:06:13 - Syncing IBKR prices... ✅ Updated 10 positions | Gold: $4450.37
⏰ 19:07:15 - Syncing IBKR prices... ✅ Updated 10 positions | Gold: $4458.97
⏰ 19:08:16 - Syncing IBKR prices... ✅ Updated 10 positions | Gold: $4468.63
⏰ 19:09:18 - Syncing IBKR prices... ✅ Updated 10 positions | Gold: $4463.47
⏰ 19:10:20 - Syncing IBKR prices... ✅ Updated 10 positions | Gold: $4468.48
⏰ 19:11:22 - Syncing IBKR prices... ✅ Updated 10 positions | Gold: $4450.06
⏰ 19:12:23 - Syncing IBKR prices... ✅ Updated 10 positions | Gold: $4450.14
⏰ 19:13:25 - Syncing IBKR prices... ✅ Updated 10 positions | Gold: $4455.98
⏰ 19:14:27 - Syncing IBKR prices... ✅ Updated 10 positions | Gold: $4454.30
⏰ 19:15:29 - Syncing IBKR prices... ✅ Updated 10 positions | Gold: $4454.51
⏰ 19:16:31 - Syncing IBKR prices... ✅ Updated 10 positions | Gold: $4465.49
⏰ 19:17:32 - Syncing IBKR prices... ✅ Updated 10 positions | Gold: $4468.79
⏰ 19:18:34 - Syncing IBKR prices... ✅ Updated 10 positions | Gold: $4463.46
⏰ 19:19:36 - Syncing IBKR prices... ✅ Updated 10 positions | Gold: $4459.17
⏰ 19:20:38 - Syncing IBKR prices... ✅ Updated 10 positions | Gold: $4462.19
⏰ 19:21:40 - Syncing IBKR prices... ✅ Updated 10 positions | Gold: $4467.22
⏰ 19:22:42 - Syncing IBKR prices... ✅ Updated 10 positions | Gold: $4461.60
⏰ 19:23:43 - Syncing IBKR prices... ✅ Updated 10 positions | Gold: $4455.75
⏰ 19:24:45 - Syncing IBKR prices... ✅ Updated 10 positions | Gold: $4467.14
⏰ 19:25:47 - Syncing IBKR prices... ✅ Updated 10 positions | Gold: $4468.67
⏰ 19:26:49 - Syncing IBKR prices... ✅ Updated 10 positions | Gold: $4450.91
⏰ 19:27:51 - Syncing IBKR prices... ✅ Updated 10 positions | Gold: $4465.36
⏰ 19:28:52 - Syncing IBKR prices... ✅ Updated 10 positions | Gold: $4468.04
⏰ 19:29:54 - Syncing IBKR prices... ✅ Updated 10 positions | Gold: $4455.50
⏰ 19:30:56 - Syncing IBKR prices... ✅ Updated 10 positions | Gold: $4462.29
⏰ 19:31:57 - Syncing IBKR prices... ✅ Updated 10 positions | Gold: $4453.45
⏰ 19:32:59 - Syncing IBKR prices... ✅ Updated 10 positions | Gold: $4461.84
⏰ 19:34:01 - Syncing IBKR prices... ✅ Updated 10 positions | Gold: $4466.95
⏰ 19:35:03 - Syncing IBKR prices... ✅ Updated 10 positions | Gold: $4458.78
⏰ 19:36:04 - Syncing IBKR prices... ✅ Updated 10 positions | Gold: $4452.69
⏰ 19:37:06 - Syncing IBKR prices... ✅ Updated 10 positions | Gold: $4458.05
⏰ 19:38:08 - Syncing IBKR prices... ✅ Updated 10 positions | Gold: $4459.44
⏰ 19:39:10 - Syncing IBKR prices... ✅ Updated 10 positions | Gold: $4466.83
⏰ 19:40:11 - Syncing IBKR prices... ✅ Updated 10 positions | Gold: $4455.94
⏰ 19:41:13 - Syncing IBKR prices... ✅ Updated 10 positions | Gold: $4465.50
⏰ 19:42:15 - Syncing IBKR prices... ✅ Updated 10 positions | Gold: $4453.12
⏰ 19:43:17 - Syncing IBKR prices... ✅ Updated 10 positions | Gold: $4467.39
⏰ 19:44:19 - Syncing IBKR prices... ✅ Updated 10 positions | Gold: $4469.75
⏰ 19:45:20 - Syncing IBKR prices... ✅ Updated 10 positions | Gold: $4460.07
⏰ 19:46:22 - Syncing IBKR prices... ✅ Updated 10 positions | Gold: $4467.26
⏰ 19:47:24 - Syncing IBKR prices... ✅ Updated 10 positions | Gold: $4452.47
⏰ 19:48:26 - Syncing IBKR prices... ✅ Updated 10 positions | Gold: $4469.52
⏰ 19:49:27 - Syncing IBKR prices... ✅ Updated 10 positions | Gold: $4464.06
⏰ 19:50:29 - Syncing IBKR prices... ✅ Updated 10 positions | Gold: $4457.79
⏰ 19:51:31 - Syncing IBKR prices... ✅ Updated 10 positions | Gold: $4469.88
⏰ 19:52:33 - Syncing IBKR prices... ✅ Updated 10 positions | Gold: $4463.79
⏰ 19:53:35 - Syncing IBKR prices... ✅ Updated 10 positions | Gold: $4453.31
⏰ 19:54:36 - Syncing IBKR prices... ✅ Updated 10 positions | Gold: $4452.73
⏰ 19:55:38 - Syncing IBKR prices... ✅ Updated 10 positions | Gold: $4458.22
⏰ 19:56:40 - Syncing IBKR prices... ✅ Updated 10 positions | Gold: $4457.80
⏰ 19:57:42 - Syncing IBKR prices... ✅ Updated 10 positions | Gold: $4452.50
⏰ 19:58:43 - Syncing IBKR prices... ✅ Updated 10 positions | Gold: $4466.16
⏰ 19:59:45 - Syncing IBKR prices... ✅ Updated 10 positions | Gold: $4467.73
⏰ 20:00:47 - Syncing IBKR prices... ✅ Updated 10 positions | Gold: $4458.47
⏰ 20:01:49 - Syncing IBKR prices... ✅ Updated 10 positions | Gold: $4468.61
⏰ 20:02:51 - Syncing IBKR prices... ✅ Updated 10 positions | Gold: $4467.04
⏰ 20:03:53 - Syncing IBKR prices... ✅ Updated 10 positions | Gold: $4461.32
⏰ 20:04:55 - Syncing IBKR prices... ✅ Updated 10 positions | Gold: $4462.83
⏰ 20:05:56 - Syncing IBKR prices... ✅ Updated 10 positions | Gold: $4465.52
⏰ 20:06:58 - Syncing IBKR prices... ✅ Updated 10 positions | Gold: $4460.42
⏰ 20:08:00 - Syncing IBKR prices... ✅ Updated 10 positions | Gold: $4454.42
⏰ 20:09:02 - Syncing IBKR prices... ✅ Updated 10 positions | Gold: $4465.79
⏰ 20:10:04 - Syncing IBKR prices... ✅ Updated 10 positions | Gold: $4452.17
⏰ 20:11:05 - Syncing IBKR prices... ✅ Updated 10 positions | Gold: $4460.78
⏰ 20:12:07 - Syncing IBKR prices... ✅ Updated 10 positions | Gold: $4461.13
⏰ 20:13:09 - Syncing IBKR prices... ✅ Updated 10 positions | Gold: $4450.36
⏰ 20:14:10 - Syncing IBKR prices... ✅ Updated 10 positions | Gold: $4455.70
⏰ 20:15:12 - Syncing IBKR prices... ✅ Updated 10 positions | Gold: $4464.01
⏰ 20:16:14 - Syncing IBKR prices... ✅ Updated 10 positions | Gold: $4459.86
⏰ 20:17:15 - Syncing IBKR prices... ✅ Updated 10 positions | Gold: $4466.33
⏰ 20:18:17 - Syncing IBKR prices... ✅ Updated 10 positions | Gold: $4452.91
⏰ 20:19:19 - Syncing IBKR prices... ✅ Updated 10 positions | Gold: $4466.69
⏰ 20:20:20 - Syncing IBKR prices... ✅ Updated 10 positions | Gold: $4452.51
⏰ 20:21:22 - Syncing IBKR prices... ✅ Updated 10 positions | Gold: $4465.81
⏰ 20:22:24 - Syncing IBKR prices... ✅ Updated 10 positions | Gold: $4464.93
⏰ 20:23:26 - Syncing IBKR prices... ✅ Updated 10 positions | Gold: $4451.98
⏰ 20:24:27 - Syncing IBKR prices... ✅ Updated 10 positions | Gold: $4464.56
⏰ 20:25:29 - Syncing IBKR prices... ✅ Updated 10 positions | Gold: $4468.83
⏰ 20:26:31 - Syncing IBKR prices... ✅ Updated 10 positions | Gold: $4467.70
⏰ 20:27:33 - Syncing IBKR prices... ✅ Updated 10 positions | Gold: $4467.98
⏰ 20:28:34 - Syncing IBKR prices... ✅ Updated 10 positions | Gold: $4453.83
⏰ 20:29:36 - Syncing IBKR prices... ✅ Updated 10 positions | Gold: $4456.67
⏰ 20:30:38 - Syncing IBKR prices... ✅ Updated 10 positions | Gold: $4455.64
⏰ 20:31:40 - Syncing IBKR prices... ✅ Updated 10 positions | Gold: $4452.63
⏰ 20:32:42 - Syncing IBKR prices... ✅ Updated 10 positions | Gold: $4463.34
⏰ 20:33:44 - Syncing IBKR prices... ✅ Updated 10 positions | Gold: $4468.79
⏰ 20:34:46 - Syncing IBKR prices... ✅ Updated 10 positions | Gold: $4462.07
⏰ 20:35:47 - Syncing IBKR prices... ✅ Updated 10 positions | Gold: $4468.12
⏰ 20:36:49 - Syncing IBKR prices... ✅ Updated 10 positions | Gold: $4457.24
⏰ 20:37:51 - Syncing IBKR prices... ✅ Updated 10 positions | Gold: $4460.63
⏰ 20:38:53 - Syncing IBKR prices... ✅ Updated 10 positions | Gold: $4461.14
⏰ 20:39:54 - Syncing IBKR prices... ✅ Updated 10 positions | Gold: $4465.44
⏰ 20:40:56 - Syncing IBKR prices... ✅ Updated 10 positions | Gold: $4468.59
⏰ 20:41:58 - Syncing IBKR prices... ✅ Updated 10 positions | Gold: $4450.93
⏰ 20:43:00 - Syncing IBKR prices... ✅ Updated 10 positions | Gold: $4466.36
⏰ 20:44:02 - Syncing IBKR prices... ✅ Updated 10 positions | Gold: $4463.00
⏰ 20:45:04 - Syncing IBKR prices... ✅ Updated 10 positions | Gold: $4456.20
⏰ 20:46:05 - Syncing IBKR prices... ✅ Updated 10 positions | Gold: $4455.94
⏰ 20:47:07 - Syncing IBKR prices... ✅ Updated 10 positions | Gold: $4453.43
⏰ 20:48:09 - Syncing IBKR prices... ✅ Updated 10 positions | Gold: $4463.38
⏰ 20:49:11 - Syncing IBKR prices... ✅ Updated 10 positions | Gold: $4469.63
⏰ 20:50:13 - Syncing IBKR prices... ✅ Updated 10 positions | Gold: $4458.29
⏰ 20:51:15 - Syncing IBKR prices... ✅ Updated 10 positions | Gold: $4456.90
⏰ 20:52:17 - Syncing IBKR prices... ✅ Updated 10 positions | Gold: $4469.89
⏰ 20:53:18 - Syncing IBKR prices... ✅ Updated 10 positions | Gold: $4467.14
⏰ 20:54:20 - Syncing IBKR prices... ✅ Updated 10 positions | Gold: $4460.71
⏰ 20:55:22 - Syncing IBKR prices... ✅ Updated 10 positions | Gold: $4461.51
⏰ 20:56:24 - Syncing IBKR prices... ✅ Updated 10 positions | Gold: $4468.98
⏰ 20:57:26 - Syncing IBKR prices... ✅ Updated 10 positions | Gold: $4456.90
⏰ 20:58:27 - Syncing IBKR prices... ✅ Updated 10 positions | Gold: $4453.12
⏰ 20:59:29 - Syncing IBKR prices... ✅ Updated 10 positions | Gold: $4457.75
⏰ 21:00:31 - Syncing IBKR prices... ✅ Updated 10 positions | Gold: $4453.47
⏰ 21:01:33 - Syncing IBKR prices... ✅ Updated 10 positions | Gold: $4465.17
⏰ 21:02:34 - Syncing IBKR prices... ✅ Updated 10 positions | Gold: $4462.83
⏰ 21:03:36 - Syncing IBKR prices... ✅ Updated 10 positions | Gold: $4460.99
⏰ 21:04:38 - Syncing IBKR prices... ✅ Updated 10 positions | Gold: $4454.35
⏰ 21:05:40 - Syncing IBKR prices... ✅ Updated 10 positions | Gold: $4450.85
⏰ 21:06:41 - Syncing IBKR prices... ✅ Updated 10 positions | Gold: $4469.31
⏰ 21:07:43 - Syncing IBKR prices... ✅ Updated 10 positions | Gold: $4453.61
⏰ 21:08:45 - Syncing IBKR prices... ✅ Updated 10 positions | Gold: $4459.85
⏰ 21:09:47 - Syncing IBKR prices... ✅ Updated 10 positions | Gold: $4458.26
⏰ 21:10:48 - Syncing IBKR prices... ✅ Updated 10 positions | Gold: $4469.43
⏰ 21:11:50 - Syncing IBKR prices... ✅ Updated 10 positions | Gold: $4451.42
⏰ 21:12:52 - Syncing IBKR prices... ✅ Updated 10 positions | Gold: $4452.82
⏰ 21:13:54 - Syncing IBKR prices... ✅ Updated 10 positions | Gold: $4464.79
⏰ 21:14:55 - Syncing IBKR prices... ✅ Updated 10 positions | Gold: $4465.18
⏰ 21:15:57 - Syncing IBKR prices... ✅ Updated 10 positions | Gold: $4459.90
⏰ 21:16:59 - Syncing IBKR prices... ✅ Updated 10 positions | Gold: $4467.09
⏰ 21:18:01 - Syncing IBKR prices... ✅ Updated 10 positions | Gold: $4459.44
⏰ 21:19:02 - Syncing IBKR prices... ✅ Updated 10 positions | Gold: $4454.83
⏰ 21:20:04 - Syncing IBKR prices... ✅ Updated 10 positions | Gold: $4459.30
⏰ 21:21:06 - Syncing IBKR prices... ✅ Updated 10 positions | Gold: $4453.09
⏰ 21:22:08 - Syncing IBKR prices... ✅ Updated 10 positions | Gold: $4454.89
⏰ 21:23:10 - Syncing IBKR prices... ✅ Updated 10 positions | Gold: $4454.06
⏰ 21:24:12 - Syncing IBKR prices... ✅ Updated 10 positions | Gold: $4456.33
⏰ 21:25:13 - Syncing IBKR prices... ✅ Updated 10 positions | Gold: $4456.26
⏰ 21:26:15 - Syncing IBKR prices... ✅ Updated 10 positions | Gold: $4456.43
⏰ 21:27:17 - Syncing IBKR prices... ✅ Updated 10 positions | Gold: $4450.19
⏰ 21:28:19 - Syncing IBKR prices... ✅ Updated 10 positions | Gold: $4458.13
⏰ 21:29:21 - Syncing IBKR prices... ✅ Updated 10 positions | Gold: $4459.44
⏰ 21:30:23 - Syncing IBKR prices... ✅ Updated 10 positions | Gold: $4455.53
⏰ 21:31:25 - Syncing IBKR prices... ✅ Updated 10 positions | Gold: $4463.33
⏰ 21:32:27 - Syncing IBKR prices... ✅ Updated 10 positions | Gold: $4457.79
⏰ 21:33:28 - Syncing IBKR prices... ✅ Updated 10 positions | Gold: $4451.02
⏰ 21:34:30 - Syncing IBKR prices... ✅ Updated 10 positions | Gold: $4463.83
⏰ 21:35:32 - Syncing IBKR prices... ✅ Updated 10 positions | Gold: $4460.28
⏰ 21:36:34 - Syncing IBKR prices... ✅ Updated 10 positions | Gold: $4469.60
⏰ 21:37:36 - Syncing IBKR prices... ✅ Updated 10 positions | Gold: $4459.35
⏰ 21:38:37 - Syncing IBKR prices... ✅ Updated 10 positions | Gold: $4462.34
⏰ 21:39:39 - Syncing IBKR prices... ✅ Updated 10 positions | Gold: $4459.35
⏰ 21:40:41 - Syncing IBKR prices... ✅ Updated 10 positions | Gold: $4467.93
⏰ 21:41:43 - Syncing IBKR prices... ✅ Updated 10 positions | Gold: $4460.12
⏰ 21:42:45 - Syncing IBKR prices... ✅ Updated 10 positions | Gold: $4461.68
⏰ 21:43:47 - Syncing IBKR prices... ✅ Updated 10 positions | Gold: $4457.59
⏰ 21:44:48 - Syncing IBKR prices... ✅ Updated 10 positions | Gold: $4460.76
⏰ 21:45:50 - Syncing IBKR prices... ✅ Updated 10 positions | Gold: $4452.10
⏰ 21:46:52 - Syncing IBKR prices... ✅ Updated 10 positions | Gold: $4459.12
⏰ 21:47:54 - Syncing IBKR prices... ✅ Updated 10 positions | Gold: $4459.71
⏰ 21:48:55 - Syncing IBKR prices... ✅ Updated 10 positions | Gold: $4450.07
⏰ 21:49:57 - Syncing IBKR prices... ✅ Updated 10 positions | Gold: $4468.07
⏰ 21:50:59 - Syncing IBKR prices... ✅ Updated 10 positions | Gold: $4458.30
⏰ 21:52:01 - Syncing IBKR prices... ✅ Updated 10 positions | Gold: $4464.50
⏰ 21:53:02 - Syncing IBKR prices... ✅ Updated 10 positions | Gold: $4469.18
⏰ 21:54:04 - Syncing IBKR prices... ✅ Updated 10 positions | Gold: $4450.75
⏰ 21:55:06 - Syncing IBKR prices... ✅ Updated 10 positions | Gold: $4463.80
⏰ 21:56:08 - Syncing IBKR prices... ✅ Updated 10 positions | Gold: $4456.75
⏰ 21:57:10 - Syncing IBKR prices... ✅ Updated 10 positions | Gold: $4455.42
⏰ 21:58:11 - Syncing IBKR prices... ✅ Updated 10 positions | Gold: $4469.20
⏰ 21:59:13 - Syncing IBKR prices... ✅ Updated 10 positions | Gold: $4461.03
⏰ 22:00:15 - Syncing IBKR prices... ✅ Updated 10 positions | Gold: $4454.31
⏰ 22:01:17 - Syncing IBKR prices... ✅ Updated 10 positions | Gold: $4464.70
⏰ 22:02:18 - Syncing IBKR prices... ✅ Updated 10 positions | Gold: $4452.40
⏰ 22:03:20 - Syncing IBKR prices... ✅ Updated 10 positions | Gold: $4455.14
⏰ 22:04:22 - Syncing IBKR prices... ✅ Updated 10 positions | Gold: $4452.81
⏰ 22:05:24 - Syncing IBKR prices... ✅ Updated 10 positions | Gold: $4457.44
⏰ 22:06:26 - Syncing IBKR prices... ✅ Updated 10 positions | Gold: $4468.99
⏰ 22:07:28 - Syncing IBKR prices... ✅ Updated 10 positions | Gold: $4463.70
⏰ 22:08:30 - Syncing IBKR prices... ✅ Updated 10 positions | Gold: $4459.94
⏰ 22:09:31 - Syncing IBKR prices... ✅ Updated 10 positions | Gold: $4450.73
⏰ 22:10:33 - Syncing IBKR prices... ✅ Updated 10 positions | Gold: $4469.87
⏰ 22:11:35 - Syncing IBKR prices... ✅ Updated 10 positions | Gold: $4450.98
⏰ 22:12:37 - Syncing IBKR prices... ✅ Updated 10 positions | Gold: $4450.47
⏰ 22:13:39 - Syncing IBKR prices... ✅ Updated 10 positions | Gold: $4467.46
⏰ 22:14:41 - Syncing IBKR prices... ✅ Updated 10 positions | Gold: $4461.68
⏰ 22:15:42 - Syncing IBKR prices... ✅ Updated 10 positions | Gold: $4454.71
⏰ 22:16:44 - Syncing IBKR prices... ✅ Updated 10 positions | Gold: $4468.09
⏰ 22:17:46 - Syncing IBKR prices... ✅ Updated 10 positions | Gold: $4465.04
⏰ 22:18:48 - Syncing IBKR prices... ✅ Updated 10 positions | Gold: $4454.23
⏰ 22:19:50 - Syncing IBKR prices... ✅ Updated 10 positions | Gold: $4460.05
⏰ 22:20:52 - Syncing IBKR prices... ✅ Updated 10 positions | Gold: $4461.38
⏰ 22:21:54 - Syncing IBKR prices... ✅ Updated 10 positions | Gold: $4463.46
⏰ 22:22:55 - Syncing IBKR prices... ✅ Updated 10 positions | Gold: $4459.73
⏰ 22:23:57 - Syncing IBKR prices... ✅ Updated 10 positions | Gold: $4453.81
⏰ 22:24:59 - Syncing IBKR prices... ✅ Updated 10 positions | Gold: $4465.80
⏰ 22:26:01 - Syncing IBKR prices... ✅ Updated 10 positions | Gold: $4458.26
⏰ 22:27:03 - Syncing IBKR prices... ✅ Updated 10 positions | Gold: $4457.63
⏰ 22:28:05 - Syncing IBKR prices... ✅ Updated 10 positions | Gold: $4450.57
⏰ 22:29:07 - Syncing IBKR prices... ✅ Updated 10 positions | Gold: $4465.10
⏰ 22:30:08 - Syncing IBKR prices... ✅ Updated 10 positions | Gold: $4456.71
⏰ 22:31:10 - Syncing IBKR prices... ✅ Updated 10 positions | Gold: $4452.09
⏰ 22:32:12 - Syncing IBKR prices... ✅ Updated 10 positions | Gold: $4454.91
⏰ 22:33:14 - Syncing IBKR prices... ✅ Updated 10 positions | Gold: $4455.84
⏰ 22:34:15 - Syncing IBKR prices... ✅ Updated 10 positions | Gold: $4464.70
⏰ 22:35:17 - Syncing IBKR prices... ✅ Updated 10 positions | Gold: $4457.66
⏰ 22:36:19 - Syncing IBKR prices... ✅ Updated 10 positions | Gold: $4465.39
⏰ 22:37:21 - Syncing IBKR prices... ✅ Updated 10 positions | Gold: $4459.05
⏰ 22:38:22 - Syncing IBKR prices... ✅ Updated 10 positions | Gold: $4450.86
⏰ 22:39:24 - Syncing IBKR prices... ✅ Updated 10 positions | Gold: $4450.69
⏰ 22:40:26 - Syncing IBKR prices... ✅ Updated 10 positions | Gold: $4464.55
⏰ 22:41:28 - Syncing IBKR prices... ✅ Updated 10 positions | Gold: $4451.97
⏰ 22:42:30 - Syncing IBKR prices... ✅ Updated 10 positions | Gold: $4466.45
⏰ 22:43:32 - Syncing IBKR prices... ✅ Updated 10 positions | Gold: $4456.23
⏰ 22:44:33 - Syncing IBKR prices... ✅ Updated 10 positions | Gold: $4467.14
⏰ 22:45:35 - Syncing IBKR prices... ✅ Updated 10 positions | Gold: $4456.03
⏰ 22:46:37 - Syncing IBKR prices... ✅ Updated 10 positions | Gold: $4466.53
⏰ 22:47:39 - Syncing IBKR prices... ✅ Updated 10 positions | Gold: $4467.55
⏰ 22:48:40 - Syncing IBKR prices... ✅ Updated 10 positions | Gold: $4455.47
⏰ 22:49:42 - Syncing IBKR prices... ✅ Updated 10 positions | Gold: $4457.26
⏰ 22:50:44 - Syncing IBKR prices... ✅ Updated 10 positions | Gold: $4457.90
⏰ 22:51:46 - Syncing IBKR prices... ✅ Updated 10 positions | Gold: $4457.69
⏰ 22:52:47 - Syncing IBKR prices... ✅ Updated 10 positions | Gold: $4454.88
⏰ 22:53:49 - Syncing IBKR prices... ✅ Updated 10 positions | Gold: $4459.00
⏰ 22:54:51 - Syncing IBKR prices... ✅ Updated 10 positions | Gold: $4468.94
⏰ 22:55:53 - Syncing IBKR prices... ✅ Updated 10 positions | Gold: $4458.49
⏰ 22:56:55 - Syncing IBKR prices... ✅ Updated 10 positions | Gold: $4454.57
⏰ 22:57:57 - Syncing IBKR prices... ✅ Updated 10 positions | Gold: $4454.45
⏰ 22:58:58 - Syncing IBKR prices... ✅ Updated 10 positions | Gold: $4453.39
⏰ 23:00:00 - Syncing IBKR prices... ✅ Updated 10 positions | Gold: $4452.65
⏰ 23:01:02 - Syncing IBKR prices... ✅ Updated 10 positions | Gold: $4457.32
⏰ 23:02:04 - Syncing IBKR prices... ✅ Updated 10 positions | Gold: $4461.37
⏰ 23:03:06 - Syncing IBKR prices... ✅ Updated 10 positions | Gold: $4453.87
⏰ 23:04:08 - Syncing IBKR prices... ✅ Updated 10 positions | Gold: $4452.61
⏰ 23:05:10 - Syncing IBKR prices... ✅ Updated 10 positions | Gold: $4458.00
⏰ 23:06:12 - Syncing IBKR prices... ✅ Updated 10 positions | Gold: $4460.30
⏰ 23:07:13 - Syncing IBKR prices... ✅ Updated 10 positions | Gold: $4456.03
⏰ 23:08:15 - Syncing IBKR prices... ✅ Updated 10 positions | Gold: $4453.02
⏰ 23:09:17 - Syncing IBKR prices... ✅ Updated 10 positions | Gold: $4468.80
⏰ 23:10:19 - Syncing IBKR prices... ✅ Updated 10 positions | Gold: $4468.74
⏰ 23:11:21 - Syncing IBKR prices... ✅ Updated 10 positions | Gold: $4468.66
⏰ 23:12:23 - Syncing IBKR prices... ✅ Updated 10 positions | Gold: $4464.66
⏰ 23:13:25 - Syncing IBKR prices... ✅ Updated 10 positions | Gold: $4462.74
⏰ 23:14:26 - Syncing IBKR prices... ✅ Updated 10 positions | Gold: $4463.89
⏰ 23:15:28 - Syncing IBKR prices... ✅ Updated 10 positions | Gold: $4463.71
⏰ 23:16:30 - Syncing IBKR prices... ✅ Updated 10 positions | Gold: $4464.51
⏰ 23:17:32 - Syncing IBKR prices... ✅ Updated 10 positions | Gold: $4461.57
⏰ 23:18:33 - Syncing IBKR prices... ✅ Updated 10 positions | Gold: $4454.02
⏰ 23:19:35 - Syncing IBKR prices... ✅ Updated 10 positions | Gold: $4453.98
⏰ 23:20:37 - Syncing IBKR prices... ✅ Updated 10 positions | Gold: $4454.17
⏰ 23:21:39 - Syncing IBKR prices... ✅ Updated 10 positions | Gold: $4458.10
⏰ 23:22:40 - Syncing IBKR prices... ✅ Updated 10 positions | Gold: $4461.76
⏰ 23:23:42 - Syncing IBKR prices... ✅ Updated 10 positions | Gold: $4456.07
⏰ 23:24:44 - Syncing IBKR prices... ✅ Updated 10 positions | Gold: $4458.93
⏰ 23:25:46 - Syncing IBKR prices... ✅ Updated 10 positions | Gold: $4467.22
⏰ 23:26:47 - Syncing IBKR prices... ✅ Updated 10 positions | Gold: $4457.78
⏰ 23:27:49 - Syncing IBKR prices... ✅ Updated 10 positions | Gold: $4455.05
⏰ 23:28:51 - Syncing IBKR prices... ✅ Updated 10 positions | Gold: $4451.13
⏰ 23:29:53 - Syncing IBKR prices... ✅ Updated 10 positions | Gold: $4451.27
⏰ 23:30:55 - Syncing IBKR prices... ✅ Updated 10 positions | Gold: $4454.25
⏰ 23:31:57 - Syncing IBKR prices... ✅ Updated 10 positions | Gold: $4465.48
⏰ 23:32:58 - Syncing IBKR prices... ✅ Updated 10 positions | Gold: $4468.66
⏰ 23:34:00 - Syncing IBKR prices... ✅ Updated 10 positions | Gold: $4451.65
⏰ 23:35:02 - Syncing IBKR prices... ✅ Updated 10 positions | Gold: $4468.81
⏰ 23:36:04 - Syncing IBKR prices... ✅ Updated 10 positions | Gold: $4454.85
⏰ 23:37:05 - Syncing IBKR prices... ✅ Updated 10 positions | Gold: $4465.99
⏰ 23:38:07 - Syncing IBKR prices... ✅ Updated 10 positions | Gold: $4450.17
⏰ 23:39:09 - Syncing IBKR prices... ✅ Updated 10 positions | Gold: $4464.64
⏰ 23:40:11 - Syncing IBKR prices... ✅ Updated 10 positions | Gold: $4458.72
⏰ 23:41:12 - Syncing IBKR prices... ✅ Updated 10 positions | Gold: $4453.48
⏰ 23:42:14 - Syncing IBKR prices... ✅ Updated 10 positions | Gold: $4455.10
⏰ 23:43:16 - Syncing IBKR prices... ✅ Updated 10 positions | Gold: $4464.54
⏰ 23:44:18 - Syncing IBKR prices... ✅ Updated 10 positions | Gold: $4458.56
⏰ 23:45:20 - Syncing IBKR prices... ✅ Updated 10 positions | Gold: $4458.29
⏰ 23:46:21 - Syncing IBKR prices... ✅ Updated 10 positions | Gold: $4454.58
⏰ 23:47:23 - Syncing IBKR prices... ✅ Updated 10 positions | Gold: $4464.61
⏰ 23:48:25 - Syncing IBKR prices... ✅ Updated 10 positions | Gold: $4455.61
⏰ 23:49:27 - Syncing IBKR prices... ✅ Updated 10 positions | Gold: $4463.94
⏰ 23:50:29 - Syncing IBKR prices... ✅ Updated 10 positions | Gold: $4458.71
⏰ 23:51:30 - Syncing IBKR prices... ✅ Updated 10 positions | Gold: $4451.82
⏰ 23:52:32 - Syncing IBKR prices... ✅ Updated 10 positions | Gold: $4451.27
⏰ 23:53:34 - Syncing IBKR prices... ✅ Updated 10 positions | Gold: $4456.85
⏰ 23:54:36 - Syncing IBKR prices... ✅ Updated 10 positions | Gold: $4466.73
⏰ 23:55:38 - Syncing IBKR prices... ✅ Updated 10 positions | Gold: $4464.45
⏰ 23:56:40 - Syncing IBKR prices... ✅ Updated 10 positions | Gold: $4461.04
⏰ 23:57:42 - Syncing IBKR prices... ✅ Updated 10 positions | Gold: $4463.88
⏰ 23:58:43 - Syncing IBKR prices... ✅ Updated 10 positions | Gold: $4467.96
⏰ 23:59:45 - Syncing IBKR prices... ✅ Updated 10 positions | Gold: $4465.97
⏰ 00:00:47 - Syncing IBKR prices... ✅ Updated 10 positions | Gold: $4460.46
⏰ 00:01:49 - Syncing IBKR prices... ✅ Updated 10 positions | Gold: $4452.74
⏰ 00:02:50 - Syncing IBKR prices... ✅ Updated 10 positions | Gold: $4454.49
⏰ 00:03:52 - Syncing IBKR prices... ✅ Updated 10 positions | Gold: $4452.13
⏰ 00:04:54 - Syncing IBKR prices... ✅ Updated 10 positions | Gold: $4454.15
⏰ 00:05:56 - Syncing IBKR prices... ✅ Updated 10 positions | Gold: $4450.07
⏰ 00:06:58 - Syncing IBKR prices... ✅ Updated 10 positions | Gold: $4466.54
⏰ 00:07:59 - Syncing IBKR prices... ✅ Updated 10 positions | Gold: $4452.17
⏰ 00:09:01 - Syncing IBKR prices... ✅ Updated 10 positions | Gold: $4459.56
⏰ 00:10:03 - Syncing IBKR prices... ✅ Updated 10 positions | Gold: $4469.30
⏰ 00:11:05 - Syncing IBKR prices... ✅ Updated 10 positions | Gold: $4458.65
⏰ 00:12:06 - Syncing IBKR prices... ✅ Updated 10 positions | Gold: $4452.98
⏰ 00:13:08 - Syncing IBKR prices... ✅ Updated 10 positions | Gold: $4454.65
⏰ 00:14:10 - Syncing IBKR prices... ✅ Updated 10 positions | Gold: $4465.34
⏰ 00:15:12 - Syncing IBKR prices... ✅ Updated 10 positions | Gold: $4461.71
⏰ 00:16:14 - Syncing IBKR prices... ✅ Updated 10 positions | Gold: $4457.34
⏰ 00:17:15 - Syncing IBKR prices... ✅ Updated 10 positions | Gold: $4465.51
⏰ 00:18:17 - Syncing IBKR prices... ✅ Updated 10 positions | Gold: $4463.43
⏰ 00:19:19 - Syncing IBKR prices... ✅ Updated 10 positions | Gold: $4462.12
⏰ 00:20:20 - Syncing IBKR prices... ✅ Updated 10 positions | Gold: $4457.49
⏰ 00:21:22 - Syncing IBKR prices... ✅ Updated 10 positions | Gold: $4452.68
⏰ 00:22:24 - Syncing IBKR prices... ✅ Updated 10 positions | Gold: $4464.96
⏰ 00:23:26 - Syncing IBKR prices... ✅ Updated 10 positions | Gold: $4464.97
⏰ 00:24:28 - Syncing IBKR prices... ✅ Updated 10 positions | Gold: $4469.19
⏰ 00:25:29 - Syncing IBKR prices... ✅ Updated 10 positions | Gold: $4460.56
⏰ 00:26:31 - Syncing IBKR prices... ✅ Updated 10 positions | Gold: $4466.09
⏰ 00:27:33 - Syncing IBKR prices... ✅ Updated 10 positions | Gold: $4460.32
⏰ 00:28:35 - Syncing IBKR prices... ✅ Updated 10 positions | Gold: $4459.82
⏰ 00:29:37 - Syncing IBKR prices... ✅ Updated 10 positions | Gold: $4454.14
⏰ 00:30:38 - Syncing IBKR prices... ✅ Updated 10 positions | Gold: $4469.66
⏰ 00:31:40 - Syncing IBKR prices... ✅ Updated 10 positions | Gold: $4456.98
⏰ 00:32:42 - Syncing IBKR prices... ✅ Updated 10 positions | Gold: $4459.12
⏰ 00:33:44 - Syncing IBKR prices... ✅ Updated 10 positions | Gold: $4456.00
⏰ 00:34:46 - Syncing IBKR prices... ✅ Updated 10 positions | Gold: $4451.80
⏰ 00:35:47 - Syncing IBKR prices... ✅ Updated 10 positions | Gold: $4468.14
⏰ 00:36:49 - Syncing IBKR prices... ✅ Updated 10 positions | Gold: $4462.64
⏰ 00:37:51 - Syncing IBKR prices... ✅ Updated 10 positions | Gold: $4462.27
⏰ 00:38:53 - Syncing IBKR prices... ✅ Updated 10 positions | Gold: $4463.79
⏰ 00:39:55 - Syncing IBKR prices... ✅ Updated 10 positions | Gold: $4456.01
⏰ 00:40:57 - Syncing IBKR prices... ✅ Updated 10 positions | Gold: $4468.05
⏰ 00:41:59 - Syncing IBKR prices... ✅ Updated 10 positions | Gold: $4452.41
⏰ 00:43:00 - Syncing IBKR prices... ✅ Updated 10 positions | Gold: $4468.80
⏰ 00:44:02 - Syncing IBKR prices... ✅ Updated 10 positions | Gold: $4454.28
⏰ 00:45:04 - Syncing IBKR prices... ✅ Updated 10 positions | Gold: $4460.83
⏰ 00:46:06 - Syncing IBKR prices... ✅ Updated 10 positions | Gold: $4455.47
⏰ 00:47:07 - Syncing IBKR prices... ✅ Updated 10 positions | Gold: $4451.21
⏰ 00:48:09 - Syncing IBKR prices... ✅ Updated 10 positions | Gold: $4466.37
⏰ 00:49:11 - Syncing IBKR prices... ✅ Updated 10 positions | Gold: $4468.54
⏰ 00:50:13 - Syncing IBKR prices... ✅ Updated 10 positions | Gold: $4457.58
⏰ 00:51:15 - Syncing IBKR prices... ✅ Updated 10 positions | Gold: $4466.10
⏰ 00:52:16 - Syncing IBKR prices... ✅ Updated 10 positions | Gold: $4460.56
⏰ 00:53:18 - Syncing IBKR prices... ✅ Updated 10 positions | Gold: $4463.48
⏰ 00:54:20 - Syncing IBKR prices... ✅ Updated 10 positions | Gold: $4461.79
⏰ 00:55:21 - Syncing IBKR prices... ✅ Updated 10 positions | Gold: $4466.27
⏰ 00:56:23 - Syncing IBKR prices... ✅ Updated 10 positions | Gold: $4453.92
⏰ 00:57:25 - Syncing IBKR prices... ✅ Updated 10 positions | Gold: $4466.38
⏰ 00:58:27 - Syncing IBKR prices... ✅ Updated 10 positions | Gold: $4461.74
⏰ 00:59:28 - Syncing IBKR prices... ✅ Updated 10 positions | Gold: $4466.18
⏰ 01:00:30 - Syncing IBKR prices... ✅ Updated 10 positions | Gold: $4465.58
⏰ 01:01:32 - Syncing IBKR prices... ✅ Updated 10 positions | Gold: $4468.74
⏰ 01:02:34 - Syncing IBKR prices... ✅ Updated 10 positions | Gold: $4465.57
⏰ 01:03:35 - Syncing IBKR prices... ✅ Updated 10 positions | Gold: $4460.26
⏰ 01:04:37 - Syncing IBKR prices... ✅ Updated 10 positions | Gold: $4453.86
⏰ 01:05:39 - Syncing IBKR prices... ✅ Updated 10 positions | Gold: $4462.30
⏰ 01:06:41 - Syncing IBKR prices... ✅ Updated 10 positions | Gold: $4456.98
⏰ 01:07:42 - Syncing IBKR prices... ✅ Updated 10 positions | Gold: $4460.45
⏰ 01:08:44 - Syncing IBKR prices... ✅ Updated 10 positions | Gold: $4459.61
⏰ 01:09:46 - Syncing IBKR prices... ✅ Updated 10 positions | Gold: $4459.51
⏰ 01:10:48 - Syncing IBKR prices... ✅ Updated 10 positions | Gold: $4458.84
⏰ 01:11:49 - Syncing IBKR prices... ✅ Updated 10 positions | Gold: $4464.86
⏰ 01:12:51 - Syncing IBKR prices... ✅ Updated 10 positions | Gold: $4468.47
⏰ 01:13:53 - Syncing IBKR prices... ✅ Updated 10 positions | Gold: $4469.02
⏰ 01:14:55 - Syncing IBKR prices... ✅ Updated 10 positions | Gold: $4462.79
⏰ 01:15:57 - Syncing IBKR prices... ✅ Updated 10 positions | Gold: $4461.57
⏰ 01:16:59 - Syncing IBKR prices... ✅ Updated 10 positions | Gold: $4458.55
⏰ 01:18:01 - Syncing IBKR prices... ✅ Updated 10 positions | Gold: $4464.69
⏰ 01:19:02 - Syncing IBKR prices... ✅ Updated 10 positions | Gold: $4460.50
⏰ 01:20:04 - Syncing IBKR prices... ✅ Updated 10 positions | Gold: $4453.35
⏰ 01:21:06 - Syncing IBKR prices... ✅ Updated 10 positions | Gold: $4467.69
⏰ 01:22:07 - Syncing IBKR prices... ✅ Updated 10 positions | Gold: $4469.05
⏰ 01:23:09 - Syncing IBKR prices... ✅ Updated 10 positions | Gold: $4455.24
⏰ 01:24:11 - Syncing IBKR prices... ✅ Updated 10 positions | Gold: $4458.96
⏰ 01:25:12 - Syncing IBKR prices... ✅ Updated 10 positions | Gold: $4452.25
⏰ 01:26:14 - Syncing IBKR prices... ✅ Updated 10 positions | Gold: $4451.54
⏰ 01:27:16 - Syncing IBKR prices... ✅ Updated 10 positions | Gold: $4456.20
⏰ 01:28:17 - Syncing IBKR prices... ✅ Updated 10 positions | Gold: $4454.27
⏰ 01:29:19 - Syncing IBKR prices... ✅ Updated 10 positions | Gold: $4466.07
⏰ 01:30:20 - Syncing IBKR prices... ✅ Updated 10 positions | Gold: $4451.11
⏰ 01:31:22 - Syncing IBKR prices... ✅ Updated 10 positions | Gold: $4469.24
⏰ 01:32:24 - Syncing IBKR prices... ✅ Updated 10 positions | Gold: $4466.27
⏰ 01:33:25 - Syncing IBKR prices... ✅ Updated 10 positions | Gold: $4465.25
⏰ 01:34:27 - Syncing IBKR prices... ✅ Updated 10 positions | Gold: $4452.71
⏰ 01:35:28 - Syncing IBKR prices... ✅ Updated 10 positions | Gold: $4456.28
⏰ 01:36:30 - Syncing IBKR prices... ✅ Updated 10 positions | Gold: $4457.32
⏰ 01:37:31 - Syncing IBKR prices... ✅ Updated 10 positions | Gold: $4458.53
⏰ 01:38:33 - Syncing IBKR prices... ✅ Updated 10 positions | Gold: $4454.18
⏰ 01:39:34 - Syncing IBKR prices... ✅ Updated 10 positions | Gold: $4458.17
⏰ 01:40:36 - Syncing IBKR prices... ✅ Updated 10 positions | Gold: $4457.27
⏰ 01:41:37 - Syncing IBKR prices... ✅ Updated 10 positions | Gold: $4461.08
⏰ 01:42:39 - Syncing IBKR prices... ✅ Updated 10 positions | Gold: $4466.31
⏰ 01:43:40 - Syncing IBKR prices... ✅ Updated 10 positions | Gold: $4469.57
⏰ 01:44:42 - Syncing IBKR prices... ✅ Updated 10 positions | Gold: $4452.47
⏰ 01:45:44 - Syncing IBKR prices... ✅ Updated 10 positions | Gold: $4458.20
⏰ 01:46:45 - Syncing IBKR prices... ✅ Updated 10 positions | Gold: $4459.63
⏰ 01:47:47 - Syncing IBKR prices... ✅ Updated 10 positions | Gold: $4463.68
⏰ 01:48:48 - Syncing IBKR prices... ✅ Updated 10 positions | Gold: $4452.64
⏰ 01:49:50 - Syncing IBKR prices... ✅ Updated 10 positions | Gold: $4456.59
⏰ 01:50:51 - Syncing IBKR prices... ✅ Updated 10 positions | Gold: $4469.63
⏰ 01:51:53 - Syncing IBKR prices... ✅ Updated 10 positions | Gold: $4453.42
⏰ 01:52:54 - Syncing IBKR prices... ✅ Updated 10 positions | Gold: $4451.33
⏰ 01:53:56 - Syncing IBKR prices... ✅ Updated 10 positions | Gold: $4467.63
⏰ 01:54:57 - Syncing IBKR prices... ✅ Updated 10 positions | Gold: $4453.55
⏰ 01:55:59 - Syncing IBKR prices... ✅ Updated 10 positions | Gold: $4459.21
⏰ 01:57:01 - Syncing IBKR prices... ✅ Updated 10 positions | Gold: $4467.41
⏰ 01:58:02 - Syncing IBKR prices... ✅ Updated 10 positions | Gold: $4458.83
⏰ 01:59:04 - Syncing IBKR prices... ✅ Updated 10 positions | Gold: $4459.36
⏰ 02:00:05 - Syncing IBKR prices... ✅ Updated 10 positions | Gold: $4456.24
⏰ 02:01:07 - Syncing IBKR prices... ✅ Updated 10 positions | Gold: $4458.21
⏰ 02:02:08 - Syncing IBKR prices... ✅ Updated 10 positions | Gold: $4462.52
⏰ 02:03:10 - Syncing IBKR prices... ✅ Updated 10 positions | Gold: $4458.75
⏰ 02:04:12 - Syncing IBKR prices... ✅ Updated 10 positions | Gold: $4450.17
⏰ 02:05:13 - Syncing IBKR prices... ✅ Updated 10 positions | Gold: $4464.98
⏰ 02:06:15 - Syncing IBKR prices... ✅ Updated 10 positions | Gold: $4456.18
⏰ 02:07:17 - Syncing IBKR prices... ✅ Updated 10 positions | Gold: $4450.24
⏰ 02:08:19 - Syncing IBKR prices... ✅ Updated 10 positions | Gold: $4465.04
⏰ 02:09:20 - Syncing IBKR prices... ✅ Updated 10 positions | Gold: $4462.50
⏰ 02:10:22 - Syncing IBKR prices... ✅ Updated 10 positions | Gold: $4462.18
⏰ 02:11:23 - Syncing IBKR prices... ✅ Updated 10 positions | Gold: $4459.65
⏰ 02:12:25 - Syncing IBKR prices... ✅ Updated 10 positions | Gold: $4466.76
⏰ 02:13:27 - Syncing IBKR prices... ✅ Updated 10 positions | Gold: $4460.61
⏰ 02:14:28 - Syncing IBKR prices... ✅ Updated 10 positions | Gold: $4457.27
⏰ 02:15:30 - Syncing IBKR prices... ✅ Updated 10 positions | Gold: $4460.65
⏰ 02:16:32 - Syncing IBKR prices... ✅ Updated 10 positions | Gold: $4459.07
⏰ 02:17:34 - Syncing IBKR prices... ✅ Updated 10 positions | Gold: $4466.89
⏰ 02:18:35 - Syncing IBKR prices... ✅ Updated 10 positions | Gold: $4459.91
⏰ 02:19:37 - Syncing IBKR prices... ✅ Updated 10 positions | Gold: $4458.68
⏰ 02:20:39 - Syncing IBKR prices... ✅ Updated 10 positions | Gold: $4464.46
⏰ 02:21:41 - Syncing IBKR prices... ✅ Updated 10 positions | Gold: $4450.57
⏰ 02:22:42 - Syncing IBKR prices... ✅ Updated 10 positions | Gold: $4450.60
⏰ 02:23:44 - Syncing IBKR prices... ✅ Updated 10 positions | Gold: $4456.92
⏰ 02:24:46 - Syncing IBKR prices... ✅ Updated 10 positions | Gold: $4455.28
⏰ 02:25:47 - Syncing IBKR prices... ✅ Updated 10 positions | Gold: $4467.12
⏰ 02:26:49 - Syncing IBKR prices... ✅ Updated 10 positions | Gold: $4451.16
⏰ 02:27:50 - Syncing IBKR prices... ✅ Updated 10 positions | Gold: $4458.37
⏰ 02:28:52 - Syncing IBKR prices... ✅ Updated 10 positions | Gold: $4454.38
⏰ 02:29:53 - Syncing IBKR prices... ✅ Updated 10 positions | Gold: $4455.52
⏰ 02:30:55 - Syncing IBKR prices... ✅ Updated 10 positions | Gold: $4468.73
⏰ 02:31:56 - Syncing IBKR prices... ✅ Updated 10 positions | Gold: $4455.54
⏰ 02:32:58 - Syncing IBKR prices... ✅ Updated 10 positions | Gold: $4459.85
⏰ 02:34:00 - Syncing IBKR prices... ✅ Updated 10 positions | Gold: $4461.71
⏰ 02:35:01 - Syncing IBKR prices... ✅ Updated 10 positions | Gold: $4460.65
⏰ 02:36:03 - Syncing IBKR prices... ✅ Updated 10 positions | Gold: $4469.17
⏰ 02:37:04 - Syncing IBKR prices... ✅ Updated 10 positions | Gold: $4463.33
⏰ 02:38:06 - Syncing IBKR prices... ✅ Updated 10 positions | Gold: $4452.17
⏰ 02:39:07 - Syncing IBKR prices... ✅ Updated 10 positions | Gold: $4461.59
⏰ 02:40:09 - Syncing IBKR prices... ✅ Updated 10 positions | Gold: $4457.69
⏰ 02:41:10 - Syncing IBKR prices... ✅ Updated 10 positions | Gold: $4462.95
⏰ 02:42:12 - Syncing IBKR prices... ✅ Updated 10 positions | Gold: $4468.83
⏰ 02:43:13 - Syncing IBKR prices... ✅ Updated 10 positions | Gold: $4455.30
⏰ 02:44:15 - Syncing IBKR prices... ✅ Updated 10 positions | Gold: $4464.69
⏰ 02:45:16 - Syncing IBKR prices... ✅ Updated 10 positions | Gold: $4468.46
⏰ 02:46:18 - Syncing IBKR prices... ✅ Updated 10 positions | Gold: $4465.57
⏰ 02:47:19 - Syncing IBKR prices... ✅ Updated 10 positions | Gold: $4458.20
⏰ 02:48:21 - Syncing IBKR prices... ✅ Updated 10 positions | Gold: $4466.81
⏰ 02:49:22 - Syncing IBKR prices... ✅ Updated 10 positions | Gold: $4462.89
⏰ 02:50:24 - Syncing IBKR prices... ✅ Updated 10 positions | Gold: $4465.05
⏰ 02:51:25 - Syncing IBKR prices... ✅ Updated 10 positions | Gold: $4462.15
⏰ 02:52:27 - Syncing IBKR prices... ✅ Updated 10 positions | Gold: $4463.76
⏰ 02:53:28 - Syncing IBKR prices... ✅ Updated 10 positions | Gold: $4454.17
⏰ 02:54:30 - Syncing IBKR prices... ✅ Updated 10 positions | Gold: $4464.88
⏰ 02:55:32 - Syncing IBKR prices... ✅ Updated 10 positions | Gold: $4454.04
⏰ 02:56:34 - Syncing IBKR prices... ✅ Updated 10 positions | Gold: $4468.96
⏰ 02:57:35 - Syncing IBKR prices... ✅ Updated 10 positions | Gold: $4453.33
⏰ 02:58:37 - Syncing IBKR prices... ✅ Updated 10 positions | Gold: $4469.20
⏰ 02:59:39 - Syncing IBKR prices... ✅ Updated 10 positions | Gold: $4467.76
⏰ 03:00:40 - Syncing IBKR prices... ✅ Updated 10 positions | Gold: $4465.82
⏰ 03:01:42 - Syncing IBKR prices... ✅ Updated 10 positions | Gold: $4469.87
⏰ 03:02:44 - Syncing IBKR prices... ✅ Updated 10 positions | Gold: $4453.07
⏰ 03:03:45 - Syncing IBKR prices... ✅ Updated 10 positions | Gold: $4468.12
⏰ 03:04:47 - Syncing IBKR prices... ✅ Updated 10 positions | Gold: $4466.12
⏰ 03:05:49 - Syncing IBKR prices... ✅ Updated 10 positions | Gold: $4462.04
⏰ 03:06:50 - Syncing IBKR prices... ✅ Updated 10 positions | Gold: $4455.56
⏰ 03:07:52 - Syncing IBKR prices... ✅ Updated 10 positions | Gold: $4459.31
⏰ 03:08:54 - Syncing IBKR prices... ✅ Updated 10 positions | Gold: $4461.36
⏰ 03:09:56 - Syncing IBKR prices... ✅ Updated 10 positions | Gold: $4459.62
⏰ 03:10:58 - Syncing IBKR prices... ✅ Updated 10 positions | Gold: $4463.16
⏰ 03:12:00 - Syncing IBKR prices... ✅ Updated 10 positions | Gold: $4452.59
⏰ 03:13:01 - Syncing IBKR prices... ✅ Updated 10 positions | Gold: $4466.50
⏰ 03:14:03 - Syncing IBKR prices... ✅ Updated 10 positions | Gold: $4456.52
⏰ 03:15:05 - Syncing IBKR prices... ✅ Updated 10 positions | Gold: $4460.20
⏰ 03:16:06 - Syncing IBKR prices... ✅ Updated 10 positions | Gold: $4464.74
⏰ 03:17:08 - Syncing IBKR prices... ✅ Updated 10 positions | Gold: $4468.75
⏰ 03:18:10 - Syncing IBKR prices... ✅ Updated 10 positions | Gold: $4461.09
⏰ 03:19:12 - Syncing IBKR prices... ✅ Updated 10 positions | Gold: $4454.92
⏰ 03:20:14 - Syncing IBKR prices... ✅ Updated 10 positions | Gold: $4462.40
⏰ 03:21:15 - Syncing IBKR prices... ✅ Updated 10 positions | Gold: $4455.77
⏰ 03:22:17 - Syncing IBKR prices... ✅ Updated 10 positions | Gold: $4463.18
⏰ 03:23:19 - Syncing IBKR prices... ✅ Updated 10 positions | Gold: $4461.40
⏰ 03:24:20 - Syncing IBKR prices... ✅ Updated 10 positions | Gold: $4469.44
⏰ 03:25:22 - Syncing IBKR prices... ✅ Updated 10 positions | Gold: $4457.88
⏰ 03:26:24 - Syncing IBKR prices... ✅ Updated 10 positions | Gold: $4457.91
⏰ 03:27:26 - Syncing IBKR prices... ✅ Updated 10 positions | Gold: $4452.86
⏰ 03:28:27 - Syncing IBKR prices... ✅ Updated 10 positions | Gold: $4469.56
⏰ 03:29:29 - Syncing IBKR prices... ✅ Updated 10 positions | Gold: $4459.37
⏰ 03:30:31 - Syncing IBKR prices... ✅ Updated 10 positions | Gold: $4465.81
⏰ 03:31:32 - Syncing IBKR prices... ✅ Updated 10 positions | Gold: $4460.79
⏰ 03:32:34 - Syncing IBKR prices... ✅ Updated 10 positions | Gold: $4463.53
⏰ 03:33:36 - Syncing IBKR prices... ✅ Updated 10 positions | Gold: $4460.54
⏰ 03:34:38 - Syncing IBKR prices... ✅ Updated 10 positions | Gold: $4460.54
⏰ 03:35:39 - Syncing IBKR prices... ✅ Updated 10 positions | Gold: $4467.86
⏰ 03:36:41 - Syncing IBKR prices... ✅ Updated 10 positions | Gold: $4452.58
⏰ 03:37:43 - Syncing IBKR prices... ✅ Updated 10 positions | Gold: $4462.65
⏰ 03:38:44 - Syncing IBKR prices... ✅ Updated 10 positions | Gold: $4465.93
⏰ 03:39:46 - Syncing IBKR prices... ✅ Updated 10 positions | Gold: $4459.51
⏰ 03:40:48 - Syncing IBKR prices... ✅ Updated 10 positions | Gold: $4462.50
⏰ 03:41:50 - Syncing IBKR prices... ✅ Updated 10 positions | Gold: $4465.45
⏰ 03:42:52 - Syncing IBKR prices... ✅ Updated 10 positions | Gold: $4451.46
⏰ 03:43:53 - Syncing IBKR prices... ✅ Updated 10 positions | Gold: $4457.81
⏰ 03:44:55 - Syncing IBKR prices... ✅ Updated 10 positions | Gold: $4461.03
⏰ 03:45:57 - Syncing IBKR prices... ✅ Updated 10 positions | Gold: $4459.92
⏰ 03:46:59 - Syncing IBKR prices... ✅ Updated 10 positions | Gold: $4450.04
⏰ 03:48:00 - Syncing IBKR prices... ✅ Updated 10 positions | Gold: $4459.27
⏰ 03:49:02 - Syncing IBKR prices... ✅ Updated 10 positions | Gold: $4459.33
⏰ 03:50:04 - Syncing IBKR prices... ✅ Updated 10 positions | Gold: $4462.87
⏰ 03:51:05 - Syncing IBKR prices... ✅ Updated 10 positions | Gold: $4452.00
⏰ 03:52:07 - Syncing IBKR prices... ✅ Updated 10 positions | Gold: $4464.94
⏰ 03:53:09 - Syncing IBKR prices... ✅ Updated 10 positions | Gold: $4463.96
⏰ 03:54:11 - Syncing IBKR prices... ✅ Updated 10 positions | Gold: $4461.38
⏰ 03:55:13 - Syncing IBKR prices... ✅ Updated 10 positions | Gold: $4461.31
⏰ 03:56:14 - Syncing IBKR prices... ✅ Updated 10 positions | Gold: $4469.95
⏰ 03:57:16 - Syncing IBKR prices... ✅ Updated 10 positions | Gold: $4463.55
⏰ 03:58:18 - Syncing IBKR prices... ✅ Updated 10 positions | Gold: $4453.70
⏰ 03:59:20 - Syncing IBKR prices... ✅ Updated 10 positions | Gold: $4462.96
⏰ 04:00:22 - Syncing IBKR prices... ✅ Updated 10 positions | Gold: $4452.41
⏰ 04:01:23 - Syncing IBKR prices... ✅ Updated 10 positions | Gold: $4459.56
⏰ 04:02:25 - Syncing IBKR prices... ✅ Updated 10 positions | Gold: $4452.59
⏰ 04:03:27 - Syncing IBKR prices... ✅ Updated 10 positions | Gold: $4461.81
⏰ 04:04:29 - Syncing IBKR prices... ✅ Updated 10 positions | Gold: $4462.18
⏰ 04:05:30 - Syncing IBKR prices... ✅ Updated 10 positions | Gold: $4461.96
⏰ 04:06:32 - Syncing IBKR prices... ✅ Updated 10 positions | Gold: $4451.55
⏰ 04:07:34 - Syncing IBKR prices... ✅ Updated 10 positions | Gold: $4469.12
⏰ 04:08:36 - Syncing IBKR prices... ✅ Updated 10 positions | Gold: $4450.26
⏰ 04:09:37 - Syncing IBKR prices... ✅ Updated 10 positions | Gold: $4452.62
⏰ 04:10:39 - Syncing IBKR prices... ✅ Updated 10 positions | Gold: $4451.43
⏰ 04:11:41 - Syncing IBKR prices... ✅ Updated 10 positions | Gold: $4464.04
⏰ 04:12:42 - Syncing IBKR prices... ✅ Updated 10 positions | Gold: $4465.17
⏰ 04:13:44 - Syncing IBKR prices... ✅ Updated 10 positions | Gold: $4467.85
⏰ 04:14:46 - Syncing IBKR prices... ✅ Updated 10 positions | Gold: $4469.61
⏰ 04:15:47 - Syncing IBKR prices... ✅ Updated 10 positions | Gold: $4461.74
⏰ 04:16:49 - Syncing IBKR prices... ✅ Updated 10 positions | Gold: $4460.40
⏰ 04:17:51 - Syncing IBKR prices... ✅ Updated 10 positions | Gold: $4466.94
⏰ 04:18:52 - Syncing IBKR prices... ✅ Updated 10 positions | Gold: $4459.94
⏰ 04:19:54 - Syncing IBKR prices... ✅ Updated 10 positions | Gold: $4460.86
⏰ 04:20:56 - Syncing IBKR prices... ✅ Updated 10 positions | Gold: $4455.29
⏰ 04:21:57 - Syncing IBKR prices... ✅ Updated 10 positions | Gold: $4465.46
⏰ 04:22:59 - Syncing IBKR prices... ✅ Updated 10 positions | Gold: $4457.01
⏰ 04:24:01 - Syncing IBKR prices... ✅ Updated 10 positions | Gold: $4459.84
⏰ 04:25:02 - Syncing IBKR prices... ✅ Updated 10 positions | Gold: $4464.25
⏰ 04:26:04 - Syncing IBKR prices... ✅ Updated 10 positions | Gold: $4451.10
⏰ 04:27:06 - Syncing IBKR prices... ✅ Updated 10 positions | Gold: $4467.65
⏰ 04:28:08 - Syncing IBKR prices... ✅ Updated 10 positions | Gold: $4463.26
⏰ 04:29:09 - Syncing IBKR prices... ✅ Updated 10 positions | Gold: $4467.17
⏰ 04:30:11 - Syncing IBKR prices... ✅ Updated 10 positions | Gold: $4453.16
⏰ 04:31:13 - Syncing IBKR prices... ✅ Updated 10 positions | Gold: $4464.59
⏰ 04:32:15 - Syncing IBKR prices... ✅ Updated 10 positions | Gold: $4455.09
⏰ 04:33:17 - Syncing IBKR prices... ✅ Updated 10 positions | Gold: $4465.92
⏰ 04:34:18 - Syncing IBKR prices... ✅ Updated 10 positions | Gold: $4455.80
⏰ 04:35:20 - Syncing IBKR prices... ✅ Updated 10 positions | Gold: $4453.84
⏰ 04:36:22 - Syncing IBKR prices... ✅ Updated 10 positions | Gold: $4469.98
⏰ 04:37:23 - Syncing IBKR prices... ✅ Updated 10 positions | Gold: $4456.17
⏰ 04:38:25 - Syncing IBKR prices... ✅ Updated 10 positions | Gold: $4462.93
⏰ 04:39:27 - Syncing IBKR prices... ✅ Updated 10 positions | Gold: $4459.76
⏰ 04:40:29 - Syncing IBKR prices... ✅ Updated 10 positions | Gold: $4452.54
⏰ 04:41:30 - Syncing IBKR prices... ✅ Updated 10 positions | Gold: $4459.97
⏰ 04:42:32 - Syncing IBKR prices... ✅ Updated 10 positions | Gold: $4462.49
⏰ 04:43:34 - Syncing IBKR prices... ✅ Updated 10 positions | Gold: $4457.86
⏰ 04:44:36 - Syncing IBKR prices... ✅ Updated 10 positions | Gold: $4468.60
⏰ 04:45:37 - Syncing IBKR prices... ✅ Updated 10 positions | Gold: $4461.03
⏰ 04:46:39 - Syncing IBKR prices... ✅ Updated 10 positions | Gold: $4460.09
⏰ 04:47:41 - Syncing IBKR prices... ✅ Updated 10 positions | Gold: $4450.71
⏰ 04:48:43 - Syncing IBKR prices... ✅ Updated 10 positions | Gold: $4464.76
⏰ 04:49:44 - Syncing IBKR prices... ✅ Updated 10 positions | Gold: $4455.49
⏰ 04:50:46 - Syncing IBKR prices... ✅ Updated 10 positions | Gold: $4463.17
⏰ 04:51:48 - Syncing IBKR prices... ✅ Updated 10 positions | Gold: $4469.84
⏰ 04:52:50 - Syncing IBKR prices... ✅ Updated 10 positions | Gold: $4469.72
⏰ 04:53:51 - Syncing IBKR prices... ✅ Updated 10 positions | Gold: $4457.74
⏰ 04:54:53 - Syncing IBKR prices... ✅ Updated 10 positions | Gold: $4459.12
⏰ 04:55:54 - Syncing IBKR prices... ✅ Updated 10 positions | Gold: $4459.24
⏰ 04:56:56 - Syncing IBKR prices... ✅ Updated 10 positions | Gold: $4457.80
⏰ 04:57:58 - Syncing IBKR prices... ✅ Updated 10 positions | Gold: $4453.66
⏰ 04:58:59 - Syncing IBKR prices... ✅ Updated 10 positions | Gold: $4458.18
⏰ 05:00:01 - Syncing IBKR prices... ✅ Updated 10 positions | Gold: $4458.14
⏰ 05:01:03 - Syncing IBKR prices... ✅ Updated 10 positions | Gold: $4450.55
⏰ 05:02:04 - Syncing IBKR prices... ✅ Updated 10 positions | Gold: $4455.78
⏰ 05:03:06 - Syncing IBKR prices... ✅ Updated 10 positions | Gold: $4450.28
⏰ 05:04:08 - Syncing IBKR prices... ✅ Updated 10 positions | Gold: $4459.08
⏰ 05:05:09 - Syncing IBKR prices... ✅ Updated 10 positions | Gold: $4451.97
⏰ 05:06:11 - Syncing IBKR prices... ✅ Updated 10 positions | Gold: $4464.43
⏰ 05:07:13 - Syncing IBKR prices... ✅ Updated 10 positions | Gold: $4454.32
⏰ 05:08:14 - Syncing IBKR prices... ✅ Updated 10 positions | Gold: $4461.07
⏰ 05:09:16 - Syncing IBKR prices... ✅ Updated 10 positions | Gold: $4453.46
⏰ 05:10:18 - Syncing IBKR prices... ✅ Updated 10 positions | Gold: $4459.28
⏰ 05:11:19 - Syncing IBKR prices... ✅ Updated 10 positions | Gold: $4460.72
⏰ 05:12:21 - Syncing IBKR prices... ✅ Updated 10 positions | Gold: $4458.88
⏰ 05:13:23 - Syncing IBKR prices... ✅ Updated 10 positions | Gold: $4459.43
⏰ 05:14:24 - Syncing IBKR prices... ✅ Updated 10 positions | Gold: $4455.28
⏰ 05:15:26 - Syncing IBKR prices... ✅ Updated 10 positions | Gold: $4455.85
⏰ 05:16:28 - Syncing IBKR prices... ✅ Updated 10 positions | Gold: $4459.83
⏰ 05:17:29 - Syncing IBKR prices... ✅ Updated 10 positions | Gold: $4457.82
⏰ 05:18:31 - Syncing IBKR prices... ✅ Updated 10 positions | Gold: $4464.95
⏰ 05:19:33 - Syncing IBKR prices... ✅ Updated 10 positions | Gold: $4468.53
⏰ 05:20:35 - Syncing IBKR prices... ✅ Updated 10 positions | Gold: $4466.75
⏰ 05:21:37 - Syncing IBKR prices... ✅ Updated 10 positions | Gold: $4454.55
⏰ 05:22:38 - Syncing IBKR prices... ✅ Updated 10 positions | Gold: $4466.49
⏰ 05:23:40 - Syncing IBKR prices... ✅ Updated 10 positions | Gold: $4468.26
⏰ 05:24:42 - Syncing IBKR prices... ✅ Updated 10 positions | Gold: $4461.25
⏰ 05:25:43 - Syncing IBKR prices... ✅ Updated 10 positions | Gold: $4455.80
⏰ 05:26:45 - Syncing IBKR prices... ✅ Updated 10 positions | Gold: $4452.95
⏰ 05:27:47 - Syncing IBKR prices... ✅ Updated 10 positions | Gold: $4459.63
⏰ 05:28:48 - Syncing IBKR prices... ✅ Updated 10 positions | Gold: $4464.44
⏰ 05:29:50 - Syncing IBKR prices... ✅ Updated 10 positions | Gold: $4455.22
⏰ 05:30:52 - Syncing IBKR prices... ✅ Updated 10 positions | Gold: $4462.39
⏰ 05:31:54 - Syncing IBKR prices... ✅ Updated 10 positions | Gold: $4467.79
⏰ 05:32:55 - Syncing IBKR prices... ✅ Updated 10 positions | Gold: $4450.78
⏰ 05:33:57 - Syncing IBKR prices... ✅ Updated 10 positions | Gold: $4451.87
⏰ 05:34:59 - Syncing IBKR prices... ✅ Updated 10 positions | Gold: $4466.47
⏰ 05:36:01 - Syncing IBKR prices... ✅ Updated 10 positions | Gold: $4452.86
⏰ 05:37:03 - Syncing IBKR prices... ✅ Updated 10 positions | Gold: $4456.79
⏰ 05:38:04 - Syncing IBKR prices... ✅ Updated 10 positions | Gold: $4461.55
⏰ 05:39:06 - Syncing IBKR prices... ✅ Updated 10 positions | Gold: $4454.33
⏰ 05:40:08 - Syncing IBKR prices... ✅ Updated 10 positions | Gold: $4461.97
⏰ 05:41:09 - Syncing IBKR prices... ✅ Updated 10 positions | Gold: $4465.84
⏰ 05:42:11 - Syncing IBKR prices... ✅ Updated 10 positions | Gold: $4465.90
⏰ 05:43:13 - Syncing IBKR prices... ✅ Updated 10 positions | Gold: $4462.95
⏰ 05:44:14 - Syncing IBKR prices... ✅ Updated 10 positions | Gold: $4463.61
⏰ 05:45:16 - Syncing IBKR prices... ✅ Updated 10 positions | Gold: $4457.84
⏰ 05:46:18 - Syncing IBKR prices... ✅ Updated 10 positions | Gold: $4464.41
⏰ 05:47:19 - Syncing IBKR prices... ✅ Updated 10 positions | Gold: $4454.73
⏰ 05:48:21 - Syncing IBKR prices... ✅ Updated 10 positions | Gold: $4450.37
⏰ 05:49:23 - Syncing IBKR prices... ✅ Updated 10 positions | Gold: $4457.52
⏰ 05:50:24 - Syncing IBKR prices... ✅ Updated 10 positions | Gold: $4460.38
⏰ 05:51:26 - Syncing IBKR prices... ✅ Updated 10 positions | Gold: $4453.26
⏰ 05:52:27 - Syncing IBKR prices... ✅ Updated 10 positions | Gold: $4462.64
⏰ 05:53:29 - Syncing IBKR prices... ✅ Updated 10 positions | Gold: $4454.55
⏰ 05:54:31 - Syncing IBKR prices... ✅ Updated 10 positions | Gold: $4454.84
⏰ 05:55:32 - Syncing IBKR prices... ✅ Updated 10 positions | Gold: $4452.85
⏰ 05:56:34 - Syncing IBKR prices... ✅ Updated 10 positions | Gold: $4465.23
⏰ 05:57:36 - Syncing IBKR prices... ✅ Updated 10 positions | Gold: $4453.24
⏰ 05:58:37 - Syncing IBKR prices... ✅ Updated 10 positions | Gold: $4457.24
⏰ 05:59:39 - Syncing IBKR prices... ✅ Updated 10 positions | Gold: $4460.28
⏰ 06:00:41 - Syncing IBKR prices... ✅ Updated 10 positions | Gold: $4452.60
⏰ 06:01:43 - Syncing IBKR prices... ✅ Updated 10 positions | Gold: $4467.50
⏰ 06:02:45 - Syncing IBKR prices... ✅ Updated 10 positions | Gold: $4454.68
⏰ 06:03:47 - Syncing IBKR prices... ✅ Updated 10 positions | Gold: $4464.99
⏰ 06:04:48 - Syncing IBKR prices... ✅ Updated 10 positions | Gold: $4450.10
⏰ 06:05:50 - Syncing IBKR prices... ✅ Updated 10 positions | Gold: $4458.89
⏰ 06:06:52 - Syncing IBKR prices... ✅ Updated 10 positions | Gold: $4462.17
⏰ 06:07:53 - Syncing IBKR prices... ✅ Updated 10 positions | Gold: $4465.79
⏰ 06:08:55 - Syncing IBKR prices... ✅ Updated 10 positions | Gold: $4462.96
⏰ 06:09:57 - Syncing IBKR prices... ✅ Updated 10 positions | Gold: $4463.63
⏰ 06:10:58 - Syncing IBKR prices... ✅ Updated 10 positions | Gold: $4451.96
⏰ 06:12:00 - Syncing IBKR prices... ✅ Updated 10 positions | Gold: $4465.93
⏰ 06:13:02 - Syncing IBKR prices... ✅ Updated 10 positions | Gold: $4455.62
⏰ 06:14:03 - Syncing IBKR prices... ✅ Updated 10 positions | Gold: $4455.18
⏰ 06:15:05 - Syncing IBKR prices... ✅ Updated 10 positions | Gold: $4455.24
⏰ 06:16:07 - Syncing IBKR prices... ✅ Updated 10 positions | Gold: $4459.50
⏰ 06:17:09 - Syncing IBKR prices... ✅ Updated 10 positions | Gold: $4459.23
⏰ 06:18:10 - Syncing IBKR prices... ✅ Updated 10 positions | Gold: $4461.51
⏰ 06:19:12 - Syncing IBKR prices... ✅ Updated 10 positions | Gold: $4467.77
⏰ 06:20:14 - Syncing IBKR prices... ✅ Updated 10 positions | Gold: $4464.96
⏰ 06:21:16 - Syncing IBKR prices... ✅ Updated 10 positions | Gold: $4464.14
⏰ 06:22:18 - Syncing IBKR prices... ✅ Updated 10 positions | Gold: $4452.49
⏰ 06:23:20 - Syncing IBKR prices... ✅ Updated 10 positions | Gold: $4456.47
⏰ 06:24:21 - Syncing IBKR prices... ✅ Updated 10 positions | Gold: $4459.89
⏰ 06:25:23 - Syncing IBKR prices... ✅ Updated 10 positions | Gold: $4450.19
⏰ 06:26:25 - Syncing IBKR prices... ✅ Updated 10 positions | Gold: $4458.28
⏰ 06:27:27 - Syncing IBKR prices... ✅ Updated 10 positions | Gold: $4454.67
⏰ 06:28:28 - Syncing IBKR prices... ✅ Updated 10 positions | Gold: $4467.57
⏰ 06:29:30 - Syncing IBKR prices... ✅ Updated 10 positions | Gold: $4455.28
⏰ 06:30:32 - Syncing IBKR prices... ✅ Updated 10 positions | Gold: $4463.55
⏰ 06:31:33 - Syncing IBKR prices... ✅ Updated 10 positions | Gold: $4450.28
⏰ 06:32:35 - Syncing IBKR prices... ✅ Updated 10 positions | Gold: $4453.12
⏰ 06:33:37 - Syncing IBKR prices... ✅ Updated 10 positions | Gold: $4466.86
⏰ 06:34:38 - Syncing IBKR prices... ✅ Updated 10 positions | Gold: $4461.58
⏰ 06:35:40 - Syncing IBKR prices... ✅ Updated 10 positions | Gold: $4452.85
⏰ 06:36:42 - Syncing IBKR prices... ✅ Updated 10 positions | Gold: $4452.65
⏰ 06:37:43 - Syncing IBKR prices... ✅ Updated 10 positions | Gold: $4465.64
⏰ 06:38:45 - Syncing IBKR prices... ✅ Updated 10 positions | Gold: $4455.44
⏰ 06:39:46 - Syncing IBKR prices... ✅ Updated 10 positions | Gold: $4464.86
⏰ 06:40:48 - Syncing IBKR prices... ✅ Updated 10 positions | Gold: $4452.15
⏰ 06:41:50 - Syncing IBKR prices... ✅ Updated 10 positions | Gold: $4454.04
⏰ 06:42:51 - Syncing IBKR prices... ✅ Updated 10 positions | Gold: $4456.57
⏰ 06:43:53 - Syncing IBKR prices... ✅ Updated 10 positions | Gold: $4462.45
⏰ 06:44:55 - Syncing IBKR prices... ✅ Updated 10 positions | Gold: $4466.75
⏰ 06:45:56 - Syncing IBKR prices... ✅ Updated 10 positions | Gold: $4456.47
⏰ 06:46:58 - Syncing IBKR prices... ✅ Updated 10 positions | Gold: $4461.42
⏰ 06:48:00 - Syncing IBKR prices... ✅ Updated 10 positions | Gold: $4459.08
⏰ 06:49:01 - Syncing IBKR prices... ✅ Updated 10 positions | Gold: $4452.68
⏰ 06:50:03 - Syncing IBKR prices... ✅ Updated 10 positions | Gold: $4463.82
⏰ 06:51:05 - Syncing IBKR prices... ✅ Updated 10 positions | Gold: $4462.96
⏰ 06:52:06 - Syncing IBKR prices... ✅ Updated 10 positions | Gold: $4469.28
⏰ 06:53:08 - Syncing IBKR prices... ✅ Updated 10 positions | Gold: $4459.20
⏰ 06:54:10 - Syncing IBKR prices... ✅ Updated 10 positions | Gold: $4453.43
⏰ 06:55:11 - Syncing IBKR prices... ✅ Updated 10 positions | Gold: $4456.93
⏰ 06:56:13 - Syncing IBKR prices... ✅ Updated 10 positions | Gold: $4450.49
⏰ 06:57:15 - Syncing IBKR prices... ✅ Updated 10 positions | Gold: $4457.64
⏰ 06:58:16 - Syncing IBKR prices... ✅ Updated 10 positions | Gold: $4468.13
⏰ 06:59:18 - Syncing IBKR prices... ✅ Updated 10 positions | Gold: $4459.24
⏰ 07:00:20 - Syncing IBKR prices... ✅ Updated 10 positions | Gold: $4450.14
⏰ 07:01:22 - Syncing IBKR prices... ✅ Updated 10 positions | Gold: $4452.48
⏰ 07:02:23 - Syncing IBKR prices... ✅ Updated 10 positions | Gold: $4456.38
⏰ 07:03:25 - Syncing IBKR prices... ✅ Updated 10 positions | Gold: $4462.47
⏰ 07:04:27 - Syncing IBKR prices... ✅ Updated 10 positions | Gold: $4454.82
⏰ 07:05:28 - Syncing IBKR prices... ✅ Updated 10 positions | Gold: $4463.59
⏰ 07:06:30 - Syncing IBKR prices... ✅ Updated 10 positions | Gold: $4467.63
⏰ 07:07:32 - Syncing IBKR prices... ✅ Updated 10 positions | Gold: $4455.88
⏰ 07:08:33 - Syncing IBKR prices... ✅ Updated 10 positions | Gold: $4457.39
⏰ 07:09:35 - Syncing IBKR prices... ✅ Updated 10 positions | Gold: $4453.46
⏰ 07:10:37 - Syncing IBKR prices... ✅ Updated 10 positions | Gold: $4468.05
⏰ 07:11:39 - Syncing IBKR prices... ✅ Updated 10 positions | Gold: $4467.58
⏰ 07:12:40 - Syncing IBKR prices... ✅ Updated 10 positions | Gold: $4450.01
⏰ 07:13:42 - Syncing IBKR prices... ✅ Updated 10 positions | Gold: $4458.58
⏰ 07:14:44 - Syncing IBKR prices... ✅ Updated 10 positions | Gold: $4459.50
⏰ 07:15:45 - Syncing IBKR prices... ✅ Updated 10 positions | Gold: $4464.92
⏰ 07:16:47 - Syncing IBKR prices... ✅ Updated 10 positions | Gold: $4464.43
⏰ 07:17:49 - Syncing IBKR prices... ✅ Updated 10 positions | Gold: $4453.18
⏰ 07:18:51 - Syncing IBKR prices... ✅ Updated 10 positions | Gold: $4456.70
⏰ 07:19:53 - Syncing IBKR prices... ✅ Updated 10 positions | Gold: $4458.43
⏰ 07:20:54 - Syncing IBKR prices... ✅ Updated 10 positions | Gold: $4459.03
⏰ 07:21:56 - Syncing IBKR prices... ✅ Updated 10 positions | Gold: $4454.30
⏰ 07:22:57 - Syncing IBKR prices... ✅ Updated 10 positions | Gold: $4469.49
⏰ 07:23:59 - Syncing IBKR prices... ✅ Updated 10 positions | Gold: $4455.02
⏰ 07:25:01 - Syncing IBKR prices... ✅ Updated 10 positions | Gold: $4454.08
⏰ 07:26:03 - Syncing IBKR prices... ✅ Updated 10 positions | Gold: $4457.43
⏰ 07:27:04 - Syncing IBKR prices... ✅ Updated 10 positions | Gold: $4450.17
⏰ 07:28:06 - Syncing IBKR prices... ✅ Updated 10 positions | Gold: $4455.48
⏰ 07:29:08 - Syncing IBKR prices... ✅ Updated 10 positions | Gold: $4458.83
⏰ 07:30:09 - Syncing IBKR prices... ✅ Updated 10 positions | Gold: $4461.08
⏰ 07:31:11 - Syncing IBKR prices... ✅ Updated 10 positions | Gold: $4456.68
⏰ 07:32:13 - Syncing IBKR prices... ✅ Updated 10 positions | Gold: $4456.36
⏰ 07:33:14 - Syncing IBKR prices... ✅ Updated 10 positions | Gold: $4455.46
⏰ 07:34:16 - Syncing IBKR prices... ✅ Updated 10 positions | Gold: $4463.61
⏰ 07:35:18 - Syncing IBKR prices... ✅ Updated 10 positions | Gold: $4467.09
⏰ 07:36:19 - Syncing IBKR prices... ✅ Updated 10 positions | Gold: $4456.07
⏰ 07:37:21 - Syncing IBKR prices... ✅ Updated 10 positions | Gold: $4461.10
⏰ 07:38:22 - Syncing IBKR prices... ✅ Updated 10 positions | Gold: $4467.56
⏰ 07:39:24 - Syncing IBKR prices... ✅ Updated 10 positions | Gold: $4453.06
⏰ 07:40:26 - Syncing IBKR prices... ✅ Updated 10 positions | Gold: $4452.87
⏰ 07:41:27 - Syncing IBKR prices... ✅ Updated 10 positions | Gold: $4469.80
⏰ 07:42:29 - Syncing IBKR prices... ✅ Updated 10 positions | Gold: $4464.01
⏰ 07:43:31 - Syncing IBKR prices... ✅ Updated 10 positions | Gold: $4452.14
⏰ 07:44:33 - Syncing IBKR prices... ✅ Updated 10 positions | Gold: $4458.15
⏰ 07:45:34 - Syncing IBKR prices... ✅ Updated 10 positions | Gold: $4464.61
⏰ 07:46:36 - Syncing IBKR prices... ✅ Updated 10 positions | Gold: $4466.96
⏰ 07:47:38 - Syncing IBKR prices... ✅ Updated 10 positions | Gold: $4463.95
⏰ 07:48:39 - Syncing IBKR prices... ✅ Updated 10 positions | Gold: $4452.19
⏰ 07:49:41 - Syncing IBKR prices... ✅ Updated 10 positions | Gold: $4454.99
⏰ 07:50:43 - Syncing IBKR prices... ✅ Updated 10 positions | Gold: $4454.68
⏰ 07:51:44 - Syncing IBKR prices... ✅ Updated 10 positions | Gold: $4457.37
⏰ 07:52:46 - Syncing IBKR prices... ✅ Updated 10 positions | Gold: $4469.73
⏰ 07:53:48 - Syncing IBKR prices... ✅ Updated 10 positions | Gold: $4467.29
⏰ 07:54:49 - Syncing IBKR prices... ✅ Updated 10 positions | Gold: $4467.00
⏰ 07:55:51 - Syncing IBKR prices... ✅ Updated 10 positions | Gold: $4468.43
⏰ 07:56:53 - Syncing IBKR prices... ✅ Updated 10 positions | Gold: $4450.87
⏰ 07:57:55 - Syncing IBKR prices... ✅ Updated 10 positions | Gold: $4457.23
⏰ 07:58:56 - Syncing IBKR prices... ✅ Updated 10 positions | Gold: $4457.44
⏰ 07:59:58 - Syncing IBKR prices... ✅ Updated 10 positions | Gold: $4455.49
⏰ 08:01:00 - Syncing IBKR prices... ✅ Updated 10 positions | Gold: $4461.76
⏰ 08:02:02 - Syncing IBKR prices... ✅ Updated 10 positions | Gold: $4450.27
⏰ 08:03:03 - Syncing IBKR prices... ✅ Updated 10 positions | Gold: $4457.58
⏰ 08:04:05 - Syncing IBKR prices... ✅ Updated 10 positions | Gold: $4459.08
⏰ 08:05:07 - Syncing IBKR prices... ✅ Updated 10 positions | Gold: $4460.03
⏰ 08:06:08 - Syncing IBKR prices... ✅ Updated 10 positions | Gold: $4468.00
⏰ 08:07:10 - Syncing IBKR prices... ✅ Updated 10 positions | Gold: $4454.88
⏰ 08:08:12 - Syncing IBKR prices... ✅ Updated 10 positions | Gold: $4464.51
⏰ 08:09:14 - Syncing IBKR prices... ✅ Updated 10 positions | Gold: $4463.54
⏰ 08:10:15 - Syncing IBKR prices... ✅ Updated 10 positions | Gold: $4451.38
⏰ 08:11:17 - Syncing IBKR prices... ✅ Updated 10 positions | Gold: $4467.07
⏰ 08:12:19 - Syncing IBKR prices... ✅ Updated 10 positions | Gold: $4452.25
⏰ 08:13:20 - Syncing IBKR prices... ✅ Updated 10 positions | Gold: $4469.45
⏰ 08:14:22 - Syncing IBKR prices... ✅ Updated 10 positions | Gold: $4459.18
⏰ 08:15:23 - Syncing IBKR prices... ✅ Updated 10 positions | Gold: $4466.16
⏰ 08:16:25 - Syncing IBKR prices... ✅ Updated 10 positions | Gold: $4453.05
⏰ 08:17:27 - Syncing IBKR prices... ✅ Updated 10 positions | Gold: $4463.78
⏰ 08:18:28 - Syncing IBKR prices... ✅ Updated 10 positions | Gold: $4462.70
⏰ 08:19:30 - Syncing IBKR prices... ✅ Updated 10 positions | Gold: $4469.68
⏰ 08:20:32 - Syncing IBKR prices... ✅ Updated 10 positions | Gold: $4467.62
⏰ 08:21:33 - Syncing IBKR prices... ✅ Updated 10 positions | Gold: $4450.98
⏰ 08:22:35 - Syncing IBKR prices... ✅ Updated 10 positions | Gold: $4454.24
⏰ 08:23:37 - Syncing IBKR prices... ✅ Updated 10 positions | Gold: $4451.41
⏰ 08:24:38 - Syncing IBKR prices... ✅ Updated 10 positions | Gold: $4463.43
⏰ 08:25:40 - Syncing IBKR prices... ✅ Updated 10 positions | Gold: $4464.97
⏰ 08:26:42 - Syncing IBKR prices... ✅ Updated 10 positions | Gold: $4450.06
⏰ 08:27:43 - Syncing IBKR prices... ✅ Updated 10 positions | Gold: $4468.65
⏰ 08:28:45 - Syncing IBKR prices... ✅ Updated 10 positions | Gold: $4464.20
⏰ 08:29:47 - Syncing IBKR prices... ✅ Updated 10 positions | Gold: $4456.92
⏰ 08:30:49 - Syncing IBKR prices... ✅ Updated 10 positions | Gold: $4456.76
⏰ 08:31:50 - Syncing IBKR prices... ✅ Updated 10 positions | Gold: $4465.99
⏰ 08:32:52 - Syncing IBKR prices... ✅ Updated 10 positions | Gold: $4469.99
⏰ 08:33:54 - Syncing IBKR prices... ✅ Updated 10 positions | Gold: $4450.39
⏰ 08:34:55 - Syncing IBKR prices... ✅ Updated 10 positions | Gold: $4453.53
⏰ 08:35:57 - Syncing IBKR prices... ✅ Updated 10 positions | Gold: $4464.65
⏰ 08:36:59 - Syncing IBKR prices... ✅ Updated 10 positions | Gold: $4466.76
⏰ 08:38:00 - Syncing IBKR prices... ✅ Updated 10 positions | Gold: $4463.83
⏰ 08:39:02 - Syncing IBKR prices... ✅ Updated 10 positions | Gold: $4460.14
⏰ 08:40:04 - Syncing IBKR prices... ✅ Updated 10 positions | Gold: $4454.25
⏰ 08:41:05 - Syncing IBKR prices... ✅ Updated 10 positions | Gold: $4459.37
⏰ 08:42:07 - Syncing IBKR prices... ✅ Updated 10 positions | Gold: $4453.74
⏰ 08:43:09 - Syncing IBKR prices... ✅ Updated 10 positions | Gold: $4467.11
⏰ 08:44:11 - Syncing IBKR prices... ✅ Updated 10 positions | Gold: $4464.43
⏰ 08:45:12 - Syncing IBKR prices... ✅ Updated 10 positions | Gold: $4456.16
⏰ 08:46:14 - Syncing IBKR prices... ✅ Updated 10 positions | Gold: $4462.54
⏰ 08:47:16 - Syncing IBKR prices... ✅ Updated 10 positions | Gold: $4456.52
⏰ 08:48:18 - Syncing IBKR prices... ✅ Updated 10 positions | Gold: $4456.56
⏰ 08:49:19 - Syncing IBKR prices... ✅ Updated 10 positions | Gold: $4450.78
⏰ 08:50:21 - Syncing IBKR prices... ✅ Updated 10 positions | Gold: $4459.90
⏰ 08:51:23 - Syncing IBKR prices... ✅ Updated 10 positions | Gold: $4464.90
⏰ 08:52:25 - Syncing IBKR prices... ✅ Updated 10 positions | Gold: $4469.12
⏰ 08:53:26 - Syncing IBKR prices... ✅ Updated 10 positions | Gold: $4461.16
⏰ 08:54:28 - Syncing IBKR prices... ✅ Updated 10 positions | Gold: $4453.20
⏰ 08:55:30 - Syncing IBKR prices... ✅ Updated 10 positions | Gold: $4465.52
⏰ 08:56:31 - Syncing IBKR prices... ✅ Updated 10 positions | Gold: $4451.32
⏰ 08:57:33 - Syncing IBKR prices... ✅ Updated 10 positions | Gold: $4456.22
⏰ 08:58:35 - Syncing IBKR prices... ✅ Updated 10 positions | Gold: $4466.81
⏰ 08:59:36 - Syncing IBKR prices... ✅ Updated 10 positions | Gold: $4458.56
⏰ 09:00:38 - Syncing IBKR prices... ✅ Updated 10 positions | Gold: $4459.50
⏰ 09:01:40 - Syncing IBKR prices... ✅ Updated 10 positions | Gold: $4466.55
⏰ 09:02:41 - Syncing IBKR prices... ✅ Updated 10 positions | Gold: $4469.64
⏰ 09:03:43 - Syncing IBKR prices... ✅ Updated 10 positions | Gold: $4463.81
⏰ 09:04:45 - Syncing IBKR prices... ✅ Updated 10 positions | Gold: $4466.14
⏰ 09:05:46 - Syncing IBKR prices... ✅ Updated 10 positions | Gold: $4468.10
⏰ 09:06:48 - Syncing IBKR prices... ✅ Updated 10 positions | Gold: $4465.65
⏰ 09:07:49 - Syncing IBKR prices... ✅ Updated 10 positions | Gold: $4455.11
⏰ 09:08:51 - Syncing IBKR prices... ✅ Updated 10 positions | Gold: $4460.79
⏰ 09:09:53 - Syncing IBKR prices... ✅ Updated 10 positions | Gold: $4466.04
⏰ 09:10:54 - Syncing IBKR prices... ✅ Updated 10 positions | Gold: $4450.33
⏰ 09:11:56 - Syncing IBKR prices... ✅ Updated 10 positions | Gold: $4452.45
⏰ 09:12:58 - Syncing IBKR prices... ✅ Updated 10 positions | Gold: $4465.53
⏰ 09:13:59 - Syncing IBKR prices... ✅ Updated 10 positions | Gold: $4451.40
⏰ 09:15:01 - Syncing IBKR prices... ✅ Updated 10 positions | Gold: $4469.92
⏰ 09:16:03 - Syncing IBKR prices... ✅ Updated 10 positions | Gold: $4460.57
⏰ 09:17:04 - Syncing IBKR prices... ✅ Updated 10 positions | Gold: $4457.41
⏰ 09:18:06 - Syncing IBKR prices... ✅ Updated 10 positions | Gold: $4463.47
⏰ 09:19:08 - Syncing IBKR prices... ✅ Updated 10 positions | Gold: $4461.58
⏰ 09:20:09 - Syncing IBKR prices... ✅ Updated 10 positions | Gold: $4461.89
⏰ 09:21:11 - Syncing IBKR prices... ✅ Updated 10 positions | Gold: $4460.71
⏰ 09:22:13 - Syncing IBKR prices... ✅ Updated 10 positions | Gold: $4454.05
⏰ 09:23:14 - Syncing IBKR prices... ✅ Updated 10 positions | Gold: $4456.05
⏰ 09:24:16 - Syncing IBKR prices... ✅ Updated 10 positions | Gold: $4450.82
⏰ 09:25:19 - Syncing IBKR prices... ✅ Updated 10 positions | Gold: $4459.11
⏰ 09:26:20 - Syncing IBKR prices... ✅ Updated 10 positions | Gold: $4460.02
⏰ 09:27:23 - Syncing IBKR prices... ✅ Updated 10 positions | Gold: $4453.95
⏰ 09:28:25 - Syncing IBKR prices... ✅ Updated 10 positions | Gold: $4460.59
⏰ 09:29:27 - Syncing IBKR prices... ✅ Updated 10 positions | Gold: $4453.60
⏰ 09:30:29 - Syncing IBKR prices... ✅ Updated 10 positions | Gold: $4454.97
⏰ 09:31:31 - Syncing IBKR prices... ✅ Updated 10 positions | Gold: $4454.88
⏰ 09:32:33 - Syncing IBKR prices... ✅ Updated 10 positions | Gold: $4461.44
⏰ 09:33:35 - Syncing IBKR prices... ✅ Updated 10 positions | Gold: $4469.85
⏰ 09:34:37 - Syncing IBKR prices... ✅ Updated 10 positions | Gold: $4458.70
⏰ 09:35:39 - Syncing IBKR prices... ✅ Updated 10 positions | Gold: $4457.56
⏰ 09:36:41 - Syncing IBKR prices... ✅ Updated 10 positions | Gold: $4467.91
⏰ 09:37:42 - Syncing IBKR prices... ✅ Updated 10 positions | Gold: $4451.25
⏰ 09:38:44 - Syncing IBKR prices... ✅ Updated 10 positions | Gold: $4462.51
⏰ 09:39:46 - Syncing IBKR prices... ✅ Updated 10 positions | Gold: $4450.40
⏰ 09:40:48 - Syncing IBKR prices... ✅ Updated 10 positions | Gold: $4461.54
⏰ 09:41:50 - Syncing IBKR prices... ✅ Updated 10 positions | Gold: $4459.67
⏰ 09:42:51 - Syncing IBKR prices... ✅ Updated 10 positions | Gold: $4457.87
⏰ 09:43:53 - Syncing IBKR prices... ✅ Updated 10 positions | Gold: $4453.56
⏰ 09:44:55 - Syncing IBKR prices... ✅ Updated 10 positions | Gold: $4465.69
⏰ 09:45:57 - Syncing IBKR prices... ✅ Updated 10 positions | Gold: $4466.47
⏰ 09:46:58 - Syncing IBKR prices... ✅ Updated 10 positions | Gold: $4459.83
⏰ 09:48:00 - Syncing IBKR prices... ✅ Updated 10 positions | Gold: $4451.01
⏰ 09:49:02 - Syncing IBKR prices... ✅ Updated 10 positions | Gold: $4468.94
⏰ 09:50:03 - Syncing IBKR prices... ✅ Updated 10 positions | Gold: $4464.09
⏰ 09:51:05 - Syncing IBKR prices... ✅ Updated 10 positions | Gold: $4465.63
⏰ 09:52:07 - Syncing IBKR prices... ✅ Updated 10 positions | Gold: $4452.51
⏰ 09:53:08 - Syncing IBKR prices... ✅ Updated 10 positions | Gold: $4458.23
⏰ 09:54:10 - Syncing IBKR prices... ✅ Updated 10 positions | Gold: $4455.46
⏰ 09:55:12 - Syncing IBKR prices... ✅ Updated 10 positions | Gold: $4460.71
⏰ 09:56:13 - Syncing IBKR prices... ✅ Updated 10 positions | Gold: $4450.07
⏰ 09:57:15 - Syncing IBKR prices... ✅ Updated 10 positions | Gold: $4453.79
⏰ 09:58:17 - Syncing IBKR prices... ✅ Updated 10 positions | Gold: $4455.56
⏰ 09:59:18 - Syncing IBKR prices... ✅ Updated 10 positions | Gold: $4464.96
⏰ 10:00:20 - Syncing IBKR prices... ✅ Updated 10 positions | Gold: $4454.44
⏰ 10:01:22 - Syncing IBKR prices... ✅ Updated 10 positions | Gold: $4468.70
⏰ 10:02:24 - Syncing IBKR prices... ✅ Updated 10 positions | Gold: $4454.02
⏰ 10:03:25 - Syncing IBKR prices... ✅ Updated 10 positions | Gold: $4461.47
⏰ 10:04:27 - Syncing IBKR prices... ✅ Updated 10 positions | Gold: $4463.05
⏰ 10:05:29 - Syncing IBKR prices... ✅ Updated 10 positions | Gold: $4467.96
⏰ 10:06:30 - Syncing IBKR prices... ✅ Updated 10 positions | Gold: $4464.45
⏰ 10:07:32 - Syncing IBKR prices... ✅ Updated 10 positions | Gold: $4454.62
⏰ 10:08:34 - Syncing IBKR prices... ✅ Updated 10 positions | Gold: $4469.30
⏰ 10:09:35 - Syncing IBKR prices... ✅ Updated 10 positions | Gold: $4454.46
⏰ 10:10:37 - Syncing IBKR prices... ✅ Updated 10 positions | Gold: $4463.72
⏰ 10:11:39 - Syncing IBKR prices... ✅ Updated 10 positions | Gold: $4464.09
⏰ 10:12:41 - Syncing IBKR prices... ✅ Updated 10 positions | Gold: $4453.80
⏰ 10:13:43 - Syncing IBKR prices... ✅ Updated 10 positions | Gold: $4458.93
⏰ 10:14:45 - Syncing IBKR prices... ✅ Updated 10 positions | Gold: $4458.80
⏰ 10:15:46 - Syncing IBKR prices... ✅ Updated 10 positions | Gold: $4453.31
⏰ 10:16:48 - Syncing IBKR prices... ✅ Updated 10 positions | Gold: $4451.03
⏰ 10:17:50 - Syncing IBKR prices... ✅ Updated 10 positions | Gold: $4468.28
⏰ 10:18:51 - Syncing IBKR prices... ✅ Updated 10 positions | Gold: $4465.17
⏰ 10:19:53 - Syncing IBKR prices... ✅ Updated 10 positions | Gold: $4462.25
⏰ 10:20:55 - Syncing IBKR prices... ✅ Updated 10 positions | Gold: $4454.55
⏰ 10:21:57 - Syncing IBKR prices... ✅ Updated 10 positions | Gold: $4468.96
⏰ 10:22:59 - Syncing IBKR prices... ✅ Updated 10 positions | Gold: $4454.48
⏰ 10:24:00 - Syncing IBKR prices... ✅ Updated 10 positions | Gold: $4457.88
⏰ 10:25:02 - Syncing IBKR prices... ✅ Updated 10 positions | Gold: $4456.06
⏰ 10:26:04 - Syncing IBKR prices... ✅ Updated 10 positions | Gold: $4455.05
⏰ 10:27:05 - Syncing IBKR prices... ✅ Updated 10 positions | Gold: $4457.70
⏰ 10:28:07 - Syncing IBKR prices... ✅ Updated 10 positions | Gold: $4458.20
⏰ 10:29:09 - Syncing IBKR prices... ✅ Updated 10 positions | Gold: $4458.44
⏰ 10:30:11 - Syncing IBKR prices... ✅ Updated 10 positions | Gold: $4467.39
⏰ 10:31:12 - Syncing IBKR prices... ✅ Updated 10 positions | Gold: $4469.26
⏰ 10:32:14 - Syncing IBKR prices... ✅ Updated 10 positions | Gold: $4469.48
⏰ 10:33:16 - Syncing IBKR prices... ✅ Updated 10 positions | Gold: $4459.22
⏰ 10:34:18 - Syncing IBKR prices... ✅ Updated 10 positions | Gold: $4463.60
⏰ 10:35:19 - Syncing IBKR prices... ✅ Updated 10 positions | Gold: $4468.20
⏰ 10:36:21 - Syncing IBKR prices... ✅ Updated 10 positions | Gold: $4466.92
⏰ 10:37:23 - Syncing IBKR prices... ✅ Updated 10 positions | Gold: $4466.52
⏰ 10:38:24 - Syncing IBKR prices... ✅ Updated 10 positions | Gold: $4455.26
⏰ 10:39:26 - Syncing IBKR prices... ✅ Updated 10 positions | Gold: $4469.14
⏰ 10:40:27 - Syncing IBKR prices... ✅ Updated 10 positions | Gold: $4458.21
⏰ 10:41:29 - Syncing IBKR prices... ✅ Updated 10 positions | Gold: $4456.88
⏰ 10:42:31 - Syncing IBKR prices... ✅ Updated 10 positions | Gold: $4463.30
⏰ 10:43:32 - Syncing IBKR prices... ✅ Updated 10 positions | Gold: $4451.28
⏰ 10:44:34 - Syncing IBKR prices... ✅ Updated 10 positions | Gold: $4461.64
⏰ 10:45:36 - Syncing IBKR prices... ✅ Updated 10 positions | Gold: $4467.80
⏰ 10:46:37 - Syncing IBKR prices... ✅ Updated 10 positions | Gold: $4455.77
⏰ 10:47:39 - Syncing IBKR prices... ✅ Updated 10 positions | Gold: $4465.91
⏰ 10:48:41 - Syncing IBKR prices... ✅ Updated 10 positions | Gold: $4451.84
⏰ 10:49:42 - Syncing IBKR prices... ✅ Updated 10 positions | Gold: $4456.54
⏰ 10:50:44 - Syncing IBKR prices... ✅ Updated 10 positions | Gold: $4460.37
⏰ 10:51:46 - Syncing IBKR prices... ✅ Updated 10 positions | Gold: $4455.54
⏰ 10:52:47 - Syncing IBKR prices... ✅ Updated 10 positions | Gold: $4468.35
⏰ 10:53:49 - Syncing IBKR prices... ✅ Updated 10 positions | Gold: $4450.56
⏰ 10:54:51 - Syncing IBKR prices... ✅ Updated 10 positions | Gold: $4456.45
⏰ 10:55:53 - Syncing IBKR prices... ✅ Updated 10 positions | Gold: $4468.66
⏰ 10:56:54 - Syncing IBKR prices... ✅ Updated 10 positions | Gold: $4457.96
⏰ 10:57:56 - Syncing IBKR prices... ✅ Updated 10 positions | Gold: $4469.14
⏰ 10:58:57 - Syncing IBKR prices... ✅ Updated 10 positions | Gold: $4467.89
⏰ 10:59:59 - Syncing IBKR prices... ✅ Updated 10 positions | Gold: $4456.11
⏰ 11:01:01 - Syncing IBKR prices... ✅ Updated 10 positions | Gold: $4453.36
⏰ 11:02:02 - Syncing IBKR prices... ✅ Updated 10 positions | Gold: $4469.12
⏰ 11:03:04 - Syncing IBKR prices... ✅ Updated 10 positions | Gold: $4468.15
⏰ 11:04:06 - Syncing IBKR prices... ✅ Updated 10 positions | Gold: $4450.11
⏰ 11:05:08 - Syncing IBKR prices... ✅ Updated 10 positions | Gold: $4453.48
⏰ 11:06:09 - Syncing IBKR prices... ✅ Updated 10 positions | Gold: $4460.52
⏰ 11:07:11 - Syncing IBKR prices... ✅ Updated 10 positions | Gold: $4451.58
⏰ 11:08:13 - Syncing IBKR prices... ✅ Updated 10 positions | Gold: $4464.20
⏰ 11:09:14 - Syncing IBKR prices... ✅ Updated 10 positions | Gold: $4451.40
⏰ 11:10:16 - Syncing IBKR prices... ✅ Updated 10 positions | Gold: $4461.73
⏰ 11:11:18 - Syncing IBKR prices... ✅ Updated 10 positions | Gold: $4451.15
⏰ 11:12:19 - Syncing IBKR prices... ✅ Updated 10 positions | Gold: $4466.25
⏰ 11:13:21 - Syncing IBKR prices... ✅ Updated 10 positions | Gold: $4455.18
⏰ 11:14:23 - Syncing IBKR prices... ✅ Updated 10 positions | Gold: $4462.20
⏰ 11:15:25 - Syncing IBKR prices... ✅ Updated 10 positions | Gold: $4459.15
⏰ 11:16:26 - Syncing IBKR prices... ✅ Updated 10 positions | Gold: $4458.78
⏰ 11:17:28 - Syncing IBKR prices... ✅ Updated 10 positions | Gold: $4459.59
⏰ 11:18:30 - Syncing IBKR prices... ✅ Updated 10 positions | Gold: $4457.81
⏰ 11:19:32 - Syncing IBKR prices... ✅ Updated 10 positions | Gold: $4453.34
⏰ 11:20:33 - Syncing IBKR prices... ✅ Updated 10 positions | Gold: $4468.52
⏰ 11:21:35 - Syncing IBKR prices... ✅ Updated 10 positions | Gold: $4466.37
⏰ 11:22:37 - Syncing IBKR prices... ✅ Updated 10 positions | Gold: $4462.37
⏰ 11:23:39 - Syncing IBKR prices... ✅ Updated 10 positions | Gold: $4464.64
⏰ 11:24:40 - Syncing IBKR prices... ✅ Updated 10 positions | Gold: $4463.08
⏰ 11:25:42 - Syncing IBKR prices... ✅ Updated 10 positions | Gold: $4464.12
⏰ 11:26:44 - Syncing IBKR prices... ✅ Updated 10 positions | Gold: $4459.34
⏰ 11:27:45 - Syncing IBKR prices... ✅ Updated 10 positions | Gold: $4463.82
⏰ 11:28:47 - Syncing IBKR prices... ✅ Updated 10 positions | Gold: $4463.00
⏰ 11:29:48 - Syncing IBKR prices... ✅ Updated 10 positions | Gold: $4459.13
⏰ 11:30:50 - Syncing IBKR prices... ✅ Updated 10 positions | Gold: $4463.05
⏰ 11:31:52 - Syncing IBKR prices... ✅ Updated 10 positions | Gold: $4460.35
⏰ 11:32:53 - Syncing IBKR prices... ✅ Updated 10 positions | Gold: $4464.88
⏰ 11:33:55 - Syncing IBKR prices... ✅ Updated 10 positions | Gold: $4459.91
⏰ 11:34:57 - Syncing IBKR prices... ✅ Updated 10 positions | Gold: $4453.40
⏰ 11:35:58 - Syncing IBKR prices... ✅ Updated 10 positions | Gold: $4453.65
⏰ 11:37:00 - Syncing IBKR prices... ✅ Updated 10 positions | Gold: $4469.54
⏰ 11:38:02 - Syncing IBKR prices... ✅ Updated 10 positions | Gold: $4468.31
⏰ 11:39:04 - Syncing IBKR prices... ✅ Updated 10 positions | Gold: $4465.40
⏰ 11:40:05 - Syncing IBKR prices... ✅ Updated 10 positions | Gold: $4459.94
⏰ 11:41:07 - Syncing IBKR prices... ✅ Updated 10 positions | Gold: $4464.37
⏰ 11:42:09 - Syncing IBKR prices... ✅ Updated 10 positions | Gold: $4456.52
⏰ 11:43:11 - Syncing IBKR prices... ✅ Updated 10 positions | Gold: $4460.39
⏰ 11:44:12 - Syncing IBKR prices... ✅ Updated 10 positions | Gold: $4464.90
⏰ 11:45:14 - Syncing IBKR prices... ✅ Updated 10 positions | Gold: $4469.31
⏰ 11:46:16 - Syncing IBKR prices... ✅ Updated 10 positions | Gold: $4458.66
⏰ 11:47:17 - Syncing IBKR prices... ✅ Updated 10 positions | Gold: $4466.05
⏰ 11:48:19 - Syncing IBKR prices... ✅ Updated 10 positions | Gold: $4453.99
⏰ 11:49:21 - Syncing IBKR prices... ✅ Updated 10 positions | Gold: $4454.42
⏰ 11:50:22 - Syncing IBKR prices... ✅ Updated 10 positions | Gold: $4453.99
⏰ 11:51:24 - Syncing IBKR prices... ✅ Updated 10 positions | Gold: $4468.91
⏰ 11:52:26 - Syncing IBKR prices... ✅ Updated 10 positions | Gold: $4459.97
⏰ 11:53:27 - Syncing IBKR prices... ✅ Updated 10 positions | Gold: $4454.65
⏰ 11:54:29 - Syncing IBKR prices... ✅ Updated 10 positions | Gold: $4456.03
⏰ 11:55:31 - Syncing IBKR prices... ✅ Updated 10 positions | Gold: $4457.81
⏰ 11:56:32 - Syncing IBKR prices... ✅ Updated 10 positions | Gold: $4453.43
⏰ 11:57:34 - Syncing IBKR prices... ✅ Updated 10 positions | Gold: $4450.04
⏰ 11:58:36 - Syncing IBKR prices... ✅ Updated 10 positions | Gold: $4466.83
⏰ 11:59:37 - Syncing IBKR prices... ✅ Updated 10 positions | Gold: $4460.82
⏰ 12:00:39 - Syncing IBKR prices... ✅ Updated 10 positions | Gold: $4456.34
⏰ 12:01:41 - Syncing IBKR prices... ✅ Updated 10 positions | Gold: $4456.41
⏰ 12:02:43 - Syncing IBKR prices... ✅ Updated 10 positions | Gold: $4463.61
⏰ 12:03:44 - Syncing IBKR prices... ✅ Updated 10 positions | Gold: $4458.43
⏰ 12:04:46 - Syncing IBKR prices... ✅ Updated 10 positions | Gold: $4455.66
⏰ 12:05:48 - Syncing IBKR prices... ✅ Updated 10 positions | Gold: $4466.26
⏰ 12:06:50 - Syncing IBKR prices... ✅ Updated 10 positions | Gold: $4464.58
⏰ 12:07:51 - Syncing IBKR prices... ✅ Updated 10 positions | Gold: $4469.79
⏰ 12:08:53 - Syncing IBKR prices... ✅ Updated 10 positions | Gold: $4455.69
⏰ 12:09:55 - Syncing IBKR prices... ✅ Updated 10 positions | Gold: $4456.58
⏰ 12:10:57 - Syncing IBKR prices... ✅ Updated 10 positions | Gold: $4459.72
⏰ 12:11:58 - Syncing IBKR prices... ✅ Updated 10 positions | Gold: $4457.87
⏰ 12:13:00 - Syncing IBKR prices... ✅ Updated 10 positions | Gold: $4451.31
⏰ 12:14:02 - Syncing IBKR prices... ✅ Updated 10 positions | Gold: $4451.41
⏰ 12:15:03 - Syncing IBKR prices... ✅ Updated 10 positions | Gold: $4469.84
⏰ 12:16:05 - Syncing IBKR prices... ✅ Updated 10 positions | Gold: $4461.65
⏰ 12:17:07 - Syncing IBKR prices... ✅ Updated 10 positions | Gold: $4468.27
⏰ 12:18:08 - Syncing IBKR prices... ✅ Updated 10 positions | Gold: $4460.18
⏰ 12:19:10 - Syncing IBKR prices... ✅ Updated 10 positions | Gold: $4460.45
⏰ 12:20:12 - Syncing IBKR prices... ✅ Updated 10 positions | Gold: $4464.20
⏰ 12:21:14 - Syncing IBKR prices... ✅ Updated 10 positions | Gold: $4465.52
⏰ 12:22:15 - Syncing IBKR prices... ✅ Updated 10 positions | Gold: $4453.05
⏰ 12:23:17 - Syncing IBKR prices... ✅ Updated 10 positions | Gold: $4461.35
⏰ 12:24:18 - Syncing IBKR prices... ✅ Updated 10 positions | Gold: $4454.03
⏰ 12:25:20 - Syncing IBKR prices... ✅ Updated 10 positions | Gold: $4459.54
⏰ 12:26:22 - Syncing IBKR prices... ✅ Updated 10 positions | Gold: $4464.25
⏰ 12:27:23 - Syncing IBKR prices... ✅ Updated 10 positions | Gold: $4462.37
⏰ 12:28:25 - Syncing IBKR prices... ✅ Updated 10 positions | Gold: $4466.88
⏰ 12:29:27 - Syncing IBKR prices... ✅ Updated 10 positions | Gold: $4461.15
⏰ 12:30:28 - Syncing IBKR prices... ✅ Updated 10 positions | Gold: $4457.94
⏰ 12:31:30 - Syncing IBKR prices... ✅ Updated 10 positions | Gold: $4468.14
⏰ 12:32:32 - Syncing IBKR prices... ✅ Updated 10 positions | Gold: $4455.96
⏰ 12:33:33 - Syncing IBKR prices... ✅ Updated 10 positions | Gold: $4468.26
⏰ 12:34:35 - Syncing IBKR prices... ✅ Updated 10 positions | Gold: $4462.30
⏰ 12:35:37 - Syncing IBKR prices... ✅ Updated 10 positions | Gold: $4467.06
⏰ 12:36:39 - Syncing IBKR prices... ✅ Updated 10 positions | Gold: $4468.29
⏰ 12:37:40 - Syncing IBKR prices... ✅ Updated 10 positions | Gold: $4458.12
⏰ 12:38:42 - Syncing IBKR prices... ✅ Updated 10 positions | Gold: $4453.37
⏰ 12:39:44 - Syncing IBKR prices... ✅ Updated 10 positions | Gold: $4458.28
⏰ 12:40:46 - Syncing IBKR prices... ✅ Updated 10 positions | Gold: $4453.34
⏰ 12:41:47 - Syncing IBKR prices... ✅ Updated 10 positions | Gold: $4450.09
⏰ 12:42:49 - Syncing IBKR prices... ✅ Updated 10 positions | Gold: $4461.75
⏰ 12:43:51 - Syncing IBKR prices... ✅ Updated 10 positions | Gold: $4462.38
⏰ 12:44:52 - Syncing IBKR prices... ✅ Updated 10 positions | Gold: $4454.14
⏰ 12:45:54 - Syncing IBKR prices... ✅ Updated 10 positions | Gold: $4459.44
⏰ 12:46:56 - Syncing IBKR prices... ✅ Updated 10 positions | Gold: $4460.69
⏰ 12:47:58 - Syncing IBKR prices... ✅ Updated 10 positions | Gold: $4463.64
⏰ 12:48:59 - Syncing IBKR prices... ✅ Updated 10 positions | Gold: $4459.13
⏰ 12:50:01 - Syncing IBKR prices... ✅ Updated 10 positions | Gold: $4468.00
⏰ 12:51:03 - Syncing IBKR prices... ✅ Updated 10 positions | Gold: $4469.94
⏰ 12:52:05 - Syncing IBKR prices... ✅ Updated 10 positions | Gold: $4464.14
⏰ 12:53:06 - Syncing IBKR prices... ✅ Updated 10 positions | Gold: $4462.50
⏰ 12:54:08 - Syncing IBKR prices... ✅ Updated 10 positions | Gold: $4463.38
⏰ 12:55:10 - Syncing IBKR prices... ✅ Updated 10 positions | Gold: $4469.78
⏰ 12:56:12 - Syncing IBKR prices... ✅ Updated 10 positions | Gold: $4450.25
⏰ 12:57:13 - Syncing IBKR prices... ✅ Updated 10 positions | Gold: $4463.04
⏰ 12:58:15 - Syncing IBKR prices... ✅ Updated 10 positions | Gold: $4453.88
⏰ 12:59:17 - Syncing IBKR prices... ✅ Updated 10 positions | Gold: $4456.16
⏰ 13:00:18 - Syncing IBKR prices... ✅ Updated 10 positions | Gold: $4452.40
⏰ 13:01:20 - Syncing IBKR prices... ✅ Updated 10 positions | Gold: $4458.07
⏰ 13:02:22 - Syncing IBKR prices... ✅ Updated 10 positions | Gold: $4469.12
⏰ 13:03:23 - Syncing IBKR prices... ✅ Updated 10 positions | Gold: $4460.68
⏰ 13:04:25 - Syncing IBKR prices... ✅ Updated 10 positions | Gold: $4455.99
⏰ 13:05:27 - Syncing IBKR prices... ✅ Updated 10 positions | Gold: $4455.64
⏰ 13:06:28 - Syncing IBKR prices... ✅ Updated 10 positions | Gold: $4451.16
⏰ 13:07:30 - Syncing IBKR prices... ✅ Updated 10 positions | Gold: $4468.91
⏰ 13:08:32 - Syncing IBKR prices... ✅ Updated 10 positions | Gold: $4459.89
⏰ 13:09:33 - Syncing IBKR prices... ✅ Updated 10 positions | Gold: $4451.48
⏰ 13:10:35 - Syncing IBKR prices... ✅ Updated 10 positions | Gold: $4457.35
⏰ 13:11:37 - Syncing IBKR prices... ✅ Updated 10 positions | Gold: $4461.49
⏰ 13:12:38 - Syncing IBKR prices... ✅ Updated 10 positions | Gold: $4457.11
⏰ 13:13:40 - Syncing IBKR prices... ✅ Updated 10 positions | Gold: $4458.86
⏰ 13:14:42 - Syncing IBKR prices... ✅ Updated 10 positions | Gold: $4467.36
⏰ 13:15:44 - Syncing IBKR prices... ✅ Updated 10 positions | Gold: $4466.17
⏰ 13:16:45 - Syncing IBKR prices... ✅ Updated 10 positions | Gold: $4458.77
⏰ 13:17:47 - Syncing IBKR prices... ✅ Updated 10 positions | Gold: $4452.24
⏰ 13:18:49 - Syncing IBKR prices... ✅ Updated 10 positions | Gold: $4462.26
⏰ 13:19:51 - Syncing IBKR prices... ✅ Updated 10 positions | Gold: $4463.20
⏰ 13:20:52 - Syncing IBKR prices... ✅ Updated 10 positions | Gold: $4455.15
⏰ 13:21:54 - Syncing IBKR prices... ✅ Updated 10 positions | Gold: $4461.77
⏰ 13:22:56 - Syncing IBKR prices... ✅ Updated 10 positions | Gold: $4450.70
⏰ 13:23:57 - Syncing IBKR prices... ✅ Updated 10 positions | Gold: $4454.51
⏰ 13:24:59 - Syncing IBKR prices... ✅ Updated 10 positions | Gold: $4456.65
⏰ 13:26:01 - Syncing IBKR prices... ✅ Updated 10 positions | Gold: $4469.48
⏰ 13:27:03 - Syncing IBKR prices... ✅ Updated 10 positions | Gold: $4465.12
⏰ 13:28:04 - Syncing IBKR prices... ✅ Updated 10 positions | Gold: $4455.10
⏰ 13:29:06 - Syncing IBKR prices... ✅ Updated 10 positions | Gold: $4454.59
⏰ 13:30:08 - Syncing IBKR prices... ✅ Updated 10 positions | Gold: $4454.77
⏰ 13:31:09 - Syncing IBKR prices... ✅ Updated 10 positions | Gold: $4453.54
⏰ 13:32:11 - Syncing IBKR prices... ✅ Updated 10 positions | Gold: $4468.29
⏰ 13:33:13 - Syncing IBKR prices... ✅ Updated 10 positions | Gold: $4469.46
⏰ 13:34:14 - Syncing IBKR prices... ✅ Updated 10 positions | Gold: $4465.92
⏰ 13:35:16 - Syncing IBKR prices... ✅ Updated 10 positions | Gold: $4450.89
⏰ 13:36:18 - Syncing IBKR prices... ✅ Updated 10 positions | Gold: $4466.35
⏰ 13:37:19 - Syncing IBKR prices... ✅ Updated 10 positions | Gold: $4466.24
⏰ 13:38:21 - Syncing IBKR prices... ✅ Updated 10 positions | Gold: $4451.99
⏰ 13:39:23 - Syncing IBKR prices... ✅ Updated 10 positions | Gold: $4462.66
⏰ 13:40:25 - Syncing IBKR prices... ✅ Updated 10 positions | Gold: $4457.78
⏰ 13:41:27 - Syncing IBKR prices... ✅ Updated 10 positions | Gold: $4463.32
⏰ 13:42:28 - Syncing IBKR prices... ✅ Updated 10 positions | Gold: $4463.68
⏰ 13:43:30 - Syncing IBKR prices... ✅ Updated 10 positions | Gold: $4451.63
⏰ 13:44:32 - Syncing IBKR prices... ✅ Updated 10 positions | Gold: $4468.72
⏰ 13:45:34 - Syncing IBKR prices... ✅ Updated 10 positions | Gold: $4457.52
⏰ 13:46:35 - Syncing IBKR prices... ✅ Updated 10 positions | Gold: $4468.91
⏰ 13:47:37 - Syncing IBKR prices... ✅ Updated 10 positions | Gold: $4455.16
⏰ 13:48:39 - Syncing IBKR prices... ✅ Updated 10 positions | Gold: $4468.66
⏰ 13:49:40 - Syncing IBKR prices... ✅ Updated 10 positions | Gold: $4462.28
⏰ 13:50:42 - Syncing IBKR prices... ✅ Updated 10 positions | Gold: $4452.08
⏰ 13:51:44 - Syncing IBKR prices... ✅ Updated 10 positions | Gold: $4460.58
⏰ 13:52:45 - Syncing IBKR prices... ✅ Updated 10 positions | Gold: $4468.14
⏰ 13:53:47 - Syncing IBKR prices... ✅ Updated 10 positions | Gold: $4466.23
⏰ 13:54:49 - Syncing IBKR prices... ✅ Updated 10 positions | Gold: $4462.00
⏰ 13:55:50 - Syncing IBKR prices... ✅ Updated 10 positions | Gold: $4454.39
⏰ 13:56:52 - Syncing IBKR prices... ✅ Updated 10 positions | Gold: $4454.28
⏰ 13:57:54 - Syncing IBKR prices... ✅ Updated 10 positions | Gold: $4461.53
⏰ 13:58:55 - Syncing IBKR prices... ✅ Updated 10 positions | Gold: $4451.46
⏰ 13:59:57 - Syncing IBKR prices... ✅ Updated 10 positions | Gold: $4458.07
⏰ 14:00:59 - Syncing IBKR prices... ✅ Updated 10 positions | Gold: $4469.90
⏰ 14:02:01 - Syncing IBKR prices... ✅ Updated 10 positions | Gold: $4464.79
⏰ 14:03:02 - Syncing IBKR prices... ✅ Updated 10 positions | Gold: $4456.32
⏰ 14:04:04 - Syncing IBKR prices... ✅ Updated 10 positions | Gold: $4469.68
⏰ 14:05:06 - Syncing IBKR prices... ✅ Updated 10 positions | Gold: $4464.49
⏰ 14:06:07 - Syncing IBKR prices... ✅ Updated 10 positions | Gold: $4453.09
⏰ 14:07:09 - Syncing IBKR prices... ✅ Updated 10 positions | Gold: $4455.10
⏰ 14:08:11 - Syncing IBKR prices... ✅ Updated 10 positions | Gold: $4461.02
⏰ 14:09:12 - Syncing IBKR prices... ✅ Updated 10 positions | Gold: $4459.41
⏰ 14:10:14 - Syncing IBKR prices... ✅ Updated 10 positions | Gold: $4460.99
⏰ 14:11:16 - Syncing IBKR prices... ✅ Updated 10 positions | Gold: $4467.66
⏰ 14:12:18 - Syncing IBKR prices... ✅ Updated 10 positions | Gold: $4466.50
⏰ 14:13:19 - Syncing IBKR prices... ✅ Updated 10 positions | Gold: $4450.07
⏰ 14:14:21 - Syncing IBKR prices... ✅ Updated 10 positions | Gold: $4466.78
⏰ 14:15:23 - Syncing IBKR prices... ✅ Updated 10 positions | Gold: $4458.96
⏰ 14:16:25 - Syncing IBKR prices... ✅ Updated 10 positions | Gold: $4459.27
⏰ 14:17:26 - Syncing IBKR prices... ✅ Updated 10 positions | Gold: $4459.21
⏰ 14:18:28 - Syncing IBKR prices... ✅ Updated 10 positions | Gold: $4454.08
⏰ 14:19:30 - Syncing IBKR prices... ✅ Updated 10 positions | Gold: $4456.09
⏰ 14:20:31 - Syncing IBKR prices... ✅ Updated 10 positions | Gold: $4460.73
⏰ 14:21:33 - Syncing IBKR prices... ✅ Updated 10 positions | Gold: $4451.86
⏰ 14:22:35 - Syncing IBKR prices... ✅ Updated 10 positions | Gold: $4450.81
⏰ 14:23:37 - Syncing IBKR prices... ✅ Updated 10 positions | Gold: $4463.58
⏰ 14:24:38 - Syncing IBKR prices... ✅ Updated 10 positions | Gold: $4458.25
⏰ 14:25:40 - Syncing IBKR prices... ✅ Updated 10 positions | Gold: $4469.51
⏰ 14:26:42 - Syncing IBKR prices... ✅ Updated 10 positions | Gold: $4461.08
⏰ 14:27:43 - Syncing IBKR prices... ✅ Updated 10 positions | Gold: $4458.35
⏰ 14:28:45 - Syncing IBKR prices... ✅ Updated 10 positions | Gold: $4459.10
⏰ 14:29:47 - Syncing IBKR prices... ✅ Updated 10 positions | Gold: $4466.92
⏰ 14:30:49 - Syncing IBKR prices... ✅ Updated 10 positions | Gold: $4460.23
⏰ 14:31:51 - Syncing IBKR prices... ✅ Updated 10 positions | Gold: $4450.78
⏰ 14:32:53 - Syncing IBKR prices... ✅ Updated 10 positions | Gold: $4459.96
⏰ 14:33:54 - Syncing IBKR prices... ✅ Updated 10 positions | Gold: $4459.94
⏰ 14:34:56 - Syncing IBKR prices... ✅ Updated 10 positions | Gold: $4451.15
⏰ 14:35:58 - Syncing IBKR prices... ✅ Updated 10 positions | Gold: $4460.09
⏰ 14:37:00 - Syncing IBKR prices... ✅ Updated 10 positions | Gold: $4458.39
⏰ 14:38:01 - Syncing IBKR prices... ✅ Updated 10 positions | Gold: $4464.78
⏰ 14:39:03 - Syncing IBKR prices... ✅ Updated 10 positions | Gold: $4465.57
⏰ 14:40:05 - Syncing IBKR prices... ✅ Updated 10 positions | Gold: $4467.33
⏰ 14:41:06 - Syncing IBKR prices... ✅ Updated 10 positions | Gold: $4459.63
⏰ 14:42:08 - Syncing IBKR prices... ✅ Updated 10 positions | Gold: $4464.40
⏰ 14:43:10 - Syncing IBKR prices... ✅ Updated 10 positions | Gold: $4465.17
⏰ 14:44:11 - Syncing IBKR prices... ✅ Updated 10 positions | Gold: $4450.50
⏰ 14:45:13 - Syncing IBKR prices... ✅ Updated 10 positions | Gold: $4452.47
⏰ 14:46:15 - Syncing IBKR prices... ✅ Updated 10 positions | Gold: $4461.60
⏰ 14:47:16 - Syncing IBKR prices... ✅ Updated 10 positions | Gold: $4468.89
⏰ 14:48:18 - Syncing IBKR prices... ✅ Updated 10 positions | Gold: $4453.13
⏰ 14:49:20 - Syncing IBKR prices... ✅ Updated 10 positions | Gold: $4464.69
⏰ 14:50:21 - Syncing IBKR prices... ✅ Updated 10 positions | Gold: $4467.66
⏰ 14:51:23 - Syncing IBKR prices... ✅ Updated 10 positions | Gold: $4460.00
⏰ 14:52:25 - Syncing IBKR prices... ✅ Updated 10 positions | Gold: $4454.67
⏰ 14:53:26 - Syncing IBKR prices... ✅ Updated 10 positions | Gold: $4456.28
⏰ 14:54:28 - Syncing IBKR prices... ✅ Updated 10 positions | Gold: $4457.50
⏰ 14:55:30 - Syncing IBKR prices... ✅ Updated 10 positions | Gold: $4452.47
⏰ 14:56:31 - Syncing IBKR prices... ✅ Updated 10 positions | Gold: $4469.32
⏰ 14:57:33 - Syncing IBKR prices... ✅ Updated 10 positions | Gold: $4464.79
⏰ 14:58:35 - Syncing IBKR prices... ✅ Updated 10 positions | Gold: $4460.53
⏰ 14:59:36 - Syncing IBKR prices... ✅ Updated 10 positions | Gold: $4459.28
⏰ 15:00:38 - Syncing IBKR prices... ✅ Updated 10 positions | Gold: $4463.11
⏰ 15:01:40 - Syncing IBKR prices... ✅ Updated 10 positions | Gold: $4460.80
⏰ 15:02:42 - Syncing IBKR prices... ✅ Updated 10 positions | Gold: $4466.87
⏰ 15:03:44 - Syncing IBKR prices... ✅ Updated 10 positions | Gold: $4453.98
⏰ 15:04:45 - Syncing IBKR prices... ✅ Updated 10 positions | Gold: $4464.83
⏰ 15:05:47 - Syncing IBKR prices... ✅ Updated 10 positions | Gold: $4465.68
⏰ 15:06:49 - Syncing IBKR prices... ✅ Updated 10 positions | Gold: $4450.27
⏰ 15:07:50 - Syncing IBKR prices... ✅ Updated 10 positions | Gold: $4461.63
⏰ 15:08:52 - Syncing IBKR prices... ✅ Updated 10 positions | Gold: $4455.93
⏰ 15:09:54 - Syncing IBKR prices... ✅ Updated 10 positions | Gold: $4464.63
⏰ 15:10:56 - Syncing IBKR prices... ✅ Updated 10 positions | Gold: $4468.57
⏰ 15:11:57 - Syncing IBKR prices... ✅ Updated 10 positions | Gold: $4467.20
⏰ 15:12:59 - Syncing IBKR prices... ✅ Updated 10 positions | Gold: $4456.51
⏰ 15:14:01 - Syncing IBKR prices... ✅ Updated 10 positions | Gold: $4456.09
⏰ 15:15:03 - Syncing IBKR prices... ✅ Updated 10 positions | Gold: $4456.18
⏰ 15:16:04 - Syncing IBKR prices... ✅ Updated 10 positions | Gold: $4455.25
⏰ 15:17:06 - Syncing IBKR prices... ✅ Updated 10 positions | Gold: $4455.90
⏰ 15:18:08 - Syncing IBKR prices... ✅ Updated 10 positions | Gold: $4451.48
⏰ 15:19:09 - Syncing IBKR prices... ✅ Updated 10 positions | Gold: $4459.87
⏰ 15:20:11 - Syncing IBKR prices... ✅ Updated 10 positions | Gold: $4469.42
⏰ 15:21:13 - Syncing IBKR prices... ✅ Updated 10 positions | Gold: $4456.30
⏰ 15:22:15 - Syncing IBKR prices... ✅ Updated 10 positions | Gold: $4450.06
⏰ 15:23:17 - Syncing IBKR prices... ✅ Updated 10 positions | Gold: $4465.44
⏰ 15:24:19 - Syncing IBKR prices... ✅ Updated 10 positions | Gold: $4464.30
⏰ 15:25:20 - Syncing IBKR prices... ✅ Updated 10 positions | Gold: $4462.51
⏰ 15:26:22 - Syncing IBKR prices... ✅ Updated 10 positions | Gold: $4451.62
⏰ 15:27:24 - Syncing IBKR prices... ✅ Updated 10 positions | Gold: $4462.13
⏰ 15:28:25 - Syncing IBKR prices... ✅ Updated 10 positions | Gold: $4467.50
⏰ 15:29:27 - Syncing IBKR prices... ✅ Updated 10 positions | Gold: $4464.88
⏰ 15:30:29 - Syncing IBKR prices... ✅ Updated 10 positions | Gold: $4464.17
⏰ 15:31:30 - Syncing IBKR prices... ✅ Updated 10 positions | Gold: $4451.20
⏰ 15:32:32 - Syncing IBKR prices... ✅ Updated 10 positions | Gold: $4455.68
⏰ 15:33:34 - Syncing IBKR prices... ✅ Updated 10 positions | Gold: $4451.56
⏰ 15:34:35 - Syncing IBKR prices... ✅ Updated 10 positions | Gold: $4459.23
⏰ 15:35:37 - Syncing IBKR prices... ✅ Updated 10 positions | Gold: $4455.20
⏰ 15:36:39 - Syncing IBKR prices... ✅ Updated 10 positions | Gold: $4461.31
⏰ 15:37:40 - Syncing IBKR prices... ✅ Updated 10 positions | Gold: $4462.77
⏰ 15:38:42 - Syncing IBKR prices... ✅ Updated 10 positions | Gold: $4469.91
⏰ 15:39:44 - Syncing IBKR prices... ✅ Updated 10 positions | Gold: $4456.95
⏰ 15:40:45 - Syncing IBKR prices... ✅ Updated 10 positions | Gold: $4461.75
⏰ 15:41:47 - Syncing IBKR prices... ✅ Updated 10 positions | Gold: $4457.00
⏰ 15:42:49 - Syncing IBKR prices... ✅ Updated 10 positions | Gold: $4457.50
⏰ 15:43:51 - Syncing IBKR prices... ✅ Updated 10 positions | Gold: $4466.56
⏰ 15:44:53 - Syncing IBKR prices... ✅ Updated 10 positions | Gold: $4465.78
⏰ 15:45:54 - Syncing IBKR prices... ✅ Updated 10 positions | Gold: $4459.14
⏰ 15:46:56 - Syncing IBKR prices... ✅ Updated 10 positions | Gold: $4459.67
⏰ 15:47:58 - Syncing IBKR prices... ✅ Updated 10 positions | Gold: $4456.92
⏰ 15:48:59 - Syncing IBKR prices... ✅ Updated 10 positions | Gold: $4469.38
⏰ 15:50:01 - Syncing IBKR prices... ✅ Updated 10 positions | Gold: $4451.61
⏰ 15:51:03 - Syncing IBKR prices... ✅ Updated 10 positions | Gold: $4466.45
⏰ 15:52:04 - Syncing IBKR prices... ✅ Updated 10 positions | Gold: $4459.39
⏰ 15:53:06 - Syncing IBKR prices... ✅ Updated 10 positions | Gold: $4452.85
⏰ 15:54:08 - Syncing IBKR prices... ✅ Updated 10 positions | Gold: $4468.22
⏰ 15:55:10 - Syncing IBKR prices... ✅ Updated 10 positions | Gold: $4465.31
⏰ 15:56:11 - Syncing IBKR prices... ✅ Updated 10 positions | Gold: $4451.65
⏰ 15:57:13 - Syncing IBKR prices... ✅ Updated 10 positions | Gold: $4463.39
⏰ 15:58:15 - Syncing IBKR prices... ✅ Updated 10 positions | Gold: $4453.78
⏰ 15:59:16 - Syncing IBKR prices... ✅ Updated 10 positions | Gold: $4451.74
⏰ 16:00:18 - Syncing IBKR prices... ✅ Updated 10 positions | Gold: $4461.99
⏰ 16:01:20 - Syncing IBKR prices... ✅ Updated 10 positions | Gold: $4455.16
⏰ 16:02:22 - Syncing IBKR prices... ✅ Updated 10 positions | Gold: $4461.39
⏰ 16:03:24 - Syncing IBKR prices... ✅ Updated 10 positions | Gold: $4455.77
⏰ 16:04:25 - Syncing IBKR prices... ✅ Updated 10 positions | Gold: $4454.57
⏰ 16:05:27 - Syncing IBKR prices... ✅ Updated 10 positions | Gold: $4452.04
⏰ 16:06:29 - Syncing IBKR prices... ✅ Updated 10 positions | Gold: $4466.41
⏰ 16:07:31 - Syncing IBKR prices... ✅ Updated 10 positions | Gold: $4460.13
⏰ 16:08:32 - Syncing IBKR prices... ✅ Updated 10 positions | Gold: $4460.13
⏰ 16:09:34 - Syncing IBKR prices... ✅ Updated 10 positions | Gold: $4457.23
⏰ 16:10:36 - Syncing IBKR prices... ✅ Updated 10 positions | Gold: $4457.76
⏰ 16:11:38 - Syncing IBKR prices... ✅ Updated 10 positions | Gold: $4469.54
⏰ 16:12:40 - Syncing IBKR prices... ✅ Updated 10 positions | Gold: $4455.65
⏰ 16:13:42 - Syncing IBKR prices... ✅ Updated 10 positions | Gold: $4457.55
⏰ 16:14:43 - Syncing IBKR prices... ✅ Updated 10 positions | Gold: $4456.25
⏰ 16:15:45 - Syncing IBKR prices... ✅ Updated 10 positions | Gold: $4450.80
⏰ 16:16:47 - Syncing IBKR prices... ✅ Updated 10 positions | Gold: $4459.23
⏰ 16:17:48 - Syncing IBKR prices... ✅ Updated 10 positions | Gold: $4459.20
⏰ 16:18:50 - Syncing IBKR prices... ✅ Updated 10 positions | Gold: $4459.32
⏰ 16:19:52 - Syncing IBKR prices... ✅ Updated 10 positions | Gold: $4454.12
⏰ 16:20:53 - Syncing IBKR prices... ✅ Updated 10 positions | Gold: $4455.01
⏰ 16:21:55 - Syncing IBKR prices... ✅ Updated 10 positions | Gold: $4467.34
⏰ 16:22:57 - Syncing IBKR prices... ✅ Updated 10 positions | Gold: $4458.96
⏰ 16:23:58 - Syncing IBKR prices... ✅ Updated 10 positions | Gold: $4458.58
⏰ 16:25:00 - Syncing IBKR prices... ✅ Updated 10 positions | Gold: $4462.38
⏰ 16:26:02 - Syncing IBKR prices... ✅ Updated 10 positions | Gold: $4463.14
⏰ 16:27:03 - Syncing IBKR prices... ✅ Updated 10 positions | Gold: $4469.25
⏰ 16:28:05 - Syncing IBKR prices... ✅ Updated 10 positions | Gold: $4469.73
⏰ 16:29:07 - Syncing IBKR prices... ✅ Updated 10 positions | Gold: $4459.90
⏰ 16:30:09 - Syncing IBKR prices... ✅ Updated 10 positions | Gold: $4463.25
⏰ 16:31:11 - Syncing IBKR prices... ✅ Updated 10 positions | Gold: $4452.43
⏰ 16:32:12 - Syncing IBKR prices... ✅ Updated 10 positions | Gold: $4468.72
⏰ 16:33:14 - Syncing IBKR prices... ✅ Updated 10 positions | Gold: $4459.12
⏰ 16:34:16 - Syncing IBKR prices... ✅ Updated 10 positions | Gold: $4457.17
⏰ 16:35:17 - Syncing IBKR prices... ✅ Updated 10 positions | Gold: $4452.89
⏰ 16:36:19 - Syncing IBKR prices... ✅ Updated 10 positions | Gold: $4457.03
⏰ 16:37:21 - Syncing IBKR prices... ✅ Updated 10 positions | Gold: $4466.87
⏰ 16:38:22 - Syncing IBKR prices... ✅ Updated 10 positions | Gold: $4464.88
⏰ 16:39:24 - Syncing IBKR prices... ✅ Updated 10 positions | Gold: $4464.89
⏰ 16:40:26 - Syncing IBKR prices... ✅ Updated 10 positions | Gold: $4460.20
⏰ 16:41:27 - Syncing IBKR prices... ✅ Updated 10 positions | Gold: $4454.07
⏰ 16:42:29 - Syncing IBKR prices... ✅ Updated 10 positions | Gold: $4466.95
⏰ 16:43:31 - Syncing IBKR prices... ✅ Updated 10 positions | Gold: $4457.41
⏰ 16:44:33 - Syncing IBKR prices... ✅ Updated 10 positions | Gold: $4458.54
⏰ 16:45:34 - Syncing IBKR prices... ✅ Updated 10 positions | Gold: $4453.09
⏰ 16:46:36 - Syncing IBKR prices... ✅ Updated 10 positions | Gold: $4455.61
⏰ 16:47:38 - Syncing IBKR prices... ✅ Updated 10 positions | Gold: $4467.92
⏰ 16:48:39 - Syncing IBKR prices... ✅ Updated 10 positions | Gold: $4461.37
⏰ 16:49:41 - Syncing IBKR prices... ✅ Updated 10 positions | Gold: $4462.96
⏰ 16:50:43 - Syncing IBKR prices... ✅ Updated 10 positions | Gold: $4461.69
⏰ 16:51:45 - Syncing IBKR prices... ✅ Updated 10 positions | Gold: $4451.40
⏰ 16:52:46 - Syncing IBKR prices... ✅ Updated 10 positions | Gold: $4453.06
⏰ 16:53:48 - Syncing IBKR prices... ✅ Updated 10 positions | Gold: $4464.32
⏰ 16:54:50 - Syncing IBKR prices... ✅ Updated 10 positions | Gold: $4460.76
⏰ 16:55:52 - Syncing IBKR prices... ✅ Updated 10 positions | Gold: $4458.40
⏰ 16:56:53 - Syncing IBKR prices... ✅ Updated 10 positions | Gold: $4463.56
⏰ 16:57:55 - Syncing IBKR prices... ✅ Updated 10 positions | Gold: $4453.13
⏰ 16:58:57 - Syncing IBKR prices... ✅ Updated 10 positions | Gold: $4457.56
⏰ 16:59:59 - Syncing IBKR prices... ✅ Updated 10 positions | Gold: $4451.74
⏰ 17:01:01 - Syncing IBKR prices... ✅ Updated 10 positions | Gold: $4453.94
⏰ 17:02:03 - Syncing IBKR prices... ✅ Updated 10 positions | Gold: $4459.52
⏰ 17:03:04 - Syncing IBKR prices... ✅ Updated 10 positions | Gold: $4456.60
⏰ 17:04:06 - Syncing IBKR prices... ✅ Updated 10 positions | Gold: $4462.07
⏰ 17:05:08 - Syncing IBKR prices... ✅ Updated 10 positions | Gold: $4461.41
⏰ 17:06:09 - Syncing IBKR prices... ✅ Updated 10 positions | Gold: $4454.47
⏰ 17:07:11 - Syncing IBKR prices... ✅ Updated 10 positions | Gold: $4467.66
⏰ 17:08:12 - Syncing IBKR prices... ✅ Updated 10 positions | Gold: $4468.77
⏰ 17:09:14 - Syncing IBKR prices... ✅ Updated 10 positions | Gold: $4463.04
⏰ 17:10:16 - Syncing IBKR prices... ✅ Updated 10 positions | Gold: $4460.69
⏰ 17:11:17 - Syncing IBKR prices... ✅ Updated 10 positions | Gold: $4459.67
⏰ 17:12:19 - Syncing IBKR prices... ✅ Updated 10 positions | Gold: $4464.73
⏰ 17:13:21 - Syncing IBKR prices... ✅ Updated 10 positions | Gold: $4463.17
⏰ 17:14:22 - Syncing IBKR prices... ✅ Updated 10 positions | Gold: $4467.03
⏰ 17:15:24 - Syncing IBKR prices... ✅ Updated 10 positions | Gold: $4452.06
⏰ 17:16:26 - Syncing IBKR prices... ✅ Updated 10 positions | Gold: $4453.61
⏰ 17:17:27 - Syncing IBKR prices... ✅ Updated 10 positions | Gold: $4464.92
⏰ 17:18:29 - Syncing IBKR prices... ✅ Updated 10 positions | Gold: $4463.54
⏰ 17:19:31 - Syncing IBKR prices... ✅ Updated 10 positions | Gold: $4469.33
⏰ 17:20:32 - Syncing IBKR prices... ✅ Updated 10 positions | Gold: $4455.30
⏰ 17:21:34 - Syncing IBKR prices... ✅ Updated 10 positions | Gold: $4458.65
⏰ 17:22:36 - Syncing IBKR prices... ✅ Updated 10 positions | Gold: $4459.96
⏰ 17:23:38 - Syncing IBKR prices... ✅ Updated 10 positions | Gold: $4466.51
⏰ 17:24:39 - Syncing IBKR prices... ✅ Updated 10 positions | Gold: $4464.91
⏰ 17:25:41 - Syncing IBKR prices... ✅ Updated 10 positions | Gold: $4469.42
⏰ 17:26:43 - Syncing IBKR prices... ✅ Updated 10 positions | Gold: $4451.74
⏰ 17:27:44 - Syncing IBKR prices... ✅ Updated 10 positions | Gold: $4452.59
⏰ 17:28:46 - Syncing IBKR prices... ✅ Updated 10 positions | Gold: $4452.53
⏰ 17:29:48 - Syncing IBKR prices... ✅ Updated 10 positions | Gold: $4469.34
⏰ 17:30:49 - Syncing IBKR prices... ✅ Updated 10 positions | Gold: $4451.44
⏰ 17:31:51 - Syncing IBKR prices... ✅ Updated 10 positions | Gold: $4455.50
⏰ 17:32:53 - Syncing IBKR prices... ✅ Updated 10 positions | Gold: $4459.63
⏰ 17:33:55 - Syncing IBKR prices... ✅ Updated 10 positions | Gold: $4454.16
⏰ 17:34:56 - Syncing IBKR prices... ✅ Updated 10 positions | Gold: $4455.61
⏰ 17:35:58 - Syncing IBKR prices... ✅ Updated 10 positions | Gold: $4460.43
⏰ 17:37:00 - Syncing IBKR prices... ✅ Updated 10 positions | Gold: $4460.00
⏰ 17:38:01 - Syncing IBKR prices... ✅ Updated 10 positions | Gold: $4452.53
⏰ 17:39:03 - Syncing IBKR prices... ✅ Updated 10 positions | Gold: $4466.11
⏰ 17:40:05 - Syncing IBKR prices... ✅ Updated 10 positions | Gold: $4463.32
⏰ 17:41:06 - Syncing IBKR prices... ✅ Updated 10 positions | Gold: $4468.48
⏰ 17:42:09 - Syncing IBKR prices... ✅ Updated 10 positions | Gold: $4455.02
⏰ 17:43:10 - Syncing IBKR prices... ✅ Updated 10 positions | Gold: $4466.86
⏰ 17:44:12 - Syncing IBKR prices... ✅ Updated 10 positions | Gold: $4454.38
⏰ 17:45:14 - Syncing IBKR prices... ✅ Updated 10 positions | Gold: $4466.40
⏰ 17:46:16 - Syncing IBKR prices... ✅ Updated 10 positions | Gold: $4461.74
⏰ 17:47:17 - Syncing IBKR prices... ✅ Updated 10 positions | Gold: $4467.86
⏰ 17:48:19 - Syncing IBKR prices... ✅ Updated 10 positions | Gold: $4468.11
⏰ 17:49:21 - Syncing IBKR prices... ✅ Updated 10 positions | Gold: $4465.03
⏰ 17:50:23 - Syncing IBKR prices... ✅ Updated 10 positions | Gold: $4458.35
⏰ 17:51:25 - Syncing IBKR prices... ✅ Updated 10 positions | Gold: $4459.81
⏰ 17:52:26 - Syncing IBKR prices... ✅ Updated 10 positions | Gold: $4457.26
⏰ 17:53:28 - Syncing IBKR prices... ✅ Updated 10 positions | Gold: $4456.87
⏰ 17:54:30 - Syncing IBKR prices... ✅ Updated 10 positions | Gold: $4450.18
⏰ 17:55:31 - Syncing IBKR prices... ✅ Updated 10 positions | Gold: $4454.02
⏰ 17:56:33 - Syncing IBKR prices... ✅ Updated 10 positions | Gold: $4462.89
⏰ 17:57:35 - Syncing IBKR prices... ✅ Updated 10 positions | Gold: $4460.97
⏰ 17:58:36 - Syncing IBKR prices... ✅ Updated 10 positions | Gold: $4465.11
⏰ 17:59:38 - Syncing IBKR prices... ✅ Updated 10 positions | Gold: $4464.44
⏰ 18:00:40 - Syncing IBKR prices... ✅ Updated 10 positions | Gold: $4455.18
⏰ 18:01:41 - Syncing IBKR prices... ✅ Updated 10 positions | Gold: $4465.86
⏰ 18:02:43 - Syncing IBKR prices... ✅ Updated 10 positions | Gold: $4466.54
⏰ 18:03:45 - Syncing IBKR prices... ✅ Updated 10 positions | Gold: $4465.87
⏰ 18:04:46 - Syncing IBKR prices... ✅ Updated 10 positions | Gold: $4452.60
⏰ 18:05:48 - Syncing IBKR prices... ✅ Updated 10 positions | Gold: $4468.24
⏰ 18:06:50 - Syncing IBKR prices... ✅ Updated 10 positions | Gold: $4455.45
⏰ 18:07:51 - Syncing IBKR prices... ✅ Updated 10 positions | Gold: $4468.62
⏰ 18:08:53 - Syncing IBKR prices... ✅ Updated 10 positions | Gold: $4454.05
⏰ 18:09:55 - Syncing IBKR prices... ✅ Updated 10 positions | Gold: $4465.14
⏰ 18:10:57 - Syncing IBKR prices... ✅ Updated 10 positions | Gold: $4455.73
⏰ 18:11:58 - Syncing IBKR prices... ✅ Updated 10 positions | Gold: $4461.70
⏰ 18:13:00 - Syncing IBKR prices... ✅ Updated 10 positions | Gold: $4459.55
⏰ 18:14:02 - Syncing IBKR prices... ✅ Updated 10 positions | Gold: $4456.16
⏰ 18:15:03 - Syncing IBKR prices... ✅ Updated 10 positions | Gold: $4452.12
⏰ 18:16:05 - Syncing IBKR prices... ✅ Updated 10 positions | Gold: $4461.74
⏰ 18:17:07 - Syncing IBKR prices... ✅ Updated 10 positions | Gold: $4460.38
⏰ 18:18:08 - Syncing IBKR prices... ✅ Updated 10 positions | Gold: $4463.15
⏰ 18:19:10 - Syncing IBKR prices... ✅ Updated 10 positions | Gold: $4464.02
⏰ 18:20:12 - Syncing IBKR prices... ✅ Updated 10 positions | Gold: $4469.99
⏰ 18:21:13 - Syncing IBKR prices... ✅ Updated 10 positions | Gold: $4452.37
⏰ 18:22:15 - Syncing IBKR prices... ✅ Updated 10 positions | Gold: $4458.73
⏰ 18:23:17 - Syncing IBKR prices... ✅ Updated 10 positions | Gold: $4462.50
⏰ 18:24:19 - Syncing IBKR prices... ✅ Updated 10 positions | Gold: $4454.88
⏰ 18:25:20 - Syncing IBKR prices... ✅ Updated 10 positions | Gold: $4469.12
⏰ 18:26:22 - Syncing IBKR prices... ✅ Updated 10 positions | Gold: $4458.51
⏰ 18:27:24 - Syncing IBKR prices... ✅ Updated 10 positions | Gold: $4451.94
⏰ 18:28:25 - Syncing IBKR prices... ✅ Updated 10 positions | Gold: $4462.43
⏰ 18:29:27 - Syncing IBKR prices... ✅ Updated 10 positions | Gold: $4466.05
⏰ 18:30:29 - Syncing IBKR prices... ✅ Updated 10 positions | Gold: $4464.34
⏰ 18:31:31 - Syncing IBKR prices... ✅ Updated 10 positions | Gold: $4458.26
⏰ 18:32:32 - Syncing IBKR prices... ✅ Updated 10 positions | Gold: $4451.09
⏰ 18:33:34 - Syncing IBKR prices... ✅ Updated 10 positions | Gold: $4460.55
⏰ 18:34:36 - Syncing IBKR prices... ✅ Updated 10 positions | Gold: $4464.63
⏰ 18:35:38 - Syncing IBKR prices... ✅ Updated 10 positions | Gold: $4464.43
⏰ 18:36:40 - Syncing IBKR prices... ✅ Updated 10 positions | Gold: $4457.72
⏰ 18:37:41 - Syncing IBKR prices... ✅ Updated 10 positions | Gold: $4469.75
⏰ 18:38:43 - Syncing IBKR prices... ✅ Updated 10 positions | Gold: $4466.48
⏰ 18:39:45 - Syncing IBKR prices... ✅ Updated 10 positions | Gold: $4453.17
⏰ 18:40:47 - Syncing IBKR prices... ✅ Updated 10 positions | Gold: $4468.54
⏰ 18:41:48 - Syncing IBKR prices... ✅ Updated 10 positions | Gold: $4466.01
⏰ 18:42:50 - Syncing IBKR prices... ✅ Updated 10 positions | Gold: $4466.75
⏰ 18:43:52 - Syncing IBKR prices... ✅ Updated 10 positions | Gold: $4457.10
⏰ 18:44:53 - Syncing IBKR prices... ✅ Updated 10 positions | Gold: $4450.99
⏰ 18:45:55 - Syncing IBKR prices... ✅ Updated 10 positions | Gold: $4465.13
⏰ 18:46:57 - Syncing IBKR prices... ✅ Updated 10 positions | Gold: $4468.88
⏰ 18:47:58 - Syncing IBKR prices... ✅ Updated 10 positions | Gold: $4451.50
⏰ 18:49:00 - Syncing IBKR prices... ✅ Updated 10 positions | Gold: $4462.08
⏰ 18:50:02 - Syncing IBKR prices... ✅ Updated 10 positions | Gold: $4458.39
⏰ 18:51:03 - Syncing IBKR prices... ✅ Updated 10 positions | Gold: $4450.07
⏰ 18:52:05 - Syncing IBKR prices... ✅ Updated 10 positions | Gold: $4456.38
⏰ 18:53:07 - Syncing IBKR prices... ✅ Updated 10 positions | Gold: $4461.49
⏰ 18:54:08 - Syncing IBKR prices... ✅ Updated 10 positions | Gold: $4454.13
⏰ 18:55:10 - Syncing IBKR prices... ✅ Updated 10 positions | Gold: $4453.59
⏰ 18:56:12 - Syncing IBKR prices... ✅ Updated 10 positions | Gold: $4468.07
⏰ 18:57:13 - Syncing IBKR prices... ✅ Updated 10 positions | Gold: $4469.37
⏰ 18:58:15 - Syncing IBKR prices... ✅ Updated 10 positions | Gold: $4468.36
⏰ 18:59:16 - Syncing IBKR prices... ✅ Updated 10 positions | Gold: $4457.58
⏰ 19:00:18 - Syncing IBKR prices... ✅ Updated 10 positions | Gold: $4468.85
⏰ 19:01:20 - Syncing IBKR prices... ✅ Updated 10 positions | Gold: $4465.55
⏰ 19:02:22 - Syncing IBKR prices... ✅ Updated 10 positions | Gold: $4459.64
⏰ 19:03:24 - Syncing IBKR prices... ✅ Updated 10 positions | Gold: $4457.68
⏰ 19:04:25 - Syncing IBKR prices... ✅ Updated 10 positions | Gold: $4464.81
⏰ 19:05:27 - Syncing IBKR prices... ✅ Updated 10 positions | Gold: $4465.75
⏰ 19:06:29 - Syncing IBKR prices... ✅ Updated 10 positions | Gold: $4460.39
⏰ 19:07:30 - Syncing IBKR prices... ✅ Updated 10 positions | Gold: $4454.09
⏰ 19:08:32 - Syncing IBKR prices... ✅ Updated 10 positions | Gold: $4458.84
⏰ 19:09:34 - Syncing IBKR prices... ✅ Updated 10 positions | Gold: $4464.37
⏰ 19:10:36 - Syncing IBKR prices... ✅ Updated 10 positions | Gold: $4455.53
⏰ 19:11:37 - Syncing IBKR prices... ✅ Updated 10 positions | Gold: $4459.35
⏰ 19:12:39 - Syncing IBKR prices... ✅ Updated 10 positions | Gold: $4466.47
⏰ 19:13:41 - Syncing IBKR prices... ✅ Updated 10 positions | Gold: $4465.51
⏰ 19:14:42 - Syncing IBKR prices... ✅ Updated 10 positions | Gold: $4451.54
⏰ 19:15:44 - Syncing IBKR prices... ✅ Updated 10 positions | Gold: $4461.25
⏰ 19:16:46 - Syncing IBKR prices... ✅ Updated 10 positions | Gold: $4451.77
⏰ 19:17:48 - Syncing IBKR prices... ✅ Updated 10 positions | Gold: $4465.67
⏰ 19:18:49 - Syncing IBKR prices... ✅ Updated 10 positions | Gold: $4450.94
⏰ 19:19:51 - Syncing IBKR prices... ✅ Updated 10 positions | Gold: $4464.91
⏰ 19:20:53 - Syncing IBKR prices... ✅ Updated 10 positions | Gold: $4461.21
⏰ 19:21:55 - Syncing IBKR prices... ✅ Updated 10 positions | Gold: $4453.54
⏰ 19:22:57 - Syncing IBKR prices... ✅ Updated 10 positions | Gold: $4452.89
⏰ 19:23:58 - Syncing IBKR prices... ✅ Updated 10 positions | Gold: $4460.48
⏰ 19:25:00 - Syncing IBKR prices... ✅ Updated 10 positions | Gold: $4464.01
⏰ 19:26:02 - Syncing IBKR prices... ✅ Updated 10 positions | Gold: $4450.87
⏰ 19:27:04 - Syncing IBKR prices... ✅ Updated 10 positions | Gold: $4463.15
⏰ 19:28:05 - Syncing IBKR prices... ✅ Updated 10 positions | Gold: $4462.98
⏰ 19:29:07 - Syncing IBKR prices... ✅ Updated 10 positions | Gold: $4456.80
⏰ 19:30:09 - Syncing IBKR prices... ✅ Updated 10 positions | Gold: $4463.15
⏰ 19:31:10 - Syncing IBKR prices... ✅ Updated 10 positions | Gold: $4456.28
⏰ 19:32:12 - Syncing IBKR prices... ✅ Updated 10 positions | Gold: $4469.24
⏰ 19:33:14 - Syncing IBKR prices... ✅ Updated 10 positions | Gold: $4452.91
⏰ 19:34:15 - Syncing IBKR prices... ✅ Updated 10 positions | Gold: $4464.96
⏰ 19:35:17 - Syncing IBKR prices... ✅ Updated 10 positions | Gold: $4454.95
⏰ 19:36:19 - Syncing IBKR prices... ✅ Updated 10 positions | Gold: $4455.36
⏰ 19:37:20 - Syncing IBKR prices... ✅ Updated 10 positions | Gold: $4459.36
⏰ 19:38:22 - Syncing IBKR prices... ✅ Updated 10 positions | Gold: $4462.90
⏰ 19:39:24 - Syncing IBKR prices... ✅ Updated 10 positions | Gold: $4464.86
⏰ 19:40:26 - Syncing IBKR prices... ✅ Updated 10 positions | Gold: $4463.05
⏰ 19:41:27 - Syncing IBKR prices... ✅ Updated 10 positions | Gold: $4466.25
⏰ 19:42:29 - Syncing IBKR prices... ✅ Updated 10 positions | Gold: $4457.44
⏰ 19:43:31 - Syncing IBKR prices... ✅ Updated 10 positions | Gold: $4450.46
⏰ 19:44:32 - Syncing IBKR prices... ✅ Updated 10 positions | Gold: $4462.11
⏰ 19:45:34 - Syncing IBKR prices... ✅ Updated 10 positions | Gold: $4457.60
⏰ 19:46:36 - Syncing IBKR prices... ✅ Updated 10 positions | Gold: $4459.11
⏰ 19:47:37 - Syncing IBKR prices... ✅ Updated 10 positions | Gold: $4461.76
⏰ 19:48:39 - Syncing IBKR prices... ✅ Updated 10 positions | Gold: $4467.02
⏰ 19:49:41 - Syncing IBKR prices... ✅ Updated 10 positions | Gold: $4459.30
⏰ 19:50:42 - Syncing IBKR prices... ✅ Updated 10 positions | Gold: $4454.43
⏰ 19:51:44 - Syncing IBKR prices... ✅ Updated 10 positions | Gold: $4456.79
⏰ 19:52:46 - Syncing IBKR prices... ✅ Updated 10 positions | Gold: $4464.47
⏰ 19:53:48 - Syncing IBKR prices... ✅ Updated 10 positions | Gold: $4458.21
⏰ 19:54:49 - Syncing IBKR prices... ✅ Updated 10 positions | Gold: $4457.98
⏰ 19:55:51 - Syncing IBKR prices... ✅ Updated 10 positions | Gold: $4460.63
⏰ 19:56:53 - Syncing IBKR prices... ✅ Updated 10 positions | Gold: $4467.43
⏰ 19:57:54 - Syncing IBKR prices... ✅ Updated 10 positions | Gold: $4464.15
⏰ 19:58:56 - Syncing IBKR prices... ✅ Updated 10 positions | Gold: $4457.30
⏰ 19:59:58 - Syncing IBKR prices... ✅ Updated 10 positions | Gold: $4463.21
⏰ 20:01:00 - Syncing IBKR prices... ✅ Updated 10 positions | Gold: $4463.59
⏰ 20:02:01 - Syncing IBKR prices... ✅ Updated 10 positions | Gold: $4452.48
⏰ 20:03:03 - Syncing IBKR prices... ✅ Updated 10 positions | Gold: $4464.16
⏰ 20:04:05 - Syncing IBKR prices... ✅ Updated 10 positions | Gold: $4461.77
⏰ 20:05:06 - Syncing IBKR prices... ✅ Updated 10 positions | Gold: $4469.12
⏰ 20:06:08 - Syncing IBKR prices... ✅ Updated 10 positions | Gold: $4469.92
⏰ 20:07:10 - Syncing IBKR prices... ✅ Updated 10 positions | Gold: $4456.34
⏰ 20:08:11 - Syncing IBKR prices... ✅ Updated 10 positions | Gold: $4453.11
⏰ 20:09:13 - Syncing IBKR prices... ✅ Updated 10 positions | Gold: $4455.45
⏰ 20:10:15 - Syncing IBKR prices... ✅ Updated 10 positions | Gold: $4462.40
⏰ 20:11:17 - Syncing IBKR prices... ✅ Updated 10 positions | Gold: $4455.89
⏰ 20:12:19 - Syncing IBKR prices... ✅ Updated 10 positions | Gold: $4468.08
⏰ 20:13:21 - Syncing IBKR prices... ✅ Updated 10 positions | Gold: $4462.07
⏰ 20:14:22 - Syncing IBKR prices... ✅ Updated 10 positions | Gold: $4466.27
⏰ 20:15:24 - Syncing IBKR prices... ✅ Updated 10 positions | Gold: $4468.17
⏰ 20:16:26 - Syncing IBKR prices... ✅ Updated 10 positions | Gold: $4460.64
⏰ 20:17:28 - Syncing IBKR prices... ✅ Updated 10 positions | Gold: $4464.58
⏰ 20:18:29 - Syncing IBKR prices... ✅ Updated 10 positions | Gold: $4464.62
⏰ 20:19:31 - Syncing IBKR prices... ✅ Updated 10 positions | Gold: $4450.76
⏰ 20:20:33 - Syncing IBKR prices... ✅ Updated 10 positions | Gold: $4455.98
⏰ 20:21:34 - Syncing IBKR prices... ✅ Updated 10 positions | Gold: $4450.09
⏰ 20:22:36 - Syncing IBKR prices... ✅ Updated 10 positions | Gold: $4459.95
⏰ 20:23:38 - Syncing IBKR prices... ✅ Updated 10 positions | Gold: $4465.20
⏰ 20:24:40 - Syncing IBKR prices... ✅ Updated 10 positions | Gold: $4453.76
⏰ 20:25:41 - Syncing IBKR prices... ✅ Updated 10 positions | Gold: $4465.97
⏰ 20:26:43 - Syncing IBKR prices... ✅ Updated 10 positions | Gold: $4467.42
⏰ 20:27:45 - Syncing IBKR prices... ✅ Updated 10 positions | Gold: $4452.76
⏰ 20:28:46 - Syncing IBKR prices... ✅ Updated 10 positions | Gold: $4469.34
⏰ 20:29:48 - Syncing IBKR prices... ✅ Updated 10 positions | Gold: $4451.83
⏰ 20:30:50 - Syncing IBKR prices... ✅ Updated 10 positions | Gold: $4460.24
⏰ 20:31:52 - Syncing IBKR prices... ✅ Updated 10 positions | Gold: $4463.10
⏰ 20:32:53 - Syncing IBKR prices... ✅ Updated 10 positions | Gold: $4469.36
⏰ 20:33:55 - Syncing IBKR prices... ✅ Updated 10 positions | Gold: $4460.23
⏰ 20:34:57 - Syncing IBKR prices... ✅ Updated 10 positions | Gold: $4458.41
⏰ 20:35:59 - Syncing IBKR prices... ✅ Updated 10 positions | Gold: $4460.14
⏰ 20:37:00 - Syncing IBKR prices... ✅ Updated 10 positions | Gold: $4454.23
⏰ 20:38:02 - Syncing IBKR prices... ✅ Updated 10 positions | Gold: $4467.79
⏰ 20:39:04 - Syncing IBKR prices... ✅ Updated 10 positions | Gold: $4468.11
⏰ 20:40:06 - Syncing IBKR prices... ✅ Updated 10 positions | Gold: $4465.62
⏰ 20:41:07 - Syncing IBKR prices... ✅ Updated 10 positions | Gold: $4466.81
⏰ 20:42:09 - Syncing IBKR prices... ✅ Updated 10 positions | Gold: $4452.63
⏰ 20:43:11 - Syncing IBKR prices... ✅ Updated 10 positions | Gold: $4457.03
⏰ 20:44:12 - Syncing IBKR prices... ✅ Updated 10 positions | Gold: $4467.39
⏰ 20:45:14 - Syncing IBKR prices... ✅ Updated 10 positions | Gold: $4468.36
⏰ 20:46:16 - Syncing IBKR prices... ✅ Updated 10 positions | Gold: $4465.57
⏰ 20:47:17 - Syncing IBKR prices... ✅ Updated 10 positions | Gold: $4468.22
⏰ 20:48:19 - Syncing IBKR prices... ✅ Updated 10 positions | Gold: $4456.04
⏰ 20:49:21 - Syncing IBKR prices... ✅ Updated 10 positions | Gold: $4462.20
⏰ 20:50:23 - Syncing IBKR prices... ✅ Updated 10 positions | Gold: $4451.91
⏰ 20:51:24 - Syncing IBKR prices... ✅ Updated 10 positions | Gold: $4462.43
⏰ 20:52:26 - Syncing IBKR prices... ✅ Updated 10 positions | Gold: $4467.54
⏰ 20:53:28 - Syncing IBKR prices... ✅ Updated 10 positions | Gold: $4455.61
⏰ 20:54:30 - Syncing IBKR prices... ✅ Updated 10 positions | Gold: $4454.97
⏰ 20:55:31 - Syncing IBKR prices... ✅ Updated 10 positions | Gold: $4462.90
⏰ 20:56:33 - Syncing IBKR prices... ✅ Updated 10 positions | Gold: $4452.37
⏰ 20:57:35 - Syncing IBKR prices... ✅ Updated 10 positions | Gold: $4468.76
⏰ 20:58:36 - Syncing IBKR prices... ✅ Updated 10 positions | Gold: $4459.76
⏰ 20:59:38 - Syncing IBKR prices... ✅ Updated 10 positions | Gold: $4458.77
⏰ 21:00:40 - Syncing IBKR prices... ✅ Updated 10 positions | Gold: $4454.55
⏰ 21:01:42 - Syncing IBKR prices... ✅ Updated 10 positions | Gold: $4467.85
⏰ 21:02:43 - Syncing IBKR prices... ✅ Updated 10 positions | Gold: $4468.63
⏰ 21:03:45 - Syncing IBKR prices... ✅ Updated 10 positions | Gold: $4464.11
⏰ 21:04:47 - Syncing IBKR prices... ✅ Updated 10 positions | Gold: $4453.18
⏰ 21:05:49 - Syncing IBKR prices... ✅ Updated 10 positions | Gold: $4453.58
⏰ 21:06:51 - Syncing IBKR prices... ✅ Updated 10 positions | Gold: $4457.67
⏰ 21:07:52 - Syncing IBKR prices... ✅ Updated 10 positions | Gold: $4455.71
⏰ 21:08:54 - Syncing IBKR prices... ✅ Updated 10 positions | Gold: $4454.34
⏰ 21:09:56 - Syncing IBKR prices... ✅ Updated 10 positions | Gold: $4457.73
⏰ 21:10:58 - Syncing IBKR prices... ✅ Updated 10 positions | Gold: $4467.04
⏰ 21:11:59 - Syncing IBKR prices... ✅ Updated 10 positions | Gold: $4458.34
⏰ 21:13:01 - Syncing IBKR prices... ✅ Updated 10 positions | Gold: $4452.34
⏰ 21:14:03 - Syncing IBKR prices... ✅ Updated 10 positions | Gold: $4469.36
⏰ 21:15:04 - Syncing IBKR prices... ✅ Updated 10 positions | Gold: $4457.86
⏰ 21:16:06 - Syncing IBKR prices... ✅ Updated 10 positions | Gold: $4468.58
⏰ 21:17:08 - Syncing IBKR prices... ✅ Updated 10 positions | Gold: $4468.15
⏰ 21:18:10 - Syncing IBKR prices... ✅ Updated 10 positions | Gold: $4461.56
⏰ 21:19:11 - Syncing IBKR prices... ✅ Updated 10 positions | Gold: $4456.37
⏰ 21:20:13 - Syncing IBKR prices... ✅ Updated 10 positions | Gold: $4457.56
⏰ 21:21:15 - Syncing IBKR prices... ✅ Updated 10 positions | Gold: $4451.36
⏰ 21:22:16 - Syncing IBKR prices... ✅ Updated 10 positions | Gold: $4453.65
⏰ 21:23:18 - Syncing IBKR prices... ✅ Updated 10 positions | Gold: $4465.61
⏰ 21:24:20 - Syncing IBKR prices... ✅ Updated 10 positions | Gold: $4457.71
⏰ 21:25:21 - Syncing IBKR prices... ✅ Updated 10 positions | Gold: $4462.35
⏰ 21:26:23 - Syncing IBKR prices... ✅ Updated 10 positions | Gold: $4467.79
⏰ 21:27:25 - Syncing IBKR prices... ✅ Updated 10 positions | Gold: $4466.66
⏰ 21:28:27 - Syncing IBKR prices... ✅ Updated 10 positions | Gold: $4468.51
⏰ 21:29:28 - Syncing IBKR prices... ✅ Updated 10 positions | Gold: $4456.02
⏰ 21:30:30 - Syncing IBKR prices... ✅ Updated 10 positions | Gold: $4461.42
⏰ 21:31:32 - Syncing IBKR prices... ✅ Updated 10 positions | Gold: $4453.20
⏰ 21:32:34 - Syncing IBKR prices... ✅ Updated 10 positions | Gold: $4466.11
⏰ 21:33:36 - Syncing IBKR prices... ✅ Updated 10 positions | Gold: $4469.08
⏰ 21:34:37 - Syncing IBKR prices... ✅ Updated 10 positions | Gold: $4460.26
⏰ 21:35:39 - Syncing IBKR prices... ✅ Updated 10 positions | Gold: $4458.09
⏰ 21:36:41 - Syncing IBKR prices... ✅ Updated 10 positions | Gold: $4453.69
⏰ 21:37:42 - Syncing IBKR prices... ✅ Updated 10 positions | Gold: $4454.78
⏰ 21:38:44 - Syncing IBKR prices... ✅ Updated 10 positions | Gold: $4460.39
⏰ 21:39:46 - Syncing IBKR prices... ✅ Updated 10 positions | Gold: $4466.22
⏰ 21:40:48 - Syncing IBKR prices... ✅ Updated 10 positions | Gold: $4452.61
⏰ 21:41:49 - Syncing IBKR prices... ✅ Updated 10 positions | Gold: $4459.92
⏰ 21:42:51 - Syncing IBKR prices... ✅ Updated 10 positions | Gold: $4459.09
⏰ 21:43:53 - Syncing IBKR prices... ✅ Updated 10 positions | Gold: $4454.05
⏰ 21:44:55 - Syncing IBKR prices... ✅ Updated 10 positions | Gold: $4452.58
⏰ 21:45:56 - Syncing IBKR prices... ✅ Updated 10 positions | Gold: $4463.02
⏰ 21:46:58 - Syncing IBKR prices... ✅ Updated 10 positions | Gold: $4464.91
⏰ 21:48:00 - Syncing IBKR prices... ✅ Updated 10 positions | Gold: $4465.73
⏰ 21:49:02 - Syncing IBKR prices... ✅ Updated 10 positions | Gold: $4452.13
⏰ 21:50:03 - Syncing IBKR prices... ✅ Updated 10 positions | Gold: $4466.61
⏰ 21:51:05 - Syncing IBKR prices... ✅ Updated 10 positions | Gold: $4455.80
⏰ 21:52:07 - Syncing IBKR prices... ✅ Updated 10 positions | Gold: $4460.75
⏰ 21:53:08 - Syncing IBKR prices... ✅ Updated 10 positions | Gold: $4457.13
⏰ 21:54:10 - Syncing IBKR prices... ✅ Updated 10 positions | Gold: $4463.20
⏰ 21:55:12 - Syncing IBKR prices... ✅ Updated 10 positions | Gold: $4456.30
⏰ 21:56:14 - Syncing IBKR prices... ✅ Updated 10 positions | Gold: $4460.89
⏰ 21:57:16 - Syncing IBKR prices... ✅ Updated 10 positions | Gold: $4463.11
⏰ 21:58:17 - Syncing IBKR prices... ✅ Updated 10 positions | Gold: $4467.68
⏰ 21:59:19 - Syncing IBKR prices... ✅ Updated 10 positions | Gold: $4456.25
⏰ 22:00:21 - Syncing IBKR prices... ✅ Updated 10 positions | Gold: $4465.20
⏰ 22:01:22 - Syncing IBKR prices... ✅ Updated 10 positions | Gold: $4468.64
⏰ 22:02:24 - Syncing IBKR prices... ✅ Updated 10 positions | Gold: $4459.17
⏰ 22:03:26 - Syncing IBKR prices... ✅ Updated 10 positions | Gold: $4461.64
⏰ 22:04:27 - Syncing IBKR prices... ✅ Updated 10 positions | Gold: $4457.54
⏰ 22:05:29 - Syncing IBKR prices... ✅ Updated 10 positions | Gold: $4461.99
⏰ 22:06:31 - Syncing IBKR prices... ✅ Updated 10 positions | Gold: $4463.87
⏰ 22:07:32 - Syncing IBKR prices... ✅ Updated 10 positions | Gold: $4452.21
⏰ 22:08:34 - Syncing IBKR prices... ✅ Updated 10 positions | Gold: $4452.71
⏰ 22:09:36 - Syncing IBKR prices... ✅ Updated 10 positions | Gold: $4458.75
⏰ 22:10:37 - Syncing IBKR prices... ✅ Updated 10 positions | Gold: $4464.42
⏰ 22:11:39 - Syncing IBKR prices... ✅ Updated 10 positions | Gold: $4468.07
⏰ 22:12:41 - Syncing IBKR prices... ✅ Updated 10 positions | Gold: $4460.40
⏰ 22:13:42 - Syncing IBKR prices... ✅ Updated 10 positions | Gold: $4452.98
⏰ 22:14:44 - Syncing IBKR prices... ✅ Updated 10 positions | Gold: $4451.17
⏰ 22:15:46 - Syncing IBKR prices... ✅ Updated 10 positions | Gold: $4450.65
⏰ 22:16:47 - Syncing IBKR prices... ✅ Updated 10 positions | Gold: $4464.03
⏰ 22:17:49 - Syncing IBKR prices... ✅ Updated 10 positions | Gold: $4454.49
⏰ 22:18:51 - Syncing IBKR prices... ✅ Updated 10 positions | Gold: $4453.33
⏰ 22:19:52 - Syncing IBKR prices... ✅ Updated 10 positions | Gold: $4464.41
⏰ 22:20:54 - Syncing IBKR prices... ✅ Updated 10 positions | Gold: $4469.77
⏰ 22:21:56 - Syncing IBKR prices... ✅ Updated 10 positions | Gold: $4465.01
⏰ 22:22:57 - Syncing IBKR prices... ✅ Updated 10 positions | Gold: $4457.22
⏰ 22:23:59 - Syncing IBKR prices... ✅ Updated 10 positions | Gold: $4463.48
⏰ 22:25:01 - Syncing IBKR prices... ✅ Updated 10 positions | Gold: $4457.42
⏰ 22:26:03 - Syncing IBKR prices... ✅ Updated 10 positions | Gold: $4450.98
⏰ 22:27:04 - Syncing IBKR prices... ✅ Updated 10 positions | Gold: $4451.08
⏰ 22:28:06 - Syncing IBKR prices... ✅ Updated 10 positions | Gold: $4465.82
⏰ 22:29:08 - Syncing IBKR prices... ✅ Updated 10 positions | Gold: $4464.57
⏰ 22:30:10 - Syncing IBKR prices... ✅ Updated 10 positions | Gold: $4463.01
⏰ 22:31:11 - Syncing IBKR prices... ✅ Updated 10 positions | Gold: $4456.66
⏰ 22:32:13 - Syncing IBKR prices... ✅ Updated 10 positions | Gold: $4458.69
⏰ 22:33:15 - Syncing IBKR prices... ✅ Updated 10 positions | Gold: $4465.01
⏰ 22:34:17 - Syncing IBKR prices... ✅ Updated 10 positions | Gold: $4466.52
⏰ 22:35:19 - Syncing IBKR prices... ✅ Updated 10 positions | Gold: $4464.04
⏰ 22:36:20 - Syncing IBKR prices... ✅ Updated 10 positions | Gold: $4454.48
⏰ 22:37:22 - Syncing IBKR prices... ✅ Updated 10 positions | Gold: $4455.09
⏰ 22:38:24 - Syncing IBKR prices... ✅ Updated 10 positions | Gold: $4452.33
⏰ 22:39:25 - Syncing IBKR prices... ✅ Updated 10 positions | Gold: $4450.30
⏰ 22:40:27 - Syncing IBKR prices... ✅ Updated 10 positions | Gold: $4462.99
⏰ 22:41:29 - Syncing IBKR prices... ✅ Updated 10 positions | Gold: $4463.91
⏰ 22:42:31 - Syncing IBKR prices... ✅ Updated 10 positions | Gold: $4460.38
⏰ 22:43:33 - Syncing IBKR prices... ✅ Updated 10 positions | Gold: $4463.17
⏰ 22:44:34 - Syncing IBKR prices... ✅ Updated 10 positions | Gold: $4463.45
⏰ 22:45:36 - Syncing IBKR prices... ✅ Updated 10 positions | Gold: $4459.30
⏰ 22:46:38 - Syncing IBKR prices... ✅ Updated 10 positions | Gold: $4465.10
⏰ 22:47:40 - Syncing IBKR prices... ✅ Updated 10 positions | Gold: $4460.97
⏰ 22:48:41 - Syncing IBKR prices... ✅ Updated 10 positions | Gold: $4450.01
⏰ 22:49:43 - Syncing IBKR prices... ✅ Updated 10 positions | Gold: $4455.07
⏰ 22:50:45 - Syncing IBKR prices... ✅ Updated 10 positions | Gold: $4455.24
⏰ 22:51:46 - Syncing IBKR prices... ✅ Updated 10 positions | Gold: $4466.66
⏰ 22:52:48 - Syncing IBKR prices... ✅ Updated 10 positions | Gold: $4452.71
⏰ 22:53:50 - Syncing IBKR prices... ✅ Updated 10 positions | Gold: $4469.77
⏰ 22:54:51 - Syncing IBKR prices... ✅ Updated 10 positions | Gold: $4456.00
⏰ 22:55:53 - Syncing IBKR prices... ✅ Updated 10 positions | Gold: $4455.06
⏰ 22:56:55 - Syncing IBKR prices... ✅ Updated 10 positions | Gold: $4451.63
⏰ 22:57:56 - Syncing IBKR prices... ✅ Updated 10 positions | Gold: $4452.69
⏰ 22:58:58 - Syncing IBKR prices... ✅ Updated 10 positions | Gold: $4456.40
⏰ 23:00:00 - Syncing IBKR prices... ✅ Updated 10 positions | Gold: $4461.71
⏰ 23:01:02 - Syncing IBKR prices... ✅ Updated 10 positions | Gold: $4457.52
⏰ 23:02:03 - Syncing IBKR prices... ✅ Updated 10 positions | Gold: $4460.88
⏰ 23:03:05 - Syncing IBKR prices... ✅ Updated 10 positions | Gold: $4453.50
⏰ 23:04:07 - Syncing IBKR prices... ✅ Updated 10 positions | Gold: $4464.69
⏰ 23:05:09 - Syncing IBKR prices... ✅ Updated 10 positions | Gold: $4452.41
⏰ 23:06:10 - Syncing IBKR prices... ✅ Updated 10 positions | Gold: $4463.63
⏰ 23:07:12 - Syncing IBKR prices... ✅ Updated 10 positions | Gold: $4463.98
⏰ 23:08:14 - Syncing IBKR prices... ✅ Updated 10 positions | Gold: $4454.99
⏰ 23:09:15 - Syncing IBKR prices... ✅ Updated 10 positions | Gold: $4459.08
⏰ 23:10:17 - Syncing IBKR prices... ✅ Updated 10 positions | Gold: $4464.02
⏰ 23:11:19 - Syncing IBKR prices... ✅ Updated 10 positions | Gold: $4451.46
⏰ 23:12:20 - Syncing IBKR prices... ✅ Updated 10 positions | Gold: $4462.57
⏰ 23:13:22 - Syncing IBKR prices... ✅ Updated 10 positions | Gold: $4459.16
⏰ 23:14:24 - Syncing IBKR prices... ✅ Updated 10 positions | Gold: $4469.32
⏰ 23:15:25 - Syncing IBKR prices... ✅ Updated 10 positions | Gold: $4469.49
⏰ 23:16:27 - Syncing IBKR prices... ✅ Updated 10 positions | Gold: $4460.21
⏰ 23:17:29 - Syncing IBKR prices... ✅ Updated 10 positions | Gold: $4465.55
⏰ 23:18:30 - Syncing IBKR prices... ✅ Updated 10 positions | Gold: $4463.46
⏰ 23:19:32 - Syncing IBKR prices... ✅ Updated 10 positions | Gold: $4462.79
⏰ 23:20:34 - Syncing IBKR prices... ✅ Updated 10 positions | Gold: $4453.76
⏰ 23:21:35 - Syncing IBKR prices... ✅ Updated 10 positions | Gold: $4459.13
⏰ 23:22:37 - Syncing IBKR prices... ✅ Updated 10 positions | Gold: $4451.00
⏰ 23:23:39 - Syncing IBKR prices... ✅ Updated 10 positions | Gold: $4464.82
⏰ 23:24:41 - Syncing IBKR prices... ✅ Updated 10 positions | Gold: $4465.11
⏰ 23:25:42 - Syncing IBKR prices... ✅ Updated 10 positions | Gold: $4452.32
⏰ 23:26:44 - Syncing IBKR prices... ✅ Updated 10 positions | Gold: $4453.61
⏰ 23:27:46 - Syncing IBKR prices... ✅ Updated 10 positions | Gold: $4469.58
⏰ 23:28:47 - Syncing IBKR prices... ✅ Updated 10 positions | Gold: $4464.42
⏰ 23:29:49 - Syncing IBKR prices... ✅ Updated 10 positions | Gold: $4458.80
⏰ 23:30:51 - Syncing IBKR prices... ✅ Updated 10 positions | Gold: $4454.41
⏰ 23:31:53 - Syncing IBKR prices... ✅ Updated 10 positions | Gold: $4463.85
⏰ 23:32:55 - Syncing IBKR prices... ✅ Updated 10 positions | Gold: $4460.59
⏰ 23:33:56 - Syncing IBKR prices... ✅ Updated 10 positions | Gold: $4460.31
⏰ 23:34:58 - Syncing IBKR prices... ✅ Updated 10 positions | Gold: $4457.25
⏰ 23:36:00 - Syncing IBKR prices... ✅ Updated 10 positions | Gold: $4457.67
⏰ 23:37:02 - Syncing IBKR prices... ✅ Updated 10 positions | Gold: $4465.59
⏰ 23:38:03 - Syncing IBKR prices... ✅ Updated 10 positions | Gold: $4461.70
⏰ 23:39:05 - Syncing IBKR prices... ✅ Updated 10 positions | Gold: $4469.17
⏰ 23:40:07 - Syncing IBKR prices... ✅ Updated 10 positions | Gold: $4462.67
⏰ 23:41:08 - Syncing IBKR prices... ✅ Updated 10 positions | Gold: $4466.87
⏰ 23:42:10 - Syncing IBKR prices... ✅ Updated 10 positions | Gold: $4459.54
⏰ 23:43:11 - Syncing IBKR prices... ✅ Updated 10 positions | Gold: $4469.44
⏰ 23:44:13 - Syncing IBKR prices... ✅ Updated 10 positions | Gold: $4452.30
⏰ 23:45:15 - Syncing IBKR prices... ✅ Updated 10 positions | Gold: $4463.21
⏰ 23:46:16 - Syncing IBKR prices... ✅ Updated 10 positions | Gold: $4452.16
⏰ 23:47:18 - Syncing IBKR prices... ✅ Updated 10 positions | Gold: $4461.60
⏰ 23:48:20 - Syncing IBKR prices... ✅ Updated 10 positions | Gold: $4457.94
⏰ 23:49:21 - Syncing IBKR prices... ✅ Updated 10 positions | Gold: $4460.79
⏰ 23:50:23 - Syncing IBKR prices... ✅ Updated 10 positions | Gold: $4453.74
⏰ 23:51:25 - Syncing IBKR prices... ✅ Updated 10 positions | Gold: $4460.95
⏰ 23:52:27 - Syncing IBKR prices... ✅ Updated 10 positions | Gold: $4457.47
⏰ 23:53:28 - Syncing IBKR prices... ✅ Updated 10 positions | Gold: $4454.94
⏰ 23:54:30 - Syncing IBKR prices... ✅ Updated 10 positions | Gold: $4463.77
⏰ 23:55:32 - Syncing IBKR prices... ✅ Updated 10 positions | Gold: $4454.64
⏰ 23:56:34 - Syncing IBKR prices... ✅ Updated 10 positions | Gold: $4461.02
⏰ 23:57:35 - Syncing IBKR prices... ✅ Updated 10 positions | Gold: $4464.86
⏰ 23:58:37 - Syncing IBKR prices... ✅ Updated 10 positions | Gold: $4460.38
⏰ 23:59:38 - Syncing IBKR prices... ✅ Updated 10 positions | Gold: $4469.82
⏰ 00:00:40 - Syncing IBKR prices... ✅ Updated 10 positions | Gold: $4466.79
⏰ 00:01:42 - Syncing IBKR prices... ✅ Updated 10 positions | Gold: $4451.79
⏰ 00:02:44 - Syncing IBKR prices... ✅ Updated 10 positions | Gold: $4455.13
⏰ 00:03:45 - Syncing IBKR prices... ✅ Updated 10 positions | Gold: $4467.64
⏰ 00:04:47 - Syncing IBKR prices... ✅ Updated 10 positions | Gold: $4456.10
⏰ 00:05:49 - Syncing IBKR prices... ✅ Updated 10 positions | Gold: $4457.69
⏰ 00:06:50 - Syncing IBKR prices... ✅ Updated 10 positions | Gold: $4467.19
⏰ 00:07:52 - Syncing IBKR prices... ✅ Updated 10 positions | Gold: $4460.00
⏰ 00:08:54 - Syncing IBKR prices... ✅ Updated 10 positions | Gold: $4457.04
⏰ 00:09:56 - Syncing IBKR prices... ✅ Updated 10 positions | Gold: $4450.57
⏰ 00:10:57 - Syncing IBKR prices... ✅ Updated 10 positions | Gold: $4468.68
⏰ 00:11:59 - Syncing IBKR prices... ✅ Updated 10 positions | Gold: $4468.97
⏰ 00:13:01 - Syncing IBKR prices... ✅ Updated 10 positions | Gold: $4466.30
⏰ 00:14:03 - Syncing IBKR prices... ✅ Updated 10 positions | Gold: $4460.26
⏰ 00:15:04 - Syncing IBKR prices... ✅ Updated 10 positions | Gold: $4459.11
⏰ 00:16:06 - Syncing IBKR prices... ✅ Updated 10 positions | Gold: $4463.05
⏰ 00:17:08 - Syncing IBKR prices... ✅ Updated 10 positions | Gold: $4460.48
⏰ 00:18:10 - Syncing IBKR prices... ✅ Updated 10 positions | Gold: $4453.78
⏰ 00:19:12 - Syncing IBKR prices... ✅ Updated 10 positions | Gold: $4454.48
⏰ 00:20:14 - Syncing IBKR prices... ✅ Updated 10 positions | Gold: $4454.00
⏰ 00:21:15 - Syncing IBKR prices... ✅ Updated 10 positions | Gold: $4450.48
⏰ 00:22:17 - Syncing IBKR prices... ✅ Updated 10 positions | Gold: $4461.20
⏰ 00:23:19 - Syncing IBKR prices... ✅ Updated 10 positions | Gold: $4464.03
⏰ 00:24:21 - Syncing IBKR prices... ✅ Updated 10 positions | Gold: $4468.20
⏰ 00:25:22 - Syncing IBKR prices... ✅ Updated 10 positions | Gold: $4469.17
⏰ 00:26:24 - Syncing IBKR prices... ✅ Updated 10 positions | Gold: $4451.59
⏰ 00:27:26 - Syncing IBKR prices... ✅ Updated 10 positions | Gold: $4454.72
⏰ 00:28:27 - Syncing IBKR prices... ✅ Updated 10 positions | Gold: $4462.65
⏰ 00:29:29 - Syncing IBKR prices... ✅ Updated 10 positions | Gold: $4455.49
⏰ 00:30:31 - Syncing IBKR prices... ✅ Updated 10 positions | Gold: $4468.55
⏰ 00:31:33 - Syncing IBKR prices... ✅ Updated 10 positions | Gold: $4462.68
⏰ 00:32:34 - Syncing IBKR prices... ✅ Updated 10 positions | Gold: $4455.93
⏰ 00:33:36 - Syncing IBKR prices... ✅ Updated 10 positions | Gold: $4469.44
⏰ 00:34:38 - Syncing IBKR prices... ✅ Updated 10 positions | Gold: $4451.57
⏰ 00:35:39 - Syncing IBKR prices... ✅ Updated 10 positions | Gold: $4452.23
⏰ 00:36:41 - Syncing IBKR prices... ✅ Updated 10 positions | Gold: $4454.08
⏰ 00:37:43 - Syncing IBKR prices... ✅ Updated 10 positions | Gold: $4460.28
⏰ 00:38:44 - Syncing IBKR prices... ✅ Updated 10 positions | Gold: $4451.39
⏰ 00:39:46 - Syncing IBKR prices... ✅ Updated 10 positions | Gold: $4455.39
⏰ 00:40:48 - Syncing IBKR prices... ✅ Updated 10 positions | Gold: $4458.00
⏰ 00:41:49 - Syncing IBKR prices... ✅ Updated 10 positions | Gold: $4466.79
⏰ 00:42:51 - Syncing IBKR prices... ✅ Updated 10 positions | Gold: $4468.16
⏰ 00:43:53 - Syncing IBKR prices... ✅ Updated 10 positions | Gold: $4469.11
⏰ 00:44:54 - Syncing IBKR prices... ✅ Updated 10 positions | Gold: $4458.77
⏰ 00:45:56 - Syncing IBKR prices... ✅ Updated 10 positions | Gold: $4466.79
⏰ 00:46:58 - Syncing IBKR prices... ✅ Updated 10 positions | Gold: $4467.63
⏰ 00:47:59 - Syncing IBKR prices... ✅ Updated 10 positions | Gold: $4455.22
⏰ 00:49:01 - Syncing IBKR prices... ✅ Updated 10 positions | Gold: $4451.32
⏰ 00:50:03 - Syncing IBKR prices... ✅ Updated 10 positions | Gold: $4460.55
⏰ 00:51:04 - Syncing IBKR prices... ✅ Updated 10 positions | Gold: $4469.84
⏰ 00:52:06 - Syncing IBKR prices... ✅ Updated 10 positions | Gold: $4458.32
⏰ 00:53:08 - Syncing IBKR prices... ✅ Updated 10 positions | Gold: $4461.40
⏰ 00:54:09 - Syncing IBKR prices... ✅ Updated 10 positions | Gold: $4451.12
⏰ 00:55:11 - Syncing IBKR prices... ✅ Updated 10 positions | Gold: $4450.30
⏰ 00:56:13 - Syncing IBKR prices... ✅ Updated 10 positions | Gold: $4457.13
⏰ 00:57:14 - Syncing IBKR prices... ✅ Updated 10 positions | Gold: $4453.85
⏰ 00:58:16 - Syncing IBKR prices... ✅ Updated 10 positions | Gold: $4450.99
⏰ 00:59:18 - Syncing IBKR prices... ✅ Updated 10 positions | Gold: $4462.82
⏰ 01:00:20 - Syncing IBKR prices... ✅ Updated 10 positions | Gold: $4463.28
⏰ 01:01:21 - Syncing IBKR prices... ✅ Updated 10 positions | Gold: $4467.18
⏰ 01:02:23 - Syncing IBKR prices... ✅ Updated 10 positions | Gold: $4456.62
⏰ 01:03:25 - Syncing IBKR prices... ✅ Updated 10 positions | Gold: $4469.03
⏰ 01:04:27 - Syncing IBKR prices... ✅ Updated 10 positions | Gold: $4455.01
⏰ 01:05:29 - Syncing IBKR prices... ✅ Updated 10 positions | Gold: $4461.11
⏰ 01:06:30 - Syncing IBKR prices... ✅ Updated 10 positions | Gold: $4462.54
⏰ 01:07:32 - Syncing IBKR prices... ✅ Updated 10 positions | Gold: $4456.18
⏰ 01:08:34 - Syncing IBKR prices... ✅ Updated 10 positions | Gold: $4462.21
⏰ 01:09:36 - Syncing IBKR prices... ✅ Updated 10 positions | Gold: $4455.13
⏰ 01:10:38 - Syncing IBKR prices... ✅ Updated 10 positions | Gold: $4450.92
⏰ 01:11:39 - Syncing IBKR prices... ✅ Updated 10 positions | Gold: $4460.24
⏰ 01:12:41 - Syncing IBKR prices... ✅ Updated 10 positions | Gold: $4455.98
⏰ 01:13:43 - Syncing IBKR prices... ✅ Updated 10 positions | Gold: $4457.30
⏰ 01:14:45 - Syncing IBKR prices... ✅ Updated 10 positions | Gold: $4462.39
⏰ 01:15:47 - Syncing IBKR prices... ✅ Updated 10 positions | Gold: $4460.63
⏰ 01:16:48 - Syncing IBKR prices... ✅ Updated 10 positions | Gold: $4457.88
⏰ 01:17:50 - Syncing IBKR prices... ✅ Updated 10 positions | Gold: $4456.18
⏰ 01:18:52 - Syncing IBKR prices... ✅ Updated 10 positions | Gold: $4459.34
⏰ 01:19:53 - Syncing IBKR prices... ✅ Updated 10 positions | Gold: $4462.76
⏰ 01:20:55 - Syncing IBKR prices... ✅ Updated 10 positions | Gold: $4460.86
⏰ 01:21:57 - Syncing IBKR prices... ✅ Updated 10 positions | Gold: $4451.71
⏰ 01:22:58 - Syncing IBKR prices... ✅ Updated 10 positions | Gold: $4467.76
⏰ 01:24:00 - Syncing IBKR prices... ✅ Updated 10 positions | Gold: $4452.22
⏰ 01:25:02 - Syncing IBKR prices... ✅ Updated 10 positions | Gold: $4465.81
⏰ 01:26:03 - Syncing IBKR prices... ✅ Updated 10 positions | Gold: $4458.77
⏰ 01:27:05 - Syncing IBKR prices... ✅ Updated 10 positions | Gold: $4464.55
⏰ 01:28:07 - Syncing IBKR prices... ✅ Updated 10 positions | Gold: $4460.33
⏰ 01:29:08 - Syncing IBKR prices... ✅ Updated 10 positions | Gold: $4451.47
⏰ 01:30:10 - Syncing IBKR prices... ✅ Updated 10 positions | Gold: $4463.77
⏰ 01:31:12 - Syncing IBKR prices... ✅ Updated 10 positions | Gold: $4468.86
⏰ 01:32:13 - Syncing IBKR prices... ✅ Updated 10 positions | Gold: $4462.74
⏰ 01:33:15 - Syncing IBKR prices... ✅ Updated 10 positions | Gold: $4468.83
⏰ 01:34:17 - Syncing IBKR prices... ✅ Updated 10 positions | Gold: $4451.51
⏰ 01:35:18 - Syncing IBKR prices... ✅ Updated 10 positions | Gold: $4455.62
⏰ 01:36:20 - Syncing IBKR prices... ✅ Updated 10 positions | Gold: $4455.96
⏰ 01:37:22 - Syncing IBKR prices... ✅ Updated 10 positions | Gold: $4454.93
⏰ 01:38:23 - Syncing IBKR prices... ✅ Updated 10 positions | Gold: $4466.88
⏰ 01:39:25 - Syncing IBKR prices... ✅ Updated 10 positions | Gold: $4465.00
⏰ 01:40:27 - Syncing IBKR prices... ✅ Updated 10 positions | Gold: $4465.52
⏰ 01:41:28 - Syncing IBKR prices... ✅ Updated 10 positions | Gold: $4457.74
⏰ 01:42:30 - Syncing IBKR prices... ✅ Updated 10 positions | Gold: $4459.78
⏰ 01:43:32 - Syncing IBKR prices... ✅ Updated 10 positions | Gold: $4461.86
⏰ 01:44:33 - Syncing IBKR prices... ✅ Updated 10 positions | Gold: $4452.00
⏰ 01:45:35 - Syncing IBKR prices... ✅ Updated 10 positions | Gold: $4463.76
⏰ 01:46:37 - Syncing IBKR prices... ✅ Updated 10 positions | Gold: $4453.16
⏰ 01:47:39 - Syncing IBKR prices... ✅ Updated 10 positions | Gold: $4464.44
⏰ 01:48:41 - Syncing IBKR prices... ✅ Updated 10 positions | Gold: $4466.96
⏰ 01:49:42 - Syncing IBKR prices... ✅ Updated 10 positions | Gold: $4469.35
⏰ 01:50:44 - Syncing IBKR prices... ✅ Updated 10 positions | Gold: $4466.96
⏰ 01:51:46 - Syncing IBKR prices... ✅ Updated 10 positions | Gold: $4450.65
⏰ 01:52:48 - Syncing IBKR prices... ✅ Updated 10 positions | Gold: $4460.75
⏰ 01:53:49 - Syncing IBKR prices... ✅ Updated 10 positions | Gold: $4459.29
⏰ 01:54:51 - Syncing IBKR prices... ✅ Updated 10 positions | Gold: $4456.16
⏰ 01:55:53 - Syncing IBKR prices... ✅ Updated 10 positions | Gold: $4457.40
⏰ 01:56:55 - Syncing IBKR prices... ✅ Updated 10 positions | Gold: $4455.77
⏰ 01:57:56 - Syncing IBKR prices... ✅ Updated 10 positions | Gold: $4460.42
⏰ 01:58:58 - Syncing IBKR prices... ✅ Updated 10 positions | Gold: $4469.51
⏰ 02:00:00 - Syncing IBKR prices... ✅ Updated 10 positions | Gold: $4455.83
⏰ 02:01:02 - Syncing IBKR prices... ✅ Updated 10 positions | Gold: $4465.81
⏰ 02:02:03 - Syncing IBKR prices... ✅ Updated 10 positions | Gold: $4452.64
⏰ 02:03:05 - Syncing IBKR prices... ✅ Updated 10 positions | Gold: $4454.56
⏰ 02:04:07 - Syncing IBKR prices... ✅ Updated 10 positions | Gold: $4450.74
⏰ 02:05:09 - Syncing IBKR prices... ✅ Updated 10 positions | Gold: $4457.90
⏰ 02:06:10 - Syncing IBKR prices... ✅ Updated 10 positions | Gold: $4462.29
⏰ 02:07:12 - Syncing IBKR prices... ✅ Updated 10 positions | Gold: $4465.05
⏰ 02:08:13 - Syncing IBKR prices... ✅ Updated 10 positions | Gold: $4462.99
⏰ 02:09:15 - Syncing IBKR prices... ✅ Updated 10 positions | Gold: $4464.21
⏰ 02:10:17 - Syncing IBKR prices... ✅ Updated 10 positions | Gold: $4465.95
⏰ 02:11:19 - Syncing IBKR prices... ✅ Updated 10 positions | Gold: $4458.96
⏰ 02:12:20 - Syncing IBKR prices... ✅ Updated 10 positions | Gold: $4455.56
⏰ 02:13:22 - Syncing IBKR prices... ✅ Updated 10 positions | Gold: $4456.23
⏰ 02:14:23 - Syncing IBKR prices... ✅ Updated 10 positions | Gold: $4458.99
⏰ 02:15:25 - Syncing IBKR prices... ✅ Updated 10 positions | Gold: $4456.51
⏰ 02:16:27 - Syncing IBKR prices... ✅ Updated 10 positions | Gold: $4450.22
⏰ 02:17:28 - Syncing IBKR prices... ✅ Updated 10 positions | Gold: $4451.63
⏰ 02:18:30 - Syncing IBKR prices... ✅ Updated 10 positions | Gold: $4453.19
⏰ 02:19:32 - Syncing IBKR prices... ✅ Updated 10 positions | Gold: $4454.09
⏰ 02:20:33 - Syncing IBKR prices... ✅ Updated 10 positions | Gold: $4463.45
⏰ 02:21:35 - Syncing IBKR prices... ✅ Updated 10 positions | Gold: $4460.15
⏰ 02:22:37 - Syncing IBKR prices... ✅ Updated 10 positions | Gold: $4463.17
⏰ 02:23:38 - Syncing IBKR prices... ✅ Updated 10 positions | Gold: $4456.31
⏰ 02:24:40 - Syncing IBKR prices... ✅ Updated 10 positions | Gold: $4453.23
⏰ 02:25:42 - Syncing IBKR prices... ✅ Updated 10 positions | Gold: $4450.71
⏰ 02:26:43 - Syncing IBKR prices... ✅ Updated 10 positions | Gold: $4463.14
⏰ 02:27:45 - Syncing IBKR prices... ✅ Updated 10 positions | Gold: $4463.87
⏰ 02:28:47 - Syncing IBKR prices... ✅ Updated 10 positions | Gold: $4455.22
⏰ 02:29:48 - Syncing IBKR prices... ✅ Updated 10 positions | Gold: $4455.86
⏰ 02:30:50 - Syncing IBKR prices... ✅ Updated 10 positions | Gold: $4464.06
⏰ 02:31:52 - Syncing IBKR prices... ✅ Updated 10 positions | Gold: $4456.04
⏰ 02:32:53 - Syncing IBKR prices... ✅ Updated 10 positions | Gold: $4461.86
⏰ 02:33:55 - Syncing IBKR prices... ✅ Updated 10 positions | Gold: $4450.88
⏰ 02:34:57 - Syncing IBKR prices... ✅ Updated 10 positions | Gold: $4451.52
⏰ 02:35:58 - Syncing IBKR prices... ✅ Updated 10 positions | Gold: $4453.99
⏰ 02:37:00 - Syncing IBKR prices... ✅ Updated 10 positions | Gold: $4460.63
⏰ 02:38:02 - Syncing IBKR prices... ✅ Updated 10 positions | Gold: $4460.35
⏰ 02:39:03 - Syncing IBKR prices... ✅ Updated 10 positions | Gold: $4462.96
⏰ 02:40:05 - Syncing IBKR prices... ✅ Updated 10 positions | Gold: $4462.66
⏰ 02:41:07 - Syncing IBKR prices... ✅ Updated 10 positions | Gold: $4459.89
⏰ 02:42:09 - Syncing IBKR prices... ✅ Updated 10 positions | Gold: $4458.23
⏰ 02:43:10 - Syncing IBKR prices... ✅ Updated 10 positions | Gold: $4455.59
⏰ 02:44:12 - Syncing IBKR prices... ✅ Updated 10 positions | Gold: $4452.10
⏰ 02:45:14 - Syncing IBKR prices... ✅ Updated 10 positions | Gold: $4462.23
⏰ 02:46:16 - Syncing IBKR prices... ✅ Updated 10 positions | Gold: $4468.63
⏰ 02:47:17 - Syncing IBKR prices... ✅ Updated 10 positions | Gold: $4464.35
⏰ 02:48:19 - Syncing IBKR prices... ✅ Updated 10 positions | Gold: $4451.49
⏰ 02:49:21 - Syncing IBKR prices... ✅ Updated 10 positions | Gold: $4468.20
⏰ 02:50:23 - Syncing IBKR prices... ✅ Updated 10 positions | Gold: $4465.97
⏰ 02:51:24 - Syncing IBKR prices... ✅ Updated 10 positions | Gold: $4469.12
⏰ 02:52:26 - Syncing IBKR prices... ✅ Updated 10 positions | Gold: $4466.72
⏰ 02:53:28 - Syncing IBKR prices... ✅ Updated 10 positions | Gold: $4468.03
⏰ 02:54:30 - Syncing IBKR prices... ✅ Updated 10 positions | Gold: $4463.49
⏰ 02:55:31 - Syncing IBKR prices... ✅ Updated 10 positions | Gold: $4455.98
⏰ 02:56:33 - Syncing IBKR prices... ✅ Updated 10 positions | Gold: $4457.44
⏰ 02:57:35 - Syncing IBKR prices... ✅ Updated 10 positions | Gold: $4464.50
⏰ 02:58:36 - Syncing IBKR prices... ✅ Updated 10 positions | Gold: $4462.65
⏰ 02:59:38 - Syncing IBKR prices... ✅ Updated 10 positions | Gold: $4452.38
⏰ 03:00:39 - Syncing IBKR prices... ✅ Updated 10 positions | Gold: $4464.51
⏰ 03:01:41 - Syncing IBKR prices... ✅ Updated 10 positions | Gold: $4461.22
⏰ 03:02:43 - Syncing IBKR prices... ✅ Updated 10 positions | Gold: $4457.86
⏰ 03:03:44 - Syncing IBKR prices... ✅ Updated 10 positions | Gold: $4452.36
⏰ 03:04:46 - Syncing IBKR prices... ✅ Updated 10 positions | Gold: $4464.93
⏰ 03:05:48 - Syncing IBKR prices... ✅ Updated 10 positions | Gold: $4465.73
⏰ 03:06:49 - Syncing IBKR prices... ✅ Updated 10 positions | Gold: $4467.13
⏰ 03:07:51 - Syncing IBKR prices... ✅ Updated 10 positions | Gold: $4456.56
⏰ 03:08:53 - Syncing IBKR prices... ✅ Updated 10 positions | Gold: $4458.68
⏰ 03:09:54 - Syncing IBKR prices... ✅ Updated 10 positions | Gold: $4468.00
⏰ 03:10:56 - Syncing IBKR prices... ✅ Updated 10 positions | Gold: $4452.26
⏰ 03:11:58 - Syncing IBKR prices... ✅ Updated 10 positions | Gold: $4459.26
⏰ 03:12:59 - Syncing IBKR prices... ✅ Updated 10 positions | Gold: $4469.39
⏰ 03:14:01 - Syncing IBKR prices... ✅ Updated 10 positions | Gold: $4460.41
⏰ 03:15:03 - Syncing IBKR prices... ✅ Updated 10 positions | Gold: $4458.36
⏰ 03:16:04 - Syncing IBKR prices... ✅ Updated 10 positions | Gold: $4466.40
⏰ 03:17:06 - Syncing IBKR prices... ✅ Updated 10 positions | Gold: $4465.64
⏰ 03:18:08 - Syncing IBKR prices... ✅ Updated 10 positions | Gold: $4460.04
⏰ 03:19:09 - Syncing IBKR prices... ✅ Updated 10 positions | Gold: $4464.59
⏰ 03:20:11 - Syncing IBKR prices... ✅ Updated 10 positions | Gold: $4467.57
⏰ 03:21:12 - Syncing IBKR prices... ✅ Updated 10 positions | Gold: $4459.47
⏰ 03:22:14 - Syncing IBKR prices... ✅ Updated 10 positions | Gold: $4458.62
⏰ 03:23:16 - Syncing IBKR prices... ✅ Updated 10 positions | Gold: $4453.62
⏰ 03:24:17 - Syncing IBKR prices... ✅ Updated 10 positions | Gold: $4455.25
⏰ 03:25:19 - Syncing IBKR prices... ✅ Updated 10 positions | Gold: $4463.96
⏰ 03:26:21 - Syncing IBKR prices... ✅ Updated 10 positions | Gold: $4462.27
⏰ 03:27:23 - Syncing IBKR prices... ✅ Updated 10 positions | Gold: $4457.78
⏰ 03:28:24 - Syncing IBKR prices... ✅ Updated 10 positions | Gold: $4469.55
⏰ 03:29:26 - Syncing IBKR prices... ✅ Updated 10 positions | Gold: $4468.39
⏰ 03:30:27 - Syncing IBKR prices... ✅ Updated 10 positions | Gold: $4457.03
⏰ 03:31:29 - Syncing IBKR prices... ✅ Updated 10 positions | Gold: $4452.36
⏰ 03:32:31 - Syncing IBKR prices... ✅ Updated 10 positions | Gold: $4462.00
⏰ 03:33:33 - Syncing IBKR prices... ✅ Updated 10 positions | Gold: $4453.15
⏰ 03:34:35 - Syncing IBKR prices... ✅ Updated 10 positions | Gold: $4460.80
⏰ 03:35:36 - Syncing IBKR prices... ✅ Updated 10 positions | Gold: $4459.88
⏰ 03:36:38 - Syncing IBKR prices... ✅ Updated 10 positions | Gold: $4468.45
⏰ 03:37:40 - Syncing IBKR prices... ✅ Updated 10 positions | Gold: $4456.53
⏰ 03:38:41 - Syncing IBKR prices... ✅ Updated 10 positions | Gold: $4456.57
⏰ 03:39:43 - Syncing IBKR prices... ✅ Updated 10 positions | Gold: $4464.61
⏰ 03:40:45 - Syncing IBKR prices... ✅ Updated 10 positions | Gold: $4461.65
⏰ 03:41:47 - Syncing IBKR prices... ✅ Updated 10 positions | Gold: $4466.71
⏰ 03:42:48 - Syncing IBKR prices... ✅ Updated 10 positions | Gold: $4463.71
⏰ 03:43:50 - Syncing IBKR prices... ✅ Updated 10 positions | Gold: $4467.65
⏰ 03:44:52 - Syncing IBKR prices... ✅ Updated 10 positions | Gold: $4451.83
⏰ 03:45:54 - Syncing IBKR prices... ✅ Updated 10 positions | Gold: $4450.13
⏰ 03:46:55 - Syncing IBKR prices... ✅ Updated 10 positions | Gold: $4461.90
⏰ 03:47:57 - Syncing IBKR prices... ✅ Updated 10 positions | Gold: $4450.66
⏰ 03:48:59 - Syncing IBKR prices... ✅ Updated 10 positions | Gold: $4469.65
⏰ 03:50:00 - Syncing IBKR prices... ✅ Updated 10 positions | Gold: $4469.48
⏰ 03:51:02 - Syncing IBKR prices... ✅ Updated 10 positions | Gold: $4452.01
⏰ 03:52:04 - Syncing IBKR prices... ✅ Updated 10 positions | Gold: $4451.93
⏰ 03:53:05 - Syncing IBKR prices... ✅ Updated 10 positions | Gold: $4467.47
⏰ 03:54:07 - Syncing IBKR prices... ✅ Updated 10 positions | Gold: $4468.07
⏰ 03:55:09 - Syncing IBKR prices... ✅ Updated 10 positions | Gold: $4455.87
⏰ 03:56:10 - Syncing IBKR prices... ✅ Updated 10 positions | Gold: $4457.19
⏰ 03:57:12 - Syncing IBKR prices... ✅ Updated 10 positions | Gold: $4467.57
⏰ 03:58:14 - Syncing IBKR prices... ✅ Updated 10 positions | Gold: $4464.47
⏰ 03:59:15 - Syncing IBKR prices... ✅ Updated 10 positions | Gold: $4467.87
⏰ 04:00:17 - Syncing IBKR prices... ✅ Updated 10 positions | Gold: $4456.31
⏰ 04:01:18 - Syncing IBKR prices... ✅ Updated 10 positions | Gold: $4451.02
⏰ 04:02:20 - Syncing IBKR prices... ✅ Updated 10 positions | Gold: $4468.74
⏰ 04:03:22 - Syncing IBKR prices... ✅ Updated 10 positions | Gold: $4465.10
⏰ 04:04:23 - Syncing IBKR prices... ✅ Updated 10 positions | Gold: $4455.31
⏰ 04:05:25 - Syncing IBKR prices... ✅ Updated 10 positions | Gold: $4462.72
⏰ 04:06:27 - Syncing IBKR prices... ✅ Updated 10 positions | Gold: $4469.89
⏰ 04:07:28 - Syncing IBKR prices... ✅ Updated 10 positions | Gold: $4460.66
⏰ 04:08:30 - Syncing IBKR prices... ✅ Updated 10 positions | Gold: $4453.80
⏰ 04:09:32 - Syncing IBKR prices... ✅ Updated 10 positions | Gold: $4464.39
⏰ 04:10:33 - Syncing IBKR prices... ✅ Updated 10 positions | Gold: $4452.12
⏰ 04:11:35 - Syncing IBKR prices... ✅ Updated 10 positions | Gold: $4467.77
⏰ 04:12:37 - Syncing IBKR prices... ✅ Updated 10 positions | Gold: $4457.82
⏰ 04:13:39 - Syncing IBKR prices... ✅ Updated 10 positions | Gold: $4459.48
⏰ 04:14:40 - Syncing IBKR prices... ✅ Updated 10 positions | Gold: $4465.03
⏰ 04:15:42 - Syncing IBKR prices... ✅ Updated 10 positions | Gold: $4468.03
⏰ 04:16:44 - Syncing IBKR prices... ✅ Updated 10 positions | Gold: $4454.79
⏰ 04:17:45 - Syncing IBKR prices... ✅ Updated 10 positions | Gold: $4452.16
⏰ 04:18:47 - Syncing IBKR prices... ✅ Updated 10 positions | Gold: $4455.95
⏰ 04:19:49 - Syncing IBKR prices... ✅ Updated 10 positions | Gold: $4455.36
⏰ 04:20:50 - Syncing IBKR prices... ✅ Updated 10 positions | Gold: $4467.97
⏰ 04:21:52 - Syncing IBKR prices... ✅ Updated 10 positions | Gold: $4451.78
⏰ 04:22:54 - Syncing IBKR prices... ✅ Updated 10 positions | Gold: $4464.82
⏰ 04:23:55 - Syncing IBKR prices... ✅ Updated 10 positions | Gold: $4454.16
⏰ 04:24:57 - Syncing IBKR prices... ✅ Updated 10 positions | Gold: $4461.93
⏰ 04:25:59 - Syncing IBKR prices... ✅ Updated 10 positions | Gold: $4464.89
⏰ 04:27:01 - Syncing IBKR prices... ✅ Updated 10 positions | Gold: $4466.72
⏰ 04:28:02 - Syncing IBKR prices... ✅ Updated 10 positions | Gold: $4453.07
⏰ 04:29:04 - Syncing IBKR prices... ✅ Updated 10 positions | Gold: $4459.12
⏰ 04:30:06 - Syncing IBKR prices... ✅ Updated 10 positions | Gold: $4450.50
⏰ 04:31:08 - Syncing IBKR prices... ✅ Updated 10 positions | Gold: $4454.69
⏰ 04:32:09 - Syncing IBKR prices... ✅ Updated 10 positions | Gold: $4466.36
⏰ 04:33:11 - Syncing IBKR prices... ✅ Updated 10 positions | Gold: $4458.86
⏰ 04:34:13 - Syncing IBKR prices... ✅ Updated 10 positions | Gold: $4467.49
⏰ 04:35:15 - Syncing IBKR prices... ✅ Updated 10 positions | Gold: $4462.16
⏰ 04:36:16 - Syncing IBKR prices... ✅ Updated 10 positions | Gold: $4465.42
⏰ 04:37:18 - Syncing IBKR prices... ✅ Updated 10 positions | Gold: $4468.61
⏰ 04:38:20 - Syncing IBKR prices... ✅ Updated 10 positions | Gold: $4453.49
⏰ 04:39:21 - Syncing IBKR prices... ✅ Updated 10 positions | Gold: $4454.02
⏰ 04:40:23 - Syncing IBKR prices... ✅ Updated 10 positions | Gold: $4451.16
⏰ 04:41:25 - Syncing IBKR prices... ✅ Updated 10 positions | Gold: $4461.92
⏰ 04:42:26 - Syncing IBKR prices... ✅ Updated 10 positions | Gold: $4463.26
⏰ 04:43:28 - Syncing IBKR prices... ✅ Updated 10 positions | Gold: $4468.35
⏰ 04:44:30 - Syncing IBKR prices... ✅ Updated 10 positions | Gold: $4460.46
⏰ 04:45:31 - Syncing IBKR prices... ✅ Updated 10 positions | Gold: $4450.01
⏰ 04:46:33 - Syncing IBKR prices... ✅ Updated 10 positions | Gold: $4469.06
⏰ 04:47:34 - Syncing IBKR prices... ✅ Updated 10 positions | Gold: $4453.35
⏰ 04:48:36 - Syncing IBKR prices... ✅ Updated 10 positions | Gold: $4452.00
⏰ 04:49:38 - Syncing IBKR prices... ✅ Updated 10 positions | Gold: $4466.04
⏰ 04:50:39 - Syncing IBKR prices... ✅ Updated 10 positions | Gold: $4462.72
⏰ 04:51:41 - Syncing IBKR prices... ✅ Updated 10 positions | Gold: $4463.22
⏰ 04:52:43 - Syncing IBKR prices... ✅ Updated 10 positions | Gold: $4455.07
⏰ 04:53:44 - Syncing IBKR prices... ✅ Updated 10 positions | Gold: $4460.83
⏰ 04:54:46 - Syncing IBKR prices... ✅ Updated 10 positions | Gold: $4458.42
⏰ 04:55:48 - Syncing IBKR prices... ✅ Updated 10 positions | Gold: $4457.20
⏰ 04:56:49 - Syncing IBKR prices... ✅ Updated 10 positions | Gold: $4455.62
⏰ 04:57:51 - Syncing IBKR prices... ✅ Updated 10 positions | Gold: $4456.06
⏰ 04:58:53 - Syncing IBKR prices... ✅ Updated 10 positions | Gold: $4463.61
⏰ 04:59:54 - Syncing IBKR prices... ✅ Updated 10 positions | Gold: $4463.71
⏰ 05:00:56 - Syncing IBKR prices... ✅ Updated 10 positions | Gold: $4462.24
⏰ 05:01:58 - Syncing IBKR prices... ✅ Updated 10 positions | Gold: $4463.88
⏰ 05:02:59 - Syncing IBKR prices... ✅ Updated 10 positions | Gold: $4454.78
⏰ 05:04:01 - Syncing IBKR prices... ✅ Updated 10 positions | Gold: $4460.50
⏰ 05:05:03 - Syncing IBKR prices... ✅ Updated 10 positions | Gold: $4460.15
⏰ 05:06:05 - Syncing IBKR prices... ✅ Updated 10 positions | Gold: $4463.38
⏰ 05:07:06 - Syncing IBKR prices... ✅ Updated 10 positions | Gold: $4462.95
⏰ 05:08:08 - Syncing IBKR prices... ✅ Updated 10 positions | Gold: $4466.67
⏰ 05:09:10 - Syncing IBKR prices... ✅ Updated 10 positions | Gold: $4452.34
⏰ 05:10:11 - Syncing IBKR prices... ✅ Updated 10 positions | Gold: $4458.63
⏰ 05:11:13 - Syncing IBKR prices... ✅ Updated 10 positions | Gold: $4452.11
⏰ 05:12:15 - Syncing IBKR prices... ✅ Updated 10 positions | Gold: $4461.75
⏰ 05:13:17 - Syncing IBKR prices... ✅ Updated 10 positions | Gold: $4458.81
⏰ 05:14:19 - Syncing IBKR prices... ✅ Updated 10 positions | Gold: $4466.04
⏰ 05:15:20 - Syncing IBKR prices... ✅ Updated 10 positions | Gold: $4462.82
⏰ 05:16:22 - Syncing IBKR prices... ✅ Updated 10 positions | Gold: $4451.71
⏰ 05:17:24 - Syncing IBKR prices... ✅ Updated 10 positions | Gold: $4450.20
⏰ 05:18:26 - Syncing IBKR prices... ✅ Updated 10 positions | Gold: $4458.19
⏰ 05:19:27 - Syncing IBKR prices... ✅ Updated 10 positions | Gold: $4465.61
⏰ 05:20:29 - Syncing IBKR prices... ✅ Updated 10 positions | Gold: $4465.74
⏰ 05:21:31 - Syncing IBKR prices... ✅ Updated 10 positions | Gold: $4467.98
⏰ 05:22:33 - Syncing IBKR prices... ✅ Updated 10 positions | Gold: $4465.44
⏰ 05:23:34 - Syncing IBKR prices... ✅ Updated 10 positions | Gold: $4455.99
⏰ 05:24:36 - Syncing IBKR prices... ✅ Updated 10 positions | Gold: $4467.16
⏰ 05:25:38 - Syncing IBKR prices... ✅ Updated 10 positions | Gold: $4469.99
⏰ 05:26:39 - Syncing IBKR prices... ✅ Updated 10 positions | Gold: $4453.01
⏰ 05:27:41 - Syncing IBKR prices... ✅ Updated 10 positions | Gold: $4457.00
⏰ 05:28:43 - Syncing IBKR prices... ✅ Updated 10 positions | Gold: $4455.95
⏰ 05:29:44 - Syncing IBKR prices... ✅ Updated 10 positions | Gold: $4451.39
⏰ 05:30:46 - Syncing IBKR prices... ✅ Updated 10 positions | Gold: $4466.87
⏰ 05:31:48 - Syncing IBKR prices... ✅ Updated 10 positions | Gold: $4457.23
⏰ 05:32:49 - Syncing IBKR prices... ✅ Updated 10 positions | Gold: $4452.85
⏰ 05:33:51 - Syncing IBKR prices... ✅ Updated 10 positions | Gold: $4456.26
⏰ 05:34:53 - Syncing IBKR prices... ✅ Updated 10 positions | Gold: $4466.28
⏰ 05:35:54 - Syncing IBKR prices... ✅ Updated 10 positions | Gold: $4468.63
⏰ 05:36:56 - Syncing IBKR prices... ✅ Updated 10 positions | Gold: $4457.55
⏰ 05:37:58 - Syncing IBKR prices... ✅ Updated 10 positions | Gold: $4453.54
⏰ 05:38:59 - Syncing IBKR prices... ✅ Updated 10 positions | Gold: $4451.89
⏰ 05:40:01 - Syncing IBKR prices... ✅ Updated 10 positions | Gold: $4469.27
⏰ 05:41:03 - Syncing IBKR prices... ✅ Updated 10 positions | Gold: $4458.39
⏰ 05:42:05 - Syncing IBKR prices... ✅ Updated 10 positions | Gold: $4450.29
⏰ 05:43:06 - Syncing IBKR prices... ✅ Updated 10 positions | Gold: $4464.39
⏰ 05:44:08 - Syncing IBKR prices... ✅ Updated 10 positions | Gold: $4464.04
⏰ 05:45:10 - Syncing IBKR prices... ✅ Updated 10 positions | Gold: $4460.50
⏰ 05:46:11 - Syncing IBKR prices... ✅ Updated 10 positions | Gold: $4463.23
⏰ 05:47:13 - Syncing IBKR prices... ✅ Updated 10 positions | Gold: $4453.27
⏰ 05:48:15 - Syncing IBKR prices... ✅ Updated 10 positions | Gold: $4458.86
⏰ 05:49:16 - Syncing IBKR prices... ✅ Updated 10 positions | Gold: $4465.14
⏰ 05:50:18 - Syncing IBKR prices... ✅ Updated 10 positions | Gold: $4455.15
⏰ 05:51:20 - Syncing IBKR prices... ✅ Updated 10 positions | Gold: $4459.98
⏰ 05:52:21 - Syncing IBKR prices... ✅ Updated 10 positions | Gold: $4453.94
⏰ 05:53:23 - Syncing IBKR prices... ✅ Updated 10 positions | Gold: $4466.55
⏰ 05:54:25 - Syncing IBKR prices... ✅ Updated 10 positions | Gold: $4464.86
⏰ 05:55:27 - Syncing IBKR prices... ✅ Updated 10 positions | Gold: $4465.65
⏰ 05:56:28 - Syncing IBKR prices... ✅ Updated 10 positions | Gold: $4462.56
⏰ 05:57:30 - Syncing IBKR prices... ✅ Updated 10 positions | Gold: $4467.14
⏰ 05:58:32 - Syncing IBKR prices... ✅ Updated 10 positions | Gold: $4452.26
⏰ 05:59:34 - Syncing IBKR prices... ✅ Updated 10 positions | Gold: $4454.71
⏰ 06:00:35 - Syncing IBKR prices... ✅ Updated 10 positions | Gold: $4458.03
⏰ 06:01:37 - Syncing IBKR prices... ✅ Updated 10 positions | Gold: $4457.37
⏰ 06:02:39 - Syncing IBKR prices... ✅ Updated 10 positions | Gold: $4458.57
⏰ 06:03:41 - Syncing IBKR prices... ✅ Updated 10 positions | Gold: $4450.10
⏰ 06:04:42 - Syncing IBKR prices... ✅ Updated 10 positions | Gold: $4467.23
⏰ 06:05:44 - Syncing IBKR prices... ✅ Updated 10 positions | Gold: $4453.29
⏰ 06:06:46 - Syncing IBKR prices... ✅ Updated 10 positions | Gold: $4467.48
⏰ 06:07:48 - Syncing IBKR prices... ✅ Updated 10 positions | Gold: $4459.53
⏰ 06:08:49 - Syncing IBKR prices... ✅ Updated 10 positions | Gold: $4453.81
⏰ 06:09:51 - Syncing IBKR prices... ✅ Updated 10 positions | Gold: $4458.43
⏰ 06:10:53 - Syncing IBKR prices... ✅ Updated 10 positions | Gold: $4451.50
⏰ 06:11:54 - Syncing IBKR prices... ✅ Updated 10 positions | Gold: $4456.30
⏰ 06:12:56 - Syncing IBKR prices... ✅ Updated 10 positions | Gold: $4450.61
⏰ 06:13:58 - Syncing IBKR prices... ✅ Updated 10 positions | Gold: $4455.96
⏰ 06:15:00 - Syncing IBKR prices... ✅ Updated 10 positions | Gold: $4455.24
⏰ 06:16:01 - Syncing IBKR prices... ✅ Updated 10 positions | Gold: $4460.20
⏰ 06:17:03 - Syncing IBKR prices... ✅ Updated 10 positions | Gold: $4467.72
⏰ 06:18:05 - Syncing IBKR prices... ✅ Updated 10 positions | Gold: $4453.69
⏰ 06:19:06 - Syncing IBKR prices... ✅ Updated 10 positions | Gold: $4451.95
⏰ 06:20:08 - Syncing IBKR prices... ✅ Updated 10 positions | Gold: $4469.15
⏰ 06:21:10 - Syncing IBKR prices... ✅ Updated 10 positions | Gold: $4461.35
⏰ 06:22:11 - Syncing IBKR prices... ✅ Updated 10 positions | Gold: $4458.88
⏰ 06:23:13 - Syncing IBKR prices... ✅ Updated 10 positions | Gold: $4460.53
⏰ 06:24:15 - Syncing IBKR prices... ✅ Updated 10 positions | Gold: $4460.53
⏰ 06:25:16 - Syncing IBKR prices... ✅ Updated 10 positions | Gold: $4450.36
⏰ 06:26:18 - Syncing IBKR prices... ✅ Updated 10 positions | Gold: $4462.71
⏰ 06:27:20 - Syncing IBKR prices... ✅ Updated 10 positions | Gold: $4468.47
⏰ 06:28:21 - Syncing IBKR prices... ✅ Updated 10 positions | Gold: $4469.42
⏰ 06:29:23 - Syncing IBKR prices... ✅ Updated 10 positions | Gold: $4457.49
⏰ 06:30:24 - Syncing IBKR prices... ✅ Updated 10 positions | Gold: $4452.56
⏰ 06:31:26 - Syncing IBKR prices... ✅ Updated 10 positions | Gold: $4450.56
⏰ 06:32:28 - Syncing IBKR prices... ✅ Updated 10 positions | Gold: $4453.36
⏰ 06:33:29 - Syncing IBKR prices... ✅ Updated 10 positions | Gold: $4463.12
⏰ 06:34:31 - Syncing IBKR prices... ✅ Updated 10 positions | Gold: $4456.40
⏰ 06:35:33 - Syncing IBKR prices... ✅ Updated 10 positions | Gold: $4452.10
⏰ 06:36:34 - Syncing IBKR prices... ✅ Updated 10 positions | Gold: $4454.26
⏰ 06:37:36 - Syncing IBKR prices... ✅ Updated 10 positions | Gold: $4461.35
⏰ 06:38:38 - Syncing IBKR prices... ✅ Updated 10 positions | Gold: $4459.37
⏰ 06:39:39 - Syncing IBKR prices... ✅ Updated 10 positions | Gold: $4467.84
⏰ 06:40:41 - Syncing IBKR prices... ✅ Updated 10 positions | Gold: $4451.62
⏰ 06:41:43 - Syncing IBKR prices... ✅ Updated 10 positions | Gold: $4460.98
⏰ 06:42:44 - Syncing IBKR prices... ✅ Updated 10 positions | Gold: $4453.99
⏰ 06:43:46 - Syncing IBKR prices... ✅ Updated 10 positions | Gold: $4450.91
⏰ 06:44:48 - Syncing IBKR prices... ✅ Updated 10 positions | Gold: $4457.15
⏰ 06:45:50 - Syncing IBKR prices... ✅ Updated 10 positions | Gold: $4469.67
⏰ 06:46:51 - Syncing IBKR prices... ✅ Updated 10 positions | Gold: $4467.61
⏰ 06:47:53 - Syncing IBKR prices... ✅ Updated 10 positions | Gold: $4455.53
⏰ 06:48:55 - Syncing IBKR prices... ✅ Updated 10 positions | Gold: $4459.03
⏰ 06:49:57 - Syncing IBKR prices... ✅ Updated 10 positions | Gold: $4454.77
⏰ 06:50:58 - Syncing IBKR prices... ✅ Updated 10 positions | Gold: $4459.14
⏰ 06:52:00 - Syncing IBKR prices... ✅ Updated 10 positions | Gold: $4450.00
⏰ 06:53:02 - Syncing IBKR prices... ✅ Updated 10 positions | Gold: $4452.91
⏰ 06:54:04 - Syncing IBKR prices... ✅ Updated 10 positions | Gold: $4463.62
⏰ 06:55:05 - Syncing IBKR prices... ✅ Updated 10 positions | Gold: $4450.53
⏰ 06:56:07 - Syncing IBKR prices... ✅ Updated 10 positions | Gold: $4457.38
⏰ 06:57:09 - Syncing IBKR prices... ✅ Updated 10 positions | Gold: $4459.38
⏰ 06:58:11 - Syncing IBKR prices... ✅ Updated 10 positions | Gold: $4464.04
⏰ 06:59:12 - Syncing IBKR prices... ✅ Updated 10 positions | Gold: $4467.24
⏰ 07:00:14 - Syncing IBKR prices... ✅ Updated 10 positions | Gold: $4466.88
⏰ 07:01:16 - Syncing IBKR prices... ✅ Updated 10 positions | Gold: $4464.05
⏰ 07:02:18 - Syncing IBKR prices... ✅ Updated 10 positions | Gold: $4450.06
⏰ 07:03:19 - Syncing IBKR prices... ✅ Updated 10 positions | Gold: $4466.74
⏰ 07:04:21 - Syncing IBKR prices... ✅ Updated 10 positions | Gold: $4450.84
⏰ 07:05:22 - Syncing IBKR prices... ✅ Updated 10 positions | Gold: $4456.09
⏰ 07:06:24 - Syncing IBKR prices... ✅ Updated 10 positions | Gold: $4459.24
⏰ 07:07:26 - Syncing IBKR prices... ✅ Updated 10 positions | Gold: $4467.61
⏰ 07:08:27 - Syncing IBKR prices... ✅ Updated 10 positions | Gold: $4459.56
⏰ 07:09:29 - Syncing IBKR prices... ✅ Updated 10 positions | Gold: $4466.99
⏰ 07:10:31 - Syncing IBKR prices... ✅ Updated 10 positions | Gold: $4462.92
⏰ 07:11:32 - Syncing IBKR prices... ✅ Updated 10 positions | Gold: $4454.26
⏰ 07:12:34 - Syncing IBKR prices... ✅ Updated 10 positions | Gold: $4458.43
⏰ 07:13:36 - Syncing IBKR prices... ✅ Updated 10 positions | Gold: $4455.98
⏰ 07:14:37 - Syncing IBKR prices... ✅ Updated 10 positions | Gold: $4454.12
⏰ 07:15:39 - Syncing IBKR prices... ✅ Updated 10 positions | Gold: $4463.75
⏰ 07:16:41 - Syncing IBKR prices... ✅ Updated 10 positions | Gold: $4450.42
⏰ 07:17:42 - Syncing IBKR prices... ✅ Updated 10 positions | Gold: $4457.44
⏰ 07:18:44 - Syncing IBKR prices... ✅ Updated 10 positions | Gold: $4457.51
⏰ 07:19:46 - Syncing IBKR prices... ✅ Updated 10 positions | Gold: $4469.33
⏰ 07:20:47 - Syncing IBKR prices... ✅ Updated 10 positions | Gold: $4459.66
⏰ 07:21:50 - Syncing IBKR prices... ✅ Updated 10 positions | Gold: $4451.16
⏰ 07:22:52 - Syncing IBKR prices... ✅ Updated 10 positions | Gold: $4454.23
⏰ 07:23:54 - Syncing IBKR prices... ✅ Updated 10 positions | Gold: $4467.40
⏰ 07:24:55 - Syncing IBKR prices... ✅ Updated 10 positions | Gold: $4465.13
⏰ 07:25:57 - Syncing IBKR prices... ✅ Updated 10 positions | Gold: $4454.73
⏰ 07:26:59 - Syncing IBKR prices... ✅ Updated 10 positions | Gold: $4460.22
⏰ 07:28:00 - Syncing IBKR prices... ✅ Updated 10 positions | Gold: $4464.90
⏰ 07:29:02 - Syncing IBKR prices... ✅ Updated 10 positions | Gold: $4452.25
⏰ 07:30:04 - Syncing IBKR prices... ✅ Updated 10 positions | Gold: $4469.53
⏰ 07:31:05 - Syncing IBKR prices... ✅ Updated 10 positions | Gold: $4463.57
⏰ 07:32:07 - Syncing IBKR prices... ✅ Updated 10 positions | Gold: $4463.80
⏰ 07:33:09 - Syncing IBKR prices... ✅ Updated 10 positions | Gold: $4465.84
⏰ 07:34:10 - Syncing IBKR prices... ✅ Updated 10 positions | Gold: $4464.97
⏰ 07:35:12 - Syncing IBKR prices... ✅ Updated 10 positions | Gold: $4461.71
⏰ 07:36:14 - Syncing IBKR prices... ✅ Updated 10 positions | Gold: $4469.28
⏰ 07:37:16 - Syncing IBKR prices... ✅ Updated 10 positions | Gold: $4466.67
⏰ 07:38:17 - Syncing IBKR prices... ✅ Updated 10 positions | Gold: $4450.39
⏰ 07:39:19 - Syncing IBKR prices... ✅ Updated 10 positions | Gold: $4458.59
⏰ 07:40:21 - Syncing IBKR prices... ✅ Updated 10 positions | Gold: $4466.29
⏰ 07:41:23 - Syncing IBKR prices... ✅ Updated 10 positions | Gold: $4450.67
⏰ 07:42:25 - Syncing IBKR prices... ✅ Updated 10 positions | Gold: $4454.79
⏰ 07:43:26 - Syncing IBKR prices... ✅ Updated 10 positions | Gold: $4469.19
⏰ 07:44:28 - Syncing IBKR prices... ✅ Updated 10 positions | Gold: $4457.67
⏰ 07:45:30 - Syncing IBKR prices... ✅ Updated 10 positions | Gold: $4462.24
⏰ 07:46:32 - Syncing IBKR prices... ✅ Updated 10 positions | Gold: $4454.55
⏰ 07:47:33 - Syncing IBKR prices... ✅ Updated 10 positions | Gold: $4456.54
⏰ 07:48:35 - Syncing IBKR prices... ✅ Updated 10 positions | Gold: $4463.09
⏰ 07:49:37 - Syncing IBKR prices... ✅ Updated 10 positions | Gold: $4466.42
⏰ 07:50:39 - Syncing IBKR prices... ✅ Updated 10 positions | Gold: $4469.50
⏰ 07:51:40 - Syncing IBKR prices... ✅ Updated 10 positions | Gold: $4465.62
⏰ 07:52:42 - Syncing IBKR prices... ✅ Updated 10 positions | Gold: $4450.24
⏰ 07:53:43 - Syncing IBKR prices... ✅ Updated 10 positions | Gold: $4462.04
⏰ 07:54:45 - Syncing IBKR prices... ✅ Updated 10 positions | Gold: $4459.10
⏰ 07:55:47 - Syncing IBKR prices... ✅ Updated 10 positions | Gold: $4469.24
⏰ 07:56:48 - Syncing IBKR prices... ✅ Updated 10 positions | Gold: $4458.75
⏰ 07:57:50 - Syncing IBKR prices... ✅ Updated 10 positions | Gold: $4453.49
⏰ 07:58:52 - Syncing IBKR prices... ✅ Updated 10 positions | Gold: $4466.75
⏰ 07:59:53 - Syncing IBKR prices... ✅ Updated 10 positions | Gold: $4467.51
⏰ 08:00:55 - Syncing IBKR prices... ✅ Updated 10 positions | Gold: $4462.66
⏰ 08:01:57 - Syncing IBKR prices... ✅ Updated 10 positions | Gold: $4468.46
⏰ 08:02:59 - Syncing IBKR prices... ✅ Updated 10 positions | Gold: $4459.84
⏰ 08:04:00 - Syncing IBKR prices... ✅ Updated 10 positions | Gold: $4468.00
⏰ 08:05:02 - Syncing IBKR prices... ✅ Updated 10 positions | Gold: $4454.41
⏰ 08:06:04 - Syncing IBKR prices... ✅ Updated 10 positions | Gold: $4461.58
⏰ 08:07:05 - Syncing IBKR prices... ✅ Updated 10 positions | Gold: $4457.59
⏰ 08:08:07 - Syncing IBKR prices... ✅ Updated 10 positions | Gold: $4455.96
⏰ 08:09:09 - Syncing IBKR prices... ✅ Updated 10 positions | Gold: $4465.76
⏰ 08:10:10 - Syncing IBKR prices... ✅ Updated 10 positions | Gold: $4462.24
⏰ 08:11:12 - Syncing IBKR prices... ✅ Updated 10 positions | Gold: $4453.18
⏰ 08:12:14 - Syncing IBKR prices... ✅ Updated 10 positions | Gold: $4467.46
⏰ 08:13:16 - Syncing IBKR prices... ✅ Updated 10 positions | Gold: $4456.36
⏰ 08:14:17 - Syncing IBKR prices... ✅ Updated 10 positions | Gold: $4452.22
⏰ 08:15:19 - Syncing IBKR prices... ✅ Updated 10 positions | Gold: $4467.66
⏰ 08:16:21 - Syncing IBKR prices... ✅ Updated 10 positions | Gold: $4459.30
⏰ 08:17:22 - Syncing IBKR prices... ✅ Updated 10 positions | Gold: $4450.27
⏰ 08:18:24 - Syncing IBKR prices... ✅ Updated 10 positions | Gold: $4464.21
⏰ 08:19:26 - Syncing IBKR prices... ✅ Updated 10 positions | Gold: $4455.56
⏰ 08:20:27 - Syncing IBKR prices... ✅ Updated 10 positions | Gold: $4461.82
⏰ 08:21:29 - Syncing IBKR prices... ✅ Updated 10 positions | Gold: $4467.15
⏰ 08:22:31 - Syncing IBKR prices... ✅ Updated 10 positions | Gold: $4453.98
⏰ 08:23:33 - Syncing IBKR prices... ✅ Updated 10 positions | Gold: $4468.02
⏰ 08:24:35 - Syncing IBKR prices... ✅ Updated 10 positions | Gold: $4450.81
⏰ 08:25:36 - Syncing IBKR prices... ✅ Updated 10 positions | Gold: $4463.92
⏰ 08:26:39 - Syncing IBKR prices... ✅ Updated 10 positions | Gold: $4467.25
⏰ 08:27:40 - Syncing IBKR prices... ✅ Updated 10 positions | Gold: $4469.32
⏰ 08:28:42 - Syncing IBKR prices... ✅ Updated 10 positions | Gold: $4461.47
⏰ 08:29:44 - Syncing IBKR prices... ✅ Updated 10 positions | Gold: $4455.05
⏰ 08:30:46 - Syncing IBKR prices... ✅ Updated 10 positions | Gold: $4468.94
⏰ 08:31:47 - Syncing IBKR prices... ✅ Updated 10 positions | Gold: $4469.05
⏰ 08:32:49 - Syncing IBKR prices... ✅ Updated 10 positions | Gold: $4469.84
⏰ 08:33:51 - Syncing IBKR prices... ✅ Updated 10 positions | Gold: $4451.66
⏰ 08:34:53 - Syncing IBKR prices... ✅ Updated 10 positions | Gold: $4466.89
⏰ 08:35:55 - Syncing IBKR prices... ✅ Updated 10 positions | Gold: $4469.83
⏰ 08:36:56 - Syncing IBKR prices... ✅ Updated 10 positions | Gold: $4456.84
⏰ 08:37:58 - Syncing IBKR prices... ✅ Updated 10 positions | Gold: $4469.32
⏰ 08:39:00 - Syncing IBKR prices... ✅ Updated 10 positions | Gold: $4463.88
⏰ 08:40:02 - Syncing IBKR prices... ✅ Updated 10 positions | Gold: $4462.39
⏰ 08:41:03 - Syncing IBKR prices... ✅ Updated 10 positions | Gold: $4451.16
⏰ 08:42:05 - Syncing IBKR prices... ✅ Updated 10 positions | Gold: $4450.04
⏰ 08:43:07 - Syncing IBKR prices... ✅ Updated 10 positions | Gold: $4467.98
⏰ 08:44:08 - Syncing IBKR prices... ✅ Updated 10 positions | Gold: $4452.45
⏰ 08:45:10 - Syncing IBKR prices... ✅ Updated 10 positions | Gold: $4462.64
⏰ 08:46:12 - Syncing IBKR prices... ✅ Updated 10 positions | Gold: $4463.51
⏰ 08:47:13 - Syncing IBKR prices... ✅ Updated 10 positions | Gold: $4452.09
⏰ 08:48:15 - Syncing IBKR prices... ✅ Updated 10 positions | Gold: $4453.47
⏰ 08:49:17 - Syncing IBKR prices... ✅ Updated 10 positions | Gold: $4462.06
⏰ 08:50:18 - Syncing IBKR prices... ✅ Updated 10 positions | Gold: $4450.53
⏰ 08:51:20 - Syncing IBKR prices... ✅ Updated 10 positions | Gold: $4466.98
⏰ 08:52:22 - Syncing IBKR prices... ✅ Updated 10 positions | Gold: $4452.32
⏰ 08:53:24 - Syncing IBKR prices... ✅ Updated 10 positions | Gold: $4451.71
⏰ 08:54:25 - Syncing IBKR prices... ✅ Updated 10 positions | Gold: $4461.83
⏰ 08:55:27 - Syncing IBKR prices... ✅ Updated 10 positions | Gold: $4457.49
⏰ 08:56:29 - Syncing IBKR prices... ✅ Updated 10 positions | Gold: $4456.33
⏰ 08:57:30 - Syncing IBKR prices... ✅ Updated 10 positions | Gold: $4466.30
⏰ 08:58:32 - Syncing IBKR prices... ✅ Updated 10 positions | Gold: $4464.35
⏰ 08:59:34 - Syncing IBKR prices... ✅ Updated 10 positions | Gold: $4455.53
⏰ 09:00:35 - Syncing IBKR prices... ✅ Updated 10 positions | Gold: $4453.57
⏰ 09:01:37 - Syncing IBKR prices... ✅ Updated 10 positions | Gold: $4459.38
⏰ 09:02:39 - Syncing IBKR prices... ✅ Updated 10 positions | Gold: $4459.16
⏰ 09:03:41 - Syncing IBKR prices... ✅ Updated 10 positions | Gold: $4465.41
⏰ 09:04:42 - Syncing IBKR prices... ✅ Updated 10 positions | Gold: $4459.03
⏰ 09:05:44 - Syncing IBKR prices... ✅ Updated 10 positions | Gold: $4452.64
⏰ 09:06:46 - Syncing IBKR prices... ✅ Updated 10 positions | Gold: $4462.00
⏰ 09:07:48 - Syncing IBKR prices... ✅ Updated 10 positions | Gold: $4461.01
⏰ 09:08:49 - Syncing IBKR prices... ✅ Updated 10 positions | Gold: $4455.71
⏰ 09:09:51 - Syncing IBKR prices... ✅ Updated 10 positions | Gold: $4452.50
⏰ 09:10:53 - Syncing IBKR prices... ✅ Updated 10 positions | Gold: $4458.96
⏰ 09:11:55 - Syncing IBKR prices... ✅ Updated 10 positions | Gold: $4468.45
⏰ 09:12:57 - Syncing IBKR prices... ✅ Updated 10 positions | Gold: $4457.07
⏰ 09:13:58 - Syncing IBKR prices... ✅ Updated 10 positions | Gold: $4468.91
⏰ 09:15:00 - Syncing IBKR prices... ✅ Updated 10 positions | Gold: $4462.50
⏰ 09:16:02 - Syncing IBKR prices... ✅ Updated 10 positions | Gold: $4457.47
⏰ 09:17:04 - Syncing IBKR prices... ✅ Updated 10 positions | Gold: $4457.11
⏰ 09:18:05 - Syncing IBKR prices... ✅ Updated 10 positions | Gold: $4451.56
⏰ 09:19:07 - Syncing IBKR prices... ✅ Updated 10 positions | Gold: $4466.07
⏰ 09:20:09 - Syncing IBKR prices... ✅ Updated 10 positions | Gold: $4450.60
⏰ 09:21:11 - Syncing IBKR prices... ✅ Updated 10 positions | Gold: $4466.18
⏰ 09:22:13 - Syncing IBKR prices... ✅ Updated 10 positions | Gold: $4466.45
⏰ 09:23:15 - Syncing IBKR prices... ✅ Updated 10 positions | Gold: $4469.80
⏰ 09:24:16 - Syncing IBKR prices... ✅ Updated 10 positions | Gold: $4468.60
⏰ 09:25:18 - Syncing IBKR prices... ✅ Updated 10 positions | Gold: $4460.97
⏰ 09:26:20 - Syncing IBKR prices... ✅ Updated 10 positions | Gold: $4468.05
⏰ 09:27:22 - Syncing IBKR prices... ✅ Updated 10 positions | Gold: $4462.10
⏰ 09:28:23 - Syncing IBKR prices... ✅ Updated 10 positions | Gold: $4460.49
⏰ 09:29:25 - Syncing IBKR prices... ✅ Updated 10 positions | Gold: $4466.75
⏰ 09:30:27 - Syncing IBKR prices... ✅ Updated 10 positions | Gold: $4461.69
⏰ 09:31:28 - Syncing IBKR prices... ✅ Updated 10 positions | Gold: $4453.91
⏰ 09:32:30 - Syncing IBKR prices... ✅ Updated 10 positions | Gold: $4464.65
⏰ 09:33:32 - Syncing IBKR prices... ✅ Updated 10 positions | Gold: $4463.97
⏰ 09:34:34 - Syncing IBKR prices... ✅ Updated 10 positions | Gold: $4463.46
⏰ 09:35:35 - Syncing IBKR prices... ✅ Updated 10 positions | Gold: $4468.24
⏰ 09:36:37 - Syncing IBKR prices... ✅ Updated 10 positions | Gold: $4462.71
⏰ 09:37:39 - Syncing IBKR prices... ✅ Updated 10 positions | Gold: $4457.96
⏰ 09:38:40 - Syncing IBKR prices... ✅ Updated 10 positions | Gold: $4452.94
⏰ 09:39:42 - Syncing IBKR prices... ✅ Updated 10 positions | Gold: $4463.23
⏰ 09:40:43 - Syncing IBKR prices... ✅ Updated 10 positions | Gold: $4460.22
⏰ 09:41:45 - Syncing IBKR prices... ✅ Updated 10 positions | Gold: $4462.78
⏰ 09:42:47 - Syncing IBKR prices... ✅ Updated 10 positions | Gold: $4464.04
⏰ 09:43:49 - Syncing IBKR prices... ✅ Updated 10 positions | Gold: $4450.37
⏰ 09:44:50 - Syncing IBKR prices... ✅ Updated 10 positions | Gold: $4457.72
⏰ 09:45:52 - Syncing IBKR prices... ✅ Updated 10 positions | Gold: $4462.56
⏰ 09:46:54 - Syncing IBKR prices... ✅ Updated 10 positions | Gold: $4467.76
⏰ 09:47:55 - Syncing IBKR prices... ✅ Updated 10 positions | Gold: $4469.20
⏰ 09:48:57 - Syncing IBKR prices... ✅ Updated 10 positions | Gold: $4457.94
⏰ 09:49:59 - Syncing IBKR prices... ✅ Updated 10 positions | Gold: $4456.33
⏰ 09:51:00 - Syncing IBKR prices... ✅ Updated 10 positions | Gold: $4465.78
⏰ 09:52:02 - Syncing IBKR prices... ✅ Updated 10 positions | Gold: $4453.20
⏰ 09:53:04 - Syncing IBKR prices... ✅ Updated 10 positions | Gold: $4455.21
⏰ 09:54:06 - Syncing IBKR prices... ✅ Updated 10 positions | Gold: $4456.82
⏰ 09:55:08 - Syncing IBKR prices... ✅ Updated 10 positions | Gold: $4463.58
⏰ 09:56:10 - Syncing IBKR prices... ✅ Updated 10 positions | Gold: $4457.65
⏰ 09:57:11 - Syncing IBKR prices... ✅ Updated 10 positions | Gold: $4458.49
⏰ 09:58:13 - Syncing IBKR prices... ✅ Updated 10 positions | Gold: $4466.36
⏰ 09:59:15 - Syncing IBKR prices... ✅ Updated 10 positions | Gold: $4461.40
⏰ 10:00:17 - Syncing IBKR prices... ✅ Updated 10 positions | Gold: $4463.56
⏰ 10:01:19 - Syncing IBKR prices... ✅ Updated 10 positions | Gold: $4456.99
⏰ 10:02:20 - Syncing IBKR prices... ✅ Updated 10 positions | Gold: $4455.76
⏰ 10:03:22 - Syncing IBKR prices... ✅ Updated 10 positions | Gold: $4462.11
⏰ 10:04:24 - Syncing IBKR prices... ✅ Updated 10 positions | Gold: $4452.11
⏰ 10:05:26 - Syncing IBKR prices... ✅ Updated 10 positions | Gold: $4467.89
⏰ 10:06:27 - Syncing IBKR prices... ✅ Updated 10 positions | Gold: $4454.25
⏰ 10:07:29 - Syncing IBKR prices... ✅ Updated 10 positions | Gold: $4451.09
⏰ 10:08:31 - Syncing IBKR prices... ✅ Updated 10 positions | Gold: $4462.78
⏰ 10:09:33 - Syncing IBKR prices... ✅ Updated 10 positions | Gold: $4460.14
⏰ 10:10:34 - Syncing IBKR prices... ✅ Updated 10 positions | Gold: $4458.95
⏰ 10:11:36 - Syncing IBKR prices... ✅ Updated 10 positions | Gold: $4452.92
⏰ 10:12:38 - Syncing IBKR prices... ✅ Updated 10 positions | Gold: $4451.57
⏰ 10:13:40 - Syncing IBKR prices... ✅ Updated 10 positions | Gold: $4458.69
⏰ 10:14:42 - Syncing IBKR prices... ✅ Updated 10 positions | Gold: $4466.46
⏰ 10:15:43 - Syncing IBKR prices... ✅ Updated 10 positions | Gold: $4463.49
⏰ 10:16:45 - Syncing IBKR prices... ✅ Updated 10 positions | Gold: $4455.60
⏰ 10:17:47 - Syncing IBKR prices... ✅ Updated 10 positions | Gold: $4458.39
⏰ 10:18:49 - Syncing IBKR prices... ✅ Updated 10 positions | Gold: $4465.31
⏰ 10:19:50 - Syncing IBKR prices... ✅ Updated 10 positions | Gold: $4466.42
⏰ 10:20:52 - Syncing IBKR prices... ✅ Updated 10 positions | Gold: $4454.65
⏰ 10:21:54 - Syncing IBKR prices... ✅ Updated 10 positions | Gold: $4460.89
⏰ 10:22:55 - Syncing IBKR prices... ✅ Updated 10 positions | Gold: $4458.81
⏰ 10:23:57 - Syncing IBKR prices... ✅ Updated 10 positions | Gold: $4457.18
⏰ 10:24:59 - Syncing IBKR prices... ✅ Updated 10 positions | Gold: $4468.34
⏰ 10:26:01 - Syncing IBKR prices... ✅ Updated 10 positions | Gold: $4451.45
⏰ 10:27:03 - Syncing IBKR prices... ✅ Updated 10 positions | Gold: $4451.82
⏰ 10:28:04 - Syncing IBKR prices... ✅ Updated 10 positions | Gold: $4452.22
⏰ 10:29:06 - Syncing IBKR prices... ✅ Updated 10 positions | Gold: $4450.47
⏰ 10:30:08 - Syncing IBKR prices... ✅ Updated 10 positions | Gold: $4452.78
⏰ 10:31:09 - Syncing IBKR prices... ✅ Updated 10 positions | Gold: $4455.04
⏰ 10:32:11 - Syncing IBKR prices... ✅ Updated 10 positions | Gold: $4463.97
⏰ 10:33:13 - Syncing IBKR prices... ✅ Updated 10 positions | Gold: $4466.28
⏰ 10:34:15 - Syncing IBKR prices... ✅ Updated 10 positions | Gold: $4457.80
⏰ 10:35:16 - Syncing IBKR prices... ✅ Updated 10 positions | Gold: $4460.54
⏰ 10:36:18 - Syncing IBKR prices... ✅ Updated 10 positions | Gold: $4466.44
⏰ 10:37:20 - Syncing IBKR prices... ✅ Updated 10 positions | Gold: $4455.76
⏰ 10:38:21 - Syncing IBKR prices... ✅ Updated 10 positions | Gold: $4467.46
⏰ 10:39:23 - Syncing IBKR prices... ✅ Updated 10 positions | Gold: $4469.22
⏰ 10:40:25 - Syncing IBKR prices... ✅ Updated 10 positions | Gold: $4451.14
⏰ 10:41:27 - Syncing IBKR prices... ✅ Updated 10 positions | Gold: $4453.57
⏰ 10:42:28 - Syncing IBKR prices... ✅ Updated 10 positions | Gold: $4455.74
⏰ 10:43:30 - Syncing IBKR prices... ✅ Updated 10 positions | Gold: $4459.23
⏰ 10:44:32 - Syncing IBKR prices... ✅ Updated 10 positions | Gold: $4454.28
⏰ 10:45:33 - Syncing IBKR prices... ✅ Updated 10 positions | Gold: $4467.10
⏰ 10:46:35 - Syncing IBKR prices... ✅ Updated 10 positions | Gold: $4462.98
⏰ 10:47:37 - Syncing IBKR prices... ✅ Updated 10 positions | Gold: $4454.46
⏰ 10:48:39 - Syncing IBKR prices... ✅ Updated 10 positions | Gold: $4465.60
⏰ 10:49:40 - Syncing IBKR prices... ✅ Updated 10 positions | Gold: $4453.21
⏰ 10:50:42 - Syncing IBKR prices... ✅ Updated 10 positions | Gold: $4454.49
⏰ 10:51:44 - Syncing IBKR prices... ✅ Updated 10 positions | Gold: $4464.49
⏰ 10:52:46 - Syncing IBKR prices... ✅ Updated 10 positions | Gold: $4457.18
⏰ 10:53:48 - Syncing IBKR prices... ✅ Updated 10 positions | Gold: $4454.67
⏰ 10:54:49 - Syncing IBKR prices... ✅ Updated 10 positions | Gold: $4468.33
⏰ 10:55:51 - Syncing IBKR prices... ✅ Updated 10 positions | Gold: $4459.17
⏰ 10:56:53 - Syncing IBKR prices... ✅ Updated 10 positions | Gold: $4451.65
⏰ 10:57:55 - Syncing IBKR prices... ✅ Updated 10 positions | Gold: $4458.68
⏰ 10:58:57 - Syncing IBKR prices... ✅ Updated 10 positions | Gold: $4467.94
⏰ 10:59:58 - Syncing IBKR prices... ✅ Updated 10 positions | Gold: $4456.03
⏰ 11:01:00 - Syncing IBKR prices... ✅ Updated 10 positions | Gold: $4452.83
⏰ 11:02:02 - Syncing IBKR prices... ✅ Updated 10 positions | Gold: $4463.44
⏰ 11:03:04 - Syncing IBKR prices... ✅ Updated 10 positions | Gold: $4457.06
⏰ 11:04:06 - Syncing IBKR prices... ✅ Updated 10 positions | Gold: $4466.43
⏰ 11:05:07 - Syncing IBKR prices... ✅ Updated 10 positions | Gold: $4454.38
⏰ 11:06:09 - Syncing IBKR prices... ✅ Updated 10 positions | Gold: $4465.94
⏰ 11:07:11 - Syncing IBKR prices... ✅ Updated 10 positions | Gold: $4463.48
⏰ 11:08:12 - Syncing IBKR prices... ✅ Updated 10 positions | Gold: $4466.64
⏰ 11:09:14 - Syncing IBKR prices... ✅ Updated 10 positions | Gold: $4464.00
⏰ 11:10:16 - Syncing IBKR prices... ✅ Updated 10 positions | Gold: $4462.77
⏰ 11:11:17 - Syncing IBKR prices... ✅ Updated 10 positions | Gold: $4468.08
⏰ 11:12:19 - Syncing IBKR prices... ✅ Updated 10 positions | Gold: $4452.75
⏰ 11:13:21 - Syncing IBKR prices... ✅ Updated 10 positions | Gold: $4461.18
⏰ 11:14:23 - Syncing IBKR prices... ✅ Updated 10 positions | Gold: $4457.24
⏰ 11:15:24 - Syncing IBKR prices... ✅ Updated 10 positions | Gold: $4456.36
⏰ 11:16:26 - Syncing IBKR prices... ✅ Updated 10 positions | Gold: $4465.54
⏰ 11:17:28 - Syncing IBKR prices... ✅ Updated 10 positions | Gold: $4460.96
⏰ 11:18:29 - Syncing IBKR prices... ✅ Updated 10 positions | Gold: $4467.74
⏰ 11:19:31 - Syncing IBKR prices... ✅ Updated 10 positions | Gold: $4453.96
⏰ 11:20:32 - Syncing IBKR prices... ✅ Updated 10 positions | Gold: $4460.50
⏰ 11:21:34 - Syncing IBKR prices... ✅ Updated 10 positions | Gold: $4468.22
⏰ 11:22:36 - Syncing IBKR prices... ✅ Updated 10 positions | Gold: $4454.38
⏰ 11:23:38 - Syncing IBKR prices... ✅ Updated 10 positions | Gold: $4452.23
⏰ 11:24:39 - Syncing IBKR prices... ✅ Updated 10 positions | Gold: $4454.00
⏰ 11:25:41 - Syncing IBKR prices... ✅ Updated 10 positions | Gold: $4466.73
⏰ 11:26:42 - Syncing IBKR prices... ✅ Updated 10 positions | Gold: $4468.55
⏰ 11:27:44 - Syncing IBKR prices... ✅ Updated 10 positions | Gold: $4468.88
⏰ 11:28:45 - Syncing IBKR prices... ✅ Updated 10 positions | Gold: $4453.45
⏰ 11:29:47 - Syncing IBKR prices... ✅ Updated 10 positions | Gold: $4451.67
⏰ 11:30:49 - Syncing IBKR prices... ✅ Updated 10 positions | Gold: $4465.90
⏰ 11:31:50 - Syncing IBKR prices... ✅ Updated 10 positions | Gold: $4462.11
⏰ 11:32:52 - Syncing IBKR prices... ✅ Updated 10 positions | Gold: $4450.02
⏰ 11:33:53 - Syncing IBKR prices... ✅ Updated 10 positions | Gold: $4464.87
⏰ 11:34:55 - Syncing IBKR prices... ✅ Updated 10 positions | Gold: $4466.10
⏰ 11:35:56 - Syncing IBKR prices... ✅ Updated 10 positions | Gold: $4453.73
⏰ 11:36:58 - Syncing IBKR prices... ✅ Updated 10 positions | Gold: $4451.52
⏰ 11:38:00 - Syncing IBKR prices... ✅ Updated 10 positions | Gold: $4463.26
⏰ 11:39:01 - Syncing IBKR prices... ✅ Updated 10 positions | Gold: $4466.80
⏰ 11:40:03 - Syncing IBKR prices... ✅ Updated 10 positions | Gold: $4466.87
⏰ 11:41:04 - Syncing IBKR prices... ✅ Updated 10 positions | Gold: $4455.08
⏰ 11:42:06 - Syncing IBKR prices... ✅ Updated 10 positions | Gold: $4468.07
⏰ 11:43:07 - Syncing IBKR prices... ✅ Updated 10 positions | Gold: $4460.28
⏰ 11:44:09 - Syncing IBKR prices... ✅ Updated 10 positions | Gold: $4451.30
⏰ 11:45:11 - Syncing IBKR prices... ✅ Updated 10 positions | Gold: $4465.07
⏰ 11:46:12 - Syncing IBKR prices... ✅ Updated 10 positions | Gold: $4459.41
⏰ 11:47:14 - Syncing IBKR prices... ✅ Updated 10 positions | Gold: $4455.46
⏰ 11:48:16 - Syncing IBKR prices... ✅ Updated 10 positions | Gold: $4456.95
⏰ 11:49:17 - Syncing IBKR prices... ✅ Updated 10 positions | Gold: $4457.60
⏰ 11:50:19 - Syncing IBKR prices... ✅ Updated 10 positions | Gold: $4462.54
⏰ 11:51:20 - Syncing IBKR prices... ✅ Updated 10 positions | Gold: $4463.34
⏰ 11:52:22 - Syncing IBKR prices... ✅ Updated 10 positions | Gold: $4453.16
⏰ 11:53:24 - Syncing IBKR prices... ✅ Updated 10 positions | Gold: $4461.70
⏰ 11:54:25 - Syncing IBKR prices... ✅ Updated 10 positions | Gold: $4469.85
⏰ 11:55:27 - Syncing IBKR prices... ✅ Updated 10 positions | Gold: $4468.63
⏰ 11:56:28 - Syncing IBKR prices... ✅ Updated 10 positions | Gold: $4454.18
⏰ 11:57:30 - Syncing IBKR prices... ✅ Updated 10 positions | Gold: $4451.07
⏰ 11:58:31 - Syncing IBKR prices... ✅ Updated 10 positions | Gold: $4457.48
⏰ 11:59:33 - Syncing IBKR prices... ✅ Updated 10 positions | Gold: $4450.83
⏰ 12:00:35 - Syncing IBKR prices... ✅ Updated 10 positions | Gold: $4456.86
⏰ 12:01:36 - Syncing IBKR prices... ✅ Updated 10 positions | Gold: $4464.92
⏰ 12:02:38 - Syncing IBKR prices... ✅ Updated 10 positions | Gold: $4464.75
⏰ 12:03:39 - Syncing IBKR prices... ✅ Updated 10 positions | Gold: $4455.51
⏰ 12:04:41 - Syncing IBKR prices... ✅ Updated 10 positions | Gold: $4465.73
⏰ 12:05:42 - Syncing IBKR prices... ✅ Updated 10 positions | Gold: $4456.35
⏰ 12:06:44 - Syncing IBKR prices... ✅ Updated 10 positions | Gold: $4458.57
⏰ 12:07:45 - Syncing IBKR prices... ✅ Updated 10 positions | Gold: $4456.61
⏰ 12:08:47 - Syncing IBKR prices... ✅ Updated 10 positions | Gold: $4460.08
⏰ 12:09:48 - Syncing IBKR prices... ✅ Updated 10 positions | Gold: $4455.60
⏰ 12:10:50 - Syncing IBKR prices... ✅ Updated 10 positions | Gold: $4463.32
⏰ 12:11:51 - Syncing IBKR prices... ✅ Updated 10 positions | Gold: $4455.89
⏰ 12:12:53 - Syncing IBKR prices... ✅ Updated 10 positions | Gold: $4461.25
⏰ 12:13:54 - Syncing IBKR prices... ✅ Updated 10 positions | Gold: $4465.75
⏰ 12:14:56 - Syncing IBKR prices... ✅ Updated 10 positions | Gold: $4465.68
⏰ 12:15:58 - Syncing IBKR prices... ✅ Updated 10 positions | Gold: $4452.86
⏰ 12:16:59 - Syncing IBKR prices... ✅ Updated 10 positions | Gold: $4462.72
⏰ 12:18:01 - Syncing IBKR prices... ✅ Updated 10 positions | Gold: $4451.71
⏰ 12:19:02 - Syncing IBKR prices... ✅ Updated 10 positions | Gold: $4456.22
⏰ 12:20:04 - Syncing IBKR prices... ✅ Updated 10 positions | Gold: $4458.33
⏰ 12:21:05 - Syncing IBKR prices... ✅ Updated 10 positions | Gold: $4463.67
⏰ 12:22:07 - Syncing IBKR prices... ✅ Updated 10 positions | Gold: $4466.23
⏰ 12:23:08 - Syncing IBKR prices... ✅ Updated 10 positions | Gold: $4460.02
⏰ 12:24:10 - Syncing IBKR prices... ✅ Updated 10 positions | Gold: $4469.66
⏰ 12:25:11 - Syncing IBKR prices... ✅ Updated 10 positions | Gold: $4465.14
⏰ 12:26:13 - Syncing IBKR prices... ✅ Updated 10 positions | Gold: $4458.89
⏰ 12:27:14 - Syncing IBKR prices... ✅ Updated 10 positions | Gold: $4462.34
⏰ 12:28:16 - Syncing IBKR prices... ✅ Updated 10 positions | Gold: $4465.60
⏰ 12:29:17 - Syncing IBKR prices... ✅ Updated 10 positions | Gold: $4453.73
⏰ 12:30:19 - Syncing IBKR prices... ✅ Updated 10 positions | Gold: $4458.40
⏰ 12:31:20 - Syncing IBKR prices... ✅ Updated 10 positions | Gold: $4458.62
⏰ 12:32:22 - Syncing IBKR prices... ✅ Updated 10 positions | Gold: $4465.97
⏰ 12:33:24 - Syncing IBKR prices... ✅ Updated 10 positions | Gold: $4460.47
⏰ 12:34:25 - Syncing IBKR prices... ✅ Updated 10 positions | Gold: $4458.62
⏰ 12:35:27 - Syncing IBKR prices... ✅ Updated 10 positions | Gold: $4467.50
⏰ 12:36:28 - Syncing IBKR prices... ✅ Updated 10 positions | Gold: $4467.85
⏰ 12:37:30 - Syncing IBKR prices... ✅ Updated 10 positions | Gold: $4469.11
⏰ 12:38:31 - Syncing IBKR prices... ✅ Updated 10 positions | Gold: $4459.05
⏰ 12:39:33 - Syncing IBKR prices... ✅ Updated 10 positions | Gold: $4468.45
⏰ 12:40:34 - Syncing IBKR prices... ✅ Updated 10 positions | Gold: $4468.45
⏰ 12:41:36 - Syncing IBKR prices... ✅ Updated 10 positions | Gold: $4460.14
⏰ 12:42:38 - Syncing IBKR prices... ✅ Updated 10 positions | Gold: $4464.19
⏰ 12:43:39 - Syncing IBKR prices... ✅ Updated 10 positions | Gold: $4463.67
⏰ 12:44:41 - Syncing IBKR prices... ✅ Updated 10 positions | Gold: $4463.38
⏰ 12:45:42 - Syncing IBKR prices... ✅ Updated 10 positions | Gold: $4452.78
⏰ 12:46:44 - Syncing IBKR prices... ✅ Updated 10 positions | Gold: $4458.70
⏰ 12:47:46 - Syncing IBKR prices... ✅ Updated 10 positions | Gold: $4465.10
⏰ 12:48:47 - Syncing IBKR prices... ✅ Updated 10 positions | Gold: $4450.87
⏰ 12:49:49 - Syncing IBKR prices... ✅ Updated 10 positions | Gold: $4453.72
⏰ 12:50:50 - Syncing IBKR prices... ✅ Updated 10 positions | Gold: $4461.24
⏰ 12:51:52 - Syncing IBKR prices... ✅ Updated 10 positions | Gold: $4464.69
⏰ 12:52:54 - Syncing IBKR prices... ✅ Updated 10 positions | Gold: $4464.45
⏰ 12:53:55 - Syncing IBKR prices... ✅ Updated 10 positions | Gold: $4456.48
⏰ 12:54:57 - Syncing IBKR prices... ✅ Updated 10 positions | Gold: $4452.87
⏰ 12:55:58 - Syncing IBKR prices... ✅ Updated 10 positions | Gold: $4457.01
⏰ 12:57:00 - Syncing IBKR prices... ✅ Updated 10 positions | Gold: $4454.02
⏰ 12:58:01 - Syncing IBKR prices... ✅ Updated 10 positions | Gold: $4464.91
⏰ 12:59:03 - Syncing IBKR prices... ✅ Updated 10 positions | Gold: $4458.68
⏰ 13:00:05 - Syncing IBKR prices... ✅ Updated 10 positions | Gold: $4457.81
⏰ 13:01:06 - Syncing IBKR prices... ✅ Updated 10 positions | Gold: $4451.21
⏰ 13:02:07 - Syncing IBKR prices... ✅ Updated 10 positions | Gold: $4464.95
⏰ 13:03:09 - Syncing IBKR prices... ✅ Updated 10 positions | Gold: $4460.07
⏰ 13:04:10 - Syncing IBKR prices... ✅ Updated 10 positions | Gold: $4452.78
⏰ 13:05:12 - Syncing IBKR prices... ✅ Updated 10 positions | Gold: $4455.46
⏰ 13:06:14 - Syncing IBKR prices... ✅ Updated 10 positions | Gold: $4455.11
⏰ 13:07:15 - Syncing IBKR prices... ✅ Updated 10 positions | Gold: $4465.84
⏰ 13:08:17 - Syncing IBKR prices... ✅ Updated 10 positions | Gold: $4468.98
⏰ 13:09:18 - Syncing IBKR prices... ✅ Updated 10 positions | Gold: $4456.52
⏰ 13:10:20 - Syncing IBKR prices... ✅ Updated 10 positions | Gold: $4466.54
⏰ 13:11:21 - Syncing IBKR prices... ✅ Updated 10 positions | Gold: $4458.85
⏰ 13:12:23 - Syncing IBKR prices... ✅ Updated 10 positions | Gold: $4464.47
⏰ 13:13:24 - Syncing IBKR prices... ✅ Updated 10 positions | Gold: $4454.95
⏰ 13:14:26 - Syncing IBKR prices... ✅ Updated 10 positions | Gold: $4465.93
⏰ 13:15:28 - Syncing IBKR prices... ✅ Updated 10 positions | Gold: $4455.22
⏰ 13:16:29 - Syncing IBKR prices... ✅ Updated 10 positions | Gold: $4450.64
⏰ 13:17:31 - Syncing IBKR prices... ✅ Updated 10 positions | Gold: $4450.22
⏰ 13:18:32 - Syncing IBKR prices... ✅ Updated 10 positions | Gold: $4468.27
⏰ 13:19:34 - Syncing IBKR prices... ✅ Updated 10 positions | Gold: $4464.82
⏰ 13:20:35 - Syncing IBKR prices... ✅ Updated 10 positions | Gold: $4456.98
⏰ 13:21:37 - Syncing IBKR prices... ✅ Updated 10 positions | Gold: $4453.77
⏰ 13:22:38 - Syncing IBKR prices... ✅ Updated 10 positions | Gold: $4458.56
⏰ 13:23:40 - Syncing IBKR prices... ✅ Updated 10 positions | Gold: $4454.74
⏰ 13:24:41 - Syncing IBKR prices... ✅ Updated 10 positions | Gold: $4461.47
⏰ 13:25:43 - Syncing IBKR prices... ✅ Updated 10 positions | Gold: $4454.12
⏰ 13:26:44 - Syncing IBKR prices... ✅ Updated 10 positions | Gold: $4455.31
⏰ 13:27:46 - Syncing IBKR prices... ✅ Updated 10 positions | Gold: $4466.51
⏰ 13:28:47 - Syncing IBKR prices... ✅ Updated 10 positions | Gold: $4452.55
⏰ 13:29:49 - Syncing IBKR prices... ✅ Updated 10 positions | Gold: $4462.19
⏰ 13:30:50 - Syncing IBKR prices... ✅ Updated 10 positions | Gold: $4460.44
⏰ 13:31:52 - Syncing IBKR prices... ✅ Updated 10 positions | Gold: $4465.56
⏰ 13:32:54 - Syncing IBKR prices... ✅ Updated 10 positions | Gold: $4465.68
⏰ 13:33:55 - Syncing IBKR prices... ✅ Updated 10 positions | Gold: $4451.09
⏰ 13:34:57 - Syncing IBKR prices... ✅ Updated 10 positions | Gold: $4467.40
⏰ 13:35:58 - Syncing IBKR prices... ✅ Updated 10 positions | Gold: $4452.97
⏰ 13:37:00 - Syncing IBKR prices... ✅ Updated 10 positions | Gold: $4454.77
⏰ 13:38:01 - Syncing IBKR prices... ✅ Updated 10 positions | Gold: $4464.70
⏰ 13:39:03 - Syncing IBKR prices... ✅ Updated 10 positions | Gold: $4463.53
⏰ 13:40:05 - Syncing IBKR prices... ✅ Updated 10 positions | Gold: $4468.40
⏰ 13:41:06 - Syncing IBKR prices... ✅ Updated 10 positions | Gold: $4467.30
⏰ 13:42:08 - Syncing IBKR prices... ✅ Updated 10 positions | Gold: $4466.03
⏰ 13:43:09 - Syncing IBKR prices... ✅ Updated 10 positions | Gold: $4456.32
⏰ 13:44:11 - Syncing IBKR prices... ✅ Updated 10 positions | Gold: $4469.25
⏰ 13:45:13 - Syncing IBKR prices... ✅ Updated 10 positions | Gold: $4464.07
⏰ 13:46:14 - Syncing IBKR prices... ✅ Updated 10 positions | Gold: $4456.20
⏰ 13:47:16 - Syncing IBKR prices... ✅ Updated 10 positions | Gold: $4456.05
⏰ 13:48:17 - Syncing IBKR prices... ✅ Updated 10 positions | Gold: $4451.83
⏰ 13:49:19 - Syncing IBKR prices... ✅ Updated 10 positions | Gold: $4469.88
⏰ 13:50:21 - Syncing IBKR prices... ✅ Updated 10 positions | Gold: $4454.38
⏰ 13:51:22 - Syncing IBKR prices... ✅ Updated 10 positions | Gold: $4451.25
⏰ 13:52:24 - Syncing IBKR prices... ✅ Updated 10 positions | Gold: $4463.87
⏰ 13:53:25 - Syncing IBKR prices... ✅ Updated 10 positions | Gold: $4453.02
⏰ 13:54:27 - Syncing IBKR prices... ✅ Updated 10 positions | Gold: $4457.50
⏰ 13:55:28 - Syncing IBKR prices... ✅ Updated 10 positions | Gold: $4468.46
⏰ 13:56:30 - Syncing IBKR prices... ✅ Updated 10 positions | Gold: $4457.19
⏰ 13:57:31 - Syncing IBKR prices... ✅ Updated 10 positions | Gold: $4466.28
⏰ 13:58:33 - Syncing IBKR prices... ✅ Updated 10 positions | Gold: $4463.97
⏰ 13:59:34 - Syncing IBKR prices... ✅ Updated 10 positions | Gold: $4454.78
⏰ 14:00:36 - Syncing IBKR prices... ✅ Updated 10 positions | Gold: $4452.54
⏰ 14:01:37 - Syncing IBKR prices... ✅ Updated 10 positions | Gold: $4453.08
⏰ 14:02:39 - Syncing IBKR prices... ✅ Updated 10 positions | Gold: $4457.80
⏰ 14:03:40 - Syncing IBKR prices... ✅ Updated 10 positions | Gold: $4451.03
⏰ 14:04:42 - Syncing IBKR prices... ✅ Updated 10 positions | Gold: $4461.15
⏰ 14:05:44 - Syncing IBKR prices... ✅ Updated 10 positions | Gold: $4466.61
⏰ 14:06:45 - Syncing IBKR prices... ✅ Updated 10 positions | Gold: $4467.14
⏰ 14:07:47 - Syncing IBKR prices... ✅ Updated 10 positions | Gold: $4466.34
⏰ 14:08:48 - Syncing IBKR prices... ✅ Updated 10 positions | Gold: $4458.08
⏰ 14:09:50 - Syncing IBKR prices... ✅ Updated 10 positions | Gold: $4458.43
⏰ 14:10:51 - Syncing IBKR prices... ✅ Updated 10 positions | Gold: $4453.90
⏰ 14:11:53 - Syncing IBKR prices... ✅ Updated 10 positions | Gold: $4461.44
⏰ 14:12:54 - Syncing IBKR prices... ✅ Updated 10 positions | Gold: $4461.23
⏰ 14:13:56 - Syncing IBKR prices... ✅ Updated 10 positions | Gold: $4450.63
⏰ 14:14:57 - Syncing IBKR prices... ✅ Updated 10 positions | Gold: $4468.40
⏰ 14:15:59 - Syncing IBKR prices... ✅ Updated 10 positions | Gold: $4457.05
⏰ 14:17:00 - Syncing IBKR prices... ✅ Updated 10 positions | Gold: $4464.76
⏰ 14:18:02 - Syncing IBKR prices... ✅ Updated 10 positions | Gold: $4457.26
⏰ 14:19:03 - Syncing IBKR prices... ✅ Updated 10 positions | Gold: $4451.05
⏰ 14:20:05 - Syncing IBKR prices... ✅ Updated 10 positions | Gold: $4463.19
⏰ 14:21:06 - Syncing IBKR prices... ✅ Updated 10 positions | Gold: $4452.53
⏰ 14:22:08 - Syncing IBKR prices... ✅ Updated 10 positions | Gold: $4469.08
⏰ 14:23:10 - Syncing IBKR prices... ✅ Updated 10 positions | Gold: $4453.68
⏰ 14:24:12 - Syncing IBKR prices... ✅ Updated 10 positions | Gold: $4463.42
⏰ 14:25:13 - Syncing IBKR prices... ✅ Updated 10 positions | Gold: $4456.41
⏰ 14:26:15 - Syncing IBKR prices... ✅ Updated 10 positions | Gold: $4460.94
⏰ 14:27:16 - Syncing IBKR prices... ✅ Updated 10 positions | Gold: $4465.11
⏰ 14:28:18 - Syncing IBKR prices... ✅ Updated 10 positions | Gold: $4464.68
⏰ 14:29:19 - Syncing IBKR prices... ✅ Updated 10 positions | Gold: $4459.61
⏰ 14:30:21 - Syncing IBKR prices... ✅ Updated 10 positions | Gold: $4468.39
⏰ 14:31:22 - Syncing IBKR prices... ✅ Updated 10 positions | Gold: $4456.13
⏰ 14:32:24 - Syncing IBKR prices... ✅ Updated 10 positions | Gold: $4458.27
⏰ 14:33:26 - Syncing IBKR prices... ✅ Updated 10 positions | Gold: $4450.43
⏰ 14:34:27 - Syncing IBKR prices... ✅ Updated 10 positions | Gold: $4452.61
⏰ 14:35:29 - Syncing IBKR prices... ✅ Updated 10 positions | Gold: $4460.71
⏰ 14:36:30 - Syncing IBKR prices... ✅ Updated 10 positions | Gold: $4459.77
⏰ 14:37:32 - Syncing IBKR prices... ✅ Updated 10 positions | Gold: $4467.46
⏰ 14:38:34 - Syncing IBKR prices... ✅ Updated 10 positions | Gold: $4467.45
⏰ 14:39:35 - Syncing IBKR prices... ✅ Updated 10 positions | Gold: $4456.37
⏰ 14:40:37 - Syncing IBKR prices... ✅ Updated 10 positions | Gold: $4458.81
⏰ 14:41:38 - Syncing IBKR prices... ✅ Updated 10 positions | Gold: $4467.97
⏰ 14:42:40 - Syncing IBKR prices... ✅ Updated 10 positions | Gold: $4452.66
⏰ 14:43:41 - Syncing IBKR prices... ✅ Updated 10 positions | Gold: $4466.28
⏰ 14:44:43 - Syncing IBKR prices... ✅ Updated 10 positions | Gold: $4450.44
⏰ 14:45:44 - Syncing IBKR prices... ✅ Updated 10 positions | Gold: $4462.28
⏰ 14:46:46 - Syncing IBKR prices... ✅ Updated 10 positions | Gold: $4463.02
⏰ 14:47:47 - Syncing IBKR prices... ✅ Updated 10 positions | Gold: $4454.12
⏰ 14:48:49 - Syncing IBKR prices... ✅ Updated 10 positions | Gold: $4451.99
⏰ 14:49:50 - Syncing IBKR prices... ✅ Updated 10 positions | Gold: $4453.15
⏰ 14:50:52 - Syncing IBKR prices... ✅ Updated 10 positions | Gold: $4452.47
⏰ 14:51:53 - Syncing IBKR prices... ✅ Updated 10 positions | Gold: $4461.63
⏰ 14:52:55 - Syncing IBKR prices... ✅ Updated 10 positions | Gold: $4461.46
⏰ 14:53:56 - Syncing IBKR prices... ✅ Updated 10 positions | Gold: $4463.89
⏰ 14:54:58 - Syncing IBKR prices... ✅ Updated 10 positions | Gold: $4455.21
⏰ 14:55:59 - Syncing IBKR prices... ✅ Updated 10 positions | Gold: $4463.64
⏰ 14:57:01 - Syncing IBKR prices... ✅ Updated 10 positions | Gold: $4463.56
⏰ 14:58:03 - Syncing IBKR prices... ✅ Updated 10 positions | Gold: $4466.15
⏰ 14:59:04 - Syncing IBKR prices... ✅ Updated 10 positions | Gold: $4462.98
⏰ 15:00:06 - Syncing IBKR prices... ✅ Updated 10 positions | Gold: $4466.74
⏰ 15:01:07 - Syncing IBKR prices... ✅ Updated 10 positions | Gold: $4452.78
⏰ 15:02:09 - Syncing IBKR prices... ✅ Updated 10 positions | Gold: $4465.65
⏰ 15:03:10 - Syncing IBKR prices... ✅ Updated 10 positions | Gold: $4454.07
⏰ 15:04:13 - Syncing IBKR prices... ✅ Updated 10 positions | Gold: $4461.85
⏰ 15:05:14 - Syncing IBKR prices... ✅ Updated 10 positions | Gold: $4454.07
⏰ 15:06:16 - Syncing IBKR prices... ✅ Updated 10 positions | Gold: $4457.88
⏰ 15:07:17 - Syncing IBKR prices... ✅ Updated 10 positions | Gold: $4462.75
⏰ 15:08:20 - Syncing IBKR prices... ✅ Updated 10 positions | Gold: $4458.01
⏰ 15:09:21 - Syncing IBKR prices... ✅ Updated 10 positions | Gold: $4458.46
⏰ 15:10:23 - Syncing IBKR prices... ✅ Updated 10 positions | Gold: $4459.84
⏰ 15:11:24 - Syncing IBKR prices... ✅ Updated 10 positions | Gold: $4464.74
⏰ 15:12:26 - Syncing IBKR prices... ✅ Updated 10 positions | Gold: $4468.67
⏰ 15:13:28 - Syncing IBKR prices... ✅ Updated 10 positions | Gold: $4460.79
⏰ 15:14:29 - Syncing IBKR prices... ✅ Updated 10 positions | Gold: $4466.83
⏰ 15:15:31 - Syncing IBKR prices... ✅ Updated 10 positions | Gold: $4466.67
⏰ 15:16:32 - Syncing IBKR prices... ✅ Updated 10 positions | Gold: $4454.75
⏰ 15:17:34 - Syncing IBKR prices... ✅ Updated 10 positions | Gold: $4465.74
⏰ 15:18:35 - Syncing IBKR prices... ✅ Updated 10 positions | Gold: $4458.88
⏰ 15:19:37 - Syncing IBKR prices... ✅ Updated 10 positions | Gold: $4462.19
⏰ 15:20:39 - Syncing IBKR prices... ✅ Updated 10 positions | Gold: $4468.05
⏰ 15:21:40 - Syncing IBKR prices... ✅ Updated 10 positions | Gold: $4450.79
⏰ 15:22:42 - Syncing IBKR prices... ✅ Updated 10 positions | Gold: $4452.63
⏰ 15:23:43 - Syncing IBKR prices... ✅ Updated 10 positions | Gold: $4452.17
⏰ 15:24:45 - Syncing IBKR prices... ✅ Updated 10 positions | Gold: $4460.06
⏰ 15:25:47 - Syncing IBKR prices... ✅ Updated 10 positions | Gold: $4455.45
⏰ 15:26:48 - Syncing IBKR prices... ✅ Updated 10 positions | Gold: $4457.07
⏰ 15:27:50 - Syncing IBKR prices... ✅ Updated 10 positions | Gold: $4451.40
⏰ 15:28:52 - Syncing IBKR prices... ✅ Updated 10 positions | Gold: $4450.32
⏰ 15:29:53 - Syncing IBKR prices... ✅ Updated 10 positions | Gold: $4453.59
⏰ 15:30:55 - Syncing IBKR prices... ✅ Updated 10 positions | Gold: $4466.65
⏰ 15:31:56 - Syncing IBKR prices... ✅ Updated 10 positions | Gold: $4469.42
⏰ 15:32:58 - Syncing IBKR prices... ✅ Updated 10 positions | Gold: $4464.36
⏰ 15:34:00 - Syncing IBKR prices... ✅ Updated 10 positions | Gold: $4455.38
⏰ 15:35:01 - Syncing IBKR prices... ✅ Updated 10 positions | Gold: $4463.46
⏰ 15:36:03 - Syncing IBKR prices... ✅ Updated 10 positions | Gold: $4460.45
⏰ 15:37:05 - Syncing IBKR prices... ✅ Updated 10 positions | Gold: $4458.66
⏰ 15:38:06 - Syncing IBKR prices... ✅ Updated 10 positions | Gold: $4466.18
⏰ 15:39:08 - Syncing IBKR prices... ✅ Updated 10 positions | Gold: $4454.72
⏰ 15:40:09 - Syncing IBKR prices... ✅ Updated 10 positions | Gold: $4456.96
⏰ 15:41:11 - Syncing IBKR prices... ✅ Updated 10 positions | Gold: $4463.50
⏰ 15:42:12 - Syncing IBKR prices... ✅ Updated 10 positions | Gold: $4467.72
⏰ 15:43:14 - Syncing IBKR prices... ✅ Updated 10 positions | Gold: $4450.18
⏰ 15:44:15 - Syncing IBKR prices... ✅ Updated 10 positions | Gold: $4458.72
⏰ 15:45:17 - Syncing IBKR prices... ✅ Updated 10 positions | Gold: $4455.64
⏰ 15:46:18 - Syncing IBKR prices... ✅ Updated 10 positions | Gold: $4453.95
⏰ 15:47:20 - Syncing IBKR prices... ✅ Updated 10 positions | Gold: $4455.28
⏰ 15:48:21 - Syncing IBKR prices... ✅ Updated 10 positions | Gold: $4464.30
⏰ 15:49:23 - Syncing IBKR prices... ✅ Updated 10 positions | Gold: $4450.57
⏰ 15:50:24 - Syncing IBKR prices... ✅ Updated 10 positions | Gold: $4456.33
⏰ 15:51:26 - Syncing IBKR prices... ✅ Updated 10 positions | Gold: $4467.33
⏰ 15:52:27 - Syncing IBKR prices... ✅ Updated 10 positions | Gold: $4459.34
⏰ 15:53:29 - Syncing IBKR prices... ✅ Updated 10 positions | Gold: $4464.38
⏰ 15:54:30 - Syncing IBKR prices... ✅ Updated 10 positions | Gold: $4453.95
⏰ 15:55:32 - Syncing IBKR prices... ✅ Updated 10 positions | Gold: $4468.63
⏰ 15:56:33 - Syncing IBKR prices... ✅ Updated 10 positions | Gold: $4450.19
⏰ 15:57:35 - Syncing IBKR prices... ✅ Updated 10 positions | Gold: $4455.99
⏰ 15:58:36 - Syncing IBKR prices... ✅ Updated 10 positions | Gold: $4462.57
⏰ 15:59:38 - Syncing IBKR prices... ✅ Updated 10 positions | Gold: $4466.88
⏰ 16:00:40 - Syncing IBKR prices... ✅ Updated 10 positions | Gold: $4461.96
⏰ 16:01:41 - Syncing IBKR prices... ✅ Updated 10 positions | Gold: $4456.86
⏰ 16:02:43 - Syncing IBKR prices... ✅ Updated 10 positions | Gold: $4461.35
⏰ 16:03:44 - Syncing IBKR prices... ✅ Updated 10 positions | Gold: $4469.52
⏰ 16:04:46 - Syncing IBKR prices... ✅ Updated 10 positions | Gold: $4466.92
⏰ 16:05:47 - Syncing IBKR prices... ✅ Updated 10 positions | Gold: $4462.57
⏰ 16:06:49 - Syncing IBKR prices... ✅ Updated 10 positions | Gold: $4453.61
⏰ 16:07:50 - Syncing IBKR prices... ✅ Updated 10 positions | Gold: $4455.94
⏰ 16:08:52 - Syncing IBKR prices... ✅ Updated 10 positions | Gold: $4459.12
⏰ 16:09:53 - Syncing IBKR prices... ✅ Updated 10 positions | Gold: $4467.87
⏰ 16:10:55 - Syncing IBKR prices... ✅ Updated 10 positions | Gold: $4463.76
⏰ 16:11:57 - Syncing IBKR prices... ✅ Updated 10 positions | Gold: $4463.50
⏰ 16:12:58 - Syncing IBKR prices... ✅ Updated 10 positions | Gold: $4468.22
⏰ 16:14:00 - Syncing IBKR prices... ✅ Updated 10 positions | Gold: $4454.01
⏰ 16:15:02 - Syncing IBKR prices... ✅ Updated 10 positions | Gold: $4464.98
⏰ 16:16:03 - Syncing IBKR prices... ✅ Updated 10 positions | Gold: $4451.69
⏰ 16:17:05 - Syncing IBKR prices... ✅ Updated 10 positions | Gold: $4462.61
⏰ 16:18:06 - Syncing IBKR prices... ✅ Updated 10 positions | Gold: $4459.18
⏰ 16:19:08 - Syncing IBKR prices... ✅ Updated 10 positions | Gold: $4467.71
⏰ 16:20:09 - Syncing IBKR prices... ✅ Updated 10 positions | Gold: $4458.05
⏰ 16:21:11 - Syncing IBKR prices... ✅ Updated 10 positions | Gold: $4453.22
⏰ 16:22:13 - Syncing IBKR prices... ✅ Updated 10 positions | Gold: $4468.50
⏰ 16:23:14 - Syncing IBKR prices... ✅ Updated 10 positions | Gold: $4468.53
⏰ 16:24:16 - Syncing IBKR prices... ✅ Updated 10 positions | Gold: $4468.81
⏰ 16:25:18 - Syncing IBKR prices... ✅ Updated 10 positions | Gold: $4454.72
⏰ 16:26:19 - Syncing IBKR prices... ✅ Updated 10 positions | Gold: $4462.73
⏰ 16:27:21 - Syncing IBKR prices... ✅ Updated 10 positions | Gold: $4460.26
⏰ 16:28:22 - Syncing IBKR prices... ✅ Updated 10 positions | Gold: $4453.45
⏰ 16:29:24 - Syncing IBKR prices... ✅ Updated 10 positions | Gold: $4469.76
⏰ 16:30:26 - Syncing IBKR prices... ✅ Updated 10 positions | Gold: $4465.13
⏰ 16:31:27 - Syncing IBKR prices... ✅ Updated 10 positions | Gold: $4450.25
⏰ 16:32:29 - Syncing IBKR prices... ✅ Updated 10 positions | Gold: $4459.45
⏰ 16:33:30 - Syncing IBKR prices... ✅ Updated 10 positions | Gold: $4457.71
⏰ 16:34:32 - Syncing IBKR prices... ✅ Updated 10 positions | Gold: $4450.60
⏰ 16:35:34 - Syncing IBKR prices... ✅ Updated 10 positions | Gold: $4459.19
⏰ 16:36:35 - Syncing IBKR prices... ✅ Updated 10 positions | Gold: $4451.22
⏰ 16:37:37 - Syncing IBKR prices... ✅ Updated 10 positions | Gold: $4461.14
⏰ 16:38:39 - Syncing IBKR prices... ✅ Updated 10 positions | Gold: $4452.24
⏰ 16:39:40 - Syncing IBKR prices... ✅ Updated 10 positions | Gold: $4468.97
⏰ 16:40:42 - Syncing IBKR prices... ✅ Updated 10 positions | Gold: $4452.29
⏰ 16:41:43 - Syncing IBKR prices... ✅ Updated 10 positions | Gold: $4467.02
⏰ 16:42:44 - Syncing IBKR prices... ✅ Updated 10 positions | Gold: $4451.70
⏰ 16:43:46 - Syncing IBKR prices... ✅ Updated 10 positions | Gold: $4453.47
⏰ 16:44:48 - Syncing IBKR prices... ✅ Updated 10 positions | Gold: $4465.24
⏰ 16:45:49 - Syncing IBKR prices... ✅ Updated 10 positions | Gold: $4466.94
⏰ 16:46:51 - Syncing IBKR prices... ✅ Updated 10 positions | Gold: $4462.96
⏰ 16:47:52 - Syncing IBKR prices... ✅ Updated 10 positions | Gold: $4459.92
⏰ 16:48:54 - Syncing IBKR prices... ✅ Updated 10 positions | Gold: $4453.86
⏰ 16:49:55 - Syncing IBKR prices... ✅ Updated 10 positions | Gold: $4462.12
⏰ 16:50:57 - Syncing IBKR prices... ✅ Updated 10 positions | Gold: $4468.45
⏰ 16:51:58 - Syncing IBKR prices... ✅ Updated 10 positions | Gold: $4457.77
⏰ 16:53:00 - Syncing IBKR prices... ✅ Updated 10 positions | Gold: $4453.32
⏰ 16:54:01 - Syncing IBKR prices... ✅ Updated 10 positions | Gold: $4465.64
⏰ 16:55:03 - Syncing IBKR prices... ✅ Updated 10 positions | Gold: $4456.28
⏰ 16:56:04 - Syncing IBKR prices... ✅ Updated 10 positions | Gold: $4454.12
⏰ 16:57:06 - Syncing IBKR prices... ✅ Updated 10 positions | Gold: $4459.75
⏰ 16:58:07 - Syncing IBKR prices... ✅ Updated 10 positions | Gold: $4460.43
⏰ 16:59:09 - Syncing IBKR prices... ✅ Updated 10 positions | Gold: $4452.55
⏰ 17:00:11 - Syncing IBKR prices... ✅ Updated 10 positions | Gold: $4469.56
⏰ 17:01:12 - Syncing IBKR prices... ✅ Updated 10 positions | Gold: $4454.67
⏰ 17:02:14 - Syncing IBKR prices... ✅ Updated 10 positions | Gold: $4469.02
⏰ 17:03:15 - Syncing IBKR prices... ✅ Updated 10 positions | Gold: $4457.92
⏰ 17:04:17 - Syncing IBKR prices... ✅ Updated 10 positions | Gold: $4466.56
⏰ 17:05:19 - Syncing IBKR prices... ✅ Updated 10 positions | Gold: $4457.60
⏰ 17:06:20 - Syncing IBKR prices... ✅ Updated 10 positions | Gold: $4454.71
⏰ 17:07:22 - Syncing IBKR prices... ✅ Updated 10 positions | Gold: $4464.90
⏰ 17:08:23 - Syncing IBKR prices... ✅ Updated 10 positions | Gold: $4466.21
⏰ 17:09:25 - Syncing IBKR prices... ✅ Updated 10 positions | Gold: $4465.51
⏰ 17:10:26 - Syncing IBKR prices... ✅ Updated 10 positions | Gold: $4450.14
⏰ 17:11:28 - Syncing IBKR prices... ✅ Updated 10 positions | Gold: $4456.77
⏰ 17:12:29 - Syncing IBKR prices... ✅ Updated 10 positions | Gold: $4461.29
⏰ 17:13:31 - Syncing IBKR prices... ✅ Updated 10 positions | Gold: $4460.88
⏰ 17:14:32 - Syncing IBKR prices... ✅ Updated 10 positions | Gold: $4462.47
⏰ 17:15:34 - Syncing IBKR prices... ✅ Updated 10 positions | Gold: $4453.38
⏰ 17:16:36 - Syncing IBKR prices... ✅ Updated 10 positions | Gold: $4453.25
⏰ 17:17:37 - Syncing IBKR prices... ✅ Updated 10 positions | Gold: $4458.13
⏰ 17:18:39 - Syncing IBKR prices... ✅ Updated 10 positions | Gold: $4465.22
⏰ 17:19:40 - Syncing IBKR prices... ✅ Updated 10 positions | Gold: $4461.49
⏰ 17:20:42 - Syncing IBKR prices... ✅ Updated 10 positions | Gold: $4463.27
⏰ 17:21:43 - Syncing IBKR prices... ✅ Updated 10 positions | Gold: $4460.11
⏰ 17:22:45 - Syncing IBKR prices... ✅ Updated 10 positions | Gold: $4465.66
⏰ 17:23:46 - Syncing IBKR prices... ✅ Updated 10 positions | Gold: $4458.72
⏰ 17:24:48 - Syncing IBKR prices... ✅ Updated 10 positions | Gold: $4455.45
⏰ 17:25:50 - Syncing IBKR prices... ✅ Updated 10 positions | Gold: $4454.71
⏰ 17:26:51 - Syncing IBKR prices... ✅ Updated 10 positions | Gold: $4469.84
⏰ 17:27:53 - Syncing IBKR prices... ✅ Updated 10 positions | Gold: $4466.90
⏰ 17:28:54 - Syncing IBKR prices... ✅ Updated 10 positions | Gold: $4454.34
⏰ 17:29:56 - Syncing IBKR prices... ✅ Updated 10 positions | Gold: $4456.21
⏰ 17:30:57 - Syncing IBKR prices... ✅ Updated 10 positions | Gold: $4458.46
⏰ 17:31:59 - Syncing IBKR prices... ✅ Updated 10 positions | Gold: $4452.39
⏰ 17:33:01 - Syncing IBKR prices... ✅ Updated 10 positions | Gold: $4459.16
⏰ 17:34:02 - Syncing IBKR prices... ✅ Updated 10 positions | Gold: $4469.72
⏰ 17:35:04 - Syncing IBKR prices... ✅ Updated 10 positions | Gold: $4465.74
⏰ 17:36:05 - Syncing IBKR prices... ✅ Updated 10 positions | Gold: $4467.26
⏰ 17:37:07 - Syncing IBKR prices... ✅ Updated 10 positions | Gold: $4462.25
⏰ 17:38:08 - Syncing IBKR prices... ✅ Updated 10 positions | Gold: $4459.37
⏰ 17:39:10 - Syncing IBKR prices... ✅ Updated 10 positions | Gold: $4468.98
⏰ 17:40:11 - Syncing IBKR prices... ✅ Updated 10 positions | Gold: $4464.84
⏰ 17:41:13 - Syncing IBKR prices... ✅ Updated 10 positions | Gold: $4459.90
⏰ 17:42:14 - Syncing IBKR prices... ✅ Updated 10 positions | Gold: $4461.95
⏰ 17:43:16 - Syncing IBKR prices... ✅ Updated 10 positions | Gold: $4464.52
⏰ 17:44:17 - Syncing IBKR prices... ✅ Updated 10 positions | Gold: $4450.76
⏰ 17:45:19 - Syncing IBKR prices... ✅ Updated 10 positions | Gold: $4451.96
⏰ 17:46:21 - Syncing IBKR prices... ✅ Updated 10 positions | Gold: $4460.56
⏰ 17:47:22 - Syncing IBKR prices... ✅ Updated 10 positions | Gold: $4455.52
⏰ 17:48:24 - Syncing IBKR prices... ✅ Updated 10 positions | Gold: $4463.91
⏰ 17:49:25 - Syncing IBKR prices... ✅ Updated 10 positions | Gold: $4462.24
⏰ 17:50:27 - Syncing IBKR prices... ✅ Updated 10 positions | Gold: $4452.11
⏰ 17:51:28 - Syncing IBKR prices... ✅ Updated 10 positions | Gold: $4461.20
⏰ 17:52:30 - Syncing IBKR prices... ✅ Updated 10 positions | Gold: $4465.63
⏰ 17:53:31 - Syncing IBKR prices... ✅ Updated 10 positions | Gold: $4451.42
⏰ 17:54:33 - Syncing IBKR prices... ✅ Updated 10 positions | Gold: $4454.10
⏰ 17:55:34 - Syncing IBKR prices... ✅ Updated 10 positions | Gold: $4456.69
⏰ 17:56:36 - Syncing IBKR prices... ✅ Updated 10 positions | Gold: $4457.14
⏰ 17:57:37 - Syncing IBKR prices... ✅ Updated 10 positions | Gold: $4451.51
⏰ 17:58:39 - Syncing IBKR prices... ✅ Updated 10 positions | Gold: $4464.83
⏰ 17:59:40 - Syncing IBKR prices... ✅ Updated 10 positions | Gold: $4458.97
⏰ 18:00:42 - Syncing IBKR prices... ✅ Updated 10 positions | Gold: $4461.79
⏰ 18:01:43 - Syncing IBKR prices... ✅ Updated 10 positions | Gold: $4453.16
⏰ 18:02:45 - Syncing IBKR prices... ✅ Updated 10 positions | Gold: $4468.45
⏰ 18:03:46 - Syncing IBKR prices... ✅ Updated 10 positions | Gold: $4459.20
⏰ 18:04:48 - Syncing IBKR prices... ✅ Updated 10 positions | Gold: $4465.34
⏰ 18:05:49 - Syncing IBKR prices... ✅ Updated 10 positions | Gold: $4451.39
⏰ 18:06:51 - Syncing IBKR prices... ✅ Updated 10 positions | Gold: $4467.59
⏰ 18:07:52 - Syncing IBKR prices... ✅ Updated 10 positions | Gold: $4458.73
⏰ 18:08:54 - Syncing IBKR prices... ✅ Updated 10 positions | Gold: $4464.48
⏰ 18:09:55 - Syncing IBKR prices... ✅ Updated 10 positions | Gold: $4460.02
⏰ 18:10:57 - Syncing IBKR prices... ✅ Updated 10 positions | Gold: $4467.31
⏰ 18:11:59 - Syncing IBKR prices... ✅ Updated 10 positions | Gold: $4466.57
⏰ 18:13:00 - Syncing IBKR prices... ✅ Updated 10 positions | Gold: $4460.86
⏰ 18:14:02 - Syncing IBKR prices... ✅ Updated 10 positions | Gold: $4454.21
⏰ 18:15:03 - Syncing IBKR prices... ✅ Updated 10 positions | Gold: $4452.43
⏰ 18:16:05 - Syncing IBKR prices... ✅ Updated 10 positions | Gold: $4460.64
⏰ 18:17:07 - Syncing IBKR prices... ✅ Updated 10 positions | Gold: $4463.56
⏰ 18:18:08 - Syncing IBKR prices... ✅ Updated 10 positions | Gold: $4452.25
⏰ 18:19:10 - Syncing IBKR prices... ✅ Updated 10 positions | Gold: $4456.32
⏰ 18:20:11 - Syncing IBKR prices... ✅ Updated 10 positions | Gold: $4464.36
⏰ 18:21:13 - Syncing IBKR prices... ✅ Updated 10 positions | Gold: $4454.98
⏰ 18:22:14 - Syncing IBKR prices... ✅ Updated 10 positions | Gold: $4461.78
⏰ 18:23:16 - Syncing IBKR prices... ✅ Updated 10 positions | Gold: $4452.30
⏰ 18:24:18 - Syncing IBKR prices... ✅ Updated 10 positions | Gold: $4457.58
⏰ 18:25:19 - Syncing IBKR prices... ✅ Updated 10 positions | Gold: $4451.30
⏰ 18:26:21 - Syncing IBKR prices... ✅ Updated 10 positions | Gold: $4468.72
⏰ 18:27:22 - Syncing IBKR prices... ✅ Updated 10 positions | Gold: $4463.15
⏰ 18:28:24 - Syncing IBKR prices... ✅ Updated 10 positions | Gold: $4455.24
⏰ 18:29:25 - Syncing IBKR prices... ✅ Updated 10 positions | Gold: $4466.38
⏰ 18:30:27 - Syncing IBKR prices... ✅ Updated 10 positions | Gold: $4456.23
⏰ 18:31:28 - Syncing IBKR prices... ✅ Updated 10 positions | Gold: $4467.48
⏰ 18:32:30 - Syncing IBKR prices... ✅ Updated 10 positions | Gold: $4451.01
⏰ 18:33:31 - Syncing IBKR prices... ✅ Updated 10 positions | Gold: $4455.64
⏰ 18:34:33 - Syncing IBKR prices... ✅ Updated 10 positions | Gold: $4452.14
⏰ 18:35:34 - Syncing IBKR prices... ✅ Updated 10 positions | Gold: $4458.02
⏰ 18:36:36 - Syncing IBKR prices... ✅ Updated 10 positions | Gold: $4457.51
⏰ 18:37:37 - Syncing IBKR prices... ✅ Updated 10 positions | Gold: $4465.07
⏰ 18:38:39 - Syncing IBKR prices... ✅ Updated 10 positions | Gold: $4461.62
⏰ 18:39:40 - Syncing IBKR prices... ✅ Updated 10 positions | Gold: $4467.04
⏰ 18:40:42 - Syncing IBKR prices... ✅ Updated 10 positions | Gold: $4459.76
⏰ 18:41:43 - Syncing IBKR prices... ✅ Updated 10 positions | Gold: $4463.23
⏰ 18:42:45 - Syncing IBKR prices... ✅ Updated 10 positions | Gold: $4458.48
⏰ 18:43:46 - Syncing IBKR prices... ✅ Updated 10 positions | Gold: $4469.99
⏰ 18:44:48 - Syncing IBKR prices... ✅ Updated 10 positions | Gold: $4459.44
⏰ 18:45:50 - Syncing IBKR prices... ✅ Updated 10 positions | Gold: $4451.72
⏰ 18:46:51 - Syncing IBKR prices... ✅ Updated 10 positions | Gold: $4459.70
⏰ 18:47:53 - Syncing IBKR prices... ✅ Updated 10 positions | Gold: $4455.08
⏰ 18:48:54 - Syncing IBKR prices... ✅ Updated 10 positions | Gold: $4453.86
⏰ 18:49:56 - Syncing IBKR prices... ✅ Updated 10 positions | Gold: $4466.14
⏰ 18:50:58 - Syncing IBKR prices... ✅ Updated 10 positions | Gold: $4453.28
⏰ 18:51:59 - Syncing IBKR prices... ✅ Updated 10 positions | Gold: $4462.30
⏰ 18:53:01 - Syncing IBKR prices... ✅ Updated 10 positions | Gold: $4467.60
⏰ 18:54:02 - Syncing IBKR prices... ✅ Updated 10 positions | Gold: $4468.55
⏰ 18:55:04 - Syncing IBKR prices... ✅ Updated 10 positions | Gold: $4450.45
⏰ 18:56:06 - Syncing IBKR prices... ✅ Updated 10 positions | Gold: $4464.16
⏰ 18:57:07 - Syncing IBKR prices... ✅ Updated 10 positions | Gold: $4459.54
⏰ 18:58:09 - Syncing IBKR prices... ✅ Updated 10 positions | Gold: $4465.38
⏰ 18:59:10 - Syncing IBKR prices... ✅ Updated 10 positions | Gold: $4461.07
⏰ 19:00:12 - Syncing IBKR prices... ✅ Updated 10 positions | Gold: $4467.52
⏰ 19:01:14 - Syncing IBKR prices... ✅ Updated 10 positions | Gold: $4455.56
⏰ 19:02:15 - Syncing IBKR prices... ✅ Updated 10 positions | Gold: $4460.01
⏰ 19:03:17 - Syncing IBKR prices... ✅ Updated 10 positions | Gold: $4469.25
⏰ 19:04:18 - Syncing IBKR prices... ✅ Updated 10 positions | Gold: $4451.32
⏰ 19:05:20 - Syncing IBKR prices... ✅ Updated 10 positions | Gold: $4462.64
⏰ 19:06:22 - Syncing IBKR prices... ✅ Updated 10 positions | Gold: $4452.70
⏰ 19:07:23 - Syncing IBKR prices... ✅ Updated 10 positions | Gold: $4466.71
⏰ 19:08:25 - Syncing IBKR prices... ✅ Updated 10 positions | Gold: $4453.86
⏰ 19:09:26 - Syncing IBKR prices... ✅ Updated 10 positions | Gold: $4451.53
⏰ 19:10:28 - Syncing IBKR prices... ✅ Updated 10 positions | Gold: $4457.29
⏰ 19:11:30 - Syncing IBKR prices... ✅ Updated 10 positions | Gold: $4450.83
⏰ 19:12:31 - Syncing IBKR prices... ✅ Updated 10 positions | Gold: $4465.27
⏰ 19:13:33 - Syncing IBKR prices... ✅ Updated 10 positions | Gold: $4466.86
⏰ 19:14:34 - Syncing IBKR prices... ✅ Updated 10 positions | Gold: $4454.24
⏰ 19:15:36 - Syncing IBKR prices... ✅ Updated 10 positions | Gold: $4450.02
⏰ 19:16:37 - Syncing IBKR prices... ✅ Updated 10 positions | Gold: $4455.22
⏰ 19:17:39 - Syncing IBKR prices... ✅ Updated 10 positions | Gold: $4465.24
⏰ 19:18:41 - Syncing IBKR prices... ✅ Updated 10 positions | Gold: $4462.46
⏰ 19:19:42 - Syncing IBKR prices... ✅ Updated 10 positions | Gold: $4461.27
⏰ 19:20:44 - Syncing IBKR prices... ✅ Updated 10 positions | Gold: $4453.96
⏰ 19:21:46 - Syncing IBKR prices... ✅ Updated 10 positions | Gold: $4450.53
⏰ 19:22:47 - Syncing IBKR prices... ✅ Updated 10 positions | Gold: $4451.58
⏰ 19:23:49 - Syncing IBKR prices... ✅ Updated 10 positions | Gold: $4468.98
⏰ 19:24:50 - Syncing IBKR prices... ✅ Updated 10 positions | Gold: $4454.61
⏰ 19:25:52 - Syncing IBKR prices... ✅ Updated 10 positions | Gold: $4450.39
⏰ 19:26:53 - Syncing IBKR prices... ✅ Updated 10 positions | Gold: $4465.05
⏰ 19:27:55 - Syncing IBKR prices... ✅ Updated 10 positions | Gold: $4465.97
⏰ 19:28:56 - Syncing IBKR prices... ✅ Updated 10 positions | Gold: $4462.17
⏰ 19:29:58 - Syncing IBKR prices... ✅ Updated 10 positions | Gold: $4465.33
⏰ 19:30:59 - Syncing IBKR prices... ✅ Updated 10 positions | Gold: $4458.08
⏰ 19:32:01 - Syncing IBKR prices... ✅ Updated 10 positions | Gold: $4456.06
⏰ 19:33:02 - Syncing IBKR prices... ✅ Updated 10 positions | Gold: $4455.69
⏰ 19:34:04 - Syncing IBKR prices... ✅ Updated 10 positions | Gold: $4451.28
⏰ 19:35:06 - Syncing IBKR prices... ✅ Updated 10 positions | Gold: $4467.90
⏰ 19:36:07 - Syncing IBKR prices... ✅ Updated 10 positions | Gold: $4450.10
⏰ 19:37:09 - Syncing IBKR prices... ✅ Updated 10 positions | Gold: $4462.15
⏰ 19:38:10 - Syncing IBKR prices... ✅ Updated 10 positions | Gold: $4454.24
⏰ 19:39:12 - Syncing IBKR prices... ✅ Updated 10 positions | Gold: $4469.62
⏰ 19:40:13 - Syncing IBKR prices... ✅ Updated 10 positions | Gold: $4450.98
⏰ 19:41:15 - Syncing IBKR prices... ✅ Updated 10 positions | Gold: $4465.50
⏰ 19:42:16 - Syncing IBKR prices... ✅ Updated 10 positions | Gold: $4452.43
⏰ 19:43:18 - Syncing IBKR prices... ✅ Updated 10 positions | Gold: $4452.58
⏰ 19:44:19 - Syncing IBKR prices... ✅ Updated 10 positions | Gold: $4469.05
⏰ 19:45:21 - Syncing IBKR prices... ✅ Updated 10 positions | Gold: $4453.64
⏰ 19:46:23 - Syncing IBKR prices... ✅ Updated 10 positions | Gold: $4463.14
⏰ 19:47:24 - Syncing IBKR prices... ✅ Updated 10 positions | Gold: $4453.00
⏰ 19:48:26 - Syncing IBKR prices... ✅ Updated 10 positions | Gold: $4452.63
⏰ 19:49:27 - Syncing IBKR prices... ✅ Updated 10 positions | Gold: $4459.74
⏰ 19:50:29 - Syncing IBKR prices... ✅ Updated 10 positions | Gold: $4467.06
⏰ 19:51:30 - Syncing IBKR prices... ✅ Updated 10 positions | Gold: $4463.80
⏰ 19:52:32 - Syncing IBKR prices... ✅ Updated 10 positions | Gold: $4462.46
⏰ 19:53:34 - Syncing IBKR prices... ✅ Updated 10 positions | Gold: $4466.07
⏰ 19:54:35 - Syncing IBKR prices... ✅ Updated 10 positions | Gold: $4464.32
⏰ 19:55:37 - Syncing IBKR prices... ✅ Updated 10 positions | Gold: $4457.19
⏰ 19:56:38 - Syncing IBKR prices... ✅ Updated 10 positions | Gold: $4459.45
⏰ 19:57:40 - Syncing IBKR prices... ✅ Updated 10 positions | Gold: $4452.88
⏰ 19:58:41 - Syncing IBKR prices... ✅ Updated 10 positions | Gold: $4450.06
⏰ 19:59:43 - Syncing IBKR prices... ✅ Updated 10 positions | Gold: $4466.34
⏰ 20:00:45 - Syncing IBKR prices... ✅ Updated 10 positions | Gold: $4465.33
⏰ 20:01:47 - Syncing IBKR prices... ✅ Updated 10 positions | Gold: $4457.89
⏰ 20:02:50 - Syncing IBKR prices... ✅ Updated 10 positions | Gold: $4456.86
⏰ 20:03:52 - Syncing IBKR prices... ✅ Updated 10 positions | Gold: $4456.46
⏰ 20:04:54 - Syncing IBKR prices... ✅ Updated 10 positions | Gold: $4458.57
⏰ 20:05:56 - Syncing IBKR prices... ✅ Updated 10 positions | Gold: $4452.99
⏰ 20:06:58 - Syncing IBKR prices... ✅ Updated 10 positions | Gold: $4469.56
⏰ 20:08:00 - Syncing IBKR prices... ✅ Updated 10 positions | Gold: $4464.29
⏰ 20:09:02 - Syncing IBKR prices... ✅ Updated 10 positions | Gold: $4455.27
⏰ 20:10:04 - Syncing IBKR prices... ✅ Updated 10 positions | Gold: $4462.11
⏰ 20:11:05 - Syncing IBKR prices... ✅ Updated 10 positions | Gold: $4461.98
⏰ 20:12:07 - Syncing IBKR prices... ✅ Updated 10 positions | Gold: $4459.80
⏰ 20:13:09 - Syncing IBKR prices... ✅ Updated 10 positions | Gold: $4450.39
⏰ 20:14:11 - Syncing IBKR prices... ✅ Updated 10 positions | Gold: $4465.58
⏰ 20:15:13 - Syncing IBKR prices... ✅ Updated 10 positions | Gold: $4451.49
⏰ 20:16:15 - Syncing IBKR prices... ✅ Updated 10 positions | Gold: $4453.27
⏰ 20:17:19 - Syncing IBKR prices... ✅ Updated 10 positions | Gold: $4456.53
⏰ 20:18:21 - Syncing IBKR prices... ✅ Updated 10 positions | Gold: $4457.47
⏰ 20:19:23 - Syncing IBKR prices... ✅ Updated 10 positions | Gold: $4469.69
⏰ 20:20:25 - Syncing IBKR prices... ✅ Updated 10 positions | Gold: $4456.80
⏰ 20:21:27 - Syncing IBKR prices... ✅ Updated 10 positions | Gold: $4451.94
⏰ 20:22:28 - Syncing IBKR prices... ✅ Updated 10 positions | Gold: $4468.59
⏰ 20:23:30 - Syncing IBKR prices... ✅ Updated 10 positions | Gold: $4452.70
⏰ 20:24:32 - Syncing IBKR prices... ✅ Updated 10 positions | Gold: $4467.89
⏰ 20:25:33 - Syncing IBKR prices... ✅ Updated 10 positions | Gold: $4452.62
⏰ 20:26:35 - Syncing IBKR prices... ✅ Updated 10 positions | Gold: $4458.26
⏰ 20:27:36 - Syncing IBKR prices... ✅ Updated 10 positions | Gold: $4468.71
⏰ 20:28:38 - Syncing IBKR prices... ✅ Updated 10 positions | Gold: $4457.53
⏰ 20:29:40 - Syncing IBKR prices... ✅ Updated 10 positions | Gold: $4467.82
⏰ 20:30:41 - Syncing IBKR prices... ✅ Updated 10 positions | Gold: $4460.40
⏰ 20:31:43 - Syncing IBKR prices... ✅ Updated 10 positions | Gold: $4457.84
⏰ 20:32:47 - Syncing IBKR prices... ✅ Updated 10 positions | Gold: $4465.94
⏰ 20:33:51 - Syncing IBKR prices... ✅ Updated 10 positions | Gold: $4466.51
⏰ 20:34:56 - Syncing IBKR prices... ✅ Updated 10 positions | Gold: $4451.84
⏰ 20:35:57 - Syncing IBKR prices... ✅ Updated 10 positions | Gold: $4459.92
⏰ 20:36:59 - Syncing IBKR prices... ✅ Updated 10 positions | Gold: $4466.31
⏰ 20:38:02 - Syncing IBKR prices... ✅ Updated 10 positions | Gold: $4454.02
⏰ 20:39:04 - Syncing IBKR prices... ✅ Updated 10 positions | Gold: $4468.54
⏰ 20:40:05 - Syncing IBKR prices... ✅ Updated 10 positions | Gold: $4456.54
⏰ 20:41:07 - Syncing IBKR prices... ✅ Updated 10 positions | Gold: $4466.92
⏰ 20:42:08 - Syncing IBKR prices... ✅ Updated 10 positions | Gold: $4466.36
⏰ 20:43:10 - Syncing IBKR prices... ✅ Updated 10 positions | Gold: $4462.60
⏰ 20:44:12 - Syncing IBKR prices... ✅ Updated 10 positions | Gold: $4466.40
⏰ 20:45:14 - Syncing IBKR prices... ✅ Updated 10 positions | Gold: $4464.68
⏰ 20:46:15 - Syncing IBKR prices... ✅ Updated 10 positions | Gold: $4465.89
⏰ 20:47:17 - Syncing IBKR prices... ✅ Updated 10 positions | Gold: $4469.67
⏰ 20:48:19 - Syncing IBKR prices... ✅ Updated 10 positions | Gold: $4450.24
⏰ 20:49:20 - Syncing IBKR prices... ✅ Updated 10 positions | Gold: $4463.58
⏰ 20:50:22 - Syncing IBKR prices... ✅ Updated 10 positions | Gold: $4459.10
⏰ 20:51:23 - Syncing IBKR prices... ✅ Updated 10 positions | Gold: $4463.65
⏰ 20:52:25 - Syncing IBKR prices... ✅ Updated 10 positions | Gold: $4458.14
⏰ 20:53:26 - Syncing IBKR prices... ✅ Updated 10 positions | Gold: $4463.82
⏰ 20:54:28 - Syncing IBKR prices... ✅ Updated 10 positions | Gold: $4456.27
⏰ 20:55:30 - Syncing IBKR prices... ✅ Updated 10 positions | Gold: $4451.92
⏰ 20:56:31 - Syncing IBKR prices... ✅ Updated 10 positions | Gold: $4460.58
⏰ 20:57:33 - Syncing IBKR prices... ✅ Updated 10 positions | Gold: $4461.13
⏰ 20:58:34 - Syncing IBKR prices... ✅ Updated 10 positions | Gold: $4463.34
⏰ 20:59:36 - Syncing IBKR prices... ✅ Updated 10 positions | Gold: $4456.30
⏰ 21:00:37 - Syncing IBKR prices... ✅ Updated 10 positions | Gold: $4468.33
⏰ 21:01:39 - Syncing IBKR prices... ✅ Updated 10 positions | Gold: $4452.05
⏰ 21:02:40 - Syncing IBKR prices... ✅ Updated 10 positions | Gold: $4456.31
⏰ 21:03:42 - Syncing IBKR prices... ✅ Updated 10 positions | Gold: $4464.37
⏰ 21:04:43 - Syncing IBKR prices... ✅ Updated 10 positions | Gold: $4462.24
⏰ 21:05:45 - Syncing IBKR prices... ✅ Updated 10 positions | Gold: $4461.23
⏰ 21:06:46 - Syncing IBKR prices... ✅ Updated 10 positions | Gold: $4467.39
⏰ 21:07:48 - Syncing IBKR prices... ✅ Updated 10 positions | Gold: $4462.61
⏰ 21:08:49 - Syncing IBKR prices... ✅ Updated 10 positions | Gold: $4462.81
⏰ 21:09:51 - Syncing IBKR prices... ✅ Updated 10 positions | Gold: $4458.06
⏰ 21:10:52 - Syncing IBKR prices... ✅ Updated 10 positions | Gold: $4464.19
⏰ 21:11:54 - Syncing IBKR prices... ✅ Updated 10 positions | Gold: $4463.18
⏰ 21:12:55 - Syncing IBKR prices... ✅ Updated 10 positions | Gold: $4464.20
⏰ 21:13:57 - Syncing IBKR prices... ✅ Updated 10 positions | Gold: $4456.53
⏰ 21:14:59 - Syncing IBKR prices... ✅ Updated 10 positions | Gold: $4469.36
⏰ 21:16:00 - Syncing IBKR prices... ✅ Updated 10 positions | Gold: $4460.19
⏰ 21:17:02 - Syncing IBKR prices... ✅ Updated 10 positions | Gold: $4467.61
⏰ 21:18:03 - Syncing IBKR prices... ✅ Updated 10 positions | Gold: $4469.11
⏰ 21:19:05 - Syncing IBKR prices... ✅ Updated 10 positions | Gold: $4464.04
⏰ 21:20:06 - Syncing IBKR prices... ✅ Updated 10 positions | Gold: $4463.10
⏰ 21:21:08 - Syncing IBKR prices... ✅ Updated 10 positions | Gold: $4451.74
⏰ 21:22:09 - Syncing IBKR prices... ✅ Updated 10 positions | Gold: $4463.46
⏰ 21:23:11 - Syncing IBKR prices... ✅ Updated 10 positions | Gold: $4452.88
⏰ 21:24:12 - Syncing IBKR prices... ✅ Updated 10 positions | Gold: $4450.20
⏰ 21:25:14 - Syncing IBKR prices... ✅ Updated 10 positions | Gold: $4463.16
⏰ 21:26:15 - Syncing IBKR prices... ✅ Updated 10 positions | Gold: $4450.41
⏰ 21:27:17 - Syncing IBKR prices... ✅ Updated 10 positions | Gold: $4451.74
⏰ 21:28:18 - Syncing IBKR prices... ✅ Updated 10 positions | Gold: $4468.57
⏰ 21:29:20 - Syncing IBKR prices... ✅ Updated 10 positions | Gold: $4455.40
⏰ 21:30:21 - Syncing IBKR prices... ✅ Updated 10 positions | Gold: $4462.91
⏰ 21:31:23 - Syncing IBKR prices... ✅ Updated 10 positions | Gold: $4455.79
⏰ 21:32:24 - Syncing IBKR prices... ✅ Updated 10 positions | Gold: $4467.34
⏰ 21:33:26 - Syncing IBKR prices... ✅ Updated 10 positions | Gold: $4459.07
⏰ 21:34:27 - Syncing IBKR prices... ✅ Updated 10 positions | Gold: $4466.19
⏰ 21:35:29 - Syncing IBKR prices... ✅ Updated 10 positions | Gold: $4457.72
⏰ 21:36:30 - Syncing IBKR prices... ✅ Updated 10 positions | Gold: $4465.15
⏰ 21:37:32 - Syncing IBKR prices... ✅ Updated 10 positions | Gold: $4452.12
⏰ 21:38:33 - Syncing IBKR prices... ✅ Updated 10 positions | Gold: $4466.95
⏰ 21:39:35 - Syncing IBKR prices... ✅ Updated 10 positions | Gold: $4457.74
⏰ 21:40:36 - Syncing IBKR prices... ✅ Updated 10 positions | Gold: $4452.11
⏰ 21:41:38 - Syncing IBKR prices... ✅ Updated 10 positions | Gold: $4467.66
⏰ 21:42:39 - Syncing IBKR prices... ✅ Updated 10 positions | Gold: $4456.16
⏰ 21:43:41 - Syncing IBKR prices... ✅ Updated 10 positions | Gold: $4460.75
⏰ 21:44:43 - Syncing IBKR prices... ✅ Updated 10 positions | Gold: $4458.12
⏰ 21:45:45 - Syncing IBKR prices... ✅ Updated 10 positions | Gold: $4452.07
⏰ 21:46:46 - Syncing IBKR prices... ✅ Updated 10 positions | Gold: $4464.14
⏰ 21:47:48 - Syncing IBKR prices... ✅ Updated 10 positions | Gold: $4456.32
⏰ 21:48:49 - Syncing IBKR prices... ✅ Updated 10 positions | Gold: $4453.68
⏰ 21:49:51 - Syncing IBKR prices... ✅ Updated 10 positions | Gold: $4451.85
⏰ 21:50:53 - Syncing IBKR prices... ✅ Updated 10 positions | Gold: $4453.52
⏰ 21:51:54 - Syncing IBKR prices... ✅ Updated 10 positions | Gold: $4467.35
⏰ 21:52:56 - Syncing IBKR prices... ✅ Updated 10 positions | Gold: $4460.21
⏰ 21:53:57 - Syncing IBKR prices... ✅ Updated 10 positions | Gold: $4454.15
⏰ 21:54:59 - Syncing IBKR prices... ✅ Updated 10 positions | Gold: $4469.56
⏰ 21:56:00 - Syncing IBKR prices... ✅ Updated 10 positions | Gold: $4455.56
⏰ 21:57:02 - Syncing IBKR prices... ✅ Updated 10 positions | Gold: $4467.67
⏰ 21:58:03 - Syncing IBKR prices... ✅ Updated 10 positions | Gold: $4458.00
⏰ 21:59:05 - Syncing IBKR prices... ✅ Updated 10 positions | Gold: $4457.43
⏰ 22:00:06 - Syncing IBKR prices... ✅ Updated 10 positions | Gold: $4455.41
⏰ 22:01:08 - Syncing IBKR prices... ✅ Updated 10 positions | Gold: $4452.08
⏰ 22:02:10 - Syncing IBKR prices... ✅ Updated 10 positions | Gold: $4454.59
⏰ 22:03:12 - Syncing IBKR prices... ✅ Updated 10 positions | Gold: $4468.46
⏰ 22:04:13 - Syncing IBKR prices... ✅ Updated 10 positions | Gold: $4467.26
⏰ 22:05:15 - Syncing IBKR prices... ✅ Updated 10 positions | Gold: $4456.73
⏰ 22:06:16 - Syncing IBKR prices... ✅ Updated 10 positions | Gold: $4466.61
⏰ 22:07:18 - Syncing IBKR prices... ✅ Updated 10 positions | Gold: $4456.81
⏰ 22:08:19 - Syncing IBKR prices... ✅ Updated 10 positions | Gold: $4468.05
⏰ 22:09:21 - Syncing IBKR prices... ✅ Updated 10 positions | Gold: $4457.55
⏰ 22:10:22 - Syncing IBKR prices... ✅ Updated 10 positions | Gold: $4462.72
⏰ 22:11:24 - Syncing IBKR prices... ✅ Updated 10 positions | Gold: $4455.83
⏰ 22:12:25 - Syncing IBKR prices... ✅ Updated 10 positions | Gold: $4454.11
⏰ 22:13:27 - Syncing IBKR prices... ✅ Updated 10 positions | Gold: $4454.06
⏰ 22:14:29 - Syncing IBKR prices... ✅ Updated 10 positions | Gold: $4460.02
⏰ 22:15:30 - Syncing IBKR prices... ✅ Updated 10 positions | Gold: $4457.70
⏰ 22:16:32 - Syncing IBKR prices... ✅ Updated 10 positions | Gold: $4468.46
⏰ 22:17:33 - Syncing IBKR prices... ✅ Updated 10 positions | Gold: $4456.40
⏰ 22:18:35 - Syncing IBKR prices... ✅ Updated 10 positions | Gold: $4464.87
⏰ 22:19:36 - Syncing IBKR prices... ✅ Updated 10 positions | Gold: $4464.26
⏰ 22:20:38 - Syncing IBKR prices... ✅ Updated 10 positions | Gold: $4455.47
⏰ 22:21:39 - Syncing IBKR prices... ✅ Updated 10 positions | Gold: $4459.57
⏰ 22:22:41 - Syncing IBKR prices... ✅ Updated 10 positions | Gold: $4459.39
⏰ 22:23:42 - Syncing IBKR prices... ✅ Updated 10 positions | Gold: $4460.50
⏰ 22:24:44 - Syncing IBKR prices... ✅ Updated 10 positions | Gold: $4452.09
⏰ 22:25:46 - Syncing IBKR prices... ✅ Updated 10 positions | Gold: $4450.70
⏰ 22:26:47 - Syncing IBKR prices... ✅ Updated 10 positions | Gold: $4453.86
⏰ 22:27:49 - Syncing IBKR prices... ✅ Updated 10 positions | Gold: $4459.05
⏰ 22:28:50 - Syncing IBKR prices... ✅ Updated 10 positions | Gold: $4453.42
⏰ 22:29:52 - Syncing IBKR prices... ✅ Updated 10 positions | Gold: $4467.25
⏰ 22:30:53 - Syncing IBKR prices... ✅ Updated 10 positions | Gold: $4468.76
⏰ 22:31:55 - Syncing IBKR prices... ✅ Updated 10 positions | Gold: $4454.65
⏰ 22:32:57 - Syncing IBKR prices... ✅ Updated 10 positions | Gold: $4464.11
⏰ 22:33:58 - Syncing IBKR prices... ✅ Updated 10 positions | Gold: $4452.94
⏰ 22:34:59 - Syncing IBKR prices... ✅ Updated 10 positions | Gold: $4455.47
⏰ 22:36:01 - Syncing IBKR prices... ✅ Updated 10 positions | Gold: $4467.80
⏰ 22:37:03 - Syncing IBKR prices... ✅ Updated 10 positions | Gold: $4461.53
⏰ 22:38:04 - Syncing IBKR prices... ✅ Updated 10 positions | Gold: $4467.88
⏰ 22:39:06 - Syncing IBKR prices... ✅ Updated 10 positions | Gold: $4459.81
⏰ 22:40:08 - Syncing IBKR prices... ✅ Updated 10 positions | Gold: $4458.73
⏰ 22:41:09 - Syncing IBKR prices... ✅ Updated 10 positions | Gold: $4466.89
⏰ 22:42:11 - Syncing IBKR prices... ✅ Updated 10 positions | Gold: $4468.72
⏰ 22:43:12 - Syncing IBKR prices... ✅ Updated 10 positions | Gold: $4453.19
⏰ 22:44:14 - Syncing IBKR prices... ✅ Updated 10 positions | Gold: $4461.12
⏰ 22:45:16 - Syncing IBKR prices... ✅ Updated 10 positions | Gold: $4465.51
⏰ 22:46:17 - Syncing IBKR prices... ✅ Updated 10 positions | Gold: $4462.00
⏰ 22:47:19 - Syncing IBKR prices... ✅ Updated 10 positions | Gold: $4451.77
⏰ 22:48:21 - Syncing IBKR prices... ✅ Updated 10 positions | Gold: $4455.02
⏰ 22:49:23 - Syncing IBKR prices... ✅ Updated 10 positions | Gold: $4452.90
⏰ 22:50:24 - Syncing IBKR prices... ✅ Updated 10 positions | Gold: $4453.50
⏰ 22:51:26 - Syncing IBKR prices... ✅ Updated 10 positions | Gold: $4466.73
⏰ 22:52:27 - Syncing IBKR prices... ✅ Updated 10 positions | Gold: $4459.54
⏰ 22:53:29 - Syncing IBKR prices... ✅ Updated 10 positions | Gold: $4468.06
⏰ 22:54:30 - Syncing IBKR prices... ✅ Updated 10 positions | Gold: $4463.81
⏰ 22:55:32 - Syncing IBKR prices... ✅ Updated 10 positions | Gold: $4463.90
⏰ 22:56:33 - Syncing IBKR prices... ✅ Updated 10 positions | Gold: $4457.42
⏰ 22:57:35 - Syncing IBKR prices... ✅ Updated 10 positions | Gold: $4452.09
⏰ 22:58:36 - Syncing IBKR prices... ✅ Updated 10 positions | Gold: $4459.18
⏰ 22:59:38 - Syncing IBKR prices... ✅ Updated 10 positions | Gold: $4462.94
⏰ 23:00:39 - Syncing IBKR prices... ✅ Updated 10 positions | Gold: $4469.76
⏰ 23:01:40 - Syncing IBKR prices... ✅ Updated 10 positions | Gold: $4450.02
⏰ 23:02:42 - Syncing IBKR prices... ✅ Updated 10 positions | Gold: $4464.03
⏰ 23:03:43 - Syncing IBKR prices... ✅ Updated 10 positions | Gold: $4465.99
⏰ 23:04:45 - Syncing IBKR prices... ✅ Updated 10 positions | Gold: $4467.79
⏰ 23:05:46 - Syncing IBKR prices... ✅ Updated 10 positions | Gold: $4463.90
⏰ 23:06:48 - Syncing IBKR prices... ✅ Updated 10 positions | Gold: $4457.22
⏰ 23:07:49 - Syncing IBKR prices... ✅ Updated 10 positions | Gold: $4464.68
⏰ 23:08:51 - Syncing IBKR prices... ✅ Updated 10 positions | Gold: $4466.82
⏰ 23:09:53 - Syncing IBKR prices... ✅ Updated 10 positions | Gold: $4455.31
⏰ 23:10:54 - Syncing IBKR prices... ✅ Updated 10 positions | Gold: $4469.03
⏰ 23:11:56 - Syncing IBKR prices... ✅ Updated 10 positions | Gold: $4460.55
⏰ 23:12:58 - Syncing IBKR prices... ✅ Updated 10 positions | Gold: $4461.77
⏰ 23:13:59 - Syncing IBKR prices... ✅ Updated 10 positions | Gold: $4455.01
⏰ 23:15:01 - Syncing IBKR prices... ✅ Updated 10 positions | Gold: $4460.88
⏰ 23:16:03 - Syncing IBKR prices... ✅ Updated 10 positions | Gold: $4453.42
⏰ 23:17:04 - Syncing IBKR prices... ✅ Updated 10 positions | Gold: $4467.42
⏰ 23:18:06 - Syncing IBKR prices... ✅ Updated 10 positions | Gold: $4469.40
⏰ 23:19:07 - Syncing IBKR prices... ✅ Updated 10 positions | Gold: $4469.27
⏰ 23:20:09 - Syncing IBKR prices... ✅ Updated 10 positions | Gold: $4460.04
⏰ 23:21:10 - Syncing IBKR prices... ✅ Updated 10 positions | Gold: $4468.16
⏰ 23:22:12 - Syncing IBKR prices... ✅ Updated 10 positions | Gold: $4467.22
⏰ 23:23:13 - Syncing IBKR prices... ✅ Updated 10 positions | Gold: $4453.17
⏰ 23:24:15 - Syncing IBKR prices... ✅ Updated 10 positions | Gold: $4451.56
⏰ 23:25:16 - Syncing IBKR prices... ✅ Updated 10 positions | Gold: $4450.48
⏰ 23:26:18 - Syncing IBKR prices... ✅ Updated 10 positions | Gold: $4467.30
⏰ 23:27:19 - Syncing IBKR prices... ✅ Updated 10 positions | Gold: $4461.31
⏰ 23:28:21 - Syncing IBKR prices... ✅ Updated 10 positions | Gold: $4453.82
⏰ 23:29:22 - Syncing IBKR prices... ✅ Updated 10 positions | Gold: $4467.07
⏰ 23:30:24 - Syncing IBKR prices... ✅ Updated 10 positions | Gold: $4463.63
⏰ 23:31:25 - Syncing IBKR prices... ✅ Updated 10 positions | Gold: $4458.56
⏰ 23:32:27 - Syncing IBKR prices... ✅ Updated 10 positions | Gold: $4464.89
⏰ 23:33:29 - Syncing IBKR prices... ✅ Updated 10 positions | Gold: $4452.83
⏰ 23:34:30 - Syncing IBKR prices... ✅ Updated 10 positions | Gold: $4465.05
⏰ 23:35:32 - Syncing IBKR prices... ✅ Updated 10 positions | Gold: $4453.99
⏰ 23:36:33 - Syncing IBKR prices... ✅ Updated 10 positions | Gold: $4453.16
⏰ 23:37:35 - Syncing IBKR prices... ✅ Updated 10 positions | Gold: $4457.60
⏰ 23:38:36 - Syncing IBKR prices... ✅ Updated 10 positions | Gold: $4453.25
⏰ 23:39:38 - Syncing IBKR prices... ✅ Updated 10 positions | Gold: $4452.81
⏰ 23:40:40 - Syncing IBKR prices... ✅ Updated 10 positions | Gold: $4467.21
⏰ 23:41:41 - Syncing IBKR prices... ✅ Updated 10 positions | Gold: $4457.12
⏰ 23:42:43 - Syncing IBKR prices... ✅ Updated 10 positions | Gold: $4462.59
⏰ 23:43:44 - Syncing IBKR prices... ✅ Updated 10 positions | Gold: $4462.17
⏰ 23:44:46 - Syncing IBKR prices... ✅ Updated 10 positions | Gold: $4464.48
⏰ 23:45:48 - Syncing IBKR prices... ✅ Updated 10 positions | Gold: $4461.84
⏰ 23:46:49 - Syncing IBKR prices... ✅ Updated 10 positions | Gold: $4463.28
⏰ 23:47:51 - Syncing IBKR prices... ✅ Updated 10 positions | Gold: $4453.84
⏰ 23:48:52 - Syncing IBKR prices... ✅ Updated 10 positions | Gold: $4467.89
⏰ 23:49:54 - Syncing IBKR prices... ✅ Updated 10 positions | Gold: $4455.03
⏰ 23:50:55 - Syncing IBKR prices... ✅ Updated 10 positions | Gold: $4464.96
⏰ 23:51:57 - Syncing IBKR prices... ✅ Updated 10 positions | Gold: $4462.09
⏰ 23:52:58 - Syncing IBKR prices... ✅ Updated 10 positions | Gold: $4462.92
⏰ 23:54:00 - Syncing IBKR prices... ✅ Updated 10 positions | Gold: $4453.96
⏰ 23:55:01 - Syncing IBKR prices... ✅ Updated 10 positions | Gold: $4459.89
⏰ 23:56:02 - Syncing IBKR prices... ✅ Updated 10 positions | Gold: $4468.04
⏰ 23:57:04 - Syncing IBKR prices... ✅ Updated 10 positions | Gold: $4466.81
⏰ 23:58:05 - Syncing IBKR prices... ✅ Updated 10 positions | Gold: $4461.47
⏰ 23:59:07 - Syncing IBKR prices... ✅ Updated 10 positions | Gold: $4452.12
⏰ 00:00:08 - Syncing IBKR prices... ✅ Updated 10 positions | Gold: $4455.43
⏰ 00:01:10 - Syncing IBKR prices... ✅ Updated 10 positions | Gold: $4452.64
⏰ 00:02:11 - Syncing IBKR prices... ✅ Updated 10 positions | Gold: $4463.06
⏰ 00:03:13 - Syncing IBKR prices... ✅ Updated 10 positions | Gold: $4459.08
⏰ 00:04:14 - Syncing IBKR prices... ✅ Updated 10 positions | Gold: $4451.75
⏰ 00:05:16 - Syncing IBKR prices... ✅ Updated 10 positions | Gold: $4468.45
⏰ 00:06:17 - Syncing IBKR prices... ✅ Updated 10 positions | Gold: $4455.53
⏰ 00:07:19 - Syncing IBKR prices... ✅ Updated 10 positions | Gold: $4463.84
⏰ 00:08:20 - Syncing IBKR prices... ✅ Updated 10 positions | Gold: $4468.39
⏰ 00:09:22 - Syncing IBKR prices... ✅ Updated 10 positions | Gold: $4455.82
⏰ 00:10:23 - Syncing IBKR prices... ✅ Updated 10 positions | Gold: $4452.53
⏰ 00:11:25 - Syncing IBKR prices... ✅ Updated 10 positions | Gold: $4462.73
⏰ 00:12:26 - Syncing IBKR prices... ✅ Updated 10 positions | Gold: $4459.69
⏰ 00:13:28 - Syncing IBKR prices... ✅ Updated 10 positions | Gold: $4457.82
⏰ 00:14:29 - Syncing IBKR prices... ✅ Updated 10 positions | Gold: $4455.58
⏰ 00:15:31 - Syncing IBKR prices... ✅ Updated 10 positions | Gold: $4457.91
⏰ 00:16:33 - Syncing IBKR prices... ✅ Updated 10 positions | Gold: $4456.47
⏰ 00:17:34 - Syncing IBKR prices... ✅ Updated 10 positions | Gold: $4460.29
⏰ 00:18:36 - Syncing IBKR prices... ✅ Updated 10 positions | Gold: $4462.35
⏰ 00:19:37 - Syncing IBKR prices... ✅ Updated 10 positions | Gold: $4458.20
⏰ 00:20:39 - Syncing IBKR prices... ✅ Updated 10 positions | Gold: $4467.36
⏰ 00:21:40 - Syncing IBKR prices... ✅ Updated 10 positions | Gold: $4458.44
⏰ 00:22:42 - Syncing IBKR prices... ✅ Updated 10 positions | Gold: $4459.29
⏰ 00:23:43 - Syncing IBKR prices... ✅ Updated 10 positions | Gold: $4454.36
⏰ 00:24:45 - Syncing IBKR prices... ✅ Updated 10 positions | Gold: $4454.00
⏰ 00:25:47 - Syncing IBKR prices... ✅ Updated 10 positions | Gold: $4452.65
⏰ 00:26:48 - Syncing IBKR prices... ✅ Updated 10 positions | Gold: $4468.19
⏰ 00:27:49 - Syncing IBKR prices... ✅ Updated 10 positions | Gold: $4466.61
⏰ 00:28:51 - Syncing IBKR prices... ✅ Updated 10 positions | Gold: $4462.86
⏰ 00:29:52 - Syncing IBKR prices... ✅ Updated 10 positions | Gold: $4452.34
⏰ 00:30:54 - Syncing IBKR prices... ✅ Updated 10 positions | Gold: $4469.47
⏰ 00:31:56 - Syncing IBKR prices... ✅ Updated 10 positions | Gold: $4458.96
⏰ 00:32:57 - Syncing IBKR prices... ✅ Updated 10 positions | Gold: $4463.41
⏰ 00:33:59 - Syncing IBKR prices... ✅ Updated 10 positions | Gold: $4457.71
⏰ 00:35:00 - Syncing IBKR prices... ✅ Updated 10 positions | Gold: $4457.73
⏰ 00:36:02 - Syncing IBKR prices... ✅ Updated 10 positions | Gold: $4450.15
⏰ 00:37:03 - Syncing IBKR prices... ✅ Updated 10 positions | Gold: $4462.49
⏰ 00:38:05 - Syncing IBKR prices... ✅ Updated 10 positions | Gold: $4463.94
⏰ 00:39:06 - Syncing IBKR prices... ✅ Updated 10 positions | Gold: $4469.46
⏰ 00:40:08 - Syncing IBKR prices... ✅ Updated 10 positions | Gold: $4462.14
⏰ 00:41:10 - Syncing IBKR prices... ✅ Updated 10 positions | Gold: $4463.26
⏰ 00:42:11 - Syncing IBKR prices... ✅ Updated 10 positions | Gold: $4452.13
⏰ 00:43:13 - Syncing IBKR prices... ✅ Updated 10 positions | Gold: $4457.28
⏰ 00:44:14 - Syncing IBKR prices... ✅ Updated 10 positions | Gold: $4454.39
⏰ 00:45:16 - Syncing IBKR prices... ✅ Updated 10 positions | Gold: $4451.89
⏰ 00:46:17 - Syncing IBKR prices... ✅ Updated 10 positions | Gold: $4460.24
⏰ 00:47:19 - Syncing IBKR prices... ✅ Updated 10 positions | Gold: $4454.79
⏰ 00:48:20 - Syncing IBKR prices... ✅ Updated 10 positions | Gold: $4467.13
⏰ 00:49:22 - Syncing IBKR prices... ✅ Updated 10 positions | Gold: $4454.36
⏰ 00:50:23 - Syncing IBKR prices... ✅ Updated 10 positions | Gold: $4457.45
⏰ 00:51:24 - Syncing IBKR prices... ✅ Updated 10 positions | Gold: $4465.08
⏰ 00:52:26 - Syncing IBKR prices... ✅ Updated 10 positions | Gold: $4454.73
⏰ 00:53:27 - Syncing IBKR prices... ✅ Updated 10 positions | Gold: $4459.77
⏰ 00:54:29 - Syncing IBKR prices... ✅ Updated 10 positions | Gold: $4451.51
⏰ 00:55:30 - Syncing IBKR prices... ✅ Updated 10 positions | Gold: $4460.60
⏰ 00:56:32 - Syncing IBKR prices... ✅ Updated 10 positions | Gold: $4456.30
⏰ 00:57:33 - Syncing IBKR prices... ✅ Updated 10 positions | Gold: $4456.86
⏰ 00:58:35 - Syncing IBKR prices... ✅ Updated 10 positions | Gold: $4461.77
⏰ 00:59:36 - Syncing IBKR prices... ✅ Updated 10 positions | Gold: $4459.89
⏰ 01:00:38 - Syncing IBKR prices... ✅ Updated 10 positions | Gold: $4460.23
⏰ 01:01:39 - Syncing IBKR prices... ✅ Updated 10 positions | Gold: $4466.16
⏰ 01:02:41 - Syncing IBKR prices... ✅ Updated 10 positions | Gold: $4461.61
⏰ 01:03:43 - Syncing IBKR prices... ✅ Updated 10 positions | Gold: $4459.20
⏰ 01:04:44 - Syncing IBKR prices... ✅ Updated 10 positions | Gold: $4451.34
⏰ 01:05:46 - Syncing IBKR prices... ✅ Updated 10 positions | Gold: $4450.80
⏰ 01:06:47 - Syncing IBKR prices... ✅ Updated 10 positions | Gold: $4467.62
⏰ 01:07:49 - Syncing IBKR prices... ✅ Updated 10 positions | Gold: $4456.16
⏰ 01:08:50 - Syncing IBKR prices... ✅ Updated 10 positions | Gold: $4450.02
⏰ 01:09:52 - Syncing IBKR prices... ✅ Updated 10 positions | Gold: $4463.01
⏰ 01:10:53 - Syncing IBKR prices... ✅ Updated 10 positions | Gold: $4455.50
⏰ 01:11:55 - Syncing IBKR prices... ✅ Updated 10 positions | Gold: $4462.95
⏰ 01:12:56 - Syncing IBKR prices... ✅ Updated 10 positions | Gold: $4454.43
⏰ 01:13:58 - Syncing IBKR prices... ✅ Updated 10 positions | Gold: $4468.93
⏰ 01:15:00 - Syncing IBKR prices... ✅ Updated 10 positions | Gold: $4455.17
⏰ 01:16:01 - Syncing IBKR prices... ✅ Updated 10 positions | Gold: $4467.64
⏰ 01:17:02 - Syncing IBKR prices... ✅ Updated 10 positions | Gold: $4463.49
⏰ 01:18:04 - Syncing IBKR prices... ✅ Updated 10 positions | Gold: $4462.71
⏰ 01:19:05 - Syncing IBKR prices... ✅ Updated 10 positions | Gold: $4454.61
⏰ 01:20:07 - Syncing IBKR prices... ✅ Updated 10 positions | Gold: $4468.07
⏰ 01:21:09 - Syncing IBKR prices... ✅ Updated 10 positions | Gold: $4468.71
⏰ 01:22:10 - Syncing IBKR prices... ✅ Updated 10 positions | Gold: $4468.05
⏰ 01:23:12 - Syncing IBKR prices... ✅ Updated 10 positions | Gold: $4464.83
⏰ 01:24:13 - Syncing IBKR prices... ✅ Updated 10 positions | Gold: $4469.67
⏰ 01:25:15 - Syncing IBKR prices... ✅ Updated 10 positions | Gold: $4463.91
⏰ 01:26:17 - Syncing IBKR prices... ✅ Updated 10 positions | Gold: $4451.39
⏰ 01:27:18 - Syncing IBKR prices... ✅ Updated 10 positions | Gold: $4461.47
⏰ 01:28:20 - Syncing IBKR prices... ✅ Updated 10 positions | Gold: $4468.64
⏰ 01:29:22 - Syncing IBKR prices... ✅ Updated 10 positions | Gold: $4462.31
⏰ 01:30:23 - Syncing IBKR prices... ✅ Updated 10 positions | Gold: $4453.93
⏰ 01:31:25 - Syncing IBKR prices... ✅ Updated 10 positions | Gold: $4451.50
⏰ 01:32:27 - Syncing IBKR prices... ✅ Updated 10 positions | Gold: $4459.11
⏰ 01:33:28 - Syncing IBKR prices... ✅ Updated 10 positions | Gold: $4457.13
⏰ 01:34:30 - Syncing IBKR prices... ✅ Updated 10 positions | Gold: $4453.95
⏰ 01:35:32 - Syncing IBKR prices... ✅ Updated 10 positions | Gold: $4450.17
⏰ 01:36:33 - Syncing IBKR prices... ✅ Updated 10 positions | Gold: $4465.20
⏰ 01:37:35 - Syncing IBKR prices... ✅ Updated 10 positions | Gold: $4462.38
⏰ 01:38:37 - Syncing IBKR prices... ✅ Updated 10 positions | Gold: $4465.24
⏰ 01:39:39 - Syncing IBKR prices... ✅ Updated 10 positions | Gold: $4450.54
⏰ 01:40:40 - Syncing IBKR prices... ✅ Updated 10 positions | Gold: $4455.45
⏰ 01:41:42 - Syncing IBKR prices... ✅ Updated 10 positions | Gold: $4456.65
⏰ 01:42:43 - Syncing IBKR prices... ✅ Updated 10 positions | Gold: $4463.76
⏰ 01:43:45 - Syncing IBKR prices... ✅ Updated 10 positions | Gold: $4455.69
⏰ 01:44:46 - Syncing IBKR prices... ✅ Updated 10 positions | Gold: $4463.68
⏰ 01:45:48 - Syncing IBKR prices... ✅ Updated 10 positions | Gold: $4454.69
⏰ 01:46:49 - Syncing IBKR prices... ✅ Updated 10 positions | Gold: $4467.63
⏰ 01:47:51 - Syncing IBKR prices... ✅ Updated 10 positions | Gold: $4452.89
⏰ 01:48:52 - Syncing IBKR prices... ✅ Updated 10 positions | Gold: $4464.78
⏰ 01:49:53 - Syncing IBKR prices... ✅ Updated 10 positions | Gold: $4452.70
⏰ 01:50:55 - Syncing IBKR prices... ✅ Updated 10 positions | Gold: $4467.44
⏰ 01:51:56 - Syncing IBKR prices... ✅ Updated 10 positions | Gold: $4458.70
⏰ 01:52:58 - Syncing IBKR prices... ✅ Updated 10 positions | Gold: $4452.14
⏰ 01:53:59 - Syncing IBKR prices... ✅ Updated 10 positions | Gold: $4462.13
⏰ 01:55:01 - Syncing IBKR prices... ✅ Updated 10 positions | Gold: $4458.61
⏰ 01:56:02 - Syncing IBKR prices... ✅ Updated 10 positions | Gold: $4451.49
⏰ 01:57:04 - Syncing IBKR prices... ✅ Updated 10 positions | Gold: $4468.54
⏰ 01:58:05 - Syncing IBKR prices... ✅ Updated 10 positions | Gold: $4465.15
⏰ 01:59:07 - Syncing IBKR prices... ✅ Updated 10 positions | Gold: $4450.34
⏰ 02:00:08 - Syncing IBKR prices... ✅ Updated 10 positions | Gold: $4453.44
⏰ 02:01:10 - Syncing IBKR prices... ✅ Updated 10 positions | Gold: $4467.35
⏰ 02:02:11 - Syncing IBKR prices... ✅ Updated 10 positions | Gold: $4462.12
⏰ 02:03:13 - Syncing IBKR prices... ✅ Updated 10 positions | Gold: $4455.38
⏰ 02:04:14 - Syncing IBKR prices... ✅ Updated 10 positions | Gold: $4458.19
⏰ 02:05:15 - Syncing IBKR prices... ✅ Updated 10 positions | Gold: $4469.34
⏰ 02:06:17 - Syncing IBKR prices... ✅ Updated 10 positions | Gold: $4467.30
⏰ 02:07:18 - Syncing IBKR prices... ✅ Updated 10 positions | Gold: $4452.27
⏰ 02:08:20 - Syncing IBKR prices... ✅ Updated 10 positions | Gold: $4467.31
⏰ 02:09:21 - Syncing IBKR prices... ✅ Updated 10 positions | Gold: $4463.11
⏰ 02:10:23 - Syncing IBKR prices... ✅ Updated 10 positions | Gold: $4461.43
⏰ 02:11:24 - Syncing IBKR prices... ✅ Updated 10 positions | Gold: $4468.41
⏰ 02:12:26 - Syncing IBKR prices... ✅ Updated 10 positions | Gold: $4453.09
⏰ 02:13:27 - Syncing IBKR prices... ✅ Updated 10 positions | Gold: $4450.27
⏰ 02:14:29 - Syncing IBKR prices... ✅ Updated 10 positions | Gold: $4459.97
⏰ 02:15:31 - Syncing IBKR prices... ✅ Updated 10 positions | Gold: $4455.36
⏰ 02:16:32 - Syncing IBKR prices... ✅ Updated 10 positions | Gold: $4469.35
⏰ 02:17:34 - Syncing IBKR prices... ✅ Updated 10 positions | Gold: $4458.09
⏰ 02:18:36 - Syncing IBKR prices... ✅ Updated 10 positions | Gold: $4467.49
⏰ 02:19:37 - Syncing IBKR prices... ✅ Updated 10 positions | Gold: $4451.05
⏰ 02:20:39 - Syncing IBKR prices... ✅ Updated 10 positions | Gold: $4467.50
⏰ 02:21:40 - Syncing IBKR prices... ✅ Updated 10 positions | Gold: $4456.60
⏰ 02:22:42 - Syncing IBKR prices... ✅ Updated 10 positions | Gold: $4453.48
⏰ 02:23:44 - Syncing IBKR prices... ✅ Updated 10 positions | Gold: $4459.33
⏰ 02:24:45 - Syncing IBKR prices... ✅ Updated 10 positions | Gold: $4467.09
⏰ 02:25:47 - Syncing IBKR prices... ✅ Updated 10 positions | Gold: $4453.10
⏰ 02:26:49 - Syncing IBKR prices... ✅ Updated 10 positions | Gold: $4465.25
⏰ 02:27:50 - Syncing IBKR prices... ✅ Updated 10 positions | Gold: $4451.35
⏰ 02:28:52 - Syncing IBKR prices... ✅ Updated 10 positions | Gold: $4456.04
⏰ 02:29:54 - Syncing IBKR prices... ✅ Updated 10 positions | Gold: $4452.36
⏰ 02:30:56 - Syncing IBKR prices... ✅ Updated 10 positions | Gold: $4453.52
⏰ 02:31:57 - Syncing IBKR prices... ✅ Updated 10 positions | Gold: $4460.65
⏰ 02:32:59 - Syncing IBKR prices... ✅ Updated 10 positions | Gold: $4465.88
⏰ 02:34:01 - Syncing IBKR prices... ✅ Updated 10 positions | Gold: $4467.01
⏰ 02:35:02 - Syncing IBKR prices... ✅ Updated 10 positions | Gold: $4468.08
⏰ 02:36:04 - Syncing IBKR prices... ✅ Updated 10 positions | Gold: $4462.13
⏰ 02:37:05 - Syncing IBKR prices... ✅ Updated 10 positions | Gold: $4459.89
⏰ 02:38:07 - Syncing IBKR prices... ✅ Updated 10 positions | Gold: $4459.63
⏰ 02:39:08 - Syncing IBKR prices... ✅ Updated 10 positions | Gold: $4453.10
⏰ 02:40:10 - Syncing IBKR prices... ✅ Updated 10 positions | Gold: $4462.79
⏰ 02:41:12 - Syncing IBKR prices... ✅ Updated 10 positions | Gold: $4466.24
⏰ 02:42:13 - Syncing IBKR prices... ✅ Updated 10 positions | Gold: $4457.14
⏰ 02:43:15 - Syncing IBKR prices... ✅ Updated 10 positions | Gold: $4461.74
⏰ 02:44:16 - Syncing IBKR prices... ✅ Updated 10 positions | Gold: $4451.99
⏰ 02:45:18 - Syncing IBKR prices... ✅ Updated 10 positions | Gold: $4468.55
⏰ 02:46:20 - Syncing IBKR prices... ✅ Updated 10 positions | Gold: $4463.69
⏰ 02:47:21 - Syncing IBKR prices... ✅ Updated 10 positions | Gold: $4452.72
⏰ 02:48:23 - Syncing IBKR prices... ✅ Updated 10 positions | Gold: $4459.93
⏰ 02:49:24 - Syncing IBKR prices... ✅ Updated 10 positions | Gold: $4465.81
⏰ 02:50:26 - Syncing IBKR prices... ✅ Updated 10 positions | Gold: $4464.95
⏰ 02:51:27 - Syncing IBKR prices... ✅ Updated 10 positions | Gold: $4457.75
⏰ 02:52:29 - Syncing IBKR prices... ✅ Updated 10 positions | Gold: $4467.27
⏰ 02:53:31 - Syncing IBKR prices... ✅ Updated 10 positions | Gold: $4453.15
⏰ 02:54:32 - Syncing IBKR prices... ✅ Updated 10 positions | Gold: $4452.97
⏰ 02:55:34 - Syncing IBKR prices... ✅ Updated 10 positions | Gold: $4465.08
⏰ 02:56:36 - Syncing IBKR prices... ✅ Updated 10 positions | Gold: $4460.80
⏰ 02:57:37 - Syncing IBKR prices... ✅ Updated 10 positions | Gold: $4450.82
⏰ 02:58:39 - Syncing IBKR prices... ✅ Updated 10 positions | Gold: $4462.03
⏰ 02:59:40 - Syncing IBKR prices... ✅ Updated 10 positions | Gold: $4459.66
⏰ 03:00:42 - Syncing IBKR prices... ✅ Updated 10 positions | Gold: $4460.62
⏰ 03:01:43 - Syncing IBKR prices... ✅ Updated 10 positions | Gold: $4466.21
⏰ 03:02:45 - Syncing IBKR prices... ✅ Updated 10 positions | Gold: $4455.39
⏰ 03:03:47 - Syncing IBKR prices... ✅ Updated 10 positions | Gold: $4462.45
⏰ 03:04:48 - Syncing IBKR prices... ✅ Updated 10 positions | Gold: $4462.89
⏰ 03:05:50 - Syncing IBKR prices... ✅ Updated 10 positions | Gold: $4457.70
⏰ 03:06:51 - Syncing IBKR prices... ✅ Updated 10 positions | Gold: $4469.37
⏰ 03:07:53 - Syncing IBKR prices... ✅ Updated 10 positions | Gold: $4460.49
⏰ 03:08:54 - Syncing IBKR prices... ✅ Updated 10 positions | Gold: $4461.05
⏰ 03:09:56 - Syncing IBKR prices... ✅ Updated 10 positions | Gold: $4463.83
⏰ 03:10:57 - Syncing IBKR prices... ✅ Updated 10 positions | Gold: $4460.53
⏰ 03:11:59 - Syncing IBKR prices... ✅ Updated 10 positions | Gold: $4463.86
⏰ 03:13:01 - Syncing IBKR prices... ✅ Updated 10 positions | Gold: $4461.04
⏰ 03:14:02 - Syncing IBKR prices... ✅ Updated 10 positions | Gold: $4453.39
⏰ 03:15:04 - Syncing IBKR prices... ✅ Updated 10 positions | Gold: $4468.26
⏰ 03:16:05 - Syncing IBKR prices... ✅ Updated 10 positions | Gold: $4460.17
⏰ 03:17:07 - Syncing IBKR prices... ✅ Updated 10 positions | Gold: $4467.21
⏰ 03:18:09 - Syncing IBKR prices... ✅ Updated 10 positions | Gold: $4450.98
⏰ 03:19:10 - Syncing IBKR prices... ✅ Updated 10 positions | Gold: $4469.21
⏰ 03:20:12 - Syncing IBKR prices... ✅ Updated 10 positions | Gold: $4462.23
⏰ 03:21:14 - Syncing IBKR prices... ✅ Updated 10 positions | Gold: $4457.66
⏰ 03:22:16 - Syncing IBKR prices... ✅ Updated 10 positions | Gold: $4460.82
⏰ 03:23:17 - Syncing IBKR prices... ✅ Updated 10 positions | Gold: $4459.06
⏰ 03:24:19 - Syncing IBKR prices... ✅ Updated 10 positions | Gold: $4460.97
⏰ 03:25:21 - Syncing IBKR prices... ✅ Updated 10 positions | Gold: $4466.81
⏰ 03:26:22 - Syncing IBKR prices... ✅ Updated 10 positions | Gold: $4453.52
⏰ 03:27:24 - Syncing IBKR prices... ✅ Updated 10 positions | Gold: $4469.66
⏰ 03:28:25 - Syncing IBKR prices... ✅ Updated 10 positions | Gold: $4466.74
⏰ 03:29:27 - Syncing IBKR prices... ✅ Updated 10 positions | Gold: $4453.68
⏰ 03:30:29 - Syncing IBKR prices... ✅ Updated 10 positions | Gold: $4464.76
⏰ 03:31:30 - Syncing IBKR prices... ✅ Updated 10 positions | Gold: $4465.56
⏰ 03:32:32 - Syncing IBKR prices... ✅ Updated 10 positions | Gold: $4466.61
⏰ 03:33:33 - Syncing IBKR prices... ✅ Updated 10 positions | Gold: $4467.39
⏰ 03:34:35 - Syncing IBKR prices... ✅ Updated 10 positions | Gold: $4463.89
⏰ 03:35:36 - Syncing IBKR prices... ✅ Updated 10 positions | Gold: $4451.41
⏰ 03:36:38 - Syncing IBKR prices... ✅ Updated 10 positions | Gold: $4468.91
⏰ 03:37:40 - Syncing IBKR prices... ✅ Updated 10 positions | Gold: $4454.41
⏰ 03:38:41 - Syncing IBKR prices... ✅ Updated 10 positions | Gold: $4454.97
⏰ 03:39:43 - Syncing IBKR prices... ✅ Updated 10 positions | Gold: $4457.59
⏰ 03:40:44 - Syncing IBKR prices... ✅ Updated 10 positions | Gold: $4458.69
⏰ 03:41:46 - Syncing IBKR prices... ✅ Updated 10 positions | Gold: $4465.21
⏰ 03:42:47 - Syncing IBKR prices... ✅ Updated 10 positions | Gold: $4464.16
⏰ 03:43:49 - Syncing IBKR prices... ✅ Updated 10 positions | Gold: $4452.91
⏰ 03:44:50 - Syncing IBKR prices... ✅ Updated 10 positions | Gold: $4450.23
⏰ 03:45:52 - Syncing IBKR prices... ✅ Updated 10 positions | Gold: $4459.25
⏰ 03:46:54 - Syncing IBKR prices... ✅ Updated 10 positions | Gold: $4459.01
⏰ 03:47:55 - Syncing IBKR prices... ✅ Updated 10 positions | Gold: $4467.04
⏰ 03:48:57 - Syncing IBKR prices... ✅ Updated 10 positions | Gold: $4451.16
⏰ 03:49:58 - Syncing IBKR prices... ✅ Updated 10 positions | Gold: $4465.66
⏰ 03:51:00 - Syncing IBKR prices... ✅ Updated 10 positions | Gold: $4461.54
⏰ 03:52:01 - Syncing IBKR prices... ✅ Updated 10 positions | Gold: $4457.11
⏰ 03:53:03 - Syncing IBKR prices... ✅ Updated 10 positions | Gold: $4458.86
⏰ 03:54:04 - Syncing IBKR prices... ✅ Updated 10 positions | Gold: $4458.66
⏰ 03:55:06 - Syncing IBKR prices... ✅ Updated 10 positions | Gold: $4465.83
⏰ 03:56:08 - Syncing IBKR prices... ✅ Updated 10 positions | Gold: $4462.54
⏰ 03:57:09 - Syncing IBKR prices... ✅ Updated 10 positions | Gold: $4455.84
⏰ 03:58:11 - Syncing IBKR prices... ✅ Updated 10 positions | Gold: $4451.80
⏰ 03:59:12 - Syncing IBKR prices... ✅ Updated 10 positions | Gold: $4456.02
⏰ 04:00:14 - Syncing IBKR prices... ✅ Updated 10 positions | Gold: $4464.33
⏰ 04:01:16 - Syncing IBKR prices... ✅ Updated 10 positions | Gold: $4463.07
⏰ 04:02:17 - Syncing IBKR prices... ✅ Updated 10 positions | Gold: $4466.87
⏰ 04:03:19 - Syncing IBKR prices... ✅ Updated 10 positions | Gold: $4465.82
⏰ 04:04:21 - Syncing IBKR prices... ✅ Updated 10 positions | Gold: $4459.29
⏰ 04:05:22 - Syncing IBKR prices... ✅ Updated 10 positions | Gold: $4464.60
⏰ 04:06:24 - Syncing IBKR prices... ✅ Updated 10 positions | Gold: $4452.48
⏰ 04:07:26 - Syncing IBKR prices... ✅ Updated 10 positions | Gold: $4468.83
⏰ 04:08:27 - Syncing IBKR prices... ✅ Updated 10 positions | Gold: $4455.56
⏰ 04:09:29 - Syncing IBKR prices... ✅ Updated 10 positions | Gold: $4459.18
⏰ 04:10:31 - Syncing IBKR prices... ✅ Updated 10 positions | Gold: $4453.52
⏰ 04:11:32 - Syncing IBKR prices... ✅ Updated 10 positions | Gold: $4456.11
⏰ 04:12:34 - Syncing IBKR prices... ✅ Updated 10 positions | Gold: $4468.16
⏰ 04:13:35 - Syncing IBKR prices... ✅ Updated 10 positions | Gold: $4456.27
⏰ 04:14:37 - Syncing IBKR prices... ✅ Updated 10 positions | Gold: $4452.20
⏰ 04:15:39 - Syncing IBKR prices... ✅ Updated 10 positions | Gold: $4453.92
⏰ 04:16:41 - Syncing IBKR prices... ✅ Updated 10 positions | Gold: $4457.20
⏰ 04:17:42 - Syncing IBKR prices... ✅ Updated 10 positions | Gold: $4456.10
⏰ 04:18:44 - Syncing IBKR prices... ✅ Updated 10 positions | Gold: $4462.12
⏰ 04:19:46 - Syncing IBKR prices... ✅ Updated 10 positions | Gold: $4467.96
⏰ 04:20:47 - Syncing IBKR prices... ✅ Updated 10 positions | Gold: $4456.89
⏰ 04:21:49 - Syncing IBKR prices... ✅ Updated 10 positions | Gold: $4450.17
⏰ 04:22:51 - Syncing IBKR prices... ✅ Updated 10 positions | Gold: $4459.76
⏰ 04:23:52 - Syncing IBKR prices... ✅ Updated 10 positions | Gold: $4463.61
⏰ 04:24:54 - Syncing IBKR prices... ✅ Updated 10 positions | Gold: $4460.45
⏰ 04:25:55 - Syncing IBKR prices... ✅ Updated 10 positions | Gold: $4461.33
⏰ 04:26:57 - Syncing IBKR prices... ✅ Updated 10 positions | Gold: $4463.70
⏰ 04:27:58 - Syncing IBKR prices... ✅ Updated 10 positions | Gold: $4459.48
⏰ 04:29:00 - Syncing IBKR prices... ✅ Updated 10 positions | Gold: $4460.69
⏰ 04:30:02 - Syncing IBKR prices... ✅ Updated 10 positions | Gold: $4465.46
⏰ 04:31:03 - Syncing IBKR prices... ✅ Updated 10 positions | Gold: $4465.81
⏰ 04:32:05 - Syncing IBKR prices... ✅ Updated 10 positions | Gold: $4456.46
⏰ 04:33:06 - Syncing IBKR prices... ✅ Updated 10 positions | Gold: $4459.66
⏰ 04:34:08 - Syncing IBKR prices... ✅ Updated 10 positions | Gold: $4454.71
⏰ 04:35:10 - Syncing IBKR prices... ✅ Updated 10 positions | Gold: $4452.93
⏰ 04:36:11 - Syncing IBKR prices... ✅ Updated 10 positions | Gold: $4452.05
⏰ 04:37:13 - Syncing IBKR prices... ✅ Updated 10 positions | Gold: $4466.17
⏰ 04:38:14 - Syncing IBKR prices... ✅ Updated 10 positions | Gold: $4451.30
⏰ 04:39:16 - Syncing IBKR prices... ✅ Updated 10 positions | Gold: $4463.90
⏰ 04:40:18 - Syncing IBKR prices... ✅ Updated 10 positions | Gold: $4458.44
⏰ 04:41:20 - Syncing IBKR prices... ✅ Updated 10 positions | Gold: $4462.86
⏰ 04:42:21 - Syncing IBKR prices... ✅ Updated 10 positions | Gold: $4453.01
⏰ 04:43:23 - Syncing IBKR prices... ✅ Updated 10 positions | Gold: $4455.38
⏰ 04:44:24 - Syncing IBKR prices... ✅ Updated 10 positions | Gold: $4455.33
⏰ 04:45:26 - Syncing IBKR prices... ✅ Updated 10 positions | Gold: $4465.09
⏰ 04:46:27 - Syncing IBKR prices... ✅ Updated 10 positions | Gold: $4450.20
⏰ 04:47:29 - Syncing IBKR prices... ✅ Updated 10 positions | Gold: $4461.78
⏰ 04:48:30 - Syncing IBKR prices... ✅ Updated 10 positions | Gold: $4450.91
⏰ 04:49:32 - Syncing IBKR prices... ✅ Updated 10 positions | Gold: $4451.25
⏰ 04:50:34 - Syncing IBKR prices... ✅ Updated 10 positions | Gold: $4459.52
⏰ 04:51:35 - Syncing IBKR prices... ✅ Updated 10 positions | Gold: $4461.02
⏰ 04:52:37 - Syncing IBKR prices... ✅ Updated 10 positions | Gold: $4450.62
⏰ 04:53:38 - Syncing IBKR prices... ✅ Updated 10 positions | Gold: $4457.08
⏰ 04:54:40 - Syncing IBKR prices... ✅ Updated 10 positions | Gold: $4455.62
⏰ 04:55:42 - Syncing IBKR prices... ✅ Updated 10 positions | Gold: $4451.11
⏰ 04:56:43 - Syncing IBKR prices... ✅ Updated 10 positions | Gold: $4456.52
⏰ 04:57:45 - Syncing IBKR prices... ✅ Updated 10 positions | Gold: $4455.92
⏰ 04:58:47 - Syncing IBKR prices... ✅ Updated 10 positions | Gold: $4464.88
⏰ 04:59:48 - Syncing IBKR prices... ✅ Updated 10 positions | Gold: $4461.38
⏰ 05:00:50 - Syncing IBKR prices... ✅ Updated 10 positions | Gold: $4456.16
⏰ 05:01:52 - Syncing IBKR prices... ✅ Updated 10 positions | Gold: $4451.57
⏰ 05:02:53 - Syncing IBKR prices... ✅ Updated 10 positions | Gold: $4468.89
⏰ 05:03:55 - Syncing IBKR prices... ✅ Updated 10 positions | Gold: $4460.41
⏰ 05:04:57 - Syncing IBKR prices... ✅ Updated 10 positions | Gold: $4452.02
⏰ 05:05:58 - Syncing IBKR prices... ✅ Updated 10 positions | Gold: $4453.91
⏰ 05:07:00 - Syncing IBKR prices... ✅ Updated 10 positions | Gold: $4467.34
⏰ 05:08:01 - Syncing IBKR prices... ✅ Updated 10 positions | Gold: $4451.54
⏰ 05:09:03 - Syncing IBKR prices... ✅ Updated 10 positions | Gold: $4465.04
⏰ 05:10:05 - Syncing IBKR prices... ✅ Updated 10 positions | Gold: $4450.11
⏰ 05:11:07 - Syncing IBKR prices... ✅ Updated 10 positions | Gold: $4459.07
⏰ 05:12:09 - Syncing IBKR prices... ✅ Updated 10 positions | Gold: $4466.46
⏰ 05:13:10 - Syncing IBKR prices... ✅ Updated 10 positions | Gold: $4452.92
⏰ 05:14:12 - Syncing IBKR prices... ✅ Updated 10 positions | Gold: $4451.59
⏰ 05:15:13 - Syncing IBKR prices... ✅ Updated 10 positions | Gold: $4466.83
⏰ 05:16:15 - Syncing IBKR prices... ✅ Updated 10 positions | Gold: $4467.53
⏰ 05:17:16 - Syncing IBKR prices... ✅ Updated 10 positions | Gold: $4463.02
⏰ 05:18:18 - Syncing IBKR prices... ✅ Updated 10 positions | Gold: $4458.14
⏰ 05:19:20 - Syncing IBKR prices... ✅ Updated 10 positions | Gold: $4454.45
⏰ 05:20:21 - Syncing IBKR prices... ✅ Updated 10 positions | Gold: $4456.58
⏰ 05:21:23 - Syncing IBKR prices... ✅ Updated 10 positions | Gold: $4464.23
⏰ 05:22:24 - Syncing IBKR prices... ✅ Updated 10 positions | Gold: $4455.41
⏰ 05:23:26 - Syncing IBKR prices... ✅ Updated 10 positions | Gold: $4456.20
⏰ 05:24:27 - Syncing IBKR prices... ✅ Updated 10 positions | Gold: $4467.30
⏰ 05:25:29 - Syncing IBKR prices... ✅ Updated 10 positions | Gold: $4462.66
⏰ 05:26:30 - Syncing IBKR prices... ✅ Updated 10 positions | Gold: $4458.85
⏰ 05:27:32 - Syncing IBKR prices... ✅ Updated 10 positions | Gold: $4455.52
⏰ 05:28:34 - Syncing IBKR prices... ✅ Updated 10 positions | Gold: $4461.59
⏰ 05:29:35 - Syncing IBKR prices... ✅ Updated 10 positions | Gold: $4466.47
⏰ 05:30:37 - Syncing IBKR prices... ✅ Updated 10 positions | Gold: $4464.04
⏰ 05:31:38 - Syncing IBKR prices... ✅ Updated 10 positions | Gold: $4460.90
⏰ 05:32:41 - Syncing IBKR prices... ✅ Updated 10 positions | Gold: $4458.46
⏰ 05:33:42 - Syncing IBKR prices... ✅ Updated 10 positions | Gold: $4458.12
⏰ 05:34:44 - Syncing IBKR prices... ✅ Updated 10 positions | Gold: $4455.03
⏰ 05:35:46 - Syncing IBKR prices... ✅ Updated 10 positions | Gold: $4468.68
⏰ 05:36:47 - Syncing IBKR prices... ✅ Updated 10 positions | Gold: $4450.26
⏰ 05:37:49 - Syncing IBKR prices... ✅ Updated 10 positions | Gold: $4462.80
⏰ 05:38:51 - Syncing IBKR prices... ✅ Updated 10 positions | Gold: $4461.24
⏰ 05:39:52 - Syncing IBKR prices... ✅ Updated 10 positions | Gold: $4468.13
⏰ 05:40:54 - Syncing IBKR prices... ✅ Updated 10 positions | Gold: $4463.12
⏰ 05:41:55 - Syncing IBKR prices... ✅ Updated 10 positions | Gold: $4452.16
⏰ 05:42:57 - Syncing IBKR prices... ✅ Updated 10 positions | Gold: $4450.13
⏰ 05:43:59 - Syncing IBKR prices... ✅ Updated 10 positions | Gold: $4468.16
⏰ 05:45:01 - Syncing IBKR prices... ✅ Updated 10 positions | Gold: $4465.48
⏰ 05:46:02 - Syncing IBKR prices... ✅ Updated 10 positions | Gold: $4454.43
⏰ 05:47:04 - Syncing IBKR prices... ✅ Updated 10 positions | Gold: $4453.22
⏰ 05:48:05 - Syncing IBKR prices... ✅ Updated 10 positions | Gold: $4469.13
⏰ 05:49:07 - Syncing IBKR prices... ✅ Updated 10 positions | Gold: $4456.45
⏰ 05:50:09 - Syncing IBKR prices... ✅ Updated 10 positions | Gold: $4464.01
⏰ 05:51:10 - Syncing IBKR prices... ✅ Updated 10 positions | Gold: $4466.78
⏰ 05:52:12 - Syncing IBKR prices... ✅ Updated 10 positions | Gold: $4458.30
⏰ 05:53:13 - Syncing IBKR prices... ✅ Updated 10 positions | Gold: $4453.03
⏰ 05:54:15 - Syncing IBKR prices... ✅ Updated 10 positions | Gold: $4452.21
⏰ 05:55:17 - Syncing IBKR prices... ✅ Updated 10 positions | Gold: $4451.03
⏰ 05:56:19 - Syncing IBKR prices... ✅ Updated 10 positions | Gold: $4461.74
⏰ 05:57:20 - Syncing IBKR prices... ✅ Updated 10 positions | Gold: $4454.41
⏰ 05:58:22 - Syncing IBKR prices... ✅ Updated 10 positions | Gold: $4461.61
⏰ 05:59:24 - Syncing IBKR prices... ✅ Updated 10 positions | Gold: $4453.37
⏰ 06:00:25 - Syncing IBKR prices... ✅ Updated 10 positions | Gold: $4469.21
⏰ 06:01:27 - Syncing IBKR prices... ✅ Updated 10 positions | Gold: $4460.03
⏰ 06:02:29 - Syncing IBKR prices... ✅ Updated 10 positions | Gold: $4454.04
⏰ 06:03:30 - Syncing IBKR prices... ✅ Updated 10 positions | Gold: $4459.02
⏰ 06:04:32 - Syncing IBKR prices... ✅ Updated 10 positions | Gold: $4469.34
⏰ 06:05:34 - Syncing IBKR prices... ✅ Updated 10 positions | Gold: $4464.19
⏰ 06:06:35 - Syncing IBKR prices... ✅ Updated 10 positions | Gold: $4450.46
⏰ 06:07:37 - Syncing IBKR prices... ✅ Updated 10 positions | Gold: $4469.46
⏰ 06:08:38 - Syncing IBKR prices... ✅ Updated 10 positions | Gold: $4453.91
⏰ 06:09:40 - Syncing IBKR prices... ✅ Updated 10 positions | Gold: $4455.22
⏰ 06:10:41 - Syncing IBKR prices... ✅ Updated 10 positions | Gold: $4465.02
⏰ 06:11:43 - Syncing IBKR prices... ✅ Updated 10 positions | Gold: $4469.77
⏰ 06:12:45 - Syncing IBKR prices... ✅ Updated 10 positions | Gold: $4459.17
⏰ 06:13:46 - Syncing IBKR prices... ✅ Updated 10 positions | Gold: $4455.85
⏰ 06:14:48 - Syncing IBKR prices... ✅ Updated 10 positions | Gold: $4453.51
⏰ 06:15:49 - Syncing IBKR prices... ✅ Updated 10 positions | Gold: $4456.98
⏰ 06:16:51 - Syncing IBKR prices... ✅ Updated 10 positions | Gold: $4454.26
⏰ 06:17:52 - Syncing IBKR prices... ✅ Updated 10 positions | Gold: $4460.40
⏰ 06:18:54 - Syncing IBKR prices... ✅ Updated 10 positions | Gold: $4468.92
⏰ 06:19:56 - Syncing IBKR prices... ✅ Updated 10 positions | Gold: $4458.52
⏰ 06:20:57 - Syncing IBKR prices... ✅ Updated 10 positions | Gold: $4468.27
⏰ 06:21:59 - Syncing IBKR prices... ✅ Updated 10 positions | Gold: $4452.47
⏰ 06:23:00 - Syncing IBKR prices... ✅ Updated 10 positions | Gold: $4463.60
⏰ 06:24:02 - Syncing IBKR prices... ✅ Updated 10 positions | Gold: $4461.82
⏰ 06:25:03 - Syncing IBKR prices... ✅ Updated 10 positions | Gold: $4457.85
⏰ 06:26:05 - Syncing IBKR prices... ✅ Updated 10 positions | Gold: $4455.57
⏰ 06:27:06 - Syncing IBKR prices... ✅ Updated 10 positions | Gold: $4454.60
⏰ 06:28:08 - Syncing IBKR prices... ✅ Updated 10 positions | Gold: $4467.45
⏰ 06:29:10 - Syncing IBKR prices... ✅ Updated 10 positions | Gold: $4461.22
⏰ 06:30:11 - Syncing IBKR prices... ✅ Updated 10 positions | Gold: $4459.62
⏰ 06:31:13 - Syncing IBKR prices... ✅ Updated 10 positions | Gold: $4458.90
⏰ 06:32:14 - Syncing IBKR prices... ✅ Updated 10 positions | Gold: $4455.75
⏰ 06:33:16 - Syncing IBKR prices... ✅ Updated 10 positions | Gold: $4450.27
⏰ 06:34:17 - Syncing IBKR prices... ✅ Updated 10 positions | Gold: $4456.38
⏰ 06:35:19 - Syncing IBKR prices... ✅ Updated 10 positions | Gold: $4455.36
⏰ 06:36:21 - Syncing IBKR prices... ✅ Updated 10 positions | Gold: $4453.37
⏰ 06:37:22 - Syncing IBKR prices... ✅ Updated 10 positions | Gold: $4454.57
⏰ 06:38:24 - Syncing IBKR prices... ✅ Updated 10 positions | Gold: $4457.19
⏰ 06:39:26 - Syncing IBKR prices... ✅ Updated 10 positions | Gold: $4451.30
⏰ 06:40:27 - Syncing IBKR prices... ✅ Updated 10 positions | Gold: $4464.85
⏰ 06:41:29 - Syncing IBKR prices... ✅ Updated 10 positions | Gold: $4453.72
⏰ 06:42:32 - Syncing IBKR prices... ✅ Updated 10 positions | Gold: $4469.02
⏰ 06:43:33 - Syncing IBKR prices... ✅ Updated 10 positions | Gold: $4452.63
⏰ 06:44:35 - Syncing IBKR prices... ✅ Updated 10 positions | Gold: $4464.32
⏰ 06:45:36 - Syncing IBKR prices... ✅ Updated 10 positions | Gold: $4453.50
⏰ 06:46:38 - Syncing IBKR prices... ✅ Updated 10 positions | Gold: $4466.83
⏰ 06:47:40 - Syncing IBKR prices... ✅ Updated 10 positions | Gold: $4465.28
⏰ 06:48:41 - Syncing IBKR prices... ✅ Updated 10 positions | Gold: $4467.09
⏰ 06:49:43 - Syncing IBKR prices... ✅ Updated 10 positions | Gold: $4452.07
⏰ 06:50:45 - Syncing IBKR prices... ✅ Updated 10 positions | Gold: $4466.09
⏰ 06:51:46 - Syncing IBKR prices... ✅ Updated 10 positions | Gold: $4456.36
⏰ 06:52:48 - Syncing IBKR prices... ✅ Updated 10 positions | Gold: $4463.20
⏰ 06:53:50 - Syncing IBKR prices... ✅ Updated 10 positions | Gold: $4468.10
⏰ 06:54:51 - Syncing IBKR prices... ✅ Updated 10 positions | Gold: $4466.10
⏰ 06:55:53 - Syncing IBKR prices... ✅ Updated 10 positions | Gold: $4461.70
⏰ 06:56:55 - Syncing IBKR prices... ✅ Updated 10 positions | Gold: $4465.59
⏰ 06:57:56 - Syncing IBKR prices... ✅ Updated 10 positions | Gold: $4464.75
⏰ 06:58:58 - Syncing IBKR prices... ✅ Updated 10 positions | Gold: $4468.99
⏰ 07:00:00 - Syncing IBKR prices... ✅ Updated 10 positions | Gold: $4455.98
⏰ 07:01:01 - Syncing IBKR prices... ✅ Updated 10 positions | Gold: $4459.57
⏰ 07:02:03 - Syncing IBKR prices... ✅ Updated 10 positions | Gold: $4454.49
⏰ 07:03:04 - Syncing IBKR prices... ✅ Updated 10 positions | Gold: $4456.78
⏰ 07:04:06 - Syncing IBKR prices... ✅ Updated 10 positions | Gold: $4456.43
⏰ 07:05:07 - Syncing IBKR prices... ✅ Updated 10 positions | Gold: $4462.64
⏰ 07:06:09 - Syncing IBKR prices... ✅ Updated 10 positions | Gold: $4459.17
⏰ 07:07:10 - Syncing IBKR prices... ✅ Updated 10 positions | Gold: $4456.99
⏰ 07:08:12 - Syncing IBKR prices... ✅ Updated 10 positions | Gold: $4460.69
⏰ 07:09:14 - Syncing IBKR prices... ✅ Updated 10 positions | Gold: $4452.61
⏰ 07:10:15 - Syncing IBKR prices... ✅ Updated 10 positions | Gold: $4450.54
⏰ 07:11:17 - Syncing IBKR prices... ✅ Updated 10 positions | Gold: $4466.29
⏰ 07:12:19 - Syncing IBKR prices... ✅ Updated 10 positions | Gold: $4459.76
⏰ 07:13:20 - Syncing IBKR prices... ✅ Updated 10 positions | Gold: $4468.19
⏰ 07:14:22 - Syncing IBKR prices... ✅ Updated 10 positions | Gold: $4460.33
⏰ 07:15:24 - Syncing IBKR prices... ✅ Updated 10 positions | Gold: $4463.65
⏰ 07:16:25 - Syncing IBKR prices... ✅ Updated 10 positions | Gold: $4465.18
⏰ 07:17:27 - Syncing IBKR prices... ✅ Updated 10 positions | Gold: $4455.63
⏰ 07:18:28 - Syncing IBKR prices... ✅ Updated 10 positions | Gold: $4464.64
⏰ 07:19:30 - Syncing IBKR prices... ✅ Updated 10 positions | Gold: $4462.77
⏰ 07:20:31 - Syncing IBKR prices... ✅ Updated 10 positions | Gold: $4459.49
⏰ 07:21:33 - Syncing IBKR prices... ✅ Updated 10 positions | Gold: $4466.94
⏰ 07:22:34 - Syncing IBKR prices... ✅ Updated 10 positions | Gold: $4464.41
⏰ 07:23:36 - Syncing IBKR prices... ✅ Updated 10 positions | Gold: $4452.46
⏰ 07:24:38 - Syncing IBKR prices... ✅ Updated 10 positions | Gold: $4467.24
⏰ 07:25:39 - Syncing IBKR prices... ✅ Updated 10 positions | Gold: $4459.67
⏰ 07:26:41 - Syncing IBKR prices... ✅ Updated 10 positions | Gold: $4465.43
⏰ 07:27:43 - Syncing IBKR prices... ✅ Updated 10 positions | Gold: $4468.96
⏰ 07:28:44 - Syncing IBKR prices... ✅ Updated 10 positions | Gold: $4460.29
⏰ 07:29:46 - Syncing IBKR prices... ✅ Updated 10 positions | Gold: $4462.24
⏰ 07:30:48 - Syncing IBKR prices... ✅ Updated 10 positions | Gold: $4455.56
⏰ 07:31:49 - Syncing IBKR prices... ✅ Updated 10 positions | Gold: $4467.07
⏰ 07:32:51 - Syncing IBKR prices... ✅ Updated 10 positions | Gold: $4469.65
⏰ 07:33:53 - Syncing IBKR prices... ✅ Updated 10 positions | Gold: $4461.26
⏰ 07:34:54 - Syncing IBKR prices... ✅ Updated 10 positions | Gold: $4450.24
⏰ 07:35:56 - Syncing IBKR prices... ✅ Updated 10 positions | Gold: $4458.35
⏰ 07:36:57 - Syncing IBKR prices... ✅ Updated 10 positions | Gold: $4457.44
⏰ 07:37:59 - Syncing IBKR prices... ✅ Updated 10 positions | Gold: $4466.53
⏰ 07:39:01 - Syncing IBKR prices... ✅ Updated 10 positions | Gold: $4453.58
⏰ 07:40:03 - Syncing IBKR prices... ✅ Updated 10 positions | Gold: $4450.69
⏰ 07:41:05 - Syncing IBKR prices... ✅ Updated 10 positions | Gold: $4459.81
⏰ 07:42:06 - Syncing IBKR prices... ✅ Updated 10 positions | Gold: $4454.01
⏰ 07:43:08 - Syncing IBKR prices... ✅ Updated 10 positions | Gold: $4458.67
⏰ 07:44:10 - Syncing IBKR prices... ✅ Updated 10 positions | Gold: $4456.85
⏰ 07:45:11 - Syncing IBKR prices... ✅ Updated 10 positions | Gold: $4453.73
⏰ 07:46:13 - Syncing IBKR prices... ✅ Updated 10 positions | Gold: $4452.23
⏰ 07:47:15 - Syncing IBKR prices... ✅ Updated 10 positions | Gold: $4465.08
⏰ 07:48:16 - Syncing IBKR prices... ✅ Updated 10 positions | Gold: $4453.72
⏰ 07:49:18 - Syncing IBKR prices... ✅ Updated 10 positions | Gold: $4464.46
⏰ 07:50:20 - Syncing IBKR prices... ✅ Updated 10 positions | Gold: $4460.35
⏰ 07:51:21 - Syncing IBKR prices... ✅ Updated 10 positions | Gold: $4464.54
⏰ 07:52:23 - Syncing IBKR prices... ✅ Updated 10 positions | Gold: $4457.96
⏰ 07:53:25 - Syncing IBKR prices... ✅ Updated 10 positions | Gold: $4453.81
⏰ 07:54:26 - Syncing IBKR prices... ✅ Updated 10 positions | Gold: $4453.22
⏰ 07:55:28 - Syncing IBKR prices... ✅ Updated 10 positions | Gold: $4467.23
⏰ 07:56:29 - Syncing IBKR prices... ✅ Updated 10 positions | Gold: $4451.03
⏰ 07:57:31 - Syncing IBKR prices... ✅ Updated 10 positions | Gold: $4460.70
⏰ 07:58:32 - Syncing IBKR prices... ✅ Updated 10 positions | Gold: $4468.92
⏰ 07:59:34 - Syncing IBKR prices... ✅ Updated 10 positions | Gold: $4454.97
⏰ 08:00:35 - Syncing IBKR prices... ✅ Updated 10 positions | Gold: $4461.08
⏰ 08:01:37 - Syncing IBKR prices... ✅ Updated 10 positions | Gold: $4456.46
⏰ 08:02:39 - Syncing IBKR prices... ✅ Updated 10 positions | Gold: $4451.32
⏰ 08:03:40 - Syncing IBKR prices... ✅ Updated 10 positions | Gold: $4459.96
⏰ 08:04:42 - Syncing IBKR prices... ✅ Updated 10 positions | Gold: $4458.19
⏰ 08:05:43 - Syncing IBKR prices... ✅ Updated 10 positions | Gold: $4450.75
⏰ 08:06:45 - Syncing IBKR prices... ✅ Updated 10 positions | Gold: $4468.66
⏰ 08:07:47 - Syncing IBKR prices... ✅ Updated 10 positions | Gold: $4468.84
⏰ 08:08:48 - Syncing IBKR prices... ✅ Updated 10 positions | Gold: $4452.63
⏰ 08:09:50 - Syncing IBKR prices... ✅ Updated 10 positions | Gold: $4468.75
⏰ 08:10:51 - Syncing IBKR prices... ✅ Updated 10 positions | Gold: $4450.07
⏰ 08:11:53 - Syncing IBKR prices... ✅ Updated 10 positions | Gold: $4462.24
⏰ 08:12:55 - Syncing IBKR prices... ✅ Updated 10 positions | Gold: $4459.47
⏰ 08:13:56 - Syncing IBKR prices... ✅ Updated 10 positions | Gold: $4458.04
⏰ 08:14:58 - Syncing IBKR prices... ✅ Updated 10 positions | Gold: $4459.75
⏰ 08:16:00 - Syncing IBKR prices... ✅ Updated 10 positions | Gold: $4463.37
⏰ 08:17:01 - Syncing IBKR prices... ✅ Updated 10 positions | Gold: $4453.14
⏰ 08:18:03 - Syncing IBKR prices... ✅ Updated 10 positions | Gold: $4454.55
⏰ 08:19:04 - Syncing IBKR prices... ✅ Updated 10 positions | Gold: $4464.14
⏰ 08:20:06 - Syncing IBKR prices... ✅ Updated 10 positions | Gold: $4451.85
⏰ 08:21:07 - Syncing IBKR prices... ✅ Updated 10 positions | Gold: $4461.02
⏰ 08:22:09 - Syncing IBKR prices... ✅ Updated 10 positions | Gold: $4465.92
⏰ 08:23:11 - Syncing IBKR prices... ✅ Updated 10 positions | Gold: $4467.35
⏰ 08:24:12 - Syncing IBKR prices... ✅ Updated 10 positions | Gold: $4463.96
⏰ 08:25:14 - Syncing IBKR prices... ✅ Updated 10 positions | Gold: $4467.33
⏰ 08:26:15 - Syncing IBKR prices... ✅ Updated 10 positions | Gold: $4460.24
⏰ 08:27:17 - Syncing IBKR prices... ✅ Updated 10 positions | Gold: $4459.24
⏰ 08:28:19 - Syncing IBKR prices... ✅ Updated 10 positions | Gold: $4468.92
⏰ 08:29:20 - Syncing IBKR prices... ✅ Updated 10 positions | Gold: $4463.72
⏰ 08:30:22 - Syncing IBKR prices... ✅ Updated 10 positions | Gold: $4456.50
⏰ 08:31:23 - Syncing IBKR prices... ✅ Updated 10 positions | Gold: $4464.33
⏰ 08:32:25 - Syncing IBKR prices... ✅ Updated 10 positions | Gold: $4453.14
⏰ 08:33:27 - Syncing IBKR prices... ✅ Updated 10 positions | Gold: $4450.88
⏰ 08:34:28 - Syncing IBKR prices... ✅ Updated 10 positions | Gold: $4458.24
⏰ 08:35:30 - Syncing IBKR prices... ✅ Updated 10 positions | Gold: $4467.45
⏰ 08:36:32 - Syncing IBKR prices... ✅ Updated 10 positions | Gold: $4456.84
⏰ 08:37:33 - Syncing IBKR prices... ✅ Updated 10 positions | Gold: $4466.87
⏰ 08:38:35 - Syncing IBKR prices... ✅ Updated 10 positions | Gold: $4455.96
⏰ 08:39:37 - Syncing IBKR prices... ✅ Updated 10 positions | Gold: $4460.46
⏰ 08:40:39 - Syncing IBKR prices... ✅ Updated 10 positions | Gold: $4460.90
⏰ 08:41:41 - Syncing IBKR prices... ✅ Updated 10 positions | Gold: $4452.55
⏰ 08:42:43 - Syncing IBKR prices... ✅ Updated 10 positions | Gold: $4450.64
⏰ 08:43:44 - Syncing IBKR prices... ✅ Updated 10 positions | Gold: $4464.07
⏰ 08:44:46 - Syncing IBKR prices... ✅ Updated 10 positions | Gold: $4457.82
⏰ 08:45:48 - Syncing IBKR prices... ✅ Updated 10 positions | Gold: $4462.96
⏰ 08:46:49 - Syncing IBKR prices... ✅ Updated 10 positions | Gold: $4459.73
⏰ 08:47:51 - Syncing IBKR prices... ✅ Updated 10 positions | Gold: $4467.24
⏰ 08:48:52 - Syncing IBKR prices... ✅ Updated 10 positions | Gold: $4469.65
⏰ 08:49:54 - Syncing IBKR prices... ✅ Updated 10 positions | Gold: $4451.64
⏰ 08:50:55 - Syncing IBKR prices... ✅ Updated 10 positions | Gold: $4465.02
⏰ 08:51:57 - Syncing IBKR prices... ✅ Updated 10 positions | Gold: $4459.34
⏰ 08:52:59 - Syncing IBKR prices... ✅ Updated 10 positions | Gold: $4463.44
⏰ 08:54:00 - Syncing IBKR prices... ✅ Updated 10 positions | Gold: $4464.04
⏰ 08:55:02 - Syncing IBKR prices... ✅ Updated 10 positions | Gold: $4454.52
⏰ 08:56:03 - Syncing IBKR prices... ✅ Updated 10 positions | Gold: $4458.84
⏰ 08:57:05 - Syncing IBKR prices... ✅ Updated 10 positions | Gold: $4455.29
⏰ 08:58:07 - Syncing IBKR prices... ✅ Updated 10 positions | Gold: $4461.68
⏰ 08:59:09 - Syncing IBKR prices... ✅ Updated 10 positions | Gold: $4466.77
⏰ 09:00:10 - Syncing IBKR prices... ✅ Updated 10 positions | Gold: $4450.89
⏰ 09:01:12 - Syncing IBKR prices... ✅ Updated 10 positions | Gold: $4469.05
⏰ 09:02:14 - Syncing IBKR prices... ✅ Updated 10 positions | Gold: $4454.06
⏰ 09:03:15 - Syncing IBKR prices... ✅ Updated 10 positions | Gold: $4460.24
⏰ 09:04:17 - Syncing IBKR prices... ✅ Updated 10 positions | Gold: $4456.43
⏰ 09:05:18 - Syncing IBKR prices... ✅ Updated 10 positions | Gold: $4456.90
⏰ 09:06:20 - Syncing IBKR prices... ✅ Updated 10 positions | Gold: $4451.30
⏰ 09:07:21 - Syncing IBKR prices... ✅ Updated 10 positions | Gold: $4464.54
⏰ 09:08:24 - Syncing IBKR prices... ✅ Updated 10 positions | Gold: $4452.41
⏰ 09:09:25 - Syncing IBKR prices... ✅ Updated 10 positions | Gold: $4464.46
⏰ 09:10:27 - Syncing IBKR prices... ✅ Updated 10 positions | Gold: $4456.74
⏰ 09:11:28 - Syncing IBKR prices... ✅ Updated 10 positions | Gold: $4459.57
⏰ 09:12:30 - Syncing IBKR prices... ✅ Updated 10 positions | Gold: $4464.74
⏰ 09:13:32 - Syncing IBKR prices... ✅ Updated 10 positions | Gold: $4457.67
⏰ 09:14:34 - Syncing IBKR prices... ✅ Updated 10 positions | Gold: $4458.59
⏰ 09:15:35 - Syncing IBKR prices... ✅ Updated 10 positions | Gold: $4460.25
⏰ 09:16:37 - Syncing IBKR prices... ✅ Updated 10 positions | Gold: $4457.42
⏰ 09:17:38 - Syncing IBKR prices... ✅ Updated 10 positions | Gold: $4463.06
⏰ 09:18:40 - Syncing IBKR prices... ✅ Updated 10 positions | Gold: $4466.30
⏰ 09:19:42 - Syncing IBKR prices... ✅ Updated 10 positions | Gold: $4453.06
⏰ 09:20:43 - Syncing IBKR prices... ✅ Updated 10 positions | Gold: $4461.23
⏰ 09:21:45 - Syncing IBKR prices... ✅ Updated 10 positions | Gold: $4462.66
⏰ 09:22:47 - Syncing IBKR prices... ✅ Updated 10 positions | Gold: $4461.30
⏰ 09:23:48 - Syncing IBKR prices... ✅ Updated 10 positions | Gold: $4454.91
⏰ 09:24:50 - Syncing IBKR prices... ✅ Updated 10 positions | Gold: $4464.41
⏰ 09:25:52 - Syncing IBKR prices... ✅ Updated 10 positions | Gold: $4467.01
⏰ 09:26:53 - Syncing IBKR prices... ✅ Updated 10 positions | Gold: $4462.57
⏰ 09:27:55 - Syncing IBKR prices... ✅ Updated 10 positions | Gold: $4454.49
⏰ 09:28:57 - Syncing IBKR prices... ✅ Updated 10 positions | Gold: $4462.21
⏰ 09:29:58 - Syncing IBKR prices... ✅ Updated 10 positions | Gold: $4464.79
⏰ 09:31:00 - Syncing IBKR prices... ✅ Updated 10 positions | Gold: $4457.68
⏰ 09:32:02 - Syncing IBKR prices... ✅ Updated 10 positions | Gold: $4454.37
⏰ 09:33:04 - Syncing IBKR prices... ✅ Updated 10 positions | Gold: $4460.71
⏰ 09:34:05 - Syncing IBKR prices... ✅ Updated 10 positions | Gold: $4453.77
⏰ 09:35:07 - Syncing IBKR prices... ✅ Updated 10 positions | Gold: $4451.04
⏰ 09:36:09 - Syncing IBKR prices... ✅ Updated 10 positions | Gold: $4460.44
⏰ 09:37:10 - Syncing IBKR prices... ✅ Updated 10 positions | Gold: $4467.79
⏰ 09:38:12 - Syncing IBKR prices... ✅ Updated 10 positions | Gold: $4454.81
⏰ 09:39:13 - Syncing IBKR prices... ✅ Updated 10 positions | Gold: $4457.51
⏰ 09:40:15 - Syncing IBKR prices... ✅ Updated 10 positions | Gold: $4467.90
⏰ 09:41:17 - Syncing IBKR prices... ✅ Updated 10 positions | Gold: $4461.52
⏰ 09:42:18 - Syncing IBKR prices... ✅ Updated 10 positions | Gold: $4465.58
⏰ 09:43:20 - Syncing IBKR prices... ✅ Updated 10 positions | Gold: $4455.43
⏰ 09:44:21 - Syncing IBKR prices... ✅ Updated 10 positions | Gold: $4456.18
⏰ 09:45:23 - Syncing IBKR prices... ✅ Updated 10 positions | Gold: $4453.36
⏰ 09:46:24 - Syncing IBKR prices... ✅ Updated 10 positions | Gold: $4453.55
⏰ 09:47:26 - Syncing IBKR prices... ✅ Updated 10 positions | Gold: $4467.89
⏰ 09:48:28 - Syncing IBKR prices... ✅ Updated 10 positions | Gold: $4457.14
⏰ 09:49:29 - Syncing IBKR prices... ✅ Updated 10 positions | Gold: $4455.96
⏰ 09:50:32 - Syncing IBKR prices... ✅ Updated 10 positions | Gold: $4463.54
⏰ 09:51:33 - Syncing IBKR prices... ✅ Updated 10 positions | Gold: $4464.94
⏰ 09:52:35 - Syncing IBKR prices... ✅ Updated 10 positions | Gold: $4466.15
⏰ 09:53:36 - Syncing IBKR prices... ✅ Updated 10 positions | Gold: $4460.76
⏰ 09:54:38 - Syncing IBKR prices... ✅ Updated 10 positions | Gold: $4467.57
⏰ 09:55:40 - Syncing IBKR prices... ✅ Updated 10 positions | Gold: $4463.31
⏰ 09:56:41 - Syncing IBKR prices... ✅ Updated 10 positions | Gold: $4461.78
⏰ 09:57:43 - Syncing IBKR prices... ✅ Updated 10 positions | Gold: $4455.39
⏰ 09:58:44 - Syncing IBKR prices... ✅ Updated 10 positions | Gold: $4464.00
⏰ 09:59:46 - Syncing IBKR prices... ✅ Updated 10 positions | Gold: $4465.61
⏰ 10:00:48 - Syncing IBKR prices... ✅ Updated 10 positions | Gold: $4450.38
⏰ 10:01:50 - Syncing IBKR prices... ✅ Updated 10 positions | Gold: $4455.72
⏰ 10:02:51 - Syncing IBKR prices... ✅ Updated 10 positions | Gold: $4463.35
⏰ 10:03:53 - Syncing IBKR prices... ✅ Updated 10 positions | Gold: $4455.95
⏰ 10:04:54 - Syncing IBKR prices... ✅ Updated 10 positions | Gold: $4467.83
⏰ 10:05:56 - Syncing IBKR prices... ✅ Updated 10 positions | Gold: $4465.28
⏰ 10:06:58 - Syncing IBKR prices... ✅ Updated 10 positions | Gold: $4451.40
⏰ 10:08:00 - Syncing IBKR prices... ✅ Updated 10 positions | Gold: $4453.44
⏰ 10:09:02 - Syncing IBKR prices... ✅ Updated 10 positions | Gold: $4469.08
⏰ 10:10:03 - Syncing IBKR prices... ✅ Updated 10 positions | Gold: $4462.73
⏰ 10:11:05 - Syncing IBKR prices... ✅ Updated 10 positions | Gold: $4461.21
⏰ 10:12:07 - Syncing IBKR prices... ✅ Updated 10 positions | Gold: $4469.66
⏰ 10:13:08 - Syncing IBKR prices... ✅ Updated 10 positions | Gold: $4469.36
⏰ 10:14:10 - Syncing IBKR prices... ✅ Updated 10 positions | Gold: $4457.50
⏰ 10:15:12 - Syncing IBKR prices... ✅ Updated 10 positions | Gold: $4450.48
⏰ 10:16:13 - Syncing IBKR prices... ✅ Updated 10 positions | Gold: $4459.32
⏰ 10:17:15 - Syncing IBKR prices... ✅ Updated 10 positions | Gold: $4461.43
⏰ 10:18:17 - Syncing IBKR prices... ✅ Updated 10 positions | Gold: $4452.31
⏰ 10:19:18 - Syncing IBKR prices... ✅ Updated 10 positions | Gold: $4468.01
⏰ 10:20:20 - Syncing IBKR prices... ✅ Updated 10 positions | Gold: $4451.42
⏰ 10:21:22 - Syncing IBKR prices... ✅ Updated 10 positions | Gold: $4464.16
⏰ 10:22:24 - Syncing IBKR prices... ✅ Updated 10 positions | Gold: $4464.10
⏰ 10:23:25 - Syncing IBKR prices... ✅ Updated 10 positions | Gold: $4469.23
⏰ 10:24:27 - Syncing IBKR prices... ✅ Updated 10 positions | Gold: $4465.40
⏰ 10:25:28 - Syncing IBKR prices... ✅ Updated 10 positions | Gold: $4460.09
⏰ 10:26:30 - Syncing IBKR prices... ✅ Updated 10 positions | Gold: $4450.02
⏰ 10:27:32 - Syncing IBKR prices... ✅ Updated 10 positions | Gold: $4460.75
⏰ 10:28:33 - Syncing IBKR prices... ✅ Updated 10 positions | Gold: $4457.13
⏰ 10:29:35 - Syncing IBKR prices... ✅ Updated 10 positions | Gold: $4462.84
⏰ 10:30:37 - Syncing IBKR prices... ✅ Updated 10 positions | Gold: $4459.15
⏰ 10:31:38 - Syncing IBKR prices... ✅ Updated 10 positions | Gold: $4466.17
⏰ 10:32:40 - Syncing IBKR prices... ✅ Updated 10 positions | Gold: $4469.54
⏰ 10:33:41 - Syncing IBKR prices... ✅ Updated 10 positions | Gold: $4462.32
⏰ 10:34:43 - Syncing IBKR prices... ✅ Updated 10 positions | Gold: $4463.38
⏰ 10:35:44 - Syncing IBKR prices... ✅ Updated 10 positions | Gold: $4463.04
⏰ 10:36:46 - Syncing IBKR prices... ✅ Updated 10 positions | Gold: $4450.53
⏰ 10:37:48 - Syncing IBKR prices... ✅ Updated 10 positions | Gold: $4450.80
⏰ 10:38:49 - Syncing IBKR prices... ✅ Updated 10 positions | Gold: $4455.36
⏰ 10:39:51 - Syncing IBKR prices... ✅ Updated 10 positions | Gold: $4468.71
⏰ 10:40:53 - Syncing IBKR prices... ✅ Updated 10 positions | Gold: $4468.86
⏰ 10:41:54 - Syncing IBKR prices... ✅ Updated 10 positions | Gold: $4465.53
⏰ 10:42:56 - Syncing IBKR prices... ✅ Updated 10 positions | Gold: $4457.70
⏰ 10:43:57 - Syncing IBKR prices... ✅ Updated 10 positions | Gold: $4463.70
⏰ 10:44:59 - Syncing IBKR prices... ✅ Updated 10 positions | Gold: $4451.92
⏰ 10:46:01 - Syncing IBKR prices... ✅ Updated 10 positions | Gold: $4466.07
⏰ 10:47:03 - Syncing IBKR prices... ✅ Updated 10 positions | Gold: $4452.98
⏰ 10:48:04 - Syncing IBKR prices... ✅ Updated 10 positions | Gold: $4464.14
⏰ 10:49:06 - Syncing IBKR prices... ✅ Updated 10 positions | Gold: $4453.45
⏰ 10:50:07 - Syncing IBKR prices... ✅ Updated 10 positions | Gold: $4452.18
⏰ 10:51:09 - Syncing IBKR prices... ✅ Updated 10 positions | Gold: $4452.16
⏰ 10:52:11 - Syncing IBKR prices... ✅ Updated 10 positions | Gold: $4450.11
⏰ 10:53:12 - Syncing IBKR prices... ✅ Updated 10 positions | Gold: $4463.60
⏰ 10:54:14 - Syncing IBKR prices... ✅ Updated 10 positions | Gold: $4454.42
⏰ 10:55:16 - Syncing IBKR prices... ✅ Updated 10 positions | Gold: $4467.48
⏰ 10:56:17 - Syncing IBKR prices... ✅ Updated 10 positions | Gold: $4459.00
⏰ 10:57:19 - Syncing IBKR prices... ✅ Updated 10 positions | Gold: $4461.52
⏰ 10:58:21 - Syncing IBKR prices... ✅ Updated 10 positions | Gold: $4451.97
⏰ 10:59:23 - Syncing IBKR prices... ✅ Updated 10 positions | Gold: $4466.40
⏰ 11:00:24 - Syncing IBKR prices... ✅ Updated 10 positions | Gold: $4464.15
⏰ 11:01:26 - Syncing IBKR prices... ✅ Updated 10 positions | Gold: $4464.56
⏰ 11:02:28 - Syncing IBKR prices... ✅ Updated 10 positions | Gold: $4466.18
⏰ 11:03:29 - Syncing IBKR prices... ✅ Updated 10 positions | Gold: $4463.82
⏰ 11:04:31 - Syncing IBKR prices... ✅ Updated 10 positions | Gold: $4453.49
⏰ 11:05:33 - Syncing IBKR prices... ✅ Updated 10 positions | Gold: $4468.54
⏰ 11:06:34 - Syncing IBKR prices... ✅ Updated 10 positions | Gold: $4465.67
⏰ 11:07:36 - Syncing IBKR prices... ✅ Updated 10 positions | Gold: $4464.69
⏰ 11:08:38 - Syncing IBKR prices... ✅ Updated 10 positions | Gold: $4464.81
⏰ 11:09:40 - Syncing IBKR prices... ✅ Updated 10 positions | Gold: $4462.75
⏰ 11:10:41 - Syncing IBKR prices... ✅ Updated 10 positions | Gold: $4468.76
⏰ 11:11:43 - Syncing IBKR prices... ✅ Updated 10 positions | Gold: $4467.93
⏰ 11:12:45 - Syncing IBKR prices... ✅ Updated 10 positions | Gold: $4460.08
⏰ 11:13:47 - Syncing IBKR prices... ✅ Updated 10 positions | Gold: $4456.04
⏰ 11:14:48 - Syncing IBKR prices... ✅ Updated 10 positions | Gold: $4463.76
⏰ 11:15:50 - Syncing IBKR prices... ✅ Updated 10 positions | Gold: $4464.75
⏰ 11:16:51 - Syncing IBKR prices... ✅ Updated 10 positions | Gold: $4467.48
⏰ 11:17:53 - Syncing IBKR prices... ✅ Updated 10 positions | Gold: $4459.19
⏰ 11:18:55 - Syncing IBKR prices... ✅ Updated 10 positions | Gold: $4455.55
⏰ 11:19:56 - Syncing IBKR prices... ✅ Updated 10 positions | Gold: $4450.45
⏰ 11:20:58 - Syncing IBKR prices... ✅ Updated 10 positions | Gold: $4461.91
⏰ 11:21:59 - Syncing IBKR prices... ✅ Updated 10 positions | Gold: $4456.10
⏰ 11:23:01 - Syncing IBKR prices... ✅ Updated 10 positions | Gold: $4453.17
⏰ 11:24:02 - Syncing IBKR prices... ✅ Updated 10 positions | Gold: $4455.30
⏰ 11:25:04 - Syncing IBKR prices... ✅ Updated 10 positions | Gold: $4451.82
⏰ 11:26:06 - Syncing IBKR prices... ✅ Updated 10 positions | Gold: $4451.14
⏰ 11:27:07 - Syncing IBKR prices... ✅ Updated 10 positions | Gold: $4467.98
⏰ 11:28:09 - Syncing IBKR prices... ✅ Updated 10 positions | Gold: $4452.52
⏰ 11:29:10 - Syncing IBKR prices... ✅ Updated 10 positions | Gold: $4451.57
⏰ 11:30:12 - Syncing IBKR prices... ✅ Updated 10 positions | Gold: $4460.23
⏰ 11:31:14 - Syncing IBKR prices... ✅ Updated 10 positions | Gold: $4452.08
⏰ 11:32:15 - Syncing IBKR prices... ✅ Updated 10 positions | Gold: $4450.06
⏰ 11:33:17 - Syncing IBKR prices... ✅ Updated 10 positions | Gold: $4468.53
⏰ 11:34:18 - Syncing IBKR prices... ✅ Updated 10 positions | Gold: $4454.46
⏰ 11:35:20 - Syncing IBKR prices... ✅ Updated 10 positions | Gold: $4469.73
⏰ 11:36:22 - Syncing IBKR prices... ✅ Updated 10 positions | Gold: $4466.78
⏰ 11:37:23 - Syncing IBKR prices... ✅ Updated 10 positions | Gold: $4456.98
⏰ 11:38:25 - Syncing IBKR prices... ✅ Updated 10 positions | Gold: $4464.67
⏰ 11:39:26 - Syncing IBKR prices... ✅ Updated 10 positions | Gold: $4461.73
⏰ 11:40:28 - Syncing IBKR prices... ✅ Updated 10 positions | Gold: $4469.02
⏰ 11:41:30 - Syncing IBKR prices... ✅ Updated 10 positions | Gold: $4451.87
⏰ 11:42:31 - Syncing IBKR prices... ✅ Updated 10 positions | Gold: $4452.06
⏰ 11:43:33 - Syncing IBKR prices... ✅ Updated 10 positions | Gold: $4454.74
⏰ 11:44:35 - Syncing IBKR prices... ✅ Updated 10 positions | Gold: $4458.89
⏰ 11:45:36 - Syncing IBKR prices... ✅ Updated 10 positions | Gold: $4465.39
⏰ 11:46:38 - Syncing IBKR prices... ✅ Updated 10 positions | Gold: $4454.17
⏰ 11:47:39 - Syncing IBKR prices... ✅ Updated 10 positions | Gold: $4454.30
⏰ 11:48:41 - Syncing IBKR prices... ✅ Updated 10 positions | Gold: $4469.45
⏰ 11:49:43 - Syncing IBKR prices... ✅ Updated 10 positions | Gold: $4461.23
⏰ 11:50:44 - Syncing IBKR prices... ✅ Updated 10 positions | Gold: $4465.70
⏰ 11:51:46 - Syncing IBKR prices... ✅ Updated 10 positions | Gold: $4469.61
⏰ 11:52:48 - Syncing IBKR prices... ✅ Updated 10 positions | Gold: $4459.79
⏰ 11:53:50 - Syncing IBKR prices... ✅ Updated 10 positions | Gold: $4458.10
⏰ 11:54:52 - Syncing IBKR prices... ✅ Updated 10 positions | Gold: $4450.53
⏰ 11:55:53 - Syncing IBKR prices... ✅ Updated 10 positions | Gold: $4450.97
⏰ 11:56:55 - Syncing IBKR prices... ✅ Updated 10 positions | Gold: $4468.03
⏰ 11:57:56 - Syncing IBKR prices... ✅ Updated 10 positions | Gold: $4454.70
⏰ 11:58:58 - Syncing IBKR prices... ✅ Updated 10 positions | Gold: $4451.73
⏰ 12:00:00 - Syncing IBKR prices... ✅ Updated 10 positions | Gold: $4450.47
⏰ 12:01:02 - Syncing IBKR prices... ✅ Updated 10 positions | Gold: $4464.83
⏰ 12:02:03 - Syncing IBKR prices... ✅ Updated 10 positions | Gold: $4468.21
⏰ 12:03:05 - Syncing IBKR prices... ✅ Updated 10 positions | Gold: $4467.04
⏰ 12:04:07 - Syncing IBKR prices... ✅ Updated 10 positions | Gold: $4458.89
⏰ 12:05:08 - Syncing IBKR prices... ✅ Updated 10 positions | Gold: $4465.69
⏰ 12:06:10 - Syncing IBKR prices... ✅ Updated 10 positions | Gold: $4454.15
⏰ 12:07:12 - Syncing IBKR prices... ✅ Updated 10 positions | Gold: $4451.52
⏰ 12:08:13 - Syncing IBKR prices... ✅ Updated 10 positions | Gold: $4460.76
⏰ 12:09:15 - Syncing IBKR prices... ✅ Updated 10 positions | Gold: $4456.89
⏰ 12:10:17 - Syncing IBKR prices... ✅ Updated 10 positions | Gold: $4455.63
⏰ 12:11:18 - Syncing IBKR prices... ✅ Updated 10 positions | Gold: $4452.59
⏰ 12:12:20 - Syncing IBKR prices... ✅ Updated 10 positions | Gold: $4468.94
⏰ 12:13:21 - Syncing IBKR prices... ✅ Updated 10 positions | Gold: $4454.18
⏰ 12:14:23 - Syncing IBKR prices... ✅ Updated 10 positions | Gold: $4450.65
⏰ 12:15:25 - Syncing IBKR prices... ✅ Updated 10 positions | Gold: $4455.27
⏰ 12:16:26 - Syncing IBKR prices... ✅ Updated 10 positions | Gold: $4458.88
⏰ 12:17:28 - Syncing IBKR prices... ✅ Updated 10 positions | Gold: $4466.57
⏰ 12:18:30 - Syncing IBKR prices... ✅ Updated 10 positions | Gold: $4451.68
⏰ 12:19:31 - Syncing IBKR prices... ✅ Updated 10 positions | Gold: $4463.68
⏰ 12:20:33 - Syncing IBKR prices... ✅ Updated 10 positions | Gold: $4452.92
⏰ 12:21:35 - Syncing IBKR prices... ✅ Updated 10 positions | Gold: $4455.70
⏰ 12:22:36 - Syncing IBKR prices... ✅ Updated 10 positions | Gold: $4463.81
⏰ 12:23:38 - Syncing IBKR prices... ✅ Updated 10 positions | Gold: $4464.39
⏰ 12:24:39 - Syncing IBKR prices... ✅ Updated 10 positions | Gold: $4461.60
⏰ 12:25:41 - Syncing IBKR prices... ✅ Updated 10 positions | Gold: $4456.71
⏰ 12:26:42 - Syncing IBKR prices... ✅ Updated 10 positions | Gold: $4467.04
⏰ 12:27:44 - Syncing IBKR prices... ✅ Updated 10 positions | Gold: $4453.88
⏰ 12:28:46 - Syncing IBKR prices... ✅ Updated 10 positions | Gold: $4457.32
⏰ 12:29:47 - Syncing IBKR prices... ✅ Updated 10 positions | Gold: $4455.20
⏰ 12:30:49 - Syncing IBKR prices... ✅ Updated 10 positions | Gold: $4466.31
⏰ 12:31:50 - Syncing IBKR prices... ✅ Updated 10 positions | Gold: $4455.09
⏰ 12:32:52 - Syncing IBKR prices... ✅ Updated 10 positions | Gold: $4456.33
⏰ 12:33:54 - Syncing IBKR prices... ✅ Updated 10 positions | Gold: $4469.90
⏰ 12:34:55 - Syncing IBKR prices... ✅ Updated 10 positions | Gold: $4458.43
⏰ 12:35:57 - Syncing IBKR prices... ✅ Updated 10 positions | Gold: $4450.93
⏰ 12:36:58 - Syncing IBKR prices... ✅ Updated 10 positions | Gold: $4466.31
⏰ 12:38:00 - Syncing IBKR prices... ✅ Updated 10 positions | Gold: $4466.57
⏰ 12:39:01 - Syncing IBKR prices... ✅ Updated 10 positions | Gold: $4452.15
⏰ 12:40:03 - Syncing IBKR prices... ✅ Updated 10 positions | Gold: $4459.52
⏰ 12:41:05 - Syncing IBKR prices... ✅ Updated 10 positions | Gold: $4464.94
⏰ 12:42:06 - Syncing IBKR prices... ✅ Updated 10 positions | Gold: $4461.31
⏰ 12:43:08 - Syncing IBKR prices... ✅ Updated 10 positions | Gold: $4467.31
⏰ 12:44:09 - Syncing IBKR prices... ✅ Updated 10 positions | Gold: $4450.27
⏰ 12:45:11 - Syncing IBKR prices... ✅ Updated 10 positions | Gold: $4452.00
⏰ 12:46:13 - Syncing IBKR prices... ✅ Updated 10 positions | Gold: $4459.97
⏰ 12:47:15 - Syncing IBKR prices... ✅ Updated 10 positions | Gold: $4466.14
⏰ 12:48:17 - Syncing IBKR prices... ✅ Updated 10 positions | Gold: $4458.28
⏰ 12:49:19 - Syncing IBKR prices... ✅ Updated 10 positions | Gold: $4456.37
⏰ 12:50:20 - Syncing IBKR prices... ✅ Updated 10 positions | Gold: $4467.71
⏰ 12:51:22 - Syncing IBKR prices... ✅ Updated 10 positions | Gold: $4454.78
⏰ 12:52:24 - Syncing IBKR prices... ✅ Updated 10 positions | Gold: $4452.99
⏰ 12:53:25 - Syncing IBKR prices... ✅ Updated 10 positions | Gold: $4468.73
⏰ 12:54:27 - Syncing IBKR prices... ✅ Updated 10 positions | Gold: $4454.81
⏰ 12:55:29 - Syncing IBKR prices... ✅ Updated 10 positions | Gold: $4464.88
⏰ 12:56:30 - Syncing IBKR prices... ✅ Updated 10 positions | Gold: $4458.36
⏰ 12:57:32 - Syncing IBKR prices... ✅ Updated 10 positions | Gold: $4465.26
⏰ 12:58:34 - Syncing IBKR prices... ✅ Updated 10 positions | Gold: $4458.67
⏰ 12:59:35 - Syncing IBKR prices... ✅ Updated 10 positions | Gold: $4465.50
⏰ 13:00:37 - Syncing IBKR prices... ✅ Updated 10 positions | Gold: $4463.41
⏰ 13:01:38 - Syncing IBKR prices... ✅ Updated 10 positions | Gold: $4459.55
⏰ 13:02:40 - Syncing IBKR prices... ✅ Updated 10 positions | Gold: $4454.92
⏰ 13:03:42 - Syncing IBKR prices... ✅ Updated 10 positions | Gold: $4469.42
⏰ 13:04:43 - Syncing IBKR prices... ✅ Updated 10 positions | Gold: $4457.20
⏰ 13:05:45 - Syncing IBKR prices... ✅ Updated 10 positions | Gold: $4463.76
⏰ 13:06:46 - Syncing IBKR prices... ✅ Updated 10 positions | Gold: $4451.34
⏰ 13:07:48 - Syncing IBKR prices... ✅ Updated 10 positions | Gold: $4460.22
⏰ 13:08:49 - Syncing IBKR prices... ✅ Updated 10 positions | Gold: $4462.88
⏰ 13:09:51 - Syncing IBKR prices... ✅ Updated 10 positions | Gold: $4464.13
⏰ 13:10:53 - Syncing IBKR prices... ✅ Updated 10 positions | Gold: $4452.96
⏰ 13:11:54 - Syncing IBKR prices... ✅ Updated 10 positions | Gold: $4452.34
⏰ 13:12:56 - Syncing IBKR prices... ✅ Updated 10 positions | Gold: $4463.83
⏰ 13:13:57 - Syncing IBKR prices... ✅ Updated 10 positions | Gold: $4465.91
⏰ 13:14:59 - Syncing IBKR prices... ✅ Updated 10 positions | Gold: $4466.59
⏰ 13:16:00 - Syncing IBKR prices... ✅ Updated 10 positions | Gold: $4469.13
⏰ 13:17:02 - Syncing IBKR prices... ✅ Updated 10 positions | Gold: $4462.71
⏰ 13:18:04 - Syncing IBKR prices... ✅ Updated 10 positions | Gold: $4452.68
⏰ 13:19:05 - Syncing IBKR prices... ✅ Updated 10 positions | Gold: $4451.95
⏰ 13:20:07 - Syncing IBKR prices... ✅ Updated 10 positions | Gold: $4453.16
⏰ 13:21:09 - Syncing IBKR prices... ✅ Updated 10 positions | Gold: $4450.03
⏰ 13:22:10 - Syncing IBKR prices... ✅ Updated 10 positions | Gold: $4454.51
⏰ 13:23:12 - Syncing IBKR prices... ✅ Updated 10 positions | Gold: $4452.67
⏰ 13:24:13 - Syncing IBKR prices... ✅ Updated 10 positions | Gold: $4452.47
⏰ 13:25:15 - Syncing IBKR prices... ✅ Updated 10 positions | Gold: $4455.15
⏰ 13:26:17 - Syncing IBKR prices... ✅ Updated 10 positions | Gold: $4458.63
⏰ 13:27:18 - Syncing IBKR prices... ✅ Updated 10 positions | Gold: $4466.78
⏰ 13:28:20 - Syncing IBKR prices... ✅ Updated 10 positions | Gold: $4462.82
⏰ 13:29:21 - Syncing IBKR prices... ✅ Updated 10 positions | Gold: $4450.47
⏰ 13:30:23 - Syncing IBKR prices... ✅ Updated 10 positions | Gold: $4464.15
⏰ 13:31:24 - Syncing IBKR prices... ✅ Updated 10 positions | Gold: $4454.19
⏰ 13:32:26 - Syncing IBKR prices... ✅ Updated 10 positions | Gold: $4464.03
⏰ 13:33:28 - Syncing IBKR prices... ✅ Updated 10 positions | Gold: $4452.78
⏰ 13:34:29 - Syncing IBKR prices... ✅ Updated 10 positions | Gold: $4460.16
⏰ 13:35:31 - Syncing IBKR prices... ✅ Updated 10 positions | Gold: $4458.47
⏰ 13:36:33 - Syncing IBKR prices... ✅ Updated 10 positions | Gold: $4461.16
⏰ 13:37:34 - Syncing IBKR prices... ✅ Updated 10 positions | Gold: $4461.42
⏰ 13:38:36 - Syncing IBKR prices... ✅ Updated 10 positions | Gold: $4469.22
⏰ 13:39:37 - Syncing IBKR prices... ✅ Updated 10 positions | Gold: $4457.20
⏰ 13:40:39 - Syncing IBKR prices... ✅ Updated 10 positions | Gold: $4469.66
⏰ 13:41:41 - Syncing IBKR prices... ✅ Updated 10 positions | Gold: $4456.81
⏰ 13:42:42 - Syncing IBKR prices... ✅ Updated 10 positions | Gold: $4465.82
⏰ 13:43:44 - Syncing IBKR prices... ✅ Updated 10 positions | Gold: $4453.64
⏰ 13:44:46 - Syncing IBKR prices... ✅ Updated 10 positions | Gold: $4463.62
⏰ 13:45:47 - Syncing IBKR prices... ✅ Updated 10 positions | Gold: $4450.68
⏰ 13:46:49 - Syncing IBKR prices... ✅ Updated 10 positions | Gold: $4457.38
⏰ 13:47:51 - Syncing IBKR prices... ✅ Updated 10 positions | Gold: $4454.34
⏰ 13:48:53 - Syncing IBKR prices... ✅ Updated 10 positions | Gold: $4459.89
⏰ 13:49:55 - Syncing IBKR prices... ✅ Updated 10 positions | Gold: $4451.71
⏰ 13:50:56 - Syncing IBKR prices... ✅ Updated 10 positions | Gold: $4468.93
⏰ 13:51:58 - Syncing IBKR prices... ✅ Updated 10 positions | Gold: $4455.18
⏰ 13:53:00 - Syncing IBKR prices... ✅ Updated 10 positions | Gold: $4453.87
⏰ 13:54:01 - Syncing IBKR prices... ✅ Updated 10 positions | Gold: $4454.72
⏰ 13:55:03 - Syncing IBKR prices... ✅ Updated 10 positions | Gold: $4455.86
⏰ 13:56:04 - Syncing IBKR prices... ✅ Updated 10 positions | Gold: $4454.58
⏰ 13:57:06 - Syncing IBKR prices... ✅ Updated 10 positions | Gold: $4452.01
⏰ 13:58:08 - Syncing IBKR prices... ✅ Updated 10 positions | Gold: $4466.27
⏰ 13:59:09 - Syncing IBKR prices... ✅ Updated 10 positions | Gold: $4451.34
⏰ 14:00:11 - Syncing IBKR prices... ✅ Updated 10 positions | Gold: $4461.76
⏰ 14:01:13 - Syncing IBKR prices... ✅ Updated 10 positions | Gold: $4457.13
⏰ 14:02:14 - Syncing IBKR prices... ✅ Updated 10 positions | Gold: $4461.22
⏰ 14:03:16 - Syncing IBKR prices... ✅ Updated 10 positions | Gold: $4460.44
⏰ 14:04:17 - Syncing IBKR prices... ✅ Updated 10 positions | Gold: $4469.87
⏰ 14:05:19 - Syncing IBKR prices... ✅ Updated 10 positions | Gold: $4469.57
⏰ 14:06:21 - Syncing IBKR prices... ✅ Updated 10 positions | Gold: $4459.88
⏰ 14:07:22 - Syncing IBKR prices... ✅ Updated 10 positions | Gold: $4460.28
⏰ 14:08:24 - Syncing IBKR prices... ✅ Updated 10 positions | Gold: $4459.88
⏰ 14:09:25 - Syncing IBKR prices... ✅ Updated 10 positions | Gold: $4468.45
⏰ 14:10:27 - Syncing IBKR prices... ✅ Updated 10 positions | Gold: $4460.44
⏰ 14:11:28 - Syncing IBKR prices... ✅ Updated 10 positions | Gold: $4452.03
⏰ 14:12:30 - Syncing IBKR prices... ✅ Updated 10 positions | Gold: $4454.88
⏰ 14:13:32 - Syncing IBKR prices... ✅ Updated 10 positions | Gold: $4454.78
⏰ 14:14:33 - Syncing IBKR prices... ✅ Updated 10 positions | Gold: $4458.27
⏰ 14:15:35 - Syncing IBKR prices... ✅ Updated 10 positions | Gold: $4469.58
⏰ 14:16:36 - Syncing IBKR prices... ✅ Updated 10 positions | Gold: $4463.17
⏰ 14:17:38 - Syncing IBKR prices... ✅ Updated 10 positions | Gold: $4465.52
⏰ 14:18:40 - Syncing IBKR prices... ✅ Updated 10 positions | Gold: $4460.11
⏰ 14:19:41 - Syncing IBKR prices... ✅ Updated 10 positions | Gold: $4451.19
⏰ 14:20:43 - Syncing IBKR prices... ✅ Updated 10 positions | Gold: $4461.06
⏰ 14:21:45 - Syncing IBKR prices... ✅ Updated 10 positions | Gold: $4461.08
⏰ 14:22:46 - Syncing IBKR prices... ✅ Updated 10 positions | Gold: $4463.35
⏰ 14:23:48 - Syncing IBKR prices... ✅ Updated 10 positions | Gold: $4451.25
⏰ 14:24:49 - Syncing IBKR prices... ✅ Updated 10 positions | Gold: $4468.65
⏰ 14:25:51 - Syncing IBKR prices... ✅ Updated 10 positions | Gold: $4466.53
⏰ 14:26:53 - Syncing IBKR prices... ✅ Updated 10 positions | Gold: $4459.51
⏰ 14:27:54 - Syncing IBKR prices... ✅ Updated 10 positions | Gold: $4461.13
⏰ 14:28:56 - Syncing IBKR prices... ✅ Updated 10 positions | Gold: $4454.74
⏰ 14:29:57 - Syncing IBKR prices... ✅ Updated 10 positions | Gold: $4452.98
⏰ 14:30:59 - Syncing IBKR prices... ✅ Updated 10 positions | Gold: $4462.48
⏰ 14:32:01 - Syncing IBKR prices... ✅ Updated 10 positions | Gold: $4460.66
⏰ 14:33:02 - Syncing IBKR prices... ✅ Updated 10 positions | Gold: $4462.82
⏰ 14:34:04 - Syncing IBKR prices... ✅ Updated 10 positions | Gold: $4451.95
⏰ 14:35:06 - Syncing IBKR prices... ✅ Updated 10 positions | Gold: $4469.26
⏰ 14:36:07 - Syncing IBKR prices... ✅ Updated 10 positions | Gold: $4456.72
⏰ 14:37:09 - Syncing IBKR prices... ✅ Updated 10 positions | Gold: $4460.07
⏰ 14:38:11 - Syncing IBKR prices... ✅ Updated 10 positions | Gold: $4452.64
⏰ 14:39:12 - Syncing IBKR prices... ✅ Updated 10 positions | Gold: $4466.81
⏰ 14:40:14 - Syncing IBKR prices... ✅ Updated 10 positions | Gold: $4457.45
⏰ 14:41:15 - Syncing IBKR prices... ✅ Updated 10 positions | Gold: $4456.83
⏰ 14:42:17 - Syncing IBKR prices... ✅ Updated 10 positions | Gold: $4458.14
⏰ 14:43:19 - Syncing IBKR prices... ✅ Updated 10 positions | Gold: $4460.54
⏰ 14:44:20 - Syncing IBKR prices... ✅ Updated 10 positions | Gold: $4458.21
⏰ 14:45:22 - Syncing IBKR prices... ✅ Updated 10 positions | Gold: $4453.46
⏰ 14:46:24 - Syncing IBKR prices... ✅ Updated 10 positions | Gold: $4456.26
⏰ 14:47:25 - Syncing IBKR prices... ✅ Updated 10 positions | Gold: $4456.04
⏰ 14:48:27 - Syncing IBKR prices... ✅ Updated 10 positions | Gold: $4459.69
⏰ 14:49:28 - Syncing IBKR prices... ✅ Updated 10 positions | Gold: $4450.74
⏰ 14:50:30 - Syncing IBKR prices... ✅ Updated 10 positions | Gold: $4458.13
⏰ 14:51:31 - Syncing IBKR prices... ✅ Updated 10 positions | Gold: $4455.44
⏰ 14:52:33 - Syncing IBKR prices... ✅ Updated 10 positions | Gold: $4464.05
⏰ 14:53:34 - Syncing IBKR prices... ✅ Updated 10 positions | Gold: $4464.81
⏰ 14:54:36 - Syncing IBKR prices... ✅ Updated 10 positions | Gold: $4462.12
⏰ 14:55:38 - Syncing IBKR prices... ✅ Updated 10 positions | Gold: $4451.48
⏰ 14:56:39 - Syncing IBKR prices... ✅ Updated 10 positions | Gold: $4464.90
⏰ 14:57:41 - Syncing IBKR prices... ✅ Updated 10 positions | Gold: $4452.84
⏰ 14:58:42 - Syncing IBKR prices... ✅ Updated 10 positions | Gold: $4461.70
⏰ 14:59:44 - Syncing IBKR prices... ✅ Updated 10 positions | Gold: $4468.98
⏰ 15:00:45 - Syncing IBKR prices... ✅ Updated 10 positions | Gold: $4453.62
⏰ 15:01:47 - Syncing IBKR prices... ✅ Updated 10 positions | Gold: $4455.81
⏰ 15:02:49 - Syncing IBKR prices... ✅ Updated 10 positions | Gold: $4468.42
⏰ 15:03:50 - Syncing IBKR prices... ✅ Updated 10 positions | Gold: $4461.86
⏰ 15:04:52 - Syncing IBKR prices... ✅ Updated 10 positions | Gold: $4465.72
⏰ 15:05:53 - Syncing IBKR prices... ✅ Updated 10 positions | Gold: $4463.69
⏰ 15:06:55 - Syncing IBKR prices... ✅ Updated 10 positions | Gold: $4453.93
⏰ 15:07:57 - Syncing IBKR prices... ✅ Updated 10 positions | Gold: $4451.42
⏰ 15:08:59 - Syncing IBKR prices... ✅ Updated 10 positions | Gold: $4463.86
⏰ 15:10:00 - Syncing IBKR prices... ✅ Updated 10 positions | Gold: $4468.18
⏰ 15:11:02 - Syncing IBKR prices... ✅ Updated 10 positions | Gold: $4456.02
⏰ 15:12:04 - Syncing IBKR prices... ✅ Updated 10 positions | Gold: $4453.12
⏰ 15:13:05 - Syncing IBKR prices... ✅ Updated 10 positions | Gold: $4468.91
⏰ 15:14:07 - Syncing IBKR prices... ✅ Updated 10 positions | Gold: $4462.41
⏰ 15:15:09 - Syncing IBKR prices... ✅ Updated 10 positions | Gold: $4460.36
⏰ 15:16:10 - Syncing IBKR prices... ✅ Updated 10 positions | Gold: $4450.89
⏰ 15:17:12 - Syncing IBKR prices... ✅ Updated 10 positions | Gold: $4452.85
⏰ 15:18:13 - Syncing IBKR prices... ✅ Updated 10 positions | Gold: $4459.45
⏰ 15:19:15 - Syncing IBKR prices... ✅ Updated 10 positions | Gold: $4467.16
⏰ 15:20:17 - Syncing IBKR prices... ✅ Updated 10 positions | Gold: $4455.40
⏰ 15:21:18 - Syncing IBKR prices... ✅ Updated 10 positions | Gold: $4460.06
⏰ 15:22:20 - Syncing IBKR prices... ✅ Updated 10 positions | Gold: $4450.36
⏰ 15:23:21 - Syncing IBKR prices... ✅ Updated 10 positions | Gold: $4451.10
⏰ 15:24:23 - Syncing IBKR prices... ✅ Updated 10 positions | Gold: $4459.11
⏰ 15:25:25 - Syncing IBKR prices... ✅ Updated 10 positions | Gold: $4465.31
⏰ 15:26:27 - Syncing IBKR prices... ✅ Updated 10 positions | Gold: $4465.11
⏰ 15:27:28 - Syncing IBKR prices... ✅ Updated 10 positions | Gold: $4465.07
⏰ 15:28:30 - Syncing IBKR prices... ✅ Updated 10 positions | Gold: $4456.13
⏰ 15:29:32 - Syncing IBKR prices... ✅ Updated 10 positions | Gold: $4460.44
⏰ 15:30:33 - Syncing IBKR prices... ✅ Updated 10 positions | Gold: $4461.33
⏰ 15:31:35 - Syncing IBKR prices... ✅ Updated 10 positions | Gold: $4469.45
⏰ 15:32:37 - Syncing IBKR prices... ✅ Updated 10 positions | Gold: $4460.28
⏰ 15:33:38 - Syncing IBKR prices... ✅ Updated 10 positions | Gold: $4450.28
⏰ 15:34:40 - Syncing IBKR prices... ✅ Updated 10 positions | Gold: $4461.44
⏰ 15:35:42 - Syncing IBKR prices... ✅ Updated 10 positions | Gold: $4451.49
⏰ 15:36:43 - Syncing IBKR prices... ✅ Updated 10 positions | Gold: $4452.26
⏰ 15:37:45 - Syncing IBKR prices... ✅ Updated 10 positions | Gold: $4466.28
⏰ 15:38:47 - Syncing IBKR prices... ✅ Updated 10 positions | Gold: $4459.49
⏰ 15:39:48 - Syncing IBKR prices... ✅ Updated 10 positions | Gold: $4452.25
⏰ 15:40:50 - Syncing IBKR prices... ✅ Updated 10 positions | Gold: $4466.15
⏰ 15:41:51 - Syncing IBKR prices... ✅ Updated 10 positions | Gold: $4461.35
⏰ 15:42:53 - Syncing IBKR prices... ✅ Updated 10 positions | Gold: $4456.33
⏰ 15:43:54 - Syncing IBKR prices... ✅ Updated 10 positions | Gold: $4468.70
⏰ 15:44:56 - Syncing IBKR prices... ✅ Updated 10 positions | Gold: $4462.38
⏰ 15:45:58 - Syncing IBKR prices... ✅ Updated 10 positions | Gold: $4467.71
⏰ 15:46:59 - Syncing IBKR prices... ✅ Updated 10 positions | Gold: $4454.99
⏰ 15:48:01 - Syncing IBKR prices... ✅ Updated 10 positions | Gold: $4450.89
⏰ 15:49:02 - Syncing IBKR prices... ✅ Updated 10 positions | Gold: $4453.60
⏰ 15:50:04 - Syncing IBKR prices... ✅ Updated 10 positions | Gold: $4457.40
⏰ 15:51:05 - Syncing IBKR prices... ✅ Updated 10 positions | Gold: $4452.30
⏰ 15:52:07 - Syncing IBKR prices... ✅ Updated 10 positions | Gold: $4456.99
⏰ 15:53:09 - Syncing IBKR prices... ✅ Updated 10 positions | Gold: $4467.42
⏰ 15:54:10 - Syncing IBKR prices... ✅ Updated 10 positions | Gold: $4450.52
⏰ 15:55:12 - Syncing IBKR prices... ✅ Updated 10 positions | Gold: $4457.78
⏰ 15:56:13 - Syncing IBKR prices... ✅ Updated 10 positions | Gold: $4468.47
⏰ 15:57:15 - Syncing IBKR prices... ✅ Updated 10 positions | Gold: $4459.61
⏰ 15:58:17 - Syncing IBKR prices... ✅ Updated 10 positions | Gold: $4468.23
⏰ 15:59:18 - Syncing IBKR prices... ✅ Updated 10 positions | Gold: $4452.06
⏰ 16:00:20 - Syncing IBKR prices... ✅ Updated 10 positions | Gold: $4467.61
⏰ 16:01:21 - Syncing IBKR prices... ✅ Updated 10 positions | Gold: $4464.72
⏰ 16:02:23 - Syncing IBKR prices... ✅ Updated 10 positions | Gold: $4460.20
⏰ 16:03:25 - Syncing IBKR prices... ✅ Updated 10 positions | Gold: $4463.78
⏰ 16:04:27 - Syncing IBKR prices... ✅ Updated 10 positions | Gold: $4463.93
⏰ 16:05:28 - Syncing IBKR prices... ✅ Updated 10 positions | Gold: $4453.82
⏰ 16:06:30 - Syncing IBKR prices... ✅ Updated 10 positions | Gold: $4463.79
⏰ 16:07:31 - Syncing IBKR prices... ✅ Updated 10 positions | Gold: $4459.56
⏰ 16:08:33 - Syncing IBKR prices... ✅ Updated 10 positions | Gold: $4454.21
⏰ 16:09:35 - Syncing IBKR prices... ✅ Updated 10 positions | Gold: $4452.87
⏰ 16:10:36 - Syncing IBKR prices... ✅ Updated 10 positions | Gold: $4467.63
⏰ 16:11:38 - Syncing IBKR prices... ✅ Updated 10 positions | Gold: $4469.09
⏰ 16:12:39 - Syncing IBKR prices... ✅ Updated 10 positions | Gold: $4456.41
⏰ 16:13:41 - Syncing IBKR prices... ✅ Updated 10 positions | Gold: $4450.52
⏰ 16:14:43 - Syncing IBKR prices... ✅ Updated 10 positions | Gold: $4455.29
⏰ 16:15:44 - Syncing IBKR prices... ✅ Updated 10 positions | Gold: $4460.62
⏰ 16:16:46 - Syncing IBKR prices... ✅ Updated 10 positions | Gold: $4469.19
⏰ 16:17:48 - Syncing IBKR prices... ✅ Updated 10 positions | Gold: $4457.88
⏰ 16:18:49 - Syncing IBKR prices... ✅ Updated 10 positions | Gold: $4468.44
⏰ 16:19:51 - Syncing IBKR prices... ✅ Updated 10 positions | Gold: $4451.69
⏰ 16:20:53 - Syncing IBKR prices... ✅ Updated 10 positions | Gold: $4456.72
⏰ 16:21:54 - Syncing IBKR prices... ✅ Updated 10 positions | Gold: $4456.65
⏰ 16:22:56 - Syncing IBKR prices... ✅ Updated 10 positions | Gold: $4455.56
⏰ 16:23:57 - Syncing IBKR prices... ✅ Updated 10 positions | Gold: $4468.23
⏰ 16:25:00 - Syncing IBKR prices... ✅ Updated 10 positions | Gold: $4451.42
⏰ 16:26:01 - Syncing IBKR prices... ✅ Updated 10 positions | Gold: $4456.18
⏰ 16:27:03 - Syncing IBKR prices... ✅ Updated 10 positions | Gold: $4463.21
⏰ 16:28:04 - Syncing IBKR prices... ✅ Updated 10 positions | Gold: $4451.67
⏰ 16:29:06 - Syncing IBKR prices... ✅ Updated 10 positions | Gold: $4463.88
⏰ 16:30:08 - Syncing IBKR prices... ✅ Updated 10 positions | Gold: $4456.52
⏰ 16:31:09 - Syncing IBKR prices... ✅ Updated 10 positions | Gold: $4465.85
⏰ 16:32:11 - Syncing IBKR prices... ✅ Updated 10 positions | Gold: $4467.13
⏰ 16:33:13 - Syncing IBKR prices... ✅ Updated 10 positions | Gold: $4451.92
⏰ 16:34:14 - Syncing IBKR prices... ✅ Updated 10 positions | Gold: $4465.33
⏰ 16:35:16 - Syncing IBKR prices... ✅ Updated 10 positions | Gold: $4450.80
⏰ 16:36:17 - Syncing IBKR prices... ✅ Updated 10 positions | Gold: $4464.49
⏰ 16:37:19 - Syncing IBKR prices... ✅ Updated 10 positions | Gold: $4468.25
⏰ 16:38:20 - Syncing IBKR prices... ✅ Updated 10 positions | Gold: $4459.58
⏰ 16:39:22 - Syncing IBKR prices... ✅ Updated 10 positions | Gold: $4469.04
⏰ 16:40:24 - Syncing IBKR prices... ✅ Updated 10 positions | Gold: $4468.69
⏰ 16:41:25 - Syncing IBKR prices... ✅ Updated 10 positions | Gold: $4450.22
⏰ 16:42:27 - Syncing IBKR prices... ✅ Updated 10 positions | Gold: $4454.84
⏰ 16:43:28 - Syncing IBKR prices... ✅ Updated 10 positions | Gold: $4465.19
⏰ 16:44:30 - Syncing IBKR prices... ✅ Updated 10 positions | Gold: $4465.08
⏰ 16:45:32 - Syncing IBKR prices... ✅ Updated 10 positions | Gold: $4457.61
⏰ 16:46:33 - Syncing IBKR prices... ✅ Updated 10 positions | Gold: $4450.73
⏰ 16:47:35 - Syncing IBKR prices... ✅ Updated 10 positions | Gold: $4461.64
⏰ 16:48:37 - Syncing IBKR prices... ✅ Updated 10 positions | Gold: $4460.93
⏰ 16:49:38 - Syncing IBKR prices... ✅ Updated 10 positions | Gold: $4465.62
⏰ 16:50:40 - Syncing IBKR prices... ✅ Updated 10 positions | Gold: $4462.55
⏰ 16:51:41 - Syncing IBKR prices... ✅ Updated 10 positions | Gold: $4468.26
⏰ 16:52:43 - Syncing IBKR prices... ✅ Updated 10 positions | Gold: $4464.16
⏰ 16:53:45 - Syncing IBKR prices... ✅ Updated 10 positions | Gold: $4457.38
⏰ 16:54:46 - Syncing IBKR prices... ✅ Updated 10 positions | Gold: $4451.12
⏰ 16:55:48 - Syncing IBKR prices... ✅ Updated 10 positions | Gold: $4461.58
⏰ 16:56:49 - Syncing IBKR prices... ✅ Updated 10 positions | Gold: $4452.18
⏰ 16:57:51 - Syncing IBKR prices... ✅ Updated 10 positions | Gold: $4463.35
⏰ 16:58:52 - Syncing IBKR prices... ✅ Updated 10 positions | Gold: $4458.00
⏰ 16:59:54 - Syncing IBKR prices... ✅ Updated 10 positions | Gold: $4451.50
⏰ 17:00:56 - Syncing IBKR prices... ✅ Updated 10 positions | Gold: $4469.08
⏰ 17:01:57 - Syncing IBKR prices... ✅ Updated 10 positions | Gold: $4465.37
⏰ 17:02:59 - Syncing IBKR prices... ✅ Updated 10 positions | Gold: $4464.72
⏰ 17:04:01 - Syncing IBKR prices... ✅ Updated 10 positions | Gold: $4455.58
⏰ 17:05:02 - Syncing IBKR prices... ✅ Updated 10 positions | Gold: $4457.79
⏰ 17:06:04 - Syncing IBKR prices... ✅ Updated 10 positions | Gold: $4454.20
⏰ 17:07:05 - Syncing IBKR prices... ✅ Updated 10 positions | Gold: $4457.13
⏰ 17:08:07 - Syncing IBKR prices... ✅ Updated 10 positions | Gold: $4458.88
⏰ 17:09:09 - Syncing IBKR prices... ✅ Updated 10 positions | Gold: $4453.60
⏰ 17:10:10 - Syncing IBKR prices... ✅ Updated 10 positions | Gold: $4463.88
⏰ 17:11:12 - Syncing IBKR prices... ✅ Updated 10 positions | Gold: $4467.05
⏰ 17:12:14 - Syncing IBKR prices... ✅ Updated 10 positions | Gold: $4456.69
⏰ 17:13:15 - Syncing IBKR prices... ✅ Updated 10 positions | Gold: $4468.22
⏰ 17:14:17 - Syncing IBKR prices... ✅ Updated 10 positions | Gold: $4450.44
⏰ 17:15:19 - Syncing IBKR prices... ✅ Updated 10 positions | Gold: $4456.87
⏰ 17:16:20 - Syncing IBKR prices... ✅ Updated 10 positions | Gold: $4465.06
⏰ 17:17:22 - Syncing IBKR prices... ✅ Updated 10 positions | Gold: $4468.82
⏰ 17:18:24 - Syncing IBKR prices... ✅ Updated 10 positions | Gold: $4467.95
⏰ 17:19:25 - Syncing IBKR prices... ✅ Updated 10 positions | Gold: $4462.20
⏰ 17:20:27 - Syncing IBKR prices... ✅ Updated 10 positions | Gold: $4469.30
⏰ 17:21:29 - Syncing IBKR prices... ✅ Updated 10 positions | Gold: $4454.52
⏰ 17:22:31 - Syncing IBKR prices... ✅ Updated 10 positions | Gold: $4461.66
⏰ 17:23:33 - Syncing IBKR prices... ✅ Updated 10 positions | Gold: $4460.67
⏰ 17:24:35 - Syncing IBKR prices... ✅ Updated 10 positions | Gold: $4451.66
⏰ 17:25:36 - Syncing IBKR prices... ✅ Updated 10 positions | Gold: $4452.59
⏰ 17:26:38 - Syncing IBKR prices... ✅ Updated 10 positions | Gold: $4457.06
⏰ 17:27:39 - Syncing IBKR prices... ✅ Updated 10 positions | Gold: $4462.61
⏰ 17:28:41 - Syncing IBKR prices... ✅ Updated 10 positions | Gold: $4456.31
⏰ 17:29:43 - Syncing IBKR prices... ✅ Updated 10 positions | Gold: $4456.95
⏰ 17:30:44 - Syncing IBKR prices... ✅ Updated 10 positions | Gold: $4450.93
⏰ 17:31:46 - Syncing IBKR prices... ✅ Updated 10 positions | Gold: $4461.25
⏰ 17:32:47 - Syncing IBKR prices... ✅ Updated 10 positions | Gold: $4469.96
⏰ 17:33:49 - Syncing IBKR prices... ✅ Updated 10 positions | Gold: $4462.21
⏰ 17:34:50 - Syncing IBKR prices... ✅ Updated 10 positions | Gold: $4458.21
⏰ 17:35:52 - Syncing IBKR prices... ✅ Updated 10 positions | Gold: $4459.18
⏰ 17:36:54 - Syncing IBKR prices... ✅ Updated 10 positions | Gold: $4461.95
⏰ 17:37:55 - Syncing IBKR prices... ✅ Updated 10 positions | Gold: $4465.27
⏰ 17:38:57 - Syncing IBKR prices... ✅ Updated 10 positions | Gold: $4467.81
⏰ 17:39:59 - Syncing IBKR prices... ✅ Updated 10 positions | Gold: $4460.64
⏰ 17:41:00 - Syncing IBKR prices... ✅ Updated 10 positions | Gold: $4460.95
⏰ 17:42:02 - Syncing IBKR prices... ✅ Updated 10 positions | Gold: $4458.63
⏰ 17:43:03 - Syncing IBKR prices... ✅ Updated 10 positions | Gold: $4451.45
⏰ 17:44:05 - Syncing IBKR prices... ✅ Updated 10 positions | Gold: $4456.64
⏰ 17:45:07 - Syncing IBKR prices... ✅ Updated 10 positions | Gold: $4465.53
⏰ 17:46:08 - Syncing IBKR prices... ✅ Updated 10 positions | Gold: $4456.82
⏰ 17:47:10 - Syncing IBKR prices... ✅ Updated 10 positions | Gold: $4453.50
⏰ 17:48:11 - Syncing IBKR prices... ✅ Updated 10 positions | Gold: $4465.73
⏰ 17:49:13 - Syncing IBKR prices... ✅ Updated 10 positions | Gold: $4463.77
⏰ 17:50:14 - Syncing IBKR prices... ✅ Updated 10 positions | Gold: $4461.84
⏰ 17:51:16 - Syncing IBKR prices... ✅ Updated 10 positions | Gold: $4464.80
⏰ 17:52:18 - Syncing IBKR prices... ✅ Updated 10 positions | Gold: $4464.58
⏰ 17:53:19 - Syncing IBKR prices... ✅ Updated 10 positions | Gold: $4451.48
⏰ 17:54:21 - Syncing IBKR prices... ✅ Updated 10 positions | Gold: $4468.83
⏰ 17:55:22 - Syncing IBKR prices... ✅ Updated 10 positions | Gold: $4460.93
⏰ 17:56:24 - Syncing IBKR prices... ✅ Updated 10 positions | Gold: $4467.96
⏰ 17:57:25 - Syncing IBKR prices... ✅ Updated 10 positions | Gold: $4458.81
⏰ 17:58:27 - Syncing IBKR prices... ✅ Updated 10 positions | Gold: $4459.05
⏰ 17:59:29 - Syncing IBKR prices... ✅ Updated 10 positions | Gold: $4459.22
⏰ 18:00:30 - Syncing IBKR prices... ✅ Updated 10 positions | Gold: $4468.38
⏰ 18:01:32 - Syncing IBKR prices... ✅ Updated 10 positions | Gold: $4453.73
⏰ 18:02:33 - Syncing IBKR prices... ✅ Updated 10 positions | Gold: $4459.45
⏰ 18:03:35 - Syncing IBKR prices... ✅ Updated 10 positions | Gold: $4468.14
⏰ 18:04:37 - Syncing IBKR prices... ✅ Updated 10 positions | Gold: $4452.62
⏰ 18:05:38 - Syncing IBKR prices... ✅ Updated 10 positions | Gold: $4465.63
⏰ 18:06:40 - Syncing IBKR prices... ✅ Updated 10 positions | Gold: $4456.03
⏰ 18:07:42 - Syncing IBKR prices... ✅ Updated 10 positions | Gold: $4465.62
⏰ 18:08:43 - Syncing IBKR prices... ✅ Updated 10 positions | Gold: $4460.75
⏰ 18:09:45 - Syncing IBKR prices... ✅ Updated 10 positions | Gold: $4458.12
⏰ 18:10:47 - Syncing IBKR prices... ✅ Updated 10 positions | Gold: $4461.38
⏰ 18:11:48 - Syncing IBKR prices... ✅ Updated 10 positions | Gold: $4461.11
⏰ 18:12:50 - Syncing IBKR prices... ✅ Updated 10 positions | Gold: $4458.56
⏰ 18:13:52 - Syncing IBKR prices... ✅ Updated 10 positions | Gold: $4453.27
⏰ 18:14:54 - Syncing IBKR prices... ✅ Updated 10 positions | Gold: $4454.85
⏰ 18:15:55 - Syncing IBKR prices... ✅ Updated 10 positions | Gold: $4458.47
⏰ 18:16:57 - Syncing IBKR prices... ✅ Updated 10 positions | Gold: $4456.00
⏰ 18:17:58 - Syncing IBKR prices... ✅ Updated 10 positions | Gold: $4459.11
⏰ 18:19:00 - Syncing IBKR prices... ✅ Updated 10 positions | Gold: $4458.53
⏰ 18:20:01 - Syncing IBKR prices... ✅ Updated 10 positions | Gold: $4465.22
⏰ 18:21:03 - Syncing IBKR prices... ✅ Updated 10 positions | Gold: $4456.36
⏰ 18:22:05 - Syncing IBKR prices... ✅ Updated 10 positions | Gold: $4452.84
⏰ 18:23:06 - Syncing IBKR prices... ✅ Updated 10 positions | Gold: $4454.13
⏰ 18:24:08 - Syncing IBKR prices... ✅ Updated 10 positions | Gold: $4462.46
⏰ 18:25:09 - Syncing IBKR prices... ✅ Updated 10 positions | Gold: $4459.09
⏰ 18:26:11 - Syncing IBKR prices... ✅ Updated 10 positions | Gold: $4452.81
⏰ 18:27:13 - Syncing IBKR prices... ✅ Updated 10 positions | Gold: $4467.77
⏰ 18:28:14 - Syncing IBKR prices... ✅ Updated 10 positions | Gold: $4464.63
⏰ 18:29:16 - Syncing IBKR prices... ✅ Updated 10 positions | Gold: $4460.24
⏰ 18:30:17 - Syncing IBKR prices... ✅ Updated 10 positions | Gold: $4462.03
⏰ 18:31:19 - Syncing IBKR prices... ✅ Updated 10 positions | Gold: $4454.46
⏰ 18:32:20 - Syncing IBKR prices... ✅ Updated 10 positions | Gold: $4467.81
⏰ 18:33:22 - Syncing IBKR prices... ✅ Updated 10 positions | Gold: $4450.33
⏰ 18:34:24 - Syncing IBKR prices... ✅ Updated 10 positions | Gold: $4452.89
⏰ 18:35:25 - Syncing IBKR prices... ✅ Updated 10 positions | Gold: $4451.27
⏰ 18:36:27 - Syncing IBKR prices... ✅ Updated 10 positions | Gold: $4469.34
⏰ 18:37:28 - Syncing IBKR prices... ✅ Updated 10 positions | Gold: $4462.34
⏰ 18:38:30 - Syncing IBKR prices... ✅ Updated 10 positions | Gold: $4454.75
⏰ 18:39:32 - Syncing IBKR prices... ✅ Updated 10 positions | Gold: $4465.75
⏰ 18:40:33 - Syncing IBKR prices... ✅ Updated 10 positions | Gold: $4467.15
⏰ 18:41:35 - Syncing IBKR prices... ✅ Updated 10 positions | Gold: $4460.31
⏰ 18:42:37 - Syncing IBKR prices... ✅ Updated 10 positions | Gold: $4452.45
⏰ 18:43:38 - Syncing IBKR prices... ✅ Updated 10 positions | Gold: $4453.50
⏰ 18:44:40 - Syncing IBKR prices... ✅ Updated 10 positions | Gold: $4463.67
⏰ 18:45:42 - Syncing IBKR prices... ✅ Updated 10 positions | Gold: $4465.81
⏰ 18:46:43 - Syncing IBKR prices... ✅ Updated 10 positions | Gold: $4465.05
⏰ 18:47:45 - Syncing IBKR prices... ✅ Updated 10 positions | Gold: $4465.87
⏰ 18:48:46 - Syncing IBKR prices... ✅ Updated 10 positions | Gold: $4464.95
⏰ 18:49:48 - Syncing IBKR prices... ✅ Updated 10 positions | Gold: $4456.44
⏰ 18:50:50 - Syncing IBKR prices... ✅ Updated 10 positions | Gold: $4454.07
⏰ 18:51:52 - Syncing IBKR prices... ✅ Updated 10 positions | Gold: $4459.22
⏰ 18:52:53 - Syncing IBKR prices... ✅ Updated 10 positions | Gold: $4461.53
⏰ 18:53:55 - Syncing IBKR prices... ✅ Updated 10 positions | Gold: $4458.67
⏰ 18:54:56 - Syncing IBKR prices... ✅ Updated 10 positions | Gold: $4453.04
⏰ 18:55:58 - Syncing IBKR prices... ✅ Updated 10 positions | Gold: $4458.75
⏰ 18:57:00 - Syncing IBKR prices... ✅ Updated 10 positions | Gold: $4468.83
⏰ 18:58:01 - Syncing IBKR prices... ✅ Updated 10 positions | Gold: $4464.90
⏰ 18:59:03 - Syncing IBKR prices... ✅ Updated 10 positions | Gold: $4450.68
⏰ 19:00:05 - Syncing IBKR prices... ✅ Updated 10 positions | Gold: $4455.75
⏰ 19:01:06 - Syncing IBKR prices... ✅ Updated 10 positions | Gold: $4452.28
⏰ 19:02:08 - Syncing IBKR prices... ✅ Updated 10 positions | Gold: $4459.94
⏰ 19:03:10 - Syncing IBKR prices... ✅ Updated 10 positions | Gold: $4463.80
⏰ 19:04:12 - Syncing IBKR prices... ✅ Updated 10 positions | Gold: $4454.23
⏰ 19:05:13 - Syncing IBKR prices... ✅ Updated 10 positions | Gold: $4456.68
⏰ 19:06:15 - Syncing IBKR prices... ✅ Updated 10 positions | Gold: $4466.83
⏰ 19:07:17 - Syncing IBKR prices... ✅ Updated 10 positions | Gold: $4451.13
⏰ 19:08:18 - Syncing IBKR prices... ✅ Updated 10 positions | Gold: $4458.59
⏰ 19:09:20 - Syncing IBKR prices... ✅ Updated 10 positions | Gold: $4469.19
⏰ 19:10:22 - Syncing IBKR prices... ✅ Updated 10 positions | Gold: $4455.23
⏰ 19:11:23 - Syncing IBKR prices... ✅ Updated 10 positions | Gold: $4464.52
⏰ 19:12:25 - Syncing IBKR prices... ✅ Updated 10 positions | Gold: $4463.38
⏰ 19:13:27 - Syncing IBKR prices... ✅ Updated 10 positions | Gold: $4469.50
⏰ 19:14:28 - Syncing IBKR prices... ✅ Updated 10 positions | Gold: $4452.97
⏰ 19:15:30 - Syncing IBKR prices... ✅ Updated 10 positions | Gold: $4453.89
⏰ 19:16:31 - Syncing IBKR prices... ✅ Updated 10 positions | Gold: $4456.09
⏰ 19:17:33 - Syncing IBKR prices... ✅ Updated 10 positions | Gold: $4462.83
⏰ 19:18:34 - Syncing IBKR prices... ✅ Updated 10 positions | Gold: $4466.05
⏰ 19:19:36 - Syncing IBKR prices... ✅ Updated 10 positions | Gold: $4453.49
⏰ 19:20:38 - Syncing IBKR prices... ✅ Updated 10 positions | Gold: $4455.30
⏰ 19:21:39 - Syncing IBKR prices... ✅ Updated 10 positions | Gold: $4466.43
⏰ 19:22:41 - Syncing IBKR prices... ✅ Updated 10 positions | Gold: $4467.68
⏰ 19:23:42 - Syncing IBKR prices... ✅ Updated 10 positions | Gold: $4458.46
⏰ 19:24:44 - Syncing IBKR prices... ✅ Updated 10 positions | Gold: $4460.24
⏰ 19:25:45 - Syncing IBKR prices... ✅ Updated 10 positions | Gold: $4453.81
⏰ 19:26:47 - Syncing IBKR prices... ✅ Updated 10 positions | Gold: $4457.30
⏰ 19:27:48 - Syncing IBKR prices... ✅ Updated 10 positions | Gold: $4454.44
⏰ 19:28:50 - Syncing IBKR prices... ✅ Updated 10 positions | Gold: $4460.41
⏰ 19:29:52 - Syncing IBKR prices... ✅ Updated 10 positions | Gold: $4452.03
⏰ 19:30:53 - Syncing IBKR prices... ✅ Updated 10 positions | Gold: $4455.57
⏰ 19:31:55 - Syncing IBKR prices... ✅ Updated 10 positions | Gold: $4450.23
⏰ 19:32:56 - Syncing IBKR prices... ✅ Updated 10 positions | Gold: $4464.99
⏰ 19:33:58 - Syncing IBKR prices... ✅ Updated 10 positions | Gold: $4462.10
⏰ 19:35:00 - Syncing IBKR prices... ✅ Updated 10 positions | Gold: $4469.30
⏰ 19:36:01 - Syncing IBKR prices... ✅ Updated 10 positions | Gold: $4462.62
⏰ 19:37:03 - Syncing IBKR prices... ✅ Updated 10 positions | Gold: $4466.80
⏰ 19:38:04 - Syncing IBKR prices... ✅ Updated 10 positions | Gold: $4469.38
⏰ 19:39:06 - Syncing IBKR prices... ✅ Updated 10 positions | Gold: $4450.59
⏰ 19:40:08 - Syncing IBKR prices... ✅ Updated 10 positions | Gold: $4454.76
⏰ 19:41:09 - Syncing IBKR prices... ✅ Updated 10 positions | Gold: $4463.30
⏰ 19:42:11 - Syncing IBKR prices... ✅ Updated 10 positions | Gold: $4463.73
⏰ 19:43:13 - Syncing IBKR prices... ✅ Updated 10 positions | Gold: $4454.25
⏰ 19:44:14 - Syncing IBKR prices... ✅ Updated 10 positions | Gold: $4462.70
⏰ 19:45:16 - Syncing IBKR prices... ✅ Updated 10 positions | Gold: $4457.15
⏰ 19:46:17 - Syncing IBKR prices... ✅ Updated 10 positions | Gold: $4450.60
⏰ 19:47:19 - Syncing IBKR prices... ✅ Updated 10 positions | Gold: $4462.79
⏰ 19:48:21 - Syncing IBKR prices... ✅ Updated 10 positions | Gold: $4455.43
⏰ 19:49:22 - Syncing IBKR prices... ✅ Updated 10 positions | Gold: $4465.30
⏰ 19:50:24 - Syncing IBKR prices... ✅ Updated 10 positions | Gold: $4453.60
⏰ 19:51:25 - Syncing IBKR prices... ✅ Updated 10 positions | Gold: $4469.33
⏰ 19:52:27 - Syncing IBKR prices... ✅ Updated 10 positions | Gold: $4457.69
⏰ 19:53:29 - Syncing IBKR prices... ✅ Updated 10 positions | Gold: $4453.57
⏰ 19:54:31 - Syncing IBKR prices... ✅ Updated 10 positions | Gold: $4468.23
⏰ 19:55:32 - Syncing IBKR prices... ✅ Updated 10 positions | Gold: $4460.93
⏰ 19:56:34 - Syncing IBKR prices... ✅ Updated 10 positions | Gold: $4453.79
⏰ 19:57:35 - Syncing IBKR prices... ✅ Updated 10 positions | Gold: $4466.86
⏰ 19:58:37 - Syncing IBKR prices... ✅ Updated 10 positions | Gold: $4464.43
⏰ 19:59:39 - Syncing IBKR prices... ✅ Updated 10 positions | Gold: $4462.37
⏰ 20:00:40 - Syncing IBKR prices... ✅ Updated 10 positions | Gold: $4453.35
⏰ 20:01:42 - Syncing IBKR prices... ✅ Updated 10 positions | Gold: $4461.78
⏰ 20:02:44 - Syncing IBKR prices... ✅ Updated 10 positions | Gold: $4454.36
⏰ 20:03:46 - Syncing IBKR prices... ✅ Updated 10 positions | Gold: $4457.67
⏰ 20:04:47 - Syncing IBKR prices... ✅ Updated 10 positions | Gold: $4469.79
⏰ 20:05:49 - Syncing IBKR prices... ✅ Updated 10 positions | Gold: $4465.95
⏰ 20:06:51 - Syncing IBKR prices... ✅ Updated 10 positions | Gold: $4465.84
⏰ 20:07:52 - Syncing IBKR prices... ✅ Updated 10 positions | Gold: $4467.37
⏰ 20:08:54 - Syncing IBKR prices... ✅ Updated 10 positions | Gold: $4459.22
⏰ 20:09:55 - Syncing IBKR prices... ✅ Updated 10 positions | Gold: $4459.22
⏰ 20:10:57 - Syncing IBKR prices... ✅ Updated 10 positions | Gold: $4451.16
⏰ 20:11:58 - Syncing IBKR prices... ✅ Updated 10 positions | Gold: $4461.00
⏰ 20:13:00 - Syncing IBKR prices... ✅ Updated 10 positions | Gold: $4462.13
⏰ 20:14:02 - Syncing IBKR prices... ✅ Updated 10 positions | Gold: $4464.15
⏰ 20:15:03 - Syncing IBKR prices... ✅ Updated 10 positions | Gold: $4466.04
⏰ 20:16:05 - Syncing IBKR prices... ✅ Updated 10 positions | Gold: $4464.98
⏰ 20:17:06 - Syncing IBKR prices... ✅ Updated 10 positions | Gold: $4464.59
⏰ 20:18:08 - Syncing IBKR prices... ✅ Updated 10 positions | Gold: $4469.83
⏰ 20:19:10 - Syncing IBKR prices... ✅ Updated 10 positions | Gold: $4467.10
⏰ 20:20:11 - Syncing IBKR prices... ✅ Updated 10 positions | Gold: $4456.02
⏰ 20:21:13 - Syncing IBKR prices... ✅ Updated 10 positions | Gold: $4459.11
⏰ 20:22:15 - Syncing IBKR prices... ✅ Updated 10 positions | Gold: $4464.22
⏰ 20:23:16 - Syncing IBKR prices... ✅ Updated 10 positions | Gold: $4455.92
⏰ 20:24:18 - Syncing IBKR prices... ✅ Updated 10 positions | Gold: $4463.31
⏰ 20:25:19 - Syncing IBKR prices... ✅ Updated 10 positions | Gold: $4468.09
⏰ 20:26:21 - Syncing IBKR prices... ✅ Updated 10 positions | Gold: $4465.36
⏰ 20:27:23 - Syncing IBKR prices... ✅ Updated 10 positions | Gold: $4459.57
⏰ 20:28:24 - Syncing IBKR prices... ✅ Updated 10 positions | Gold: $4461.61
⏰ 20:29:26 - Syncing IBKR prices... ✅ Updated 10 positions | Gold: $4467.54
⏰ 20:30:27 - Syncing IBKR prices... ✅ Updated 10 positions | Gold: $4463.52
⏰ 20:31:29 - Syncing IBKR prices... ✅ Updated 10 positions | Gold: $4451.88
⏰ 20:32:31 - Syncing IBKR prices... ✅ Updated 10 positions | Gold: $4465.43
⏰ 20:33:33 - Syncing IBKR prices... ✅ Updated 10 positions | Gold: $4450.16
⏰ 20:34:34 - Syncing IBKR prices... ✅ Updated 10 positions | Gold: $4467.63
⏰ 20:35:36 - Syncing IBKR prices... ✅ Updated 10 positions | Gold: $4467.90
⏰ 20:36:38 - Syncing IBKR prices... ✅ Updated 10 positions | Gold: $4454.73
⏰ 20:37:39 - Syncing IBKR prices... ✅ Updated 10 positions | Gold: $4466.78
⏰ 20:38:41 - Syncing IBKR prices... ✅ Updated 10 positions | Gold: $4463.17
⏰ 20:39:43 - Syncing IBKR prices... ✅ Updated 10 positions | Gold: $4468.47
⏰ 20:40:44 - Syncing IBKR prices... ✅ Updated 10 positions | Gold: $4451.38
⏰ 20:41:46 - Syncing IBKR prices... ✅ Updated 10 positions | Gold: $4454.34
⏰ 20:42:47 - Syncing IBKR prices... ✅ Updated 10 positions | Gold: $4458.17
⏰ 20:43:49 - Syncing IBKR prices... ✅ Updated 10 positions | Gold: $4458.64
⏰ 20:44:51 - Syncing IBKR prices... ✅ Updated 10 positions | Gold: $4462.73
⏰ 20:45:53 - Syncing IBKR prices... ✅ Updated 10 positions | Gold: $4468.25
⏰ 20:46:54 - Syncing IBKR prices... ✅ Updated 10 positions | Gold: $4469.14
⏰ 20:47:56 - Syncing IBKR prices... ✅ Updated 10 positions | Gold: $4465.82
⏰ 20:48:58 - Syncing IBKR prices... ✅ Updated 10 positions | Gold: $4459.35
⏰ 20:49:59 - Syncing IBKR prices... ✅ Updated 10 positions | Gold: $4454.14
⏰ 20:51:01 - Syncing IBKR prices... ✅ Updated 10 positions | Gold: $4458.43
⏰ 20:52:02 - Syncing IBKR prices... ✅ Updated 10 positions | Gold: $4451.83
⏰ 20:53:04 - Syncing IBKR prices... ✅ Updated 10 positions | Gold: $4467.94
⏰ 20:54:06 - Syncing IBKR prices... ✅ Updated 10 positions | Gold: $4452.74
⏰ 20:55:08 - Syncing IBKR prices... ✅ Updated 10 positions | Gold: $4451.43
⏰ 20:56:09 - Syncing IBKR prices... ✅ Updated 10 positions | Gold: $4461.86
⏰ 20:57:11 - Syncing IBKR prices... ✅ Updated 10 positions | Gold: $4460.79
⏰ 20:58:12 - Syncing IBKR prices... ✅ Updated 10 positions | Gold: $4466.17
⏰ 20:59:14 - Syncing IBKR prices... ✅ Updated 10 positions | Gold: $4453.23
⏰ 21:00:16 - Syncing IBKR prices... ✅ Updated 10 positions | Gold: $4464.32
⏰ 21:01:17 - Syncing IBKR prices... ✅ Updated 10 positions | Gold: $4452.45
⏰ 21:02:19 - Syncing IBKR prices... ✅ Updated 10 positions | Gold: $4463.31
⏰ 21:03:20 - Syncing IBKR prices... ✅ Updated 10 positions | Gold: $4460.83
⏰ 21:04:22 - Syncing IBKR prices... ✅ Updated 10 positions | Gold: $4465.02
⏰ 21:05:24 - Syncing IBKR prices... ✅ Updated 10 positions | Gold: $4466.72
⏰ 21:06:25 - Syncing IBKR prices... ✅ Updated 10 positions | Gold: $4466.08
⏰ 21:07:27 - Syncing IBKR prices... ✅ Updated 10 positions | Gold: $4450.01
⏰ 21:08:28 - Syncing IBKR prices... ✅ Updated 10 positions | Gold: $4462.22
⏰ 21:09:30 - Syncing IBKR prices... ✅ Updated 10 positions | Gold: $4456.68
⏰ 21:10:32 - Syncing IBKR prices... ✅ Updated 10 positions | Gold: $4467.48
⏰ 21:11:33 - Syncing IBKR prices... ✅ Updated 10 positions | Gold: $4456.55
⏰ 21:12:35 - Syncing IBKR prices... ✅ Updated 10 positions | Gold: $4452.39
⏰ 21:13:36 - Syncing IBKR prices... ✅ Updated 10 positions | Gold: $4458.54
⏰ 21:14:38 - Syncing IBKR prices... ✅ Updated 10 positions | Gold: $4463.26
⏰ 21:15:40 - Syncing IBKR prices... ✅ Updated 10 positions | Gold: $4467.27
⏰ 21:16:41 - Syncing IBKR prices... ✅ Updated 10 positions | Gold: $4452.20
⏰ 21:17:43 - Syncing IBKR prices... ✅ Updated 10 positions | Gold: $4463.41
⏰ 21:18:44 - Syncing IBKR prices... ✅ Updated 10 positions | Gold: $4452.68
⏰ 21:19:46 - Syncing IBKR prices... ✅ Updated 10 positions | Gold: $4466.37
⏰ 21:20:47 - Syncing IBKR prices... ✅ Updated 10 positions | Gold: $4459.94
⏰ 21:21:49 - Syncing IBKR prices... ✅ Updated 10 positions | Gold: $4463.54
⏰ 21:22:51 - Syncing IBKR prices... ✅ Updated 10 positions | Gold: $4450.62
⏰ 21:23:52 - Syncing IBKR prices... ✅ Updated 10 positions | Gold: $4456.74
⏰ 21:24:54 - Syncing IBKR prices... ✅ Updated 10 positions | Gold: $4452.84
⏰ 21:25:56 - Syncing IBKR prices... ✅ Updated 10 positions | Gold: $4468.72
⏰ 21:26:57 - Syncing IBKR prices... ✅ Updated 10 positions | Gold: $4457.24
⏰ 21:27:59 - Syncing IBKR prices... ✅ Updated 10 positions | Gold: $4460.58
⏰ 21:29:01 - Syncing IBKR prices... ✅ Updated 10 positions | Gold: $4455.42
⏰ 21:30:02 - Syncing IBKR prices... ✅ Updated 10 positions | Gold: $4453.38
⏰ 21:31:04 - Syncing IBKR prices... ✅ Updated 10 positions | Gold: $4451.07
⏰ 21:32:06 - Syncing IBKR prices... ✅ Updated 10 positions | Gold: $4451.71
⏰ 21:33:07 - Syncing IBKR prices... ✅ Updated 10 positions | Gold: $4460.31
⏰ 21:34:09 - Syncing IBKR prices... ✅ Updated 10 positions | Gold: $4460.73
⏰ 21:35:10 - Syncing IBKR prices... ✅ Updated 10 positions | Gold: $4456.00
⏰ 21:36:12 - Syncing IBKR prices... ✅ Updated 10 positions | Gold: $4452.66
⏰ 21:37:14 - Syncing IBKR prices... ✅ Updated 10 positions | Gold: $4456.48
⏰ 21:38:15 - Syncing IBKR prices... ✅ Updated 10 positions | Gold: $4454.61
⏰ 21:39:17 - Syncing IBKR prices... ✅ Updated 10 positions | Gold: $4451.06
⏰ 21:40:19 - Syncing IBKR prices... ✅ Updated 10 positions | Gold: $4460.87
⏰ 21:41:21 - Syncing IBKR prices... ✅ Updated 10 positions | Gold: $4469.34
⏰ 21:42:23 - Syncing IBKR prices... ✅ Updated 10 positions | Gold: $4455.44
⏰ 21:43:24 - Syncing IBKR prices... ✅ Updated 10 positions | Gold: $4459.84
⏰ 21:44:26 - Syncing IBKR prices... ✅ Updated 10 positions | Gold: $4469.43
⏰ 21:45:28 - Syncing IBKR prices... ✅ Updated 10 positions | Gold: $4450.76
⏰ 21:46:30 - Syncing IBKR prices... ✅ Updated 10 positions | Gold: $4461.61
⏰ 21:47:31 - Syncing IBKR prices... ✅ Updated 10 positions | Gold: $4452.02
⏰ 21:48:33 - Syncing IBKR prices... ✅ Updated 10 positions | Gold: $4462.96
⏰ 21:49:35 - Syncing IBKR prices... ✅ Updated 10 positions | Gold: $4461.53
⏰ 21:50:36 - Syncing IBKR prices... ✅ Updated 10 positions | Gold: $4461.98
⏰ 21:51:38 - Syncing IBKR prices... ✅ Updated 10 positions | Gold: $4456.91
⏰ 21:52:40 - Syncing IBKR prices... ✅ Updated 10 positions | Gold: $4466.19
⏰ 21:53:41 - Syncing IBKR prices... ✅ Updated 10 positions | Gold: $4456.53
⏰ 21:54:43 - Syncing IBKR prices... ✅ Updated 10 positions | Gold: $4466.74
⏰ 21:55:44 - Syncing IBKR prices... ✅ Updated 10 positions | Gold: $4461.68
⏰ 21:56:46 - Syncing IBKR prices... ✅ Updated 10 positions | Gold: $4455.19
⏰ 21:57:47 - Syncing IBKR prices... ✅ Updated 10 positions | Gold: $4458.28
⏰ 21:58:49 - Syncing IBKR prices... ✅ Updated 10 positions | Gold: $4455.23
⏰ 21:59:51 - Syncing IBKR prices... ✅ Updated 10 positions | Gold: $4455.18
⏰ 22:00:52 - Syncing IBKR prices... ✅ Updated 10 positions | Gold: $4453.12
⏰ 22:01:54 - Syncing IBKR prices... ✅ Updated 10 positions | Gold: $4457.13
⏰ 22:02:56 - Syncing IBKR prices... ✅ Updated 10 positions | Gold: $4456.71
⏰ 22:03:57 - Syncing IBKR prices... ✅ Updated 10 positions | Gold: $4462.00
⏰ 22:04:59 - Syncing IBKR prices... ✅ Updated 10 positions | Gold: $4469.67
⏰ 22:06:00 - Syncing IBKR prices... ✅ Updated 10 positions | Gold: $4459.64
⏰ 22:07:02 - Syncing IBKR prices... ✅ Updated 10 positions | Gold: $4468.48
⏰ 22:08:03 - Syncing IBKR prices... ✅ Updated 10 positions | Gold: $4460.37
⏰ 22:09:05 - Syncing IBKR prices... ✅ Updated 10 positions | Gold: $4450.47
⏰ 22:10:07 - Syncing IBKR prices... ✅ Updated 10 positions | Gold: $4465.09
⏰ 22:11:08 - Syncing IBKR prices... ✅ Updated 10 positions | Gold: $4457.03
⏰ 22:12:09 - Syncing IBKR prices... ✅ Updated 10 positions | Gold: $4466.35
⏰ 22:13:10 - Syncing IBKR prices... ✅ Updated 10 positions | Gold: $4461.40
⏰ 22:14:12 - Syncing IBKR prices... ✅ Updated 10 positions | Gold: $4458.29
⏰ 22:15:13 - Syncing IBKR prices... ✅ Updated 10 positions | Gold: $4455.31
⏰ 22:16:14 - Syncing IBKR prices... ✅ Updated 10 positions | Gold: $4451.82
⏰ 22:17:16 - Syncing IBKR prices... ✅ Updated 10 positions | Gold: $4458.08
⏰ 22:18:17 - Syncing IBKR prices... ✅ Updated 10 positions | Gold: $4467.17
⏰ 22:19:18 - Syncing IBKR prices... ✅ Updated 10 positions | Gold: $4458.76
⏰ 22:20:20 - Syncing IBKR prices... ✅ Updated 10 positions | Gold: $4450.40
⏰ 22:21:21 - Syncing IBKR prices... ✅ Updated 10 positions | Gold: $4457.61
⏰ 22:22:23 - Syncing IBKR prices... ✅ Updated 10 positions | Gold: $4462.00
⏰ 22:23:24 - Syncing IBKR prices... ✅ Updated 10 positions | Gold: $4456.19
⏰ 22:24:25 - Syncing IBKR prices... ✅ Updated 10 positions | Gold: $4461.49
⏰ 22:25:26 - Syncing IBKR prices... ✅ Updated 10 positions | Gold: $4461.78
⏰ 22:26:28 - Syncing IBKR prices... ✅ Updated 10 positions | Gold: $4458.94
⏰ 22:27:29 - Syncing IBKR prices... ✅ Updated 10 positions | Gold: $4455.71
⏰ 22:28:30 - Syncing IBKR prices... ✅ Updated 10 positions | Gold: $4460.08
⏰ 22:29:31 - Syncing IBKR prices... ✅ Updated 10 positions | Gold: $4458.09
⏰ 22:30:33 - Syncing IBKR prices... ✅ Updated 10 positions | Gold: $4467.18
⏰ 22:31:34 - Syncing IBKR prices... ✅ Updated 10 positions | Gold: $4464.12
⏰ 22:32:35 - Syncing IBKR prices... ✅ Updated 10 positions | Gold: $4455.37
⏰ 22:33:37 - Syncing IBKR prices... ✅ Updated 10 positions | Gold: $4451.81
⏰ 22:34:38 - Syncing IBKR prices... ✅ Updated 10 positions | Gold: $4453.52
⏰ 22:35:39 - Syncing IBKR prices... ✅ Updated 10 positions | Gold: $4460.20
⏰ 22:36:40 - Syncing IBKR prices... ✅ Updated 10 positions | Gold: $4466.88
⏰ 22:37:41 - Syncing IBKR prices... ✅ Updated 10 positions | Gold: $4458.72
⏰ 22:38:43 - Syncing IBKR prices... ✅ Updated 10 positions | Gold: $4465.90
⏰ 22:39:44 - Syncing IBKR prices... ✅ Updated 10 positions | Gold: $4457.42
⏰ 22:40:46 - Syncing IBKR prices... ✅ Updated 10 positions | Gold: $4453.73
⏰ 22:41:47 - Syncing IBKR prices... ✅ Updated 10 positions | Gold: $4459.78
⏰ 22:42:48 - Syncing IBKR prices... ✅ Updated 10 positions | Gold: $4451.97
⏰ 22:43:49 - Syncing IBKR prices... ✅ Updated 10 positions | Gold: $4465.94
⏰ 22:44:51 - Syncing IBKR prices... ✅ Updated 10 positions | Gold: $4452.71
⏰ 22:45:52 - Syncing IBKR prices... ✅ Updated 10 positions | Gold: $4469.59
⏰ 22:46:53 - Syncing IBKR prices... ✅ Updated 10 positions | Gold: $4455.13
⏰ 22:47:55 - Syncing IBKR prices... ✅ Updated 10 positions | Gold: $4466.76
⏰ 22:48:56 - Syncing IBKR prices... ✅ Updated 10 positions | Gold: $4455.97
⏰ 22:49:57 - Syncing IBKR prices... ✅ Updated 10 positions | Gold: $4463.93
⏰ 22:50:58 - Syncing IBKR prices... ✅ Updated 10 positions | Gold: $4465.98
⏰ 22:51:59 - Syncing IBKR prices... ✅ Updated 10 positions | Gold: $4460.74
⏰ 22:53:01 - Syncing IBKR prices... ✅ Updated 10 positions | Gold: $4466.61
⏰ 22:54:02 - Syncing IBKR prices... ✅ Updated 10 positions | Gold: $4456.09
⏰ 22:55:03 - Syncing IBKR prices... ✅ Updated 10 positions | Gold: $4461.10
⏰ 22:56:04 - Syncing IBKR prices... ✅ Updated 10 positions | Gold: $4457.06
⏰ 22:57:06 - Syncing IBKR prices... ✅ Updated 10 positions | Gold: $4458.51
⏰ 22:58:07 - Syncing IBKR prices... ✅ Updated 10 positions | Gold: $4459.45
⏰ 22:59:08 - Syncing IBKR prices... ✅ Updated 10 positions | Gold: $4459.41
⏰ 23:00:09 - Syncing IBKR prices... ✅ Updated 10 positions | Gold: $4454.85
⏰ 23:01:10 - Syncing IBKR prices... ✅ Updated 10 positions | Gold: $4460.28
⏰ 23:02:11 - Syncing IBKR prices... ✅ Updated 10 positions | Gold: $4460.08
⏰ 23:03:13 - Syncing IBKR prices... ✅ Updated 10 positions | Gold: $4452.75
⏰ 23:04:14 - Syncing IBKR prices... ✅ Updated 10 positions | Gold: $4460.46
⏰ 23:05:15 - Syncing IBKR prices... ✅ Updated 10 positions | Gold: $4466.73
⏰ 23:06:16 - Syncing IBKR prices... ✅ Updated 10 positions | Gold: $4465.53
⏰ 23:07:17 - Syncing IBKR prices... ✅ Updated 10 positions | Gold: $4457.40
⏰ 23:08:18 - Syncing IBKR prices... ✅ Updated 10 positions | Gold: $4450.84
⏰ 23:09:19 - Syncing IBKR prices... ✅ Updated 10 positions | Gold: $4460.59
⏰ 23:10:21 - Syncing IBKR prices... ✅ Updated 10 positions | Gold: $4452.54
⏰ 23:11:22 - Syncing IBKR prices... ✅ Updated 10 positions | Gold: $4462.03
⏰ 23:12:23 - Syncing IBKR prices... ✅ Updated 10 positions | Gold: $4464.59
⏰ 23:13:24 - Syncing IBKR prices... ✅ Updated 10 positions | Gold: $4451.61
⏰ 23:14:26 - Syncing IBKR prices... ✅ Updated 10 positions | Gold: $4462.07
⏰ 23:15:27 - Syncing IBKR prices... ✅ Updated 10 positions | Gold: $4458.79
⏰ 23:16:28 - Syncing IBKR prices... ✅ Updated 10 positions | Gold: $4461.10
⏰ 23:17:29 - Syncing IBKR prices... ✅ Updated 10 positions | Gold: $4451.32
⏰ 23:18:30 - Syncing IBKR prices... ✅ Updated 10 positions | Gold: $4468.25
⏰ 23:19:31 - Syncing IBKR prices... ✅ Updated 10 positions | Gold: $4451.06
⏰ 23:20:33 - Syncing IBKR prices... ✅ Updated 10 positions | Gold: $4451.69
⏰ 23:21:34 - Syncing IBKR prices... ✅ Updated 10 positions | Gold: $4454.07
⏰ 23:22:35 - Syncing IBKR prices... ✅ Updated 10 positions | Gold: $4450.73
⏰ 23:23:37 - Syncing IBKR prices... ✅ Updated 10 positions | Gold: $4467.97
⏰ 23:24:38 - Syncing IBKR prices... ✅ Updated 10 positions | Gold: $4468.19
⏰ 23:25:39 - Syncing IBKR prices... ✅ Updated 10 positions | Gold: $4468.53
⏰ 23:26:40 - Syncing IBKR prices... ✅ Updated 10 positions | Gold: $4453.73
⏰ 23:27:41 - Syncing IBKR prices... ✅ Updated 10 positions | Gold: $4464.12
⏰ 23:28:42 - Syncing IBKR prices... ✅ Updated 10 positions | Gold: $4465.25
⏰ 23:29:44 - Syncing IBKR prices... ✅ Updated 10 positions | Gold: $4464.27
⏰ 23:30:45 - Syncing IBKR prices... ✅ Updated 10 positions | Gold: $4461.59
⏰ 23:31:46 - Syncing IBKR prices... ✅ Updated 10 positions | Gold: $4468.05
⏰ 23:32:47 - Syncing IBKR prices... ✅ Updated 10 positions | Gold: $4467.23
⏰ 23:33:48 - Syncing IBKR prices... ✅ Updated 10 positions | Gold: $4463.42
⏰ 23:34:50 - Syncing IBKR prices... ✅ Updated 10 positions | Gold: $4463.95
⏰ 23:35:51 - Syncing IBKR prices... ✅ Updated 10 positions | Gold: $4462.48
⏰ 23:36:52 - Syncing IBKR prices... ✅ Updated 10 positions | Gold: $4468.71
⏰ 23:37:53 - Syncing IBKR prices... ✅ Updated 10 positions | Gold: $4455.19
⏰ 23:38:54 - Syncing IBKR prices... ✅ Updated 10 positions | Gold: $4468.94
⏰ 23:39:55 - Syncing IBKR prices... ✅ Updated 10 positions | Gold: $4454.55
⏰ 23:40:57 - Syncing IBKR prices... ✅ Updated 10 positions | Gold: $4450.65
⏰ 23:41:58 - Syncing IBKR prices... ✅ Updated 10 positions | Gold: $4468.79
⏰ 23:42:59 - Syncing IBKR prices... ✅ Updated 10 positions | Gold: $4456.55
⏰ 23:44:00 - Syncing IBKR prices... ✅ Updated 10 positions | Gold: $4452.00
⏰ 23:45:01 - Syncing IBKR prices... ✅ Updated 10 positions | Gold: $4457.60
⏰ 23:46:03 - Syncing IBKR prices... ✅ Updated 10 positions | Gold: $4469.78
⏰ 23:47:04 - Syncing IBKR prices... ✅ Updated 10 positions | Gold: $4458.06
⏰ 23:48:05 - Syncing IBKR prices... ✅ Updated 10 positions | Gold: $4460.28
⏰ 23:49:06 - Syncing IBKR prices... ✅ Updated 10 positions | Gold: $4458.48
⏰ 23:50:07 - Syncing IBKR prices... ✅ Updated 10 positions | Gold: $4456.15
⏰ 23:51:09 - Syncing IBKR prices... ✅ Updated 10 positions | Gold: $4451.82
⏰ 23:52:10 - Syncing IBKR prices... ✅ Updated 10 positions | Gold: $4465.02
⏰ 23:53:11 - Syncing IBKR prices... ✅ Updated 10 positions | Gold: $4459.36
⏰ 23:54:12 - Syncing IBKR prices... ✅ Updated 10 positions | Gold: $4464.85
⏰ 23:55:13 - Syncing IBKR prices... ✅ Updated 10 positions | Gold: $4464.20
⏰ 23:56:15 - Syncing IBKR prices... ✅ Updated 10 positions | Gold: $4452.67
⏰ 23:57:16 - Syncing IBKR prices... ✅ Updated 10 positions | Gold: $4465.36
⏰ 23:58:17 - Syncing IBKR prices... ✅ Updated 10 positions | Gold: $4451.57
⏰ 23:59:18 - Syncing IBKR prices... ✅ Updated 10 positions | Gold: $4462.21
⏰ 00:00:20 - Syncing IBKR prices... ✅ Updated 10 positions | Gold: $4456.02
⏰ 00:01:21 - Syncing IBKR prices... ✅ Updated 10 positions | Gold: $4460.85
⏰ 00:02:22 - Syncing IBKR prices... ✅ Updated 10 positions | Gold: $4456.34
⏰ 00:03:23 - Syncing IBKR prices... ✅ Updated 10 positions | Gold: $4454.47
⏰ 00:04:25 - Syncing IBKR prices... ✅ Updated 10 positions | Gold: $4458.53
⏰ 00:05:26 - Syncing IBKR prices... ✅ Updated 10 positions | Gold: $4453.99
⏰ 00:06:27 - Syncing IBKR prices... ✅ Updated 10 positions | Gold: $4469.34
⏰ 00:07:29 - Syncing IBKR prices... ✅ Updated 10 positions | Gold: $4450.72
⏰ 00:08:30 - Syncing IBKR prices... ✅ Updated 10 positions | Gold: $4458.11
⏰ 00:09:31 - Syncing IBKR prices... ✅ Updated 10 positions | Gold: $4461.84
⏰ 00:10:32 - Syncing IBKR prices... ✅ Updated 10 positions | Gold: $4458.09
⏰ 00:11:34 - Syncing IBKR prices... ✅ Updated 10 positions | Gold: $4466.46
⏰ 00:12:35 - Syncing IBKR prices... ✅ Updated 10 positions | Gold: $4452.20
⏰ 00:13:36 - Syncing IBKR prices... ✅ Updated 10 positions | Gold: $4468.99
⏰ 00:14:37 - Syncing IBKR prices... ✅ Updated 10 positions | Gold: $4466.32
⏰ 00:15:38 - Syncing IBKR prices... ✅ Updated 10 positions | Gold: $4454.94
⏰ 00:16:40 - Syncing IBKR prices... ✅ Updated 10 positions | Gold: $4459.88
⏰ 00:17:41 - Syncing IBKR prices... ✅ Updated 10 positions | Gold: $4469.07
⏰ 00:18:42 - Syncing IBKR prices... ✅ Updated 10 positions | Gold: $4460.59
⏰ 00:19:43 - Syncing IBKR prices... ✅ Updated 10 positions | Gold: $4458.20
⏰ 00:20:45 - Syncing IBKR prices... ✅ Updated 10 positions | Gold: $4453.66
⏰ 00:21:46 - Syncing IBKR prices... ✅ Updated 10 positions | Gold: $4463.69
⏰ 00:22:47 - Syncing IBKR prices... ✅ Updated 10 positions | Gold: $4469.86
⏰ 00:23:48 - Syncing IBKR prices... ✅ Updated 10 positions | Gold: $4450.56
⏰ 00:24:49 - Syncing IBKR prices... ✅ Updated 10 positions | Gold: $4454.25
⏰ 00:25:51 - Syncing IBKR prices... ✅ Updated 10 positions | Gold: $4468.78
⏰ 00:26:52 - Syncing IBKR prices... ✅ Updated 10 positions | Gold: $4469.05
⏰ 00:27:53 - Syncing IBKR prices... ✅ Updated 10 positions | Gold: $4462.09
⏰ 00:28:54 - Syncing IBKR prices... ✅ Updated 10 positions | Gold: $4468.12
⏰ 00:29:56 - Syncing IBKR prices... ✅ Updated 10 positions | Gold: $4462.80
⏰ 00:30:57 - Syncing IBKR prices... ✅ Updated 10 positions | Gold: $4456.42
⏰ 00:31:58 - Syncing IBKR prices... ✅ Updated 10 positions | Gold: $4466.79
⏰ 00:33:00 - Syncing IBKR prices... ✅ Updated 10 positions | Gold: $4456.61
⏰ 00:34:01 - Syncing IBKR prices... ✅ Updated 10 positions | Gold: $4456.21
⏰ 00:35:02 - Syncing IBKR prices... ✅ Updated 10 positions | Gold: $4457.63
⏰ 00:36:03 - Syncing IBKR prices... ✅ Updated 10 positions | Gold: $4464.98
⏰ 00:37:04 - Syncing IBKR prices... ✅ Updated 10 positions | Gold: $4452.22
⏰ 00:38:05 - Syncing IBKR prices... ✅ Updated 10 positions | Gold: $4465.68
⏰ 00:39:06 - Syncing IBKR prices... ✅ Updated 10 positions | Gold: $4451.99
⏰ 00:40:07 - Syncing IBKR prices... ✅ Updated 10 positions | Gold: $4458.98
⏰ 00:41:09 - Syncing IBKR prices... ✅ Updated 10 positions | Gold: $4458.92
⏰ 00:42:10 - Syncing IBKR prices... ✅ Updated 10 positions | Gold: $4453.69
⏰ 00:43:11 - Syncing IBKR prices... ✅ Updated 10 positions | Gold: $4458.95
⏰ 00:44:12 - Syncing IBKR prices... ✅ Updated 10 positions | Gold: $4463.21
⏰ 00:45:13 - Syncing IBKR prices... ✅ Updated 10 positions | Gold: $4467.33
⏰ 00:46:15 - Syncing IBKR prices... ✅ Updated 10 positions | Gold: $4456.80
⏰ 00:47:16 - Syncing IBKR prices... ✅ Updated 10 positions | Gold: $4463.16
⏰ 00:48:18 - Syncing IBKR prices... ✅ Updated 10 positions | Gold: $4462.98
⏰ 00:49:20 - Syncing IBKR prices... ✅ Updated 10 positions | Gold: $4465.74
⏰ 00:50:21 - Syncing IBKR prices... ✅ Updated 10 positions | Gold: $4458.05
⏰ 00:51:23 - Syncing IBKR prices... ✅ Updated 10 positions | Gold: $4464.52
⏰ 00:52:24 - Syncing IBKR prices... ✅ Updated 10 positions | Gold: $4454.40
⏰ 00:53:26 - Syncing IBKR prices... ✅ Updated 10 positions | Gold: $4462.56
⏰ 00:54:28 - Syncing IBKR prices... ✅ Updated 10 positions | Gold: $4468.22
⏰ 00:55:29 - Syncing IBKR prices... ✅ Updated 10 positions | Gold: $4464.52
⏰ 00:56:31 - Syncing IBKR prices... ✅ Updated 10 positions | Gold: $4459.83
⏰ 00:57:32 - Syncing IBKR prices... ✅ Updated 10 positions | Gold: $4453.35
⏰ 00:58:34 - Syncing IBKR prices... ✅ Updated 10 positions | Gold: $4457.53
⏰ 00:59:35 - Syncing IBKR prices... ✅ Updated 10 positions | Gold: $4454.86
⏰ 01:00:37 - Syncing IBKR prices... ✅ Updated 10 positions | Gold: $4459.85
⏰ 01:01:39 - Syncing IBKR prices... ✅ Updated 10 positions | Gold: $4462.69
⏰ 01:02:40 - Syncing IBKR prices... ✅ Updated 10 positions | Gold: $4453.76
⏰ 01:03:42 - Syncing IBKR prices... ✅ Updated 10 positions | Gold: $4451.53
⏰ 01:04:44 - Syncing IBKR prices... ✅ Updated 10 positions | Gold: $4466.73
⏰ 01:05:45 - Syncing IBKR prices... ✅ Updated 10 positions | Gold: $4461.24
⏰ 01:06:47 - Syncing IBKR prices... ✅ Updated 10 positions | Gold: $4462.47
⏰ 01:07:49 - Syncing IBKR prices... ✅ Updated 10 positions | Gold: $4459.19
⏰ 01:08:50 - Syncing IBKR prices... ✅ Updated 10 positions | Gold: $4452.10
⏰ 01:09:52 - Syncing IBKR prices... ✅ Updated 10 positions | Gold: $4456.37
⏰ 01:10:54 - Syncing IBKR prices... ✅ Updated 10 positions | Gold: $4468.78
⏰ 01:11:55 - Syncing IBKR prices... ✅ Updated 10 positions | Gold: $4452.09
⏰ 01:12:57 - Syncing IBKR prices... ✅ Updated 10 positions | Gold: $4468.91
⏰ 01:13:59 - Syncing IBKR prices... ✅ Updated 10 positions | Gold: $4468.27
⏰ 01:15:01 - Syncing IBKR prices... ✅ Updated 10 positions | Gold: $4461.84
⏰ 01:16:02 - Syncing IBKR prices... ✅ Updated 10 positions | Gold: $4468.06
⏰ 01:17:04 - Syncing IBKR prices... ✅ Updated 10 positions | Gold: $4458.98
⏰ 01:18:06 - Syncing IBKR prices... ✅ Updated 10 positions | Gold: $4461.50
⏰ 01:19:07 - Syncing IBKR prices... ✅ Updated 10 positions | Gold: $4465.43
⏰ 01:20:09 - Syncing IBKR prices... ✅ Updated 10 positions | Gold: $4458.47
⏰ 01:21:11 - Syncing IBKR prices... ✅ Updated 10 positions | Gold: $4458.37
⏰ 01:22:12 - Syncing IBKR prices... ✅ Updated 10 positions | Gold: $4469.32
⏰ 01:23:14 - Syncing IBKR prices... ✅ Updated 10 positions | Gold: $4467.50
⏰ 01:24:15 - Syncing IBKR prices... ✅ Updated 10 positions | Gold: $4450.71
⏰ 01:25:17 - Syncing IBKR prices... ✅ Updated 10 positions | Gold: $4460.77
⏰ 01:26:19 - Syncing IBKR prices... ✅ Updated 10 positions | Gold: $4458.46
⏰ 01:27:20 - Syncing IBKR prices... ✅ Updated 10 positions | Gold: $4453.08
⏰ 01:28:22 - Syncing IBKR prices... ✅ Updated 10 positions | Gold: $4464.53
⏰ 01:29:23 - Syncing IBKR prices... ✅ Updated 10 positions | Gold: $4461.11
⏰ 01:30:25 - Syncing IBKR prices... ✅ Updated 10 positions | Gold: $4468.84
⏰ 01:31:27 - Syncing IBKR prices... ✅ Updated 10 positions | Gold: $4452.54
⏰ 01:32:28 - Syncing IBKR prices... ✅ Updated 10 positions | Gold: $4469.84
⏰ 01:33:30 - Syncing IBKR prices... ✅ Updated 10 positions | Gold: $4468.26
⏰ 01:34:32 - Syncing IBKR prices... ✅ Updated 10 positions | Gold: $4469.61
⏰ 01:35:33 - Syncing IBKR prices... ✅ Updated 10 positions | Gold: $4462.78
⏰ 01:36:35 - Syncing IBKR prices... ✅ Updated 10 positions | Gold: $4452.47
⏰ 01:37:36 - Syncing IBKR prices... ✅ Updated 10 positions | Gold: $4455.90
⏰ 01:38:38 - Syncing IBKR prices... ✅ Updated 10 positions | Gold: $4463.05
⏰ 01:39:40 - Syncing IBKR prices... ✅ Updated 10 positions | Gold: $4465.01
⏰ 01:40:42 - Syncing IBKR prices... ✅ Updated 10 positions | Gold: $4454.58
⏰ 01:41:43 - Syncing IBKR prices... ✅ Updated 10 positions | Gold: $4452.84
⏰ 01:42:45 - Syncing IBKR prices... ✅ Updated 10 positions | Gold: $4451.69
⏰ 01:43:47 - Syncing IBKR prices... ✅ Updated 10 positions | Gold: $4457.69
⏰ 01:44:48 - Syncing IBKR prices... ✅ Updated 10 positions | Gold: $4456.98
⏰ 01:45:50 - Syncing IBKR prices... ✅ Updated 10 positions | Gold: $4453.51
⏰ 01:46:51 - Syncing IBKR prices... ✅ Updated 10 positions | Gold: $4462.56
⏰ 01:47:53 - Syncing IBKR prices... ✅ Updated 10 positions | Gold: $4455.05
⏰ 01:48:55 - Syncing IBKR prices... ✅ Updated 10 positions | Gold: $4463.25
⏰ 01:49:56 - Syncing IBKR prices... ✅ Updated 10 positions | Gold: $4450.18
⏰ 01:50:58 - Syncing IBKR prices... ✅ Updated 10 positions | Gold: $4466.50
⏰ 01:52:01 - Syncing IBKR prices... ✅ Updated 10 positions | Gold: $4458.09
⏰ 01:53:02 - Syncing IBKR prices... ✅ Updated 10 positions | Gold: $4463.01
⏰ 01:54:04 - Syncing IBKR prices... ✅ Updated 10 positions | Gold: $4467.02
⏰ 01:55:06 - Syncing IBKR prices... ✅ Updated 10 positions | Gold: $4451.70
⏰ 01:56:07 - Syncing IBKR prices... ✅ Updated 10 positions | Gold: $4464.82
⏰ 01:57:09 - Syncing IBKR prices... ✅ Updated 10 positions | Gold: $4467.70
⏰ 01:58:11 - Syncing IBKR prices... ✅ Updated 10 positions | Gold: $4451.02
⏰ 01:59:12 - Syncing IBKR prices... ✅ Updated 10 positions | Gold: $4455.82
⏰ 02:00:14 - Syncing IBKR prices... ✅ Updated 10 positions | Gold: $4457.59
⏰ 02:01:16 - Syncing IBKR prices... ✅ Updated 10 positions | Gold: $4456.95
⏰ 02:02:17 - Syncing IBKR prices... ✅ Updated 10 positions | Gold: $4452.74
⏰ 02:03:19 - Syncing IBKR prices... ✅ Updated 10 positions | Gold: $4458.13
⏰ 02:04:21 - Syncing IBKR prices... ✅ Updated 10 positions | Gold: $4462.41
⏰ 02:05:23 - Syncing IBKR prices... ✅ Updated 10 positions | Gold: $4462.61
⏰ 02:06:24 - Syncing IBKR prices... ✅ Updated 10 positions | Gold: $4463.59
⏰ 02:07:26 - Syncing IBKR prices... ✅ Updated 10 positions | Gold: $4465.31
⏰ 02:08:27 - Syncing IBKR prices... ✅ Updated 10 positions | Gold: $4469.02
⏰ 02:09:29 - Syncing IBKR prices... ✅ Updated 10 positions | Gold: $4455.69
⏰ 02:10:31 - Syncing IBKR prices... ✅ Updated 10 positions | Gold: $4469.68
⏰ 02:11:32 - Syncing IBKR prices... ✅ Updated 10 positions | Gold: $4451.05
⏰ 02:12:34 - Syncing IBKR prices... ✅ Updated 10 positions | Gold: $4466.55
⏰ 02:13:35 - Syncing IBKR prices... ✅ Updated 10 positions | Gold: $4460.64
⏰ 02:14:37 - Syncing IBKR prices... ✅ Updated 10 positions | Gold: $4454.32
⏰ 02:15:39 - Syncing IBKR prices... ✅ Updated 10 positions | Gold: $4458.00
⏰ 02:16:40 - Syncing IBKR prices... ✅ Updated 10 positions | Gold: $4466.68
⏰ 02:17:42 - Syncing IBKR prices... ✅ Updated 10 positions | Gold: $4466.77
⏰ 02:18:44 - Syncing IBKR prices... ✅ Updated 10 positions | Gold: $4453.19
⏰ 02:19:45 - Syncing IBKR prices... ✅ Updated 10 positions | Gold: $4454.73
⏰ 02:20:47 - Syncing IBKR prices... ✅ Updated 10 positions | Gold: $4451.01
⏰ 02:21:48 - Syncing IBKR prices... ✅ Updated 10 positions | Gold: $4457.37
⏰ 02:22:50 - Syncing IBKR prices... ✅ Updated 10 positions | Gold: $4455.58
⏰ 02:23:52 - Syncing IBKR prices... ✅ Updated 10 positions | Gold: $4469.60
⏰ 02:24:53 - Syncing IBKR prices... ✅ Updated 10 positions | Gold: $4468.77
⏰ 02:25:55 - Syncing IBKR prices... ✅ Updated 10 positions | Gold: $4461.45
⏰ 02:26:56 - Syncing IBKR prices... ✅ Updated 10 positions | Gold: $4452.23
⏰ 02:27:58 - Syncing IBKR prices... ✅ Updated 10 positions | Gold: $4454.36
⏰ 02:29:00 - Syncing IBKR prices... ✅ Updated 10 positions | Gold: $4456.24
⏰ 02:30:01 - Syncing IBKR prices... ✅ Updated 10 positions | Gold: $4455.38
⏰ 02:31:03 - Syncing IBKR prices... ✅ Updated 10 positions | Gold: $4461.38
⏰ 02:32:04 - Syncing IBKR prices... ✅ Updated 10 positions | Gold: $4453.40
⏰ 02:33:06 - Syncing IBKR prices... ✅ Updated 10 positions | Gold: $4456.16
⏰ 02:34:08 - Syncing IBKR prices... ✅ Updated 10 positions | Gold: $4466.03
⏰ 02:35:09 - Syncing IBKR prices... ✅ Updated 10 positions | Gold: $4462.13
⏰ 02:36:11 - Syncing IBKR prices... ✅ Updated 10 positions | Gold: $4455.12
⏰ 02:37:13 - Syncing IBKR prices... ✅ Updated 10 positions | Gold: $4469.36
⏰ 02:38:14 - Syncing IBKR prices... ✅ Updated 10 positions | Gold: $4469.29
⏰ 02:39:16 - Syncing IBKR prices... ✅ Updated 10 positions | Gold: $4463.62
⏰ 02:40:18 - Syncing IBKR prices... ✅ Updated 10 positions | Gold: $4468.22
⏰ 02:41:19 - Syncing IBKR prices... ✅ Updated 10 positions | Gold: $4458.46
⏰ 02:42:21 - Syncing IBKR prices... ✅ Updated 10 positions | Gold: $4457.50
⏰ 02:43:22 - Syncing IBKR prices... ✅ Updated 10 positions | Gold: $4464.41
⏰ 02:44:24 - Syncing IBKR prices... ✅ Updated 10 positions | Gold: $4461.22
⏰ 02:45:26 - Syncing IBKR prices... ✅ Updated 10 positions | Gold: $4468.36
⏰ 02:46:28 - Syncing IBKR prices... ✅ Updated 10 positions | Gold: $4461.40
⏰ 02:47:29 - Syncing IBKR prices... ✅ Updated 10 positions | Gold: $4453.63
⏰ 02:48:31 - Syncing IBKR prices... ✅ Updated 10 positions | Gold: $4465.24
⏰ 02:49:33 - Syncing IBKR prices... ✅ Updated 10 positions | Gold: $4467.47
⏰ 02:50:34 - Syncing IBKR prices... ✅ Updated 10 positions | Gold: $4468.76
⏰ 02:51:36 - Syncing IBKR prices... ✅ Updated 10 positions | Gold: $4468.57
⏰ 02:52:38 - Syncing IBKR prices... ✅ Updated 10 positions | Gold: $4458.09
⏰ 02:53:39 - Syncing IBKR prices... ✅ Updated 10 positions | Gold: $4462.20
⏰ 02:54:41 - Syncing IBKR prices... ✅ Updated 10 positions | Gold: $4469.26
⏰ 02:55:43 - Syncing IBKR prices... ✅ Updated 10 positions | Gold: $4459.24
⏰ 02:56:45 - Syncing IBKR prices... ✅ Updated 10 positions | Gold: $4452.79
⏰ 02:57:46 - Syncing IBKR prices... ✅ Updated 10 positions | Gold: $4468.06
⏰ 02:58:48 - Syncing IBKR prices... ✅ Updated 10 positions | Gold: $4458.76
⏰ 02:59:50 - Syncing IBKR prices... ✅ Updated 10 positions | Gold: $4450.88
⏰ 03:00:51 - Syncing IBKR prices... ✅ Updated 10 positions | Gold: $4468.76
⏰ 03:01:53 - Syncing IBKR prices... ✅ Updated 10 positions | Gold: $4462.75
⏰ 03:02:54 - Syncing IBKR prices... ✅ Updated 10 positions | Gold: $4454.74
⏰ 03:03:56 - Syncing IBKR prices... ✅ Updated 10 positions | Gold: $4463.17
⏰ 03:04:58 - Syncing IBKR prices... ✅ Updated 10 positions | Gold: $4466.54
⏰ 03:05:59 - Syncing IBKR prices... ✅ Updated 10 positions | Gold: $4467.59
⏰ 03:07:01 - Syncing IBKR prices... ✅ Updated 10 positions | Gold: $4455.68
⏰ 03:08:02 - Syncing IBKR prices... ✅ Updated 10 positions | Gold: $4452.03
⏰ 03:09:04 - Syncing IBKR prices... ✅ Updated 10 positions | Gold: $4455.81
⏰ 03:10:06 - Syncing IBKR prices... ✅ Updated 10 positions | Gold: $4453.45
⏰ 03:11:07 - Syncing IBKR prices... ✅ Updated 10 positions | Gold: $4465.05
⏰ 03:12:09 - Syncing IBKR prices... ✅ Updated 10 positions | Gold: $4467.48
⏰ 03:13:10 - Syncing IBKR prices... ✅ Updated 10 positions | Gold: $4457.36
⏰ 03:14:12 - Syncing IBKR prices... ✅ Updated 10 positions | Gold: $4456.77
⏰ 03:15:14 - Syncing IBKR prices... ✅ Updated 10 positions | Gold: $4458.23
⏰ 03:16:15 - Syncing IBKR prices... ✅ Updated 10 positions | Gold: $4453.18
⏰ 03:17:17 - Syncing IBKR prices... ✅ Updated 10 positions | Gold: $4468.77
⏰ 03:18:18 - Syncing IBKR prices... ✅ Updated 10 positions | Gold: $4454.18
⏰ 03:19:20 - Syncing IBKR prices... ✅ Updated 10 positions | Gold: $4465.07
⏰ 03:20:22 - Syncing IBKR prices... ✅ Updated 10 positions | Gold: $4468.09
⏰ 03:21:23 - Syncing IBKR prices... ✅ Updated 10 positions | Gold: $4456.70
⏰ 03:22:25 - Syncing IBKR prices... ✅ Updated 10 positions | Gold: $4468.89
⏰ 03:23:27 - Syncing IBKR prices... ✅ Updated 10 positions | Gold: $4460.79
⏰ 03:24:28 - Syncing IBKR prices... ✅ Updated 10 positions | Gold: $4466.23
⏰ 03:25:30 - Syncing IBKR prices... ✅ Updated 10 positions | Gold: $4466.34
⏰ 03:26:31 - Syncing IBKR prices... ✅ Updated 10 positions | Gold: $4451.97
⏰ 03:27:33 - Syncing IBKR prices... ✅ Updated 10 positions | Gold: $4466.89
⏰ 03:28:35 - Syncing IBKR prices... ✅ Updated 10 positions | Gold: $4465.70
⏰ 03:29:36 - Syncing IBKR prices... ✅ Updated 10 positions | Gold: $4469.27
⏰ 03:30:38 - Syncing IBKR prices... ✅ Updated 10 positions | Gold: $4458.08
⏰ 03:31:40 - Syncing IBKR prices... ✅ Updated 10 positions | Gold: $4459.54
⏰ 03:32:42 - Syncing IBKR prices... ✅ Updated 10 positions | Gold: $4459.01
⏰ 03:33:43 - Syncing IBKR prices... ✅ Updated 10 positions | Gold: $4450.65
⏰ 03:34:45 - Syncing IBKR prices... ✅ Updated 10 positions | Gold: $4462.18
⏰ 03:35:47 - Syncing IBKR prices... ✅ Updated 10 positions | Gold: $4455.56
⏰ 03:36:48 - Syncing IBKR prices... ✅ Updated 10 positions | Gold: $4468.74
⏰ 03:37:50 - Syncing IBKR prices... ✅ Updated 10 positions | Gold: $4460.77
⏰ 03:38:52 - Syncing IBKR prices... ✅ Updated 10 positions | Gold: $4456.02
⏰ 03:39:53 - Syncing IBKR prices... ✅ Updated 10 positions | Gold: $4456.36
⏰ 03:40:55 - Syncing IBKR prices... ✅ Updated 10 positions | Gold: $4459.10
⏰ 03:41:57 - Syncing IBKR prices... ✅ Updated 10 positions | Gold: $4467.42
⏰ 03:42:58 - Syncing IBKR prices... ✅ Updated 10 positions | Gold: $4467.89
⏰ 03:44:00 - Syncing IBKR prices... ✅ Updated 10 positions | Gold: $4450.34
⏰ 03:45:02 - Syncing IBKR prices... ✅ Updated 10 positions | Gold: $4453.20
⏰ 03:46:04 - Syncing IBKR prices... ✅ Updated 10 positions | Gold: $4451.94
⏰ 03:47:05 - Syncing IBKR prices... ✅ Updated 10 positions | Gold: $4458.54
⏰ 03:48:07 - Syncing IBKR prices... ✅ Updated 10 positions | Gold: $4465.84
⏰ 03:49:09 - Syncing IBKR prices... ✅ Updated 10 positions | Gold: $4462.00
⏰ 03:50:11 - Syncing IBKR prices... ✅ Updated 10 positions | Gold: $4463.91
⏰ 03:51:12 - Syncing IBKR prices... ✅ Updated 10 positions | Gold: $4468.68
⏰ 03:52:14 - Syncing IBKR prices... ✅ Updated 10 positions | Gold: $4469.33
⏰ 03:53:15 - Syncing IBKR prices... ✅ Updated 10 positions | Gold: $4450.40
⏰ 03:54:17 - Syncing IBKR prices... ✅ Updated 10 positions | Gold: $4458.97
⏰ 03:55:19 - Syncing IBKR prices... ✅ Updated 10 positions | Gold: $4459.55
⏰ 03:56:20 - Syncing IBKR prices... ✅ Updated 10 positions | Gold: $4466.17
⏰ 03:57:22 - Syncing IBKR prices... ✅ Updated 10 positions | Gold: $4452.56
⏰ 03:58:24 - Syncing IBKR prices... ✅ Updated 10 positions | Gold: $4461.96
⏰ 03:59:25 - Syncing IBKR prices... ✅ Updated 10 positions | Gold: $4454.53
⏰ 04:00:27 - Syncing IBKR prices... ✅ Updated 10 positions | Gold: $4466.80
⏰ 04:01:28 - Syncing IBKR prices... ✅ Updated 10 positions | Gold: $4464.04
⏰ 04:02:30 - Syncing IBKR prices... ✅ Updated 10 positions | Gold: $4463.89
⏰ 04:03:32 - Syncing IBKR prices... ✅ Updated 10 positions | Gold: $4461.61
⏰ 04:04:33 - Syncing IBKR prices... ✅ Updated 10 positions | Gold: $4451.35
⏰ 04:05:35 - Syncing IBKR prices... ✅ Updated 10 positions | Gold: $4467.37
⏰ 04:06:37 - Syncing IBKR prices... ✅ Updated 10 positions | Gold: $4450.23
⏰ 04:07:38 - Syncing IBKR prices... ✅ Updated 10 positions | Gold: $4467.29
⏰ 04:08:40 - Syncing IBKR prices... ✅ Updated 10 positions | Gold: $4466.26
⏰ 04:09:41 - Syncing IBKR prices... ✅ Updated 10 positions | Gold: $4467.18
⏰ 04:10:43 - Syncing IBKR prices... ✅ Updated 10 positions | Gold: $4469.62
⏰ 04:11:45 - Syncing IBKR prices... ✅ Updated 10 positions | Gold: $4452.96
⏰ 04:12:47 - Syncing IBKR prices... ✅ Updated 10 positions | Gold: $4451.52
⏰ 04:13:48 - Syncing IBKR prices... ✅ Updated 10 positions | Gold: $4455.95
⏰ 04:14:50 - Syncing IBKR prices... ✅ Updated 10 positions | Gold: $4457.27
⏰ 04:15:51 - Syncing IBKR prices... ✅ Updated 10 positions | Gold: $4466.16
⏰ 04:16:53 - Syncing IBKR prices... ✅ Updated 10 positions | Gold: $4452.58
⏰ 04:17:55 - Syncing IBKR prices... ✅ Updated 10 positions | Gold: $4465.03
⏰ 04:18:56 - Syncing IBKR prices... ✅ Updated 10 positions | Gold: $4466.04
⏰ 04:19:58 - Syncing IBKR prices... ✅ Updated 10 positions | Gold: $4453.54
⏰ 04:21:00 - Syncing IBKR prices... ✅ Updated 10 positions | Gold: $4469.06
⏰ 04:22:01 - Syncing IBKR prices... ✅ Updated 10 positions | Gold: $4452.80
⏰ 04:23:03 - Syncing IBKR prices... ✅ Updated 10 positions | Gold: $4456.83
⏰ 04:24:05 - Syncing IBKR prices... ✅ Updated 10 positions | Gold: $4460.75
⏰ 04:25:06 - Syncing IBKR prices... ✅ Updated 10 positions | Gold: $4464.75
⏰ 04:26:08 - Syncing IBKR prices... ✅ Updated 10 positions | Gold: $4460.98
⏰ 04:27:10 - Syncing IBKR prices... ✅ Updated 10 positions | Gold: $4458.59
⏰ 04:28:11 - Syncing IBKR prices... ✅ Updated 10 positions | Gold: $4450.99
⏰ 04:29:13 - Syncing IBKR prices... ✅ Updated 10 positions | Gold: $4459.73
⏰ 04:30:15 - Syncing IBKR prices... ✅ Updated 10 positions | Gold: $4466.87
⏰ 04:31:17 - Syncing IBKR prices... ✅ Updated 10 positions | Gold: $4460.82
⏰ 04:32:18 - Syncing IBKR prices... ✅ Updated 10 positions | Gold: $4466.85
⏰ 04:33:20 - Syncing IBKR prices... ✅ Updated 10 positions | Gold: $4462.36
⏰ 04:34:22 - Syncing IBKR prices... ✅ Updated 10 positions | Gold: $4457.66
⏰ 04:35:24 - Syncing IBKR prices... ✅ Updated 10 positions | Gold: $4461.60
⏰ 04:36:25 - Syncing IBKR prices... ✅ Updated 10 positions | Gold: $4465.22
⏰ 04:37:27 - Syncing IBKR prices... ✅ Updated 10 positions | Gold: $4466.59
⏰ 04:38:29 - Syncing IBKR prices... ✅ Updated 10 positions | Gold: $4465.59
⏰ 04:39:30 - Syncing IBKR prices... ✅ Updated 10 positions | Gold: $4460.24
⏰ 04:40:32 - Syncing IBKR prices... ✅ Updated 10 positions | Gold: $4458.46
⏰ 04:41:34 - Syncing IBKR prices... ✅ Updated 10 positions | Gold: $4452.74
⏰ 04:42:35 - Syncing IBKR prices... ✅ Updated 10 positions | Gold: $4457.78
⏰ 04:43:37 - Syncing IBKR prices... ✅ Updated 10 positions | Gold: $4466.80
⏰ 04:44:39 - Syncing IBKR prices... ✅ Updated 10 positions | Gold: $4459.11
⏰ 04:45:41 - Syncing IBKR prices... ✅ Updated 10 positions | Gold: $4462.67
⏰ 04:46:42 - Syncing IBKR prices... ✅ Updated 10 positions | Gold: $4455.34
⏰ 04:47:44 - Syncing IBKR prices... ✅ Updated 10 positions | Gold: $4450.35
⏰ 04:48:46 - Syncing IBKR prices... ✅ Updated 10 positions | Gold: $4461.28
⏰ 04:49:47 - Syncing IBKR prices... ✅ Updated 10 positions | Gold: $4453.80
⏰ 04:50:49 - Syncing IBKR prices... ✅ Updated 10 positions | Gold: $4467.50
⏰ 04:51:50 - Syncing IBKR prices... ✅ Updated 10 positions | Gold: $4458.00
⏰ 04:52:52 - Syncing IBKR prices... ✅ Updated 10 positions | Gold: $4469.76
⏰ 04:53:54 - Syncing IBKR prices... ✅ Updated 10 positions | Gold: $4450.32
⏰ 04:54:55 - Syncing IBKR prices... ✅ Updated 10 positions | Gold: $4453.63
⏰ 04:55:57 - Syncing IBKR prices... ✅ Updated 10 positions | Gold: $4462.04
⏰ 04:56:59 - Syncing IBKR prices... ✅ Updated 10 positions | Gold: $4453.54
⏰ 04:58:00 - Syncing IBKR prices... ✅ Updated 10 positions | Gold: $4464.56
⏰ 04:59:02 - Syncing IBKR prices... ✅ Updated 10 positions | Gold: $4464.68
⏰ 05:00:04 - Syncing IBKR prices... ✅ Updated 10 positions | Gold: $4467.89
⏰ 05:01:06 - Syncing IBKR prices... ✅ Updated 10 positions | Gold: $4466.32
⏰ 05:02:07 - Syncing IBKR prices... ✅ Updated 10 positions | Gold: $4469.38
⏰ 05:03:09 - Syncing IBKR prices... ✅ Updated 10 positions | Gold: $4451.43
⏰ 05:04:11 - Syncing IBKR prices... ✅ Updated 10 positions | Gold: $4467.94
⏰ 05:05:13 - Syncing IBKR prices... ✅ Updated 10 positions | Gold: $4464.50
⏰ 05:06:14 - Syncing IBKR prices... ✅ Updated 10 positions | Gold: $4467.50
⏰ 05:07:16 - Syncing IBKR prices... ✅ Updated 10 positions | Gold: $4455.23
⏰ 05:08:18 - Syncing IBKR prices... ✅ Updated 10 positions | Gold: $4450.26
⏰ 05:09:20 - Syncing IBKR prices... ✅ Updated 10 positions | Gold: $4453.68
⏰ 05:10:21 - Syncing IBKR prices... ✅ Updated 10 positions | Gold: $4468.46
⏰ 05:11:23 - Syncing IBKR prices... ✅ Updated 10 positions | Gold: $4461.25
⏰ 05:12:25 - Syncing IBKR prices... ✅ Updated 10 positions | Gold: $4454.28
⏰ 05:13:26 - Syncing IBKR prices... ✅ Updated 10 positions | Gold: $4462.07
⏰ 05:14:28 - Syncing IBKR prices... ✅ Updated 10 positions | Gold: $4452.91
⏰ 05:15:30 - Syncing IBKR prices... ✅ Updated 10 positions | Gold: $4457.32
⏰ 05:16:32 - Syncing IBKR prices... ✅ Updated 10 positions | Gold: $4459.29
⏰ 05:17:33 - Syncing IBKR prices... ✅ Updated 10 positions | Gold: $4451.14
⏰ 05:18:35 - Syncing IBKR prices... ✅ Updated 10 positions | Gold: $4463.66
⏰ 05:19:37 - Syncing IBKR prices... ✅ Updated 10 positions | Gold: $4450.79
⏰ 05:20:39 - Syncing IBKR prices... ✅ Updated 10 positions | Gold: $4458.78
⏰ 05:21:40 - Syncing IBKR prices... ✅ Updated 10 positions | Gold: $4458.67
⏰ 05:22:42 - Syncing IBKR prices... ✅ Updated 10 positions | Gold: $4455.03
⏰ 05:23:44 - Syncing IBKR prices... ✅ Updated 10 positions | Gold: $4453.67
⏰ 05:24:46 - Syncing IBKR prices... ✅ Updated 10 positions | Gold: $4451.86
⏰ 05:25:47 - Syncing IBKR prices... ✅ Updated 10 positions | Gold: $4469.52
⏰ 05:26:49 - Syncing IBKR prices... ✅ Updated 10 positions | Gold: $4450.56
⏰ 05:27:51 - Syncing IBKR prices... ✅ Updated 10 positions | Gold: $4452.77
⏰ 05:28:52 - Syncing IBKR prices... ✅ Updated 10 positions | Gold: $4469.23
⏰ 05:29:54 - Syncing IBKR prices... ✅ Updated 10 positions | Gold: $4463.90
⏰ 05:30:56 - Syncing IBKR prices... ✅ Updated 10 positions | Gold: $4460.08
⏰ 05:31:57 - Syncing IBKR prices... ✅ Updated 10 positions | Gold: $4463.10
⏰ 05:32:59 - Syncing IBKR prices... ✅ Updated 10 positions | Gold: $4458.63
⏰ 05:34:00 - Syncing IBKR prices... ✅ Updated 10 positions | Gold: $4455.34
⏰ 05:35:02 - Syncing IBKR prices... ✅ Updated 10 positions | Gold: $4467.20
⏰ 05:36:04 - Syncing IBKR prices... ✅ Updated 10 positions | Gold: $4456.02
⏰ 05:37:05 - Syncing IBKR prices... ✅ Updated 10 positions | Gold: $4462.46
⏰ 05:38:07 - Syncing IBKR prices... ✅ Updated 10 positions | Gold: $4450.36
⏰ 05:39:08 - Syncing IBKR prices... ✅ Updated 10 positions | Gold: $4455.74
⏰ 05:40:10 - Syncing IBKR prices... ✅ Updated 10 positions | Gold: $4453.43
⏰ 05:41:12 - Syncing IBKR prices... ✅ Updated 10 positions | Gold: $4461.70
⏰ 05:42:13 - Syncing IBKR prices... ✅ Updated 10 positions | Gold: $4458.88
⏰ 05:43:15 - Syncing IBKR prices... ✅ Updated 10 positions | Gold: $4451.25
⏰ 05:44:17 - Syncing IBKR prices... ✅ Updated 10 positions | Gold: $4451.24
⏰ 05:45:18 - Syncing IBKR prices... ✅ Updated 10 positions | Gold: $4466.51
⏰ 05:46:20 - Syncing IBKR prices... ✅ Updated 10 positions | Gold: $4465.35
⏰ 05:47:22 - Syncing IBKR prices... ✅ Updated 10 positions | Gold: $4464.88
⏰ 05:48:23 - Syncing IBKR prices... ✅ Updated 10 positions | Gold: $4467.14
⏰ 05:49:25 - Syncing IBKR prices... ✅ Updated 10 positions | Gold: $4464.49
⏰ 05:50:27 - Syncing IBKR prices... ✅ Updated 10 positions | Gold: $4462.13
⏰ 05:51:28 - Syncing IBKR prices... ✅ Updated 10 positions | Gold: $4455.47
⏰ 05:52:30 - Syncing IBKR prices... ✅ Updated 10 positions | Gold: $4456.16
⏰ 05:53:31 - Syncing IBKR prices... ✅ Updated 10 positions | Gold: $4462.74
⏰ 05:54:33 - Syncing IBKR prices... ✅ Updated 10 positions | Gold: $4469.45
⏰ 05:55:35 - Syncing IBKR prices... ✅ Updated 10 positions | Gold: $4465.48
⏰ 05:56:36 - Syncing IBKR prices... ✅ Updated 10 positions | Gold: $4464.87
⏰ 05:57:38 - Syncing IBKR prices... ✅ Updated 10 positions | Gold: $4462.14
⏰ 05:58:40 - Syncing IBKR prices... ✅ Updated 10 positions | Gold: $4459.65
⏰ 05:59:41 - Syncing IBKR prices... ✅ Updated 10 positions | Gold: $4465.96
⏰ 06:00:43 - Syncing IBKR prices... ✅ Updated 10 positions | Gold: $4463.20
⏰ 06:01:44 - Syncing IBKR prices... ✅ Updated 10 positions | Gold: $4453.91
⏰ 06:02:46 - Syncing IBKR prices... ✅ Updated 10 positions | Gold: $4452.48
⏰ 06:03:48 - Syncing IBKR prices... ✅ Updated 10 positions | Gold: $4451.55
⏰ 06:04:50 - Syncing IBKR prices... ✅ Updated 10 positions | Gold: $4468.01
⏰ 06:05:51 - Syncing IBKR prices... ✅ Updated 10 positions | Gold: $4464.19
⏰ 06:06:53 - Syncing IBKR prices... ✅ Updated 10 positions | Gold: $4458.17
⏰ 06:07:54 - Syncing IBKR prices... ✅ Updated 10 positions | Gold: $4465.63
⏰ 06:08:56 - Syncing IBKR prices... ✅ Updated 10 positions | Gold: $4460.87
⏰ 06:09:58 - Syncing IBKR prices... ✅ Updated 10 positions | Gold: $4464.70
⏰ 06:11:00 - Syncing IBKR prices... ✅ Updated 10 positions | Gold: $4465.20
⏰ 06:12:01 - Syncing IBKR prices... ✅ Updated 10 positions | Gold: $4468.21
⏰ 06:13:03 - Syncing IBKR prices... ✅ Updated 10 positions | Gold: $4456.40
⏰ 06:14:05 - Syncing IBKR prices... ✅ Updated 10 positions | Gold: $4454.97
⏰ 06:15:07 - Syncing IBKR prices... ✅ Updated 10 positions | Gold: $4450.14
⏰ 06:16:08 - Syncing IBKR prices... ✅ Updated 10 positions | Gold: $4459.25
⏰ 06:17:10 - Syncing IBKR prices... ✅ Updated 10 positions | Gold: $4463.15
⏰ 06:18:12 - Syncing IBKR prices... ✅ Updated 10 positions | Gold: $4462.58
⏰ 06:19:13 - Syncing IBKR prices... ✅ Updated 10 positions | Gold: $4456.21
⏰ 06:20:15 - Syncing IBKR prices... ✅ Updated 10 positions | Gold: $4459.78
⏰ 06:21:17 - Syncing IBKR prices... ✅ Updated 10 positions | Gold: $4454.27
⏰ 06:22:18 - Syncing IBKR prices... ✅ Updated 10 positions | Gold: $4462.03
⏰ 06:23:20 - Syncing IBKR prices... ✅ Updated 10 positions | Gold: $4463.88
⏰ 06:24:22 - Syncing IBKR prices... ✅ Updated 10 positions | Gold: $4453.40
⏰ 06:25:24 - Syncing IBKR prices... ✅ Updated 10 positions | Gold: $4466.40
⏰ 06:26:26 - Syncing IBKR prices... ✅ Updated 10 positions | Gold: $4462.90
⏰ 06:27:27 - Syncing IBKR prices... ✅ Updated 10 positions | Gold: $4460.80
⏰ 06:28:29 - Syncing IBKR prices... ✅ Updated 10 positions | Gold: $4450.41
⏰ 06:29:31 - Syncing IBKR prices... ✅ Updated 10 positions | Gold: $4465.98
⏰ 06:30:32 - Syncing IBKR prices... ✅ Updated 10 positions | Gold: $4455.69
⏰ 06:31:34 - Syncing IBKR prices... ✅ Updated 10 positions | Gold: $4451.16
⏰ 06:32:36 - Syncing IBKR prices... ✅ Updated 10 positions | Gold: $4454.23
⏰ 06:33:37 - Syncing IBKR prices... ✅ Updated 10 positions | Gold: $4465.77
⏰ 06:34:39 - Syncing IBKR prices... ✅ Updated 10 positions | Gold: $4453.92
⏰ 06:35:41 - Syncing IBKR prices... ✅ Updated 10 positions | Gold: $4459.39
⏰ 06:36:42 - Syncing IBKR prices... ✅ Updated 10 positions | Gold: $4450.75
⏰ 06:37:44 - Syncing IBKR prices... ✅ Updated 10 positions | Gold: $4455.77
⏰ 06:38:45 - Syncing IBKR prices... ✅ Updated 10 positions | Gold: $4461.83
⏰ 06:39:47 - Syncing IBKR prices... ✅ Updated 10 positions | Gold: $4464.03
⏰ 06:40:49 - Syncing IBKR prices... ✅ Updated 10 positions | Gold: $4467.37
⏰ 06:41:50 - Syncing IBKR prices... ✅ Updated 10 positions | Gold: $4455.14
⏰ 06:42:52 - Syncing IBKR prices... ✅ Updated 10 positions | Gold: $4456.23
⏰ 06:43:53 - Syncing IBKR prices... ✅ Updated 10 positions | Gold: $4466.36
⏰ 06:44:56 - Syncing IBKR prices... ✅ Updated 10 positions | Gold: $4454.19
⏰ 06:45:57 - Syncing IBKR prices... ✅ Updated 10 positions | Gold: $4458.53
⏰ 06:46:59 - Syncing IBKR prices... ✅ Updated 10 positions | Gold: $4456.20
⏰ 06:48:00 - Syncing IBKR prices... ✅ Updated 10 positions | Gold: $4458.39
⏰ 06:49:02 - Syncing IBKR prices... ✅ Updated 10 positions | Gold: $4469.08
⏰ 06:50:04 - Syncing IBKR prices... ✅ Updated 10 positions | Gold: $4462.06
⏰ 06:51:06 - Syncing IBKR prices... ✅ Updated 10 positions | Gold: $4466.55
⏰ 06:52:07 - Syncing IBKR prices... ✅ Updated 10 positions | Gold: $4454.36
⏰ 06:53:09 - Syncing IBKR prices... ✅ Updated 10 positions | Gold: $4454.45
⏰ 06:54:11 - Syncing IBKR prices... ✅ Updated 10 positions | Gold: $4459.60
⏰ 06:55:13 - Syncing IBKR prices... ✅ Updated 10 positions | Gold: $4454.87
⏰ 06:56:14 - Syncing IBKR prices... ✅ Updated 10 positions | Gold: $4454.38
⏰ 06:57:16 - Syncing IBKR prices... ✅ Updated 10 positions | Gold: $4456.62
⏰ 06:58:17 - Syncing IBKR prices... ✅ Updated 10 positions | Gold: $4464.53
⏰ 06:59:19 - Syncing IBKR prices... ✅ Updated 10 positions | Gold: $4469.18
⏰ 07:00:21 - Syncing IBKR prices... ✅ Updated 10 positions | Gold: $4453.32
⏰ 07:01:23 - Syncing IBKR prices... ✅ Updated 10 positions | Gold: $4456.27
⏰ 07:02:24 - Syncing IBKR prices... ✅ Updated 10 positions | Gold: $4453.91
⏰ 07:03:26 - Syncing IBKR prices... ✅ Updated 10 positions | Gold: $4459.26
⏰ 07:04:28 - Syncing IBKR prices... ✅ Updated 10 positions | Gold: $4450.06
⏰ 07:05:30 - Syncing IBKR prices... ✅ Updated 10 positions | Gold: $4462.64
⏰ 07:06:31 - Syncing IBKR prices... ✅ Updated 10 positions | Gold: $4460.21
⏰ 07:07:33 - Syncing IBKR prices... ✅ Updated 10 positions | Gold: $4454.40
⏰ 07:08:35 - Syncing IBKR prices... ✅ Updated 10 positions | Gold: $4468.78
⏰ 07:09:37 - Syncing IBKR prices... ✅ Updated 10 positions | Gold: $4461.31
⏰ 07:10:38 - Syncing IBKR prices... ✅ Updated 10 positions | Gold: $4454.56
⏰ 07:11:40 - Syncing IBKR prices... ✅ Updated 10 positions | Gold: $4459.84
⏰ 07:12:41 - Syncing IBKR prices... ✅ Updated 10 positions | Gold: $4463.42
⏰ 07:13:43 - Syncing IBKR prices... ✅ Updated 10 positions | Gold: $4460.19
⏰ 07:14:45 - Syncing IBKR prices... ✅ Updated 10 positions | Gold: $4456.28
⏰ 07:15:46 - Syncing IBKR prices... ✅ Updated 10 positions | Gold: $4462.13
⏰ 07:16:48 - Syncing IBKR prices... ✅ Updated 10 positions | Gold: $4467.47
⏰ 07:17:50 - Syncing IBKR prices... ✅ Updated 10 positions | Gold: $4450.63
⏰ 07:18:51 - Syncing IBKR prices... ✅ Updated 10 positions | Gold: $4452.50
⏰ 07:19:53 - Syncing IBKR prices... ✅ Updated 10 positions | Gold: $4462.48
⏰ 07:20:54 - Syncing IBKR prices... ✅ Updated 10 positions | Gold: $4451.34
⏰ 07:21:56 - Syncing IBKR prices... ✅ Updated 10 positions | Gold: $4458.87
⏰ 07:22:58 - Syncing IBKR prices... ✅ Updated 10 positions | Gold: $4468.63
⏰ 07:23:59 - Syncing IBKR prices... ✅ Updated 10 positions | Gold: $4466.82
⏰ 07:25:01 - Syncing IBKR prices... ✅ Updated 10 positions | Gold: $4464.72
⏰ 07:26:02 - Syncing IBKR prices... ✅ Updated 10 positions | Gold: $4451.21
⏰ 07:27:04 - Syncing IBKR prices... ✅ Updated 10 positions | Gold: $4458.25
⏰ 07:28:06 - Syncing IBKR prices... ✅ Updated 10 positions | Gold: $4458.70
⏰ 07:29:07 - Syncing IBKR prices... ✅ Updated 10 positions | Gold: $4459.67
⏰ 07:30:09 - Syncing IBKR prices... ✅ Updated 10 positions | Gold: $4464.99
⏰ 07:31:11 - Syncing IBKR prices... ✅ Updated 10 positions | Gold: $4466.72
⏰ 07:32:12 - Syncing IBKR prices... ✅ Updated 10 positions | Gold: $4464.84
⏰ 07:33:14 - Syncing IBKR prices... ✅ Updated 10 positions | Gold: $4459.39
⏰ 07:34:16 - Syncing IBKR prices... ✅ Updated 10 positions | Gold: $4461.68
⏰ 07:35:17 - Syncing IBKR prices... ✅ Updated 10 positions | Gold: $4451.67
⏰ 07:36:19 - Syncing IBKR prices... ✅ Updated 10 positions | Gold: $4450.72
⏰ 07:37:21 - Syncing IBKR prices... ✅ Updated 10 positions | Gold: $4463.81
⏰ 07:38:22 - Syncing IBKR prices... ✅ Updated 10 positions | Gold: $4468.15
⏰ 07:39:26 - Syncing IBKR prices... ✅ Updated 10 positions | Gold: $4467.13
⏰ 07:40:27 - Syncing IBKR prices... ✅ Updated 10 positions | Gold: $4460.70
⏰ 07:41:29 - Syncing IBKR prices... ✅ Updated 10 positions | Gold: $4458.50
⏰ 07:42:31 - Syncing IBKR prices... ✅ Updated 10 positions | Gold: $4454.86
⏰ 07:43:33 - Syncing IBKR prices... ✅ Updated 10 positions | Gold: $4450.67
⏰ 07:44:35 - Syncing IBKR prices... ✅ Updated 10 positions | Gold: $4453.38
⏰ 07:45:36 - Syncing IBKR prices... ✅ Updated 10 positions | Gold: $4456.97
⏰ 07:46:38 - Syncing IBKR prices... ✅ Updated 10 positions | Gold: $4450.71
⏰ 07:47:40 - Syncing IBKR prices... ✅ Updated 10 positions | Gold: $4456.34
⏰ 07:48:41 - Syncing IBKR prices... ✅ Updated 10 positions | Gold: $4455.08
⏰ 07:49:43 - Syncing IBKR prices... ✅ Updated 10 positions | Gold: $4467.37
⏰ 07:50:45 - Syncing IBKR prices... ✅ Updated 10 positions | Gold: $4454.68
⏰ 07:51:47 - Syncing IBKR prices... ✅ Updated 10 positions | Gold: $4452.67
⏰ 07:52:48 - Syncing IBKR prices... ✅ Updated 10 positions | Gold: $4455.80
⏰ 07:53:50 - Syncing IBKR prices... ✅ Updated 10 positions | Gold: $4453.79
⏰ 07:54:52 - Syncing IBKR prices... ✅ Updated 10 positions | Gold: $4459.45
⏰ 07:55:54 - Syncing IBKR prices... ✅ Updated 10 positions | Gold: $4467.56
⏰ 07:56:55 - Syncing IBKR prices... ✅ Updated 10 positions | Gold: $4458.95
⏰ 07:57:57 - Syncing IBKR prices... ✅ Updated 10 positions | Gold: $4463.69
⏰ 07:58:59 - Syncing IBKR prices... ✅ Updated 10 positions | Gold: $4465.82
⏰ 08:00:01 - Syncing IBKR prices... ✅ Updated 10 positions | Gold: $4450.57
⏰ 08:01:02 - Syncing IBKR prices... ✅ Updated 10 positions | Gold: $4454.75
⏰ 08:02:04 - Syncing IBKR prices... ✅ Updated 10 positions | Gold: $4466.23
⏰ 08:03:06 - Syncing IBKR prices... ✅ Updated 10 positions | Gold: $4453.22
⏰ 08:04:08 - Syncing IBKR prices... ✅ Updated 10 positions | Gold: $4451.12
⏰ 08:05:10 - Syncing IBKR prices... ✅ Updated 10 positions | Gold: $4461.85
⏰ 08:06:11 - Syncing IBKR prices... ✅ Updated 10 positions | Gold: $4464.67
⏰ 08:07:13 - Syncing IBKR prices... ✅ Updated 10 positions | Gold: $4462.86
⏰ 08:08:14 - Syncing IBKR prices... ✅ Updated 10 positions | Gold: $4466.29
⏰ 08:09:16 - Syncing IBKR prices... ✅ Updated 10 positions | Gold: $4462.71
⏰ 08:10:18 - Syncing IBKR prices... ✅ Updated 10 positions | Gold: $4461.93
⏰ 08:11:19 - Syncing IBKR prices... ✅ Updated 10 positions | Gold: $4464.12
⏰ 08:12:21 - Syncing IBKR prices... ✅ Updated 10 positions | Gold: $4466.34
⏰ 08:13:22 - Syncing IBKR prices... ✅ Updated 10 positions | Gold: $4455.76
⏰ 08:14:24 - Syncing IBKR prices... ✅ Updated 10 positions | Gold: $4468.84
⏰ 08:15:26 - Syncing IBKR prices... ✅ Updated 10 positions | Gold: $4454.41
⏰ 08:16:27 - Syncing IBKR prices... ✅ Updated 10 positions | Gold: $4464.32
⏰ 08:17:29 - Syncing IBKR prices... ✅ Updated 10 positions | Gold: $4457.66
⏰ 08:18:31 - Syncing IBKR prices... ✅ Updated 10 positions | Gold: $4452.49
⏰ 08:19:32 - Syncing IBKR prices... ✅ Updated 10 positions | Gold: $4469.75
⏰ 08:20:34 - Syncing IBKR prices... ✅ Updated 10 positions | Gold: $4464.57
⏰ 08:21:36 - Syncing IBKR prices... ✅ Updated 10 positions | Gold: $4462.28
⏰ 08:22:38 - Syncing IBKR prices... ✅ Updated 10 positions | Gold: $4459.17
⏰ 08:23:39 - Syncing IBKR prices... ✅ Updated 10 positions | Gold: $4466.57
⏰ 08:24:41 - Syncing IBKR prices... ✅ Updated 10 positions | Gold: $4457.29
⏰ 08:25:43 - Syncing IBKR prices... ✅ Updated 10 positions | Gold: $4455.64
⏰ 08:26:44 - Syncing IBKR prices... ✅ Updated 10 positions | Gold: $4456.78
⏰ 08:27:46 - Syncing IBKR prices... ✅ Updated 10 positions | Gold: $4450.99
⏰ 08:28:48 - Syncing IBKR prices... ✅ Updated 10 positions | Gold: $4467.31
⏰ 08:29:49 - Syncing IBKR prices... ✅ Updated 10 positions | Gold: $4466.85
⏰ 08:30:51 - Syncing IBKR prices... ✅ Updated 10 positions | Gold: $4460.45
⏰ 08:31:53 - Syncing IBKR prices... ✅ Updated 10 positions | Gold: $4462.82
⏰ 08:32:54 - Syncing IBKR prices... ✅ Updated 10 positions | Gold: $4463.40
⏰ 08:33:56 - Syncing IBKR prices... ✅ Updated 10 positions | Gold: $4468.77
⏰ 08:34:58 - Syncing IBKR prices... ✅ Updated 10 positions | Gold: $4464.66
⏰ 08:36:00 - Syncing IBKR prices... ✅ Updated 10 positions | Gold: $4455.66
⏰ 08:37:02 - Syncing IBKR prices... ✅ Updated 10 positions | Gold: $4460.84
⏰ 08:38:03 - Syncing IBKR prices... ✅ Updated 10 positions | Gold: $4468.42
⏰ 08:39:05 - Syncing IBKR prices... ✅ Updated 10 positions | Gold: $4457.12
⏰ 08:40:07 - Syncing IBKR prices... ✅ Updated 10 positions | Gold: $4466.36
⏰ 08:41:08 - Syncing IBKR prices... ✅ Updated 10 positions | Gold: $4451.13
⏰ 08:42:10 - Syncing IBKR prices... ✅ Updated 10 positions | Gold: $4462.94
⏰ 08:43:12 - Syncing IBKR prices... ✅ Updated 10 positions | Gold: $4456.18
⏰ 08:44:14 - Syncing IBKR prices... ✅ Updated 10 positions | Gold: $4458.68
⏰ 08:45:15 - Syncing IBKR prices... ✅ Updated 10 positions | Gold: $4453.59
⏰ 08:46:17 - Syncing IBKR prices... ✅ Updated 10 positions | Gold: $4459.11
⏰ 08:47:19 - Syncing IBKR prices... ✅ Updated 10 positions | Gold: $4464.19
⏰ 08:48:20 - Syncing IBKR prices... ✅ Updated 10 positions | Gold: $4454.95
⏰ 08:49:22 - Syncing IBKR prices... ✅ Updated 10 positions | Gold: $4468.30
⏰ 08:50:24 - Syncing IBKR prices... ✅ Updated 10 positions | Gold: $4463.21
⏰ 08:51:26 - Syncing IBKR prices... ✅ Updated 10 positions | Gold: $4459.30
⏰ 08:52:27 - Syncing IBKR prices... ✅ Updated 10 positions | Gold: $4456.71
⏰ 08:53:29 - Syncing IBKR prices... ✅ Updated 10 positions | Gold: $4461.59
⏰ 08:54:31 - Syncing IBKR prices... ✅ Updated 10 positions | Gold: $4453.30
⏰ 08:55:32 - Syncing IBKR prices... ✅ Updated 10 positions | Gold: $4450.46
⏰ 08:56:34 - Syncing IBKR prices... ✅ Updated 10 positions | Gold: $4463.71
⏰ 08:57:36 - Syncing IBKR prices... ✅ Updated 10 positions | Gold: $4469.30
⏰ 08:58:37 - Syncing IBKR prices... ✅ Updated 10 positions | Gold: $4458.25
⏰ 08:59:39 - Syncing IBKR prices... ✅ Updated 10 positions | Gold: $4468.83
⏰ 09:00:40 - Syncing IBKR prices... ✅ Updated 10 positions | Gold: $4461.40
⏰ 09:01:42 - Syncing IBKR prices... ✅ Updated 10 positions | Gold: $4465.46
⏰ 09:02:44 - Syncing IBKR prices... ✅ Updated 10 positions | Gold: $4463.18
⏰ 09:03:45 - Syncing IBKR prices... ✅ Updated 10 positions | Gold: $4463.82
⏰ 09:04:47 - Syncing IBKR prices... ✅ Updated 10 positions | Gold: $4467.88
⏰ 09:05:48 - Syncing IBKR prices... ✅ Updated 10 positions | Gold: $4463.43
⏰ 09:06:50 - Syncing IBKR prices... ✅ Updated 10 positions | Gold: $4462.10
⏰ 09:07:52 - Syncing IBKR prices... ✅ Updated 10 positions | Gold: $4456.28
⏰ 09:08:53 - Syncing IBKR prices... ✅ Updated 10 positions | Gold: $4467.87
⏰ 09:09:55 - Syncing IBKR prices... ✅ Updated 10 positions | Gold: $4457.58
⏰ 09:10:57 - Syncing IBKR prices... ✅ Updated 10 positions | Gold: $4454.82
⏰ 09:11:58 - Syncing IBKR prices... ✅ Updated 10 positions | Gold: $4456.59
⏰ 09:13:00 - Syncing IBKR prices... ✅ Updated 10 positions | Gold: $4451.86
⏰ 09:14:01 - Syncing IBKR prices... ✅ Updated 10 positions | Gold: $4464.62
⏰ 09:15:03 - Syncing IBKR prices... ✅ Updated 10 positions | Gold: $4451.01
⏰ 09:16:05 - Syncing IBKR prices... ✅ Updated 10 positions | Gold: $4458.56
⏰ 09:17:07 - Syncing IBKR prices... ✅ Updated 10 positions | Gold: $4451.47
⏰ 09:18:08 - Syncing IBKR prices... ✅ Updated 10 positions | Gold: $4461.00
⏰ 09:19:10 - Syncing IBKR prices... ✅ Updated 10 positions | Gold: $4454.27
⏰ 09:20:12 - Syncing IBKR prices... ✅ Updated 10 positions | Gold: $4465.73
⏰ 09:21:13 - Syncing IBKR prices... ✅ Updated 10 positions | Gold: $4453.39
⏰ 09:22:15 - Syncing IBKR prices... ✅ Updated 10 positions | Gold: $4451.43
⏰ 09:23:17 - Syncing IBKR prices... ✅ Updated 10 positions | Gold: $4457.90
⏰ 09:24:18 - Syncing IBKR prices... ✅ Updated 10 positions | Gold: $4454.91
⏰ 09:25:20 - Syncing IBKR prices... ✅ Updated 10 positions | Gold: $4467.43
⏰ 09:26:22 - Syncing IBKR prices... ✅ Updated 10 positions | Gold: $4467.89
⏰ 09:27:23 - Syncing IBKR prices... ✅ Updated 10 positions | Gold: $4456.74
⏰ 09:28:25 - Syncing IBKR prices... ✅ Updated 10 positions | Gold: $4454.99
⏰ 09:29:27 - Syncing IBKR prices... ✅ Updated 10 positions | Gold: $4455.06
⏰ 09:30:28 - Syncing IBKR prices... ✅ Updated 10 positions | Gold: $4460.45
⏰ 09:31:30 - Syncing IBKR prices... ✅ Updated 10 positions | Gold: $4451.07
⏰ 09:32:32 - Syncing IBKR prices... ✅ Updated 10 positions | Gold: $4458.82
⏰ 09:33:34 - Syncing IBKR prices... ✅ Updated 10 positions | Gold: $4462.94
⏰ 09:34:35 - Syncing IBKR prices... ✅ Updated 10 positions | Gold: $4464.60
⏰ 09:35:37 - Syncing IBKR prices... ✅ Updated 10 positions | Gold: $4468.79
⏰ 09:36:39 - Syncing IBKR prices... ✅ Updated 10 positions | Gold: $4452.93
⏰ 09:37:41 - Syncing IBKR prices... ✅ Updated 10 positions | Gold: $4452.58
⏰ 09:38:42 - Syncing IBKR prices... ✅ Updated 10 positions | Gold: $4456.69
⏰ 09:39:44 - Syncing IBKR prices... ✅ Updated 10 positions | Gold: $4457.39
⏰ 09:40:46 - Syncing IBKR prices... ✅ Updated 10 positions | Gold: $4457.70
⏰ 09:41:47 - Syncing IBKR prices... ✅ Updated 10 positions | Gold: $4459.98
⏰ 09:42:49 - Syncing IBKR prices... ✅ Updated 10 positions | Gold: $4463.17
⏰ 09:43:51 - Syncing IBKR prices... ✅ Updated 10 positions | Gold: $4465.70
⏰ 09:44:53 - Syncing IBKR prices... ✅ Updated 10 positions | Gold: $4450.91
⏰ 09:45:54 - Syncing IBKR prices... ✅ Updated 10 positions | Gold: $4460.59
⏰ 09:46:56 - Syncing IBKR prices... ✅ Updated 10 positions | Gold: $4462.71
⏰ 09:47:58 - Syncing IBKR prices... ✅ Updated 10 positions | Gold: $4458.66
⏰ 09:49:00 - Syncing IBKR prices... ✅ Updated 10 positions | Gold: $4469.84
⏰ 09:50:01 - Syncing IBKR prices... ✅ Updated 10 positions | Gold: $4460.22
⏰ 09:51:03 - Syncing IBKR prices... ✅ Updated 10 positions | Gold: $4453.11
⏰ 09:52:04 - Syncing IBKR prices... ✅ Updated 10 positions | Gold: $4450.71
⏰ 09:53:06 - Syncing IBKR prices... ✅ Updated 10 positions | Gold: $4457.11
⏰ 09:54:08 - Syncing IBKR prices... ✅ Updated 10 positions | Gold: $4453.65
⏰ 09:55:09 - Syncing IBKR prices... ✅ Updated 10 positions | Gold: $4468.41
⏰ 09:56:11 - Syncing IBKR prices... ✅ Updated 10 positions | Gold: $4452.09
⏰ 09:57:13 - Syncing IBKR prices... ✅ Updated 10 positions | Gold: $4463.77
⏰ 09:58:14 - Syncing IBKR prices... ✅ Updated 10 positions | Gold: $4459.74
⏰ 09:59:16 - Syncing IBKR prices... ✅ Updated 10 positions | Gold: $4456.18
⏰ 10:00:18 - Syncing IBKR prices... ✅ Updated 10 positions | Gold: $4458.59
⏰ 10:01:19 - Syncing IBKR prices... ✅ Updated 10 positions | Gold: $4462.23
⏰ 10:02:21 - Syncing IBKR prices... ✅ Updated 10 positions | Gold: $4450.31
⏰ 10:03:23 - Syncing IBKR prices... ✅ Updated 10 positions | Gold: $4450.01
⏰ 10:04:24 - Syncing IBKR prices... ✅ Updated 10 positions | Gold: $4468.26
⏰ 10:05:26 - Syncing IBKR prices... ✅ Updated 10 positions | Gold: $4468.15
⏰ 10:06:28 - Syncing IBKR prices... ✅ Updated 10 positions | Gold: $4455.84
⏰ 10:07:29 - Syncing IBKR prices... ✅ Updated 10 positions | Gold: $4454.94
⏰ 10:08:31 - Syncing IBKR prices... ✅ Updated 10 positions | Gold: $4460.24
⏰ 10:09:32 - Syncing IBKR prices... ✅ Updated 10 positions | Gold: $4462.58
⏰ 10:10:34 - Syncing IBKR prices... ✅ Updated 10 positions | Gold: $4465.29
⏰ 10:11:36 - Syncing IBKR prices... ✅ Updated 10 positions | Gold: $4468.66
⏰ 10:12:38 - Syncing IBKR prices... ✅ Updated 10 positions | Gold: $4464.91
⏰ 10:13:40 - Syncing IBKR prices... ✅ Updated 10 positions | Gold: $4456.55
⏰ 10:14:41 - Syncing IBKR prices... ✅ Updated 10 positions | Gold: $4455.18
⏰ 10:15:43 - Syncing IBKR prices... ✅ Updated 10 positions | Gold: $4461.51
⏰ 10:16:45 - Syncing IBKR prices... ✅ Updated 10 positions | Gold: $4459.69
⏰ 10:17:46 - Syncing IBKR prices... ✅ Updated 10 positions | Gold: $4455.10
⏰ 10:18:48 - Syncing IBKR prices... ✅ Updated 10 positions | Gold: $4455.01
⏰ 10:19:50 - Syncing IBKR prices... ✅ Updated 10 positions | Gold: $4450.42
⏰ 10:20:51 - Syncing IBKR prices... ✅ Updated 10 positions | Gold: $4461.68
⏰ 10:21:53 - Syncing IBKR prices... ✅ Updated 10 positions | Gold: $4460.31
⏰ 10:22:55 - Syncing IBKR prices... ✅ Updated 10 positions | Gold: $4450.69
⏰ 10:23:56 - Syncing IBKR prices... ✅ Updated 10 positions | Gold: $4462.60
⏰ 10:24:58 - Syncing IBKR prices... ✅ Updated 10 positions | Gold: $4463.91
⏰ 10:26:00 - Syncing IBKR prices... ✅ Updated 10 positions | Gold: $4463.52
⏰ 10:27:02 - Syncing IBKR prices... ✅ Updated 10 positions | Gold: $4464.97
⏰ 10:28:03 - Syncing IBKR prices... ✅ Updated 10 positions | Gold: $4469.81
⏰ 10:29:04 - Syncing IBKR prices... ✅ Updated 10 positions | Gold: $4456.56
⏰ 10:30:06 - Syncing IBKR prices... ✅ Updated 10 positions | Gold: $4467.88
⏰ 10:31:07 - Syncing IBKR prices... ✅ Updated 10 positions | Gold: $4468.29
⏰ 10:32:09 - Syncing IBKR prices... ✅ Updated 10 positions | Gold: $4468.60
⏰ 10:33:10 - Syncing IBKR prices... ✅ Updated 10 positions | Gold: $4461.28
⏰ 10:34:12 - Syncing IBKR prices... ✅ Updated 10 positions | Gold: $4463.18
⏰ 10:35:13 - Syncing IBKR prices... ✅ Updated 10 positions | Gold: $4452.29
⏰ 10:36:14 - Syncing IBKR prices... ✅ Updated 10 positions | Gold: $4469.97
⏰ 10:37:16 - Syncing IBKR prices... ✅ Updated 10 positions | Gold: $4465.77
⏰ 10:38:17 - Syncing IBKR prices... ✅ Updated 10 positions | Gold: $4455.08
⏰ 10:39:19 - Syncing IBKR prices... ✅ Updated 10 positions | Gold: $4458.93
⏰ 10:40:20 - Syncing IBKR prices... ✅ Updated 10 positions | Gold: $4463.94
⏰ 10:41:21 - Syncing IBKR prices... ✅ Updated 10 positions | Gold: $4463.42
⏰ 10:42:22 - Syncing IBKR prices... ✅ Updated 10 positions | Gold: $4469.77
⏰ 10:43:24 - Syncing IBKR prices... ✅ Updated 10 positions | Gold: $4452.17
⏰ 10:44:25 - Syncing IBKR prices... ✅ Updated 10 positions | Gold: $4456.92
⏰ 10:45:26 - Syncing IBKR prices... ✅ Updated 10 positions | Gold: $4460.91
⏰ 10:46:28 - Syncing IBKR prices... ✅ Updated 10 positions | Gold: $4455.53
⏰ 10:47:29 - Syncing IBKR prices... ✅ Updated 10 positions | Gold: $4455.10
⏰ 10:48:30 - Syncing IBKR prices... ✅ Updated 10 positions | Gold: $4468.69
⏰ 10:49:31 - Syncing IBKR prices... ✅ Updated 10 positions | Gold: $4465.98
⏰ 10:50:33 - Syncing IBKR prices... ✅ Updated 10 positions | Gold: $4461.19
⏰ 10:51:34 - Syncing IBKR prices... ✅ Updated 10 positions | Gold: $4463.72
⏰ 10:52:35 - Syncing IBKR prices... ✅ Updated 10 positions | Gold: $4469.10
⏰ 10:53:37 - Syncing IBKR prices... ✅ Updated 10 positions | Gold: $4450.71
⏰ 10:54:38 - Syncing IBKR prices... ✅ Updated 10 positions | Gold: $4466.71
⏰ 10:55:40 - Syncing IBKR prices... ✅ Updated 10 positions | Gold: $4465.29
⏰ 10:56:41 - Syncing IBKR prices... ✅ Updated 10 positions | Gold: $4468.11
⏰ 10:57:42 - Syncing IBKR prices... ✅ Updated 10 positions | Gold: $4452.27
⏰ 10:58:44 - Syncing IBKR prices... ✅ Updated 10 positions | Gold: $4465.13
⏰ 10:59:45 - Syncing IBKR prices... ✅ Updated 10 positions | Gold: $4450.69
⏰ 11:00:47 - Syncing IBKR prices... ✅ Updated 10 positions | Gold: $4456.94
⏰ 11:01:48 - Syncing IBKR prices... ✅ Updated 10 positions | Gold: $4459.31
⏰ 11:02:50 - Syncing IBKR prices... ✅ Updated 10 positions | Gold: $4451.16
⏰ 11:03:51 - Syncing IBKR prices... ✅ Updated 10 positions | Gold: $4461.34
⏰ 11:04:52 - Syncing IBKR prices... ✅ Updated 10 positions | Gold: $4455.24
⏰ 11:05:54 - Syncing IBKR prices... ✅ Updated 10 positions | Gold: $4450.38
⏰ 11:06:55 - Syncing IBKR prices... ✅ Updated 10 positions | Gold: $4463.82
⏰ 11:07:56 - Syncing IBKR prices... ✅ Updated 10 positions | Gold: $4464.07
⏰ 11:08:57 - Syncing IBKR prices... ✅ Updated 10 positions | Gold: $4452.33
⏰ 11:09:59 - Syncing IBKR prices... ✅ Updated 10 positions | Gold: $4450.34
⏰ 11:11:00 - Syncing IBKR prices... ✅ Updated 10 positions | Gold: $4452.10
⏰ 11:12:01 - Syncing IBKR prices... ✅ Updated 10 positions | Gold: $4466.55
⏰ 11:13:03 - Syncing IBKR prices... ✅ Updated 10 positions | Gold: $4456.97
⏰ 11:14:04 - Syncing IBKR prices... ✅ Updated 10 positions | Gold: $4461.47
⏰ 11:15:06 - Syncing IBKR prices... ✅ Updated 10 positions | Gold: $4459.00
⏰ 11:16:07 - Syncing IBKR prices... ✅ Updated 10 positions | Gold: $4462.35
⏰ 11:17:09 - Syncing IBKR prices... ✅ Updated 10 positions | Gold: $4462.35
⏰ 11:18:10 - Syncing IBKR prices... ✅ Updated 10 positions | Gold: $4459.01
⏰ 11:19:11 - Syncing IBKR prices... ✅ Updated 10 positions | Gold: $4461.79
⏰ 11:20:13 - Syncing IBKR prices... ✅ Updated 10 positions | Gold: $4459.17
⏰ 11:21:14 - Syncing IBKR prices... ✅ Updated 10 positions | Gold: $4453.05
⏰ 11:22:16 - Syncing IBKR prices... ✅ Updated 10 positions | Gold: $4465.10
⏰ 11:23:17 - Syncing IBKR prices... ✅ Updated 10 positions | Gold: $4455.64
⏰ 11:24:19 - Syncing IBKR prices... ✅ Updated 10 positions | Gold: $4468.93
⏰ 11:25:20 - Syncing IBKR prices... ✅ Updated 10 positions | Gold: $4457.20
⏰ 11:26:21 - Syncing IBKR prices... ✅ Updated 10 positions | Gold: $4468.56
⏰ 11:27:23 - Syncing IBKR prices... ✅ Updated 10 positions | Gold: $4469.24
⏰ 11:28:24 - Syncing IBKR prices... ✅ Updated 10 positions | Gold: $4450.43
⏰ 11:29:25 - Syncing IBKR prices... ✅ Updated 10 positions | Gold: $4453.63
⏰ 11:30:27 - Syncing IBKR prices... ✅ Updated 10 positions | Gold: $4455.18
⏰ 11:31:28 - Syncing IBKR prices... ✅ Updated 10 positions | Gold: $4468.81
⏰ 11:32:30 - Syncing IBKR prices... ✅ Updated 10 positions | Gold: $4456.15
⏰ 11:33:32 - Syncing IBKR prices... ✅ Updated 10 positions | Gold: $4464.92
⏰ 11:34:33 - Syncing IBKR prices... ✅ Updated 10 positions | Gold: $4450.86
⏰ 11:35:34 - Syncing IBKR prices... ✅ Updated 10 positions | Gold: $4456.47
⏰ 11:36:35 - Syncing IBKR prices... ✅ Updated 10 positions | Gold: $4462.44
⏰ 11:37:37 - Syncing IBKR prices... ✅ Updated 10 positions | Gold: $4459.95
⏰ 11:38:38 - Syncing IBKR prices... ✅ Updated 10 positions | Gold: $4461.25
⏰ 11:39:40 - Syncing IBKR prices... ✅ Updated 10 positions | Gold: $4455.17
⏰ 11:40:42 - Syncing IBKR prices... ✅ Updated 10 positions | Gold: $4460.64
⏰ 11:41:43 - Syncing IBKR prices... ✅ Updated 10 positions | Gold: $4468.68
⏰ 11:42:45 - Syncing IBKR prices... ✅ Updated 10 positions | Gold: $4464.64
⏰ 11:43:46 - Syncing IBKR prices... ✅ Updated 10 positions | Gold: $4461.98
⏰ 11:44:48 - Syncing IBKR prices... ✅ Updated 10 positions | Gold: $4459.31
⏰ 11:45:49 - Syncing IBKR prices... ✅ Updated 10 positions | Gold: $4465.13
⏰ 11:46:50 - Syncing IBKR prices... ✅ Updated 10 positions | Gold: $4466.73
⏰ 11:47:52 - Syncing IBKR prices... ✅ Updated 10 positions | Gold: $4452.13
⏰ 11:48:53 - Syncing IBKR prices... ✅ Updated 10 positions | Gold: $4455.68
⏰ 11:49:55 - Syncing IBKR prices... ✅ Updated 10 positions | Gold: $4456.39
⏰ 11:50:56 - Syncing IBKR prices... ✅ Updated 10 positions | Gold: $4457.37
⏰ 11:51:57 - Syncing IBKR prices... ✅ Updated 10 positions | Gold: $4463.07
⏰ 11:52:59 - Syncing IBKR prices... ✅ Updated 10 positions | Gold: $4463.34
⏰ 11:54:00 - Syncing IBKR prices... 