
================================================================================
🔄 REAL DATA SYNC SCHEDULER - Background Task
================================================================================

This will sync real IBKR account data and Google Calendar P&L every 60 seconds
Press Ctrl+C to stop


[2026-06-09 14:39:28] 🔄 Syncing real IBKR data...
✅ Updated current_trades.json with real IBKR data
📅 No executed trades yet - showing sample events to demonstrate P&L tracking
✅ Synced 3 Google Calendar events
[2026-06-09 14:39:28] ✅ Sync complete

[2026-06-09 14:40:28] 🔄 Syncing real IBKR data...
✅ Updated current_trades.json with real IBKR data
📅 No executed trades yet - showing sample events to demonstrate P&L tracking
✅ Synced 3 Google Calendar events
[2026-06-09 14:40:28] ✅ Sync complete

[2026-06-09 14:41:28] 🔄 Syncing real IBKR data...
✅ Updated current_trades.json with real IBKR data
📅 No executed trades yet - showing sample events to demonstrate P&L tracking
✅ Synced 3 Google Calendar events
[2026-06-09 14:41:28] ✅ Sync complete

[2026-06-09 14:42:28] 🔄 Syncing real IBKR data...
✅ Updated current_trades.json with real IBKR data
📅 No executed trades yet - showing sample events to demonstrate P&L tracking
✅ Synced 3 Google Calendar events
[2026-06-09 14:42:28] ✅ Sync complete

[2026-06-09 14:43:29] 🔄 Syncing real IBKR data...
✅ Updated current_trades.json with real IBKR data
📅 No executed trades yet - showing sample events to demonstrate P&L tracking
✅ Synced 3 Google Calendar events
[2026-06-09 14:43:29] ✅ Sync complete

[2026-06-09 14:44:29] 🔄 Syncing real IBKR data...
✅ Updated current_trades.json with real IBKR data
📅 No executed trades yet - showing sample events to demonstrate P&L tracking
✅ Synced 3 Google Calendar events
[2026-06-09 14:44:29] ✅ Sync complete

[2026-06-09 14:45:29] 🔄 Syncing real IBKR data...
✅ Updated current_trades.json with real IBKR data
📅 No executed trades yet - showing sample events to demonstrate P&L tracking
✅ Synced 3 Google Calendar events
[2026-06-09 14:45:29] ✅ Sync complete

[2026-06-09 14:46:29] 🔄 Syncing real IBKR data...
✅ Updated current_trades.json with real IBKR data
📅 No executed trades yet - showing sample events to demonstrate P&L tracking
✅ Synced 3 Google Calendar events
[2026-06-09 14:46:29] ✅ Sync complete

[2026-06-09 14:47:29] 🔄 Syncing real IBKR data...
✅ Updated current_trades.json with real IBKR data
📅 No executed trades yet - showing sample events to demonstrate P&L tracking
✅ Synced 3 Google Calendar events
[2026-06-09 14:47:29] ✅ Sync complete

[2026-06-09 14:48:30] 🔄 Syncing real IBKR data...
✅ Updated current_trades.json with real IBKR data
📅 No executed trades yet - showing sample events to demonstrate P&L tracking
✅ Synced 3 Google Calendar events
[2026-06-09 14:48:30] ✅ Sync complete

[2026-06-09 14:49:30] 🔄 Syncing real IBKR data...
✅ Updated current_trades.json with real IBKR data
📅 No executed trades yet - showing sample events to demonstrate P&L tracking
✅ Synced 3 Google Calendar events
[2026-06-09 14:49:30] ✅ Sync complete

[2026-06-09 14:50:30] 🔄 Syncing real IBKR data...
✅ Updated current_trades.json with real IBKR data
📅 No executed trades yet - showing sample events to demonstrate P&L tracking
✅ Synced 3 Google Calendar events
[2026-06-09 14:50:30] ✅ Sync complete

[2026-06-09 14:51:30] 🔄 Syncing real IBKR data...
✅ Updated current_trades.json with real IBKR data
📅 No executed trades yet - showing sample events to demonstrate P&L tracking
✅ Synced 3 Google Calendar events
[2026-06-09 14:51:30] ✅ Sync complete

[2026-06-09 14:52:31] 🔄 Syncing real IBKR data...
✅ Updated current_trades.json with real IBKR data
📅 No executed trades yet - showing sample events to demonstrate P&L tracking
✅ Synced 3 Google Calendar events
[2026-06-09 14:52:31] ✅ Sync complete

[2026-06-09 14:53:31] 🔄 Syncing real IBKR data...
✅ Updated current_trades.json with real IBKR data
📅 No executed trades yet - showing sample events to demonstrate P&L tracking
✅ Synced 3 Google Calendar events
[2026-06-09 14:53:31] ✅ Sync complete

[2026-06-09 14:54:31] 🔄 Syncing real IBKR data...
✅ Updated current_trades.json with real IBKR data
📅 No executed trades yet - showing sample events to demonstrate P&L tracking
✅ Synced 3 Google Calendar events
[2026-06-09 14:54:31] ✅ Sync complete

[2026-06-09 14:55:31] 🔄 Syncing real IBKR data...
✅ Updated current_trades.json with real IBKR data
📅 No executed trades yet - showing sample events to demonstrate P&L tracking
✅ Synced 3 Google Calendar events
[2026-06-09 14:55:31] ✅ Sync complete

[2026-06-09 14:56:31] 🔄 Syncing real IBKR data...
✅ Updated current_trades.json with real IBKR data
📅 No executed trades yet - showing sample events to demonstrate P&L tracking
✅ Synced 3 Google Calendar events
[2026-06-09 14:56:31] ✅ Sync complete

[2026-06-09 14:57:32] 🔄 Syncing real IBKR data...
✅ Updated current_trades.json with real IBKR data
📅 No executed trades yet - showing sample events to demonstrate P&L tracking
✅ Synced 3 Google Calendar events
[2026-06-09 14:57:32] ✅ Sync complete

[2026-06-09 14:58:32] 🔄 Syncing real IBKR data...
✅ Updated current_trades.json with real IBKR data
📅 No executed trades yet - showing sample events to demonstrate P&L tracking
✅ Synced 3 Google Calendar events
[2026-06-09 14:58:32] ✅ Sync complete

[2026-06-09 14:59:32] 🔄 Syncing real IBKR data...
✅ Updated current_trades.json with real IBKR data
📅 No executed trades yet - showing sample events to demonstrate P&L tracking
✅ Synced 3 Google Calendar events
[2026-06-09 14:59:32] ✅ Sync complete

[2026-06-09 15:00:32] 🔄 Syncing real IBKR data...
✅ Updated current_trades.json with real IBKR data
📅 No executed trades yet - showing sample events to demonstrate P&L tracking
✅ Synced 3 Google Calendar events
[2026-06-09 15:00:32] ✅ Sync complete

[2026-06-09 15:01:32] 🔄 Syncing real IBKR data...
✅ Updated current_trades.json with real IBKR data
📅 No executed trades yet - showing sample events to demonstrate P&L tracking
✅ Synced 3 Google Calendar events
[2026-06-09 15:01:32] ✅ Sync complete

[2026-06-09 15:02:33] 🔄 Syncing real IBKR data...
✅ Updated current_trades.json with real IBKR data
📅 No executed trades yet - showing sample events to demonstrate P&L tracking
✅ Synced 3 Google Calendar events
[2026-06-09 15:02:33] ✅ Sync complete

[2026-06-09 15:03:33] 🔄 Syncing real IBKR data...
✅ Updated current_trades.json with real IBKR data
📅 No executed trades yet - showing sample events to demonstrate P&L tracking
✅ Synced 3 Google Calendar events
[2026-06-09 15:03:33] ✅ Sync complete

[2026-06-09 15:04:33] 🔄 Syncing real IBKR data...
✅ Updated current_trades.json with real IBKR data
📅 No executed trades yet - showing sample events to demonstrate P&L tracking
✅ Synced 3 Google Calendar events
[2026-06-09 15:04:33] ✅ Sync complete

[2026-06-09 15:05:33] 🔄 Syncing real IBKR data...
✅ Updated current_trades.json with real IBKR data
📅 No executed trades yet - showing sample events to demonstrate P&L tracking
✅ Synced 3 Google Calendar events
[2026-06-09 15:05:33] ✅ Sync complete

[2026-06-09 15:06:34] 🔄 Syncing real IBKR data...
✅ Updated current_trades.json with real IBKR data
📅 No executed trades yet - showing sample events to demonstrate P&L tracking
✅ Synced 3 Google Calendar events
[2026-06-09 15:06:34] ✅ Sync complete

[2026-06-09 15:07:34] 🔄 Syncing real IBKR data...
✅ Updated current_trades.json with real IBKR data
📅 No executed trades yet - showing sample events to demonstrate P&L tracking
✅ Synced 3 Google Calendar events
[2026-06-09 15:07:34] ✅ Sync complete

[2026-06-09 15:08:34] 🔄 Syncing real IBKR data...
✅ Updated current_trades.json with real IBKR data
📅 No executed trades yet - showing sample events to demonstrate P&L tracking
✅ Synced 3 Google Calendar events
[2026-06-09 15:08:34] ✅ Sync complete

[2026-06-09 15:09:34] 🔄 Syncing real IBKR data...
✅ Updated current_trades.json with real IBKR data
📅 No executed trades yet - showing sample events to demonstrate P&L tracking
✅ Synced 3 Google Calendar events
[2026-06-09 15:09:34] ✅ Sync complete

[2026-06-09 15:10:34] 🔄 Syncing real IBKR data...
✅ Updated current_trades.json with real IBKR data
📅 No executed trades yet - showing sample events to demonstrate P&L tracking
✅ Synced 3 Google Calendar events
[2026-06-09 15:10:34] ✅ Sync complete

[2026-06-09 15:11:35] 🔄 Syncing real IBKR data...
✅ Updated current_trades.json with real IBKR data
📅 No executed trades yet - showing sample events to demonstrate P&L tracking
✅ Synced 3 Google Calendar events
[2026-06-09 15:11:35] ✅ Sync complete

[2026-06-09 15:12:35] 🔄 Syncing real IBKR data...
✅ Updated current_trades.json with real IBKR data
📅 No executed trades yet - showing sample events to demonstrate P&L tracking
✅ Synced 3 Google Calendar events
[2026-06-09 15:12:35] ✅ Sync complete

[2026-06-09 15:13:35] 🔄 Syncing real IBKR data...
✅ Updated current_trades.json with real IBKR data
📅 No executed trades yet - showing sample events to demonstrate P&L tracking
✅ Synced 3 Google Calendar events
[2026-06-09 15:13:35] ✅ Sync complete

[2026-06-09 15:14:35] 🔄 Syncing real IBKR data...
✅ Updated current_trades.json with real IBKR data
📅 No executed trades yet - showing sample events to demonstrate P&L tracking
✅ Synced 3 Google Calendar events
[2026-06-09 15:14:35] ✅ Sync complete

[2026-06-09 15:15:36] 🔄 Syncing real IBKR data...
✅ Updated current_trades.json with real IBKR data
📅 No executed trades yet - showing sample events to demonstrate P&L tracking
✅ Synced 3 Google Calendar events
[2026-06-09 15:15:36] ✅ Sync complete

[2026-06-09 15:16:36] 🔄 Syncing real IBKR data...
✅ Updated current_trades.json with real IBKR data
📅 No executed trades yet - showing sample events to demonstrate P&L tracking
✅ Synced 3 Google Calendar events
[2026-06-09 15:16:36] ✅ Sync complete

[2026-06-09 15:17:36] 🔄 Syncing real IBKR data...
✅ Updated current_trades.json with real IBKR data
📅 No executed trades yet - showing sample events to demonstrate P&L tracking
✅ Synced 3 Google Calendar events
[2026-06-09 15:17:36] ✅ Sync complete

[2026-06-09 15:18:36] 🔄 Syncing real IBKR data...
✅ Updated current_trades.json with real IBKR data
📅 No executed trades yet - showing sample events to demonstrate P&L tracking
✅ Synced 3 Google Calendar events
[2026-06-09 15:18:36] ✅ Sync complete

[2026-06-09 15:19:36] 🔄 Syncing real IBKR data...
✅ Updated current_trades.json with real IBKR data
📅 No executed trades yet - showing sample events to demonstrate P&L tracking
✅ Synced 3 Google Calendar events
[2026-06-09 15:19:36] ✅ Sync complete

[2026-06-09 15:20:37] 🔄 Syncing real IBKR data...
✅ Updated current_trades.json with real IBKR data
📅 No executed trades yet - showing sample events to demonstrate P&L tracking
✅ Synced 3 Google Calendar events
[2026-06-09 15:20:37] ✅ Sync complete

[2026-06-09 15:21:37] 🔄 Syncing real IBKR data...
✅ Updated current_trades.json with real IBKR data
📅 No executed trades yet - showing sample events to demonstrate P&L tracking
✅ Synced 3 Google Calendar events
[2026-06-09 15:21:37] ✅ Sync complete

[2026-06-09 15:22:37] 🔄 Syncing real IBKR data...
✅ Updated current_trades.json with real IBKR data
📅 No executed trades yet - showing sample events to demonstrate P&L tracking
✅ Synced 3 Google Calendar events
[2026-06-09 15:22:37] ✅ Sync complete

[2026-06-09 15:23:37] 🔄 Syncing real IBKR data...
✅ Updated current_trades.json with real IBKR data
📅 No executed trades yet - showing sample events to demonstrate P&L tracking
✅ Synced 3 Google Calendar events
[2026-06-09 15:23:37] ✅ Sync complete

[2026-06-09 15:24:37] 🔄 Syncing real IBKR data...
✅ Updated current_trades.json with real IBKR data
📅 No executed trades yet - showing sample events to demonstrate P&L tracking
✅ Synced 3 Google Calendar events
[2026-06-09 15:24:37] ✅ Sync complete

[2026-06-09 15:25:38] 🔄 Syncing real IBKR data...
✅ Updated current_trades.json with real IBKR data
📅 No executed trades yet - showing sample events to demonstrate P&L tracking
✅ Synced 3 Google Calendar events
[2026-06-09 15:25:38] ✅ Sync complete

[2026-06-09 15:26:38] 🔄 Syncing real IBKR data...
✅ Updated current_trades.json with real IBKR data
📅 No executed trades yet - showing sample events to demonstrate P&L tracking
✅ Synced 3 Google Calendar events
[2026-06-09 15:26:38] ✅ Sync complete

[2026-06-09 15:27:38] 🔄 Syncing real IBKR data...
✅ Updated current_trades.json with real IBKR data
📅 No executed trades yet - showing sample events to demonstrate P&L tracking
✅ Synced 3 Google Calendar events
[2026-06-09 15:27:38] ✅ Sync complete

[2026-06-09 15:28:38] 🔄 Syncing real IBKR data...
✅ Updated current_trades.json with real IBKR data
📅 No executed trades yet - showing sample events to demonstrate P&L tracking
✅ Synced 3 Google Calendar events
[2026-06-09 15:28:38] ✅ Sync complete

[2026-06-09 15:29:38] 🔄 Syncing real IBKR data...
✅ Updated current_trades.json with real IBKR data
📅 No executed trades yet - showing sample events to demonstrate P&L tracking
✅ Synced 3 Google Calendar events
[2026-06-09 15:29:38] ✅ Sync complete

[2026-06-09 15:30:39] 🔄 Syncing real IBKR data...
✅ Updated current_trades.json with real IBKR data
📅 No executed trades yet - showing sample events to demonstrate P&L tracking
✅ Synced 3 Google Calendar events
[2026-06-09 15:30:39] ✅ Sync complete

[2026-06-09 15:31:39] 🔄 Syncing real IBKR data...
✅ Updated current_trades.json with real IBKR data
📅 No executed trades yet - showing sample events to demonstrate P&L tracking
✅ Synced 3 Google Calendar events
[2026-06-09 15:31:39] ✅ Sync complete

[2026-06-09 15:32:39] 🔄 Syncing real IBKR data...
✅ Updated current_trades.json with real IBKR data
📅 No executed trades yet - showing sample events to demonstrate P&L tracking
✅ Synced 3 Google Calendar events
[2026-06-09 15:32:39] ✅ Sync complete

[2026-06-09 15:33:39] 🔄 Syncing real IBKR data...
✅ Updated current_trades.json with real IBKR data
📅 No executed trades yet - showing sample events to demonstrate P&L tracking
✅ Synced 3 Google Calendar events
[2026-06-09 15:33:39] ✅ Sync complete

[2026-06-09 15:34:39] 🔄 Syncing real IBKR data...
✅ Updated current_trades.json with real IBKR data
📅 No executed trades yet - showing sample events to demonstrate P&L tracking
✅ Synced 3 Google Calendar events
[2026-06-09 15:34:39] ✅ Sync complete

[2026-06-09 15:35:40] 🔄 Syncing real IBKR data...
✅ Updated current_trades.json with real IBKR data
📅 No executed trades yet - showing sample events to demonstrate P&L tracking
✅ Synced 3 Google Calendar events
[2026-06-09 15:35:40] ✅ Sync complete

[2026-06-09 15:36:40] 🔄 Syncing real IBKR data...
✅ Updated current_trades.json with real IBKR data
📅 No executed trades yet - showing sample events to demonstrate P&L tracking
✅ Synced 3 Google Calendar events
[2026-06-09 15:36:40] ✅ Sync complete

[2026-06-09 15:37:40] 🔄 Syncing real IBKR data...
✅ Updated current_trades.json with real IBKR data
📅 No executed trades yet - showing sample events to demonstrate P&L tracking
✅ Synced 3 Google Calendar events
[2026-06-09 15:37:40] ✅ Sync complete

[2026-06-09 15:38:40] 🔄 Syncing real IBKR data...
✅ Updated current_trades.json with real IBKR data
📅 No executed trades yet - showing sample events to demonstrate P&L tracking
✅ Synced 3 Google Calendar events
[2026-06-09 15:38:40] ✅ Sync complete

[2026-06-09 15:39:41] 🔄 Syncing real IBKR data...
✅ Updated current_trades.json with real IBKR data
📅 No executed trades yet - showing sample events to demonstrate P&L tracking
✅ Synced 3 Google Calendar events
[2026-06-09 15:39:41] ✅ Sync complete

[2026-06-09 15:40:41] 🔄 Syncing real IBKR data...
✅ Updated current_trades.json with real IBKR data
📅 No executed trades yet - showing sample events to demonstrate P&L tracking
✅ Synced 3 Google Calendar events
[2026-06-09 15:40:41] ✅ Sync complete

[2026-06-09 15:41:41] 🔄 Syncing real IBKR data...
✅ Updated current_trades.json with real IBKR data
📅 No executed trades yet - showing sample events to demonstrate P&L tracking
✅ Synced 3 Google Calendar events
[2026-06-09 15:41:41] ✅ Sync complete

[2026-06-09 15:42:41] 🔄 Syncing real IBKR data...
✅ Updated current_trades.json with real IBKR data
📅 No executed trades yet - showing sample events to demonstrate P&L tracking
✅ Synced 3 Google Calendar events
[2026-06-09 15:42:41] ✅ Sync complete

[2026-06-09 15:43:41] 🔄 Syncing real IBKR data...
✅ Updated current_trades.json with real IBKR data
📅 No executed trades yet - showing sample events to demonstrate P&L tracking
✅ Synced 3 Google Calendar events
[2026-06-09 15:43:41] ✅ Sync complete

[2026-06-09 15:44:42] 🔄 Syncing real IBKR data...
✅ Updated current_trades.json with real IBKR data
📅 No executed trades yet - showing sample events to demonstrate P&L tracking
✅ Synced 3 Google Calendar events
[2026-06-09 15:44:42] ✅ Sync complete

[2026-06-09 15:45:42] 🔄 Syncing real IBKR data...
✅ Updated current_trades.json with real IBKR data
📅 No executed trades yet - showing sample events to demonstrate P&L tracking
✅ Synced 3 Google Calendar events
[2026-06-09 15:45:42] ✅ Sync complete

[2026-06-09 15:46:42] 🔄 Syncing real IBKR data...
✅ Updated current_trades.json with real IBKR data
📅 No executed trades yet - showing sample events to demonstrate P&L tracking
✅ Synced 3 Google Calendar events
[2026-06-09 15:46:42] ✅ Sync complete

[2026-06-09 15:47:42] 🔄 Syncing real IBKR data...
✅ Updated current_trades.json with real IBKR data
📅 No executed trades yet - showing sample events to demonstrate P&L tracking
✅ Synced 3 Google Calendar events
[2026-06-09 15:47:42] ✅ Sync complete

[2026-06-09 15:48:42] 🔄 Syncing real IBKR data...
✅ Updated current_trades.json with real IBKR data
📅 No executed trades yet - showing sample events to demonstrate P&L tracking
✅ Synced 3 Google Calendar events
[2026-06-09 15:48:42] ✅ Sync complete

[2026-06-09 15:49:43] 🔄 Syncing real IBKR data...
✅ Updated current_trades.json with real IBKR data
📅 No executed trades yet - showing sample events to demonstrate P&L tracking
✅ Synced 3 Google Calendar events
[2026-06-09 15:49:43] ✅ Sync complete

[2026-06-09 15:50:43] 🔄 Syncing real IBKR data...
✅ Updated current_trades.json with real IBKR data
📅 No executed trades yet - showing sample events to demonstrate P&L tracking
✅ Synced 3 Google Calendar events
[2026-06-09 15:50:43] ✅ Sync complete

[2026-06-09 15:51:43] 🔄 Syncing real IBKR data...
✅ Updated current_trades.json with real IBKR data
📅 No executed trades yet - showing sample events to demonstrate P&L tracking
✅ Synced 3 Google Calendar events
[2026-06-09 15:51:43] ✅ Sync complete

[2026-06-09 15:52:43] 🔄 Syncing real IBKR data...
✅ Updated current_trades.json with real IBKR data
📅 No executed trades yet - showing sample events to demonstrate P&L tracking
✅ Synced 3 Google Calendar events
[2026-06-09 15:52:43] ✅ Sync complete

[2026-06-09 15:53:44] 🔄 Syncing real IBKR data...
✅ Updated current_trades.json with real IBKR data
📅 No executed trades yet - showing sample events to demonstrate P&L tracking
✅ Synced 3 Google Calendar events
[2026-06-09 15:53:44] ✅ Sync complete

[2026-06-09 15:54:44] 🔄 Syncing real IBKR data...
✅ Updated current_trades.json with real IBKR data
📅 No executed trades yet - showing sample events to demonstrate P&L tracking
✅ Synced 3 Google Calendar events
[2026-06-09 15:54:44] ✅ Sync complete

[2026-06-09 15:55:44] 🔄 Syncing real IBKR data...
✅ Updated current_trades.json with real IBKR data
📅 No executed trades yet - showing sample events to demonstrate P&L tracking
✅ Synced 3 Google Calendar events
[2026-06-09 15:55:44] ✅ Sync complete

[2026-06-09 15:56:44] 🔄 Syncing real IBKR data...
✅ Updated current_trades.json with real IBKR data
📅 No executed trades yet - showing sample events to demonstrate P&L tracking
✅ Synced 3 Google Calendar events
[2026-06-09 15:56:44] ✅ Sync complete

[2026-06-09 15:57:44] 🔄 Syncing real IBKR data...
✅ Updated current_trades.json with real IBKR data
📅 No executed trades yet - showing sample events to demonstrate P&L tracking
✅ Synced 3 Google Calendar events
[2026-06-09 15:57:44] ✅ Sync complete

[2026-06-09 15:58:45] 🔄 Syncing real IBKR data...
✅ Updated current_trades.json with real IBKR data
📅 No executed trades yet - showing sample events to demonstrate P&L tracking
✅ Synced 3 Google Calendar events
[2026-06-09 15:58:45] ✅ Sync complete

[2026-06-09 15:59:45] 🔄 Syncing real IBKR data...
✅ Updated current_trades.json with real IBKR data
📅 No executed trades yet - showing sample events to demonstrate P&L tracking
✅ Synced 3 Google Calendar events
[2026-06-09 15:59:45] ✅ Sync complete

[2026-06-09 16:00:45] 🔄 Syncing real IBKR data...
✅ Updated current_trades.json with real IBKR data
📅 No executed trades yet - showing sample events to demonstrate P&L tracking
✅ Synced 3 Google Calendar events
[2026-06-09 16:00:45] ✅ Sync complete

[2026-06-09 16:01:45] 🔄 Syncing real IBKR data...
✅ Updated current_trades.json with real IBKR data
📅 No executed trades yet - showing sample events to demonstrate P&L tracking
✅ Synced 3 Google Calendar events
[2026-06-09 16:01:45] ✅ Sync complete

[2026-06-09 16:02:46] 🔄 Syncing real IBKR data...
✅ Updated current_trades.json with real IBKR data
📅 No executed trades yet - showing sample events to demonstrate P&L tracking
✅ Synced 3 Google Calendar events
[2026-06-09 16:02:46] ✅ Sync complete

[2026-06-09 16:03:46] 🔄 Syncing real IBKR data...
✅ Updated current_trades.json with real IBKR data
📅 No executed trades yet - showing sample events to demonstrate P&L tracking
✅ Synced 3 Google Calendar events
[2026-06-09 16:03:46] ✅ Sync complete

[2026-06-09 16:04:46] 🔄 Syncing real IBKR data...
✅ Updated current_trades.json with real IBKR data
📅 No executed trades yet - showing sample events to demonstrate P&L tracking
✅ Synced 3 Google Calendar events
[2026-06-09 16:04:46] ✅ Sync complete

[2026-06-09 16:05:46] 🔄 Syncing real IBKR data...
✅ Updated current_trades.json with real IBKR data
📅 No executed trades yet - showing sample events to demonstrate P&L tracking
✅ Synced 3 Google Calendar events
[2026-06-09 16:05:46] ✅ Sync complete

[2026-06-09 16:06:46] 🔄 Syncing real IBKR data...
✅ Updated current_trades.json with real IBKR data
📅 No executed trades yet - showing sample events to demonstrate P&L tracking
✅ Synced 3 Google Calendar events
[2026-06-09 16:06:46] ✅ Sync complete

[2026-06-09 16:07:47] 🔄 Syncing real IBKR data...
✅ Updated current_trades.json with real IBKR data
📅 No executed trades yet - showing sample events to demonstrate P&L tracking
✅ Synced 3 Google Calendar events
[2026-06-09 16:07:47] ✅ Sync complete

[2026-06-09 16:08:47] 🔄 Syncing real IBKR data...
✅ Updated current_trades.json with real IBKR data
📅 No executed trades yet - showing sample events to demonstrate P&L tracking
✅ Synced 3 Google Calendar events
[2026-06-09 16:08:47] ✅ Sync complete

[2026-06-09 16:09:47] 🔄 Syncing real IBKR data...
✅ Updated current_trades.json with real IBKR data
📅 No executed trades yet - showing sample events to demonstrate P&L tracking
✅ Synced 3 Google Calendar events
[2026-06-09 16:09:47] ✅ Sync complete

[2026-06-09 16:10:47] 🔄 Syncing real IBKR data...
✅ Updated current_trades.json with real IBKR data
📅 No executed trades yet - showing sample events to demonstrate P&L tracking
✅ Synced 3 Google Calendar events
[2026-06-09 16:10:47] ✅ Sync complete

[2026-06-09 16:11:47] 🔄 Syncing real IBKR data...
✅ Updated current_trades.json with real IBKR data
📅 No executed trades yet - showing sample events to demonstrate P&L tracking
✅ Synced 3 Google Calendar events
[2026-06-09 16:11:48] ✅ Sync complete

[2026-06-09 16:12:48] 🔄 Syncing real IBKR data...
✅ Updated current_trades.json with real IBKR data
📅 No executed trades yet - showing sample events to demonstrate P&L tracking
✅ Synced 3 Google Calendar events
[2026-06-09 16:12:48] ✅ Sync complete

[2026-06-09 16:13:48] 🔄 Syncing real IBKR data...
✅ Updated current_trades.json with real IBKR data
📅 No executed trades yet - showing sample events to demonstrate P&L tracking
✅ Synced 3 Google Calendar events
[2026-06-09 16:13:48] ✅ Sync complete

[2026-06-09 16:14:48] 🔄 Syncing real IBKR data...
✅ Updated current_trades.json with real IBKR data
📅 No executed trades yet - showing sample events to demonstrate P&L tracking
✅ Synced 3 Google Calendar events
[2026-06-09 16:14:48] ✅ Sync complete

[2026-06-09 16:15:48] 🔄 Syncing real IBKR data...
✅ Updated current_trades.json with real IBKR data
📅 No executed trades yet - showing sample events to demonstrate P&L tracking
✅ Synced 3 Google Calendar events
[2026-06-09 16:15:48] ✅ Sync complete

[2026-06-09 16:16:49] 🔄 Syncing real IBKR data...
✅ Updated current_trades.json with real IBKR data
📅 No executed trades yet - showing sample events to demonstrate P&L tracking
✅ Synced 3 Google Calendar events
[2026-06-09 16:16:49] ✅ Sync complete

[2026-06-09 16:17:49] 🔄 Syncing real IBKR data...
✅ Updated current_trades.json with real IBKR data
📅 No executed trades yet - showing sample events to demonstrate P&L tracking
✅ Synced 3 Google Calendar events
[2026-06-09 16:17:49] ✅ Sync complete

[2026-06-09 16:18:49] 🔄 Syncing real IBKR data...
✅ Updated current_trades.json with real IBKR data
📅 No executed trades yet - showing sample events to demonstrate P&L tracking
✅ Synced 3 Google Calendar events
[2026-06-09 16:18:49] ✅ Sync complete

[2026-06-09 16:19:49] 🔄 Syncing real IBKR data...
✅ Updated current_trades.json with real IBKR data
📅 No executed trades yet - showing sample events to demonstrate P&L tracking
✅ Synced 3 Google Calendar events
[2026-06-09 16:19:49] ✅ Sync complete

[2026-06-09 16:20:49] 🔄 Syncing real IBKR data...
✅ Updated current_trades.json with real IBKR data
📅 No executed trades yet - showing sample events to demonstrate P&L tracking
✅ Synced 3 Google Calendar events
[2026-06-09 16:20:49] ✅ Sync complete

[2026-06-09 16:21:50] 🔄 Syncing real IBKR data...
✅ Updated current_trades.json with real IBKR data
📅 No executed trades yet - showing sample events to demonstrate P&L tracking
✅ Synced 3 Google Calendar events
[2026-06-09 16:21:50] ✅ Sync complete

[2026-06-09 16:22:50] 🔄 Syncing real IBKR data...
✅ Updated current_trades.json with real IBKR data
📅 No executed trades yet - showing sample events to demonstrate P&L tracking
✅ Synced 3 Google Calendar events
[2026-06-09 16:22:50] ✅ Sync complete

[2026-06-09 16:23:50] 🔄 Syncing real IBKR data...
✅ Updated current_trades.json with real IBKR data
📅 No executed trades yet - showing sample events to demonstrate P&L tracking
✅ Synced 3 Google Calendar events
[2026-06-09 16:23:50] ✅ Sync complete

[2026-06-09 16:24:50] 🔄 Syncing real IBKR data...
✅ Updated current_trades.json with real IBKR data
📅 No executed trades yet - showing sample events to demonstrate P&L tracking
✅ Synced 3 Google Calendar events
[2026-06-09 16:24:50] ✅ Sync complete

[2026-06-09 16:25:51] 🔄 Syncing real IBKR data...
✅ Updated current_trades.json with real IBKR data
📅 No executed trades yet - showing sample events to demonstrate P&L tracking
✅ Synced 3 Google Calendar events
[2026-06-09 16:25:51] ✅ Sync complete

[2026-06-09 16:26:51] 🔄 Syncing real IBKR data...
✅ Updated current_trades.json with real IBKR data
📅 No executed trades yet - showing sample events to demonstrate P&L tracking
✅ Synced 3 Google Calendar events
[2026-06-09 16:26:51] ✅ Sync complete

[2026-06-09 16:27:51] 🔄 Syncing real IBKR data...
✅ Updated current_trades.json with real IBKR data
📅 No executed trades yet - showing sample events to demonstrate P&L tracking
✅ Synced 3 Google Calendar events
[2026-06-09 16:27:51] ✅ Sync complete

[2026-06-09 16:28:51] 🔄 Syncing real IBKR data...
✅ Updated current_trades.json with real IBKR data
📅 No executed trades yet - showing sample events to demonstrate P&L tracking
✅ Synced 3 Google Calendar events
[2026-06-09 16:28:51] ✅ Sync complete

[2026-06-09 16:29:51] 🔄 Syncing real IBKR data...
✅ Updated current_trades.json with real IBKR data
📅 No executed trades yet - showing sample events to demonstrate P&L tracking
✅ Synced 3 Google Calendar events
[2026-06-09 16:29:51] ✅ Sync complete

[2026-06-09 16:30:52] 🔄 Syncing real IBKR data...
✅ Updated current_trades.json with real IBKR data
📅 No executed trades yet - showing sample events to demonstrate P&L tracking
✅ Synced 3 Google Calendar events
[2026-06-09 16:30:52] ✅ Sync complete

[2026-06-09 16:31:52] 🔄 Syncing real IBKR data...
✅ Updated current_trades.json with real IBKR data
📅 No executed trades yet - showing sample events to demonstrate P&L tracking
✅ Synced 3 Google Calendar events
[2026-06-09 16:31:52] ✅ Sync complete

[2026-06-09 16:32:52] 🔄 Syncing real IBKR data...
✅ Updated current_trades.json with real IBKR data
📅 No executed trades yet - showing sample events to demonstrate P&L tracking
✅ Synced 3 Google Calendar events
[2026-06-09 16:32:52] ✅ Sync complete

[2026-06-09 16:33:52] 🔄 Syncing real IBKR data...
✅ Updated current_trades.json with real IBKR data
📅 No executed trades yet - showing sample events to demonstrate P&L tracking
✅ Synced 3 Google Calendar events
[2026-06-09 16:33:52] ✅ Sync complete

[2026-06-09 16:34:52] 🔄 Syncing real IBKR data...
✅ Updated current_trades.json with real IBKR data
📅 No executed trades yet - showing sample events to demonstrate P&L tracking
✅ Synced 3 Google Calendar events
[2026-06-09 16:34:52] ✅ Sync complete

[2026-06-09 16:35:53] 🔄 Syncing real IBKR data...
✅ Updated current_trades.json with real IBKR data
📅 No executed trades yet - showing sample events to demonstrate P&L tracking
✅ Synced 3 Google Calendar events
[2026-06-09 16:35:53] ✅ Sync complete

[2026-06-09 16:36:53] 🔄 Syncing real IBKR data...
✅ Updated current_trades.json with real IBKR data
📅 No executed trades yet - showing sample events to demonstrate P&L tracking
✅ Synced 3 Google Calendar events
[2026-06-09 16:36:53] ✅ Sync complete

[2026-06-09 16:37:53] 🔄 Syncing real IBKR data...
✅ Updated current_trades.json with real IBKR data
📅 No executed trades yet - showing sample events to demonstrate P&L tracking
✅ Synced 3 Google Calendar events
[2026-06-09 16:37:53] ✅ Sync complete

[2026-06-09 16:38:53] 🔄 Syncing real IBKR data...
✅ Updated current_trades.json with real IBKR data
📅 No executed trades yet - showing sample events to demonstrate P&L tracking
✅ Synced 3 Google Calendar events
[2026-06-09 16:38:53] ✅ Sync complete

[2026-06-09 16:39:54] 🔄 Syncing real IBKR data...
✅ Updated current_trades.json with real IBKR data
📅 No executed trades yet - showing sample events to demonstrate P&L tracking
✅ Synced 3 Google Calendar events
[2026-06-09 16:39:54] ✅ Sync complete

[2026-06-09 16:40:54] 🔄 Syncing real IBKR data...
✅ Updated current_trades.json with real IBKR data
📅 No executed trades yet - showing sample events to demonstrate P&L tracking
✅ Synced 3 Google Calendar events
[2026-06-09 16:40:54] ✅ Sync complete

[2026-06-09 16:41:54] 🔄 Syncing real IBKR data...
✅ Updated current_trades.json with real IBKR data
📅 No executed trades yet - showing sample events to demonstrate P&L tracking
✅ Synced 3 Google Calendar events
[2026-06-09 16:41:54] ✅ Sync complete

[2026-06-09 16:42:54] 🔄 Syncing real IBKR data...
✅ Updated current_trades.json with real IBKR data
📅 No executed trades yet - showing sample events to demonstrate P&L tracking
✅ Synced 3 Google Calendar events
[2026-06-09 16:42:54] ✅ Sync complete

[2026-06-09 16:43:54] 🔄 Syncing real IBKR data...
✅ Updated current_trades.json with real IBKR data
📅 No executed trades yet - showing sample events to demonstrate P&L tracking
✅ Synced 3 Google Calendar events
[2026-06-09 16:43:54] ✅ Sync complete

[2026-06-09 16:44:55] 🔄 Syncing real IBKR data...
✅ Updated current_trades.json with real IBKR data
📅 No executed trades yet - showing sample events to demonstrate P&L tracking
✅ Synced 3 Google Calendar events
[2026-06-09 16:44:55] ✅ Sync complete

[2026-06-09 16:45:55] 🔄 Syncing real IBKR data...
✅ Updated current_trades.json with real IBKR data
📅 No executed trades yet - showing sample events to demonstrate P&L tracking
✅ Synced 3 Google Calendar events
[2026-06-09 16:45:55] ✅ Sync complete

[2026-06-09 16:46:55] 🔄 Syncing real IBKR data...
✅ Updated current_trades.json with real IBKR data
📅 No executed trades yet - showing sample events to demonstrate P&L tracking
✅ Synced 3 Google Calendar events
[2026-06-09 16:46:55] ✅ Sync complete

[2026-06-09 16:47:55] 🔄 Syncing real IBKR data...
✅ Updated current_trades.json with real IBKR data
📅 No executed trades yet - showing sample events to demonstrate P&L tracking
✅ Synced 3 Google Calendar events
[2026-06-09 16:47:55] ✅ Sync complete

[2026-06-09 16:48:56] 🔄 Syncing real IBKR data...
✅ Updated current_trades.json with real IBKR data
📅 No executed trades yet - showing sample events to demonstrate P&L tracking
✅ Synced 3 Google Calendar events
[2026-06-09 16:48:56] ✅ Sync complete

[2026-06-09 16:49:56] 🔄 Syncing real IBKR data...
✅ Updated current_trades.json with real IBKR data
📅 No executed trades yet - showing sample events to demonstrate P&L tracking
✅ Synced 3 Google Calendar events
[2026-06-09 16:49:56] ✅ Sync complete

[2026-06-09 16:50:56] 🔄 Syncing real IBKR data...
✅ Updated current_trades.json with real IBKR data
📅 No executed trades yet - showing sample events to demonstrate P&L tracking
✅ Synced 3 Google Calendar events
[2026-06-09 16:50:56] ✅ Sync complete

[2026-06-09 16:51:56] 🔄 Syncing real IBKR data...
✅ Updated current_trades.json with real IBKR data
📅 No executed trades yet - showing sample events to demonstrate P&L tracking
✅ Synced 3 Google Calendar events
[2026-06-09 16:51:56] ✅ Sync complete

[2026-06-09 16:52:56] 🔄 Syncing real IBKR data...
✅ Updated current_trades.json with real IBKR data
📅 No executed trades yet - showing sample events to demonstrate P&L tracking
✅ Synced 3 Google Calendar events
[2026-06-09 16:52:56] ✅ Sync complete

[2026-06-09 16:53:57] 🔄 Syncing real IBKR data...
✅ Updated current_trades.json with real IBKR data
📅 No executed trades yet - showing sample events to demonstrate P&L tracking
✅ Synced 3 Google Calendar events
[2026-06-09 16:53:57] ✅ Sync complete

[2026-06-09 16:54:57] 🔄 Syncing real IBKR data...
✅ Updated current_trades.json with real IBKR data
📅 No executed trades yet - showing sample events to demonstrate P&L tracking
✅ Synced 3 Google Calendar events
[2026-06-09 16:54:57] ✅ Sync complete

[2026-06-09 16:55:57] 🔄 Syncing real IBKR data...
✅ Updated current_trades.json with real IBKR data
📅 No executed trades yet - showing sample events to demonstrate P&L tracking
✅ Synced 3 Google Calendar events
[2026-06-09 16:55:57] ✅ Sync complete

[2026-06-09 16:56:57] 🔄 Syncing real IBKR data...
✅ Updated current_trades.json with real IBKR data
📅 No executed trades yet - showing sample events to demonstrate P&L tracking
✅ Synced 3 Google Calendar events
[2026-06-09 16:56:57] ✅ Sync complete

[2026-06-09 16:57:57] 🔄 Syncing real IBKR data...
✅ Updated current_trades.json with real IBKR data
📅 No executed trades yet - showing sample events to demonstrate P&L tracking
✅ Synced 3 Google Calendar events
[2026-06-09 16:57:57] ✅ Sync complete

[2026-06-09 16:58:58] 🔄 Syncing real IBKR data...
✅ Updated current_trades.json with real IBKR data
📅 No executed trades yet - showing sample events to demonstrate P&L tracking
✅ Synced 3 Google Calendar events
[2026-06-09 16:58:58] ✅ Sync complete

[2026-06-09 16:59:58] 🔄 Syncing real IBKR data...
✅ Updated current_trades.json with real IBKR data
📅 No executed trades yet - showing sample events to demonstrate P&L tracking
✅ Synced 3 Google Calendar events
[2026-06-09 16:59:58] ✅ Sync complete

[2026-06-09 17:00:58] 🔄 Syncing real IBKR data...
✅ Updated current_trades.json with real IBKR data
📅 No executed trades yet - showing sample events to demonstrate P&L tracking
✅ Synced 3 Google Calendar events
[2026-06-09 17:00:58] ✅ Sync complete

[2026-06-09 17:01:58] 🔄 Syncing real IBKR data...
✅ Updated current_trades.json with real IBKR data
📅 No executed trades yet - showing sample events to demonstrate P&L tracking
✅ Synced 3 Google Calendar events
[2026-06-09 17:01:58] ✅ Sync complete

[2026-06-09 17:02:59] 🔄 Syncing real IBKR data...
✅ Updated current_trades.json with real IBKR data
📅 No executed trades yet - showing sample events to demonstrate P&L tracking
✅ Synced 3 Google Calendar events
[2026-06-09 17:02:59] ✅ Sync complete

[2026-06-09 17:03:59] 🔄 Syncing real IBKR data...
✅ Updated current_trades.json with real IBKR data
📅 No executed trades yet - showing sample events to demonstrate P&L tracking
✅ Synced 3 Google Calendar events
[2026-06-09 17:03:59] ✅ Sync complete

[2026-06-09 17:04:59] 🔄 Syncing real IBKR data...
✅ Updated current_trades.json with real IBKR data
📅 No executed trades yet - showing sample events to demonstrate P&L tracking
✅ Synced 3 Google Calendar events
[2026-06-09 17:04:59] ✅ Sync complete

[2026-06-09 17:05:59] 🔄 Syncing real IBKR data...
✅ Updated current_trades.json with real IBKR data
📅 No executed trades yet - showing sample events to demonstrate P&L tracking
✅ Synced 3 Google Calendar events
[2026-06-09 17:05:59] ✅ Sync complete

[2026-06-09 17:06:59] 🔄 Syncing real IBKR data...
✅ Updated current_trades.json with real IBKR data
📅 No executed trades yet - showing sample events to demonstrate P&L tracking
✅ Synced 3 Google Calendar events
[2026-06-09 17:06:59] ✅ Sync complete

[2026-06-09 17:08:00] 🔄 Syncing real IBKR data...
✅ Updated current_trades.json with real IBKR data
📅 No executed trades yet - showing sample events to demonstrate P&L tracking
✅ Synced 3 Google Calendar events
[2026-06-09 17:08:00] ✅ Sync complete

[2026-06-09 17:09:00] 🔄 Syncing real IBKR data...
✅ Updated current_trades.json with real IBKR data
📅 No executed trades yet - showing sample events to demonstrate P&L tracking
✅ Synced 3 Google Calendar events
[2026-06-09 17:09:00] ✅ Sync complete

[2026-06-09 17:10:00] 🔄 Syncing real IBKR data...
✅ Updated current_trades.json with real IBKR data
📅 No executed trades yet - showing sample events to demonstrate P&L tracking
✅ Synced 3 Google Calendar events
[2026-06-09 17:10:00] ✅ Sync complete

[2026-06-09 17:11:00] 🔄 Syncing real IBKR data...
✅ Updated current_trades.json with real IBKR data
📅 No executed trades yet - showing sample events to demonstrate P&L tracking
✅ Synced 3 Google Calendar events
[2026-06-09 17:11:00] ✅ Sync complete

[2026-06-09 17:12:00] 🔄 Syncing real IBKR data...
✅ Updated current_trades.json with real IBKR data
📅 No executed trades yet - showing sample events to demonstrate P&L tracking
✅ Synced 3 Google Calendar events
[2026-06-09 17:12:00] ✅ Sync complete

[2026-06-09 17:13:01] 🔄 Syncing real IBKR data...
✅ Updated current_trades.json with real IBKR data
📅 No executed trades yet - showing sample events to demonstrate P&L tracking
✅ Synced 3 Google Calendar events
[2026-06-09 17:13:01] ✅ Sync complete

[2026-06-09 17:14:01] 🔄 Syncing real IBKR data...
✅ Updated current_trades.json with real IBKR data
📅 No executed trades yet - showing sample events to demonstrate P&L tracking
✅ Synced 3 Google Calendar events
[2026-06-09 17:14:01] ✅ Sync complete

[2026-06-09 17:15:01] 🔄 Syncing real IBKR data...
✅ Updated current_trades.json with real IBKR data
📅 No executed trades yet - showing sample events to demonstrate P&L tracking
✅ Synced 3 Google Calendar events
[2026-06-09 17:15:01] ✅ Sync complete

[2026-06-09 17:16:01] 🔄 Syncing real IBKR data...
✅ Updated current_trades.json with real IBKR data
📅 No executed trades yet - showing sample events to demonstrate P&L tracking
✅ Synced 3 Google Calendar events
[2026-06-09 17:16:01] ✅ Sync complete

[2026-06-09 17:17:02] 🔄 Syncing real IBKR data...
✅ Updated current_trades.json with real IBKR data
📅 No executed trades yet - showing sample events to demonstrate P&L tracking
✅ Synced 3 Google Calendar events
[2026-06-09 17:17:02] ✅ Sync complete

[2026-06-09 17:18:02] 🔄 Syncing real IBKR data...
✅ Updated current_trades.json with real IBKR data
📅 No executed trades yet - showing sample events to demonstrate P&L tracking
✅ Synced 3 Google Calendar events
[2026-06-09 17:18:02] ✅ Sync complete

[2026-06-09 17:19:02] 🔄 Syncing real IBKR data...
✅ Updated current_trades.json with real IBKR data
📅 No executed trades yet - showing sample events to demonstrate P&L tracking
✅ Synced 3 Google Calendar events
[2026-06-09 17:19:02] ✅ Sync complete

[2026-06-09 17:20:02] 🔄 Syncing real IBKR data...
✅ Updated current_trades.json with real IBKR data
📅 No executed trades yet - showing sample events to demonstrate P&L tracking
✅ Synced 3 Google Calendar events
[2026-06-09 17:20:02] ✅ Sync complete

[2026-06-09 17:21:02] 🔄 Syncing real IBKR data...
✅ Updated current_trades.json with real IBKR data
📅 No executed trades yet - showing sample events to demonstrate P&L tracking
✅ Synced 3 Google Calendar events
[2026-06-09 17:21:02] ✅ Sync complete

[2026-06-09 17:22:03] 🔄 Syncing real IBKR data...
✅ Updated current_trades.json with real IBKR data
📅 No executed trades yet - showing sample events to demonstrate P&L tracking
✅ Synced 3 Google Calendar events
[2026-06-09 17:22:03] ✅ Sync complete

[2026-06-09 17:23:03] 🔄 Syncing real IBKR data...
✅ Updated current_trades.json with real IBKR data
📅 No executed trades yet - showing sample events to demonstrate P&L tracking
✅ Synced 3 Google Calendar events
[2026-06-09 17:23:03] ✅ Sync complete

[2026-06-09 17:24:03] 🔄 Syncing real IBKR data...
✅ Updated current_trades.json with real IBKR data
📅 No executed trades yet - showing sample events to demonstrate P&L tracking
✅ Synced 3 Google Calendar events
[2026-06-09 17:24:03] ✅ Sync complete

[2026-06-09 17:25:03] 🔄 Syncing real IBKR data...
✅ Updated current_trades.json with real IBKR data
📅 No executed trades yet - showing sample events to demonstrate P&L tracking
✅ Synced 3 Google Calendar events
[2026-06-09 17:25:03] ✅ Sync complete

[2026-06-09 17:26:03] 🔄 Syncing real IBKR data...
✅ Updated current_trades.json with real IBKR data
📅 No executed trades yet - showing sample events to demonstrate P&L tracking
✅ Synced 3 Google Calendar events
[2026-06-09 17:26:03] ✅ Sync complete

[2026-06-09 17:27:04] 🔄 Syncing real IBKR data...
✅ Updated current_trades.json with real IBKR data
📅 No executed trades yet - showing sample events to demonstrate P&L tracking
✅ Synced 3 Google Calendar events
[2026-06-09 17:27:04] ✅ Sync complete

[2026-06-09 17:28:04] 🔄 Syncing real IBKR data...
✅ Updated current_trades.json with real IBKR data
📅 No executed trades yet - showing sample events to demonstrate P&L tracking
✅ Synced 3 Google Calendar events
[2026-06-09 17:28:04] ✅ Sync complete

[2026-06-09 17:29:04] 🔄 Syncing real IBKR data...
✅ Updated current_trades.json with real IBKR data
📅 No executed trades yet - showing sample events to demonstrate P&L tracking
✅ Synced 3 Google Calendar events
[2026-06-09 17:29:04] ✅ Sync complete

[2026-06-09 17:30:04] 🔄 Syncing real IBKR data...
✅ Updated current_trades.json with real IBKR data
📅 No executed trades yet - showing sample events to demonstrate P&L tracking
✅ Synced 3 Google Calendar events
[2026-06-09 17:30:04] ✅ Sync complete

[2026-06-09 17:31:04] 🔄 Syncing real IBKR data...
✅ Updated current_trades.json with real IBKR data
📅 No executed trades yet - showing sample events to demonstrate P&L tracking
✅ Synced 3 Google Calendar events
[2026-06-09 17:31:04] ✅ Sync complete

[2026-06-09 17:32:05] 🔄 Syncing real IBKR data...
✅ Updated current_trades.json with real IBKR data
📅 No executed trades yet - showing sample events to demonstrate P&L tracking
✅ Synced 3 Google Calendar events
[2026-06-09 17:32:05] ✅ Sync complete

[2026-06-09 17:33:05] 🔄 Syncing real IBKR data...
✅ Updated current_trades.json with real IBKR data
📅 No executed trades yet - showing sample events to demonstrate P&L tracking
✅ Synced 3 Google Calendar events
[2026-06-09 17:33:05] ✅ Sync complete

[2026-06-09 17:34:05] 🔄 Syncing real IBKR data...
✅ Updated current_trades.json with real IBKR data
📅 No executed trades yet - showing sample events to demonstrate P&L tracking
✅ Synced 3 Google Calendar events
[2026-06-09 17:34:05] ✅ Sync complete

[2026-06-09 17:35:05] 🔄 Syncing real IBKR data...
✅ Updated current_trades.json with real IBKR data
📅 No executed trades yet - showing sample events to demonstrate P&L tracking
✅ Synced 3 Google Calendar events
[2026-06-09 17:35:05] ✅ Sync complete

[2026-06-09 17:36:06] 🔄 Syncing real IBKR data...
✅ Updated current_trades.json with real IBKR data
📅 No executed trades yet - showing sample events to demonstrate P&L tracking
✅ Synced 3 Google Calendar events
[2026-06-09 17:36:06] ✅ Sync complete

[2026-06-09 17:37:06] 🔄 Syncing real IBKR data...
✅ Updated current_trades.json with real IBKR data
📅 No executed trades yet - showing sample events to demonstrate P&L tracking
✅ Synced 3 Google Calendar events
[2026-06-09 17:37:06] ✅ Sync complete

[2026-06-09 17:38:06] 🔄 Syncing real IBKR data...
✅ Updated current_trades.json with real IBKR data
📅 No executed trades yet - showing sample events to demonstrate P&L tracking
✅ Synced 3 Google Calendar events
[2026-06-09 17:38:06] ✅ Sync complete

[2026-06-09 17:39:06] 🔄 Syncing real IBKR data...
✅ Updated current_trades.json with real IBKR data
📅 No executed trades yet - showing sample events to demonstrate P&L tracking
✅ Synced 3 Google Calendar events
[2026-06-09 17:39:06] ✅ Sync complete

[2026-06-09 17:40:06] 🔄 Syncing real IBKR data...
✅ Updated current_trades.json with real IBKR data
📅 No executed trades yet - showing sample events to demonstrate P&L tracking
✅ Synced 3 Google Calendar events
[2026-06-09 17:40:06] ✅ Sync complete

[2026-06-09 17:41:07] 🔄 Syncing real IBKR data...
✅ Updated current_trades.json with real IBKR data
📅 No executed trades yet - showing sample events to demonstrate P&L tracking
✅ Synced 3 Google Calendar events
[2026-06-09 17:41:07] ✅ Sync complete

[2026-06-09 17:42:07] 🔄 Syncing real IBKR data...
✅ Updated current_trades.json with real IBKR data
📅 No executed trades yet - showing sample events to demonstrate P&L tracking
✅ Synced 3 Google Calendar events
[2026-06-09 17:42:07] ✅ Sync complete

[2026-06-09 17:43:07] 🔄 Syncing real IBKR data...
✅ Updated current_trades.json with real IBKR data
📅 No executed trades yet - showing sample events to demonstrate P&L tracking
✅ Synced 3 Google Calendar events
[2026-06-09 17:43:07] ✅ Sync complete

[2026-06-09 17:44:07] 🔄 Syncing real IBKR data...
✅ Updated current_trades.json with real IBKR data
📅 No executed trades yet - showing sample events to demonstrate P&L tracking
✅ Synced 3 Google Calendar events
[2026-06-09 17:44:07] ✅ Sync complete

[2026-06-09 17:45:07] 🔄 Syncing real IBKR data...
✅ Updated current_trades.json with real IBKR data
📅 No executed trades yet - showing sample events to demonstrate P&L tracking
✅ Synced 3 Google Calendar events
[2026-06-09 17:45:07] ✅ Sync complete

[2026-06-09 17:46:08] 🔄 Syncing real IBKR data...
✅ Updated current_trades.json with real IBKR data
📅 No executed trades yet - showing sample events to demonstrate P&L tracking
✅ Synced 3 Google Calendar events
[2026-06-09 17:46:08] ✅ Sync complete

[2026-06-09 17:47:08] 🔄 Syncing real IBKR data...
✅ Updated current_trades.json with real IBKR data
📅 No executed trades yet - showing sample events to demonstrate P&L tracking
✅ Synced 3 Google Calendar events
[2026-06-09 17:47:08] ✅ Sync complete

[2026-06-09 17:48:08] 🔄 Syncing real IBKR data...
✅ Updated current_trades.json with real IBKR data
📅 No executed trades yet - showing sample events to demonstrate P&L tracking
✅ Synced 3 Google Calendar events
[2026-06-09 17:48:08] ✅ Sync complete

[2026-06-09 17:49:08] 🔄 Syncing real IBKR data...
✅ Updated current_trades.json with real IBKR data
📅 No executed trades yet - showing sample events to demonstrate P&L tracking
✅ Synced 3 Google Calendar events
[2026-06-09 17:49:08] ✅ Sync complete

[2026-06-09 17:50:09] 🔄 Syncing real IBKR data...
✅ Updated current_trades.json with real IBKR data
📅 No executed trades yet - showing sample events to demonstrate P&L tracking
✅ Synced 3 Google Calendar events
[2026-06-09 17:50:09] ✅ Sync complete

[2026-06-09 17:51:09] 🔄 Syncing real IBKR data...
✅ Updated current_trades.json with real IBKR data
📅 No executed trades yet - showing sample events to demonstrate P&L tracking
✅ Synced 3 Google Calendar events
[2026-06-09 17:51:09] ✅ Sync complete

[2026-06-09 17:52:09] 🔄 Syncing real IBKR data...
✅ Updated current_trades.json with real IBKR data
📅 No executed trades yet - showing sample events to demonstrate P&L tracking
✅ Synced 3 Google Calendar events
[2026-06-09 17:52:09] ✅ Sync complete

[2026-06-09 17:53:09] 🔄 Syncing real IBKR data...
✅ Updated current_trades.json with real IBKR data
📅 No executed trades yet - showing sample events to demonstrate P&L tracking
✅ Synced 3 Google Calendar events
[2026-06-09 17:53:09] ✅ Sync complete

[2026-06-09 17:54:09] 🔄 Syncing real IBKR data...
✅ Updated current_trades.json with real IBKR data
📅 No executed trades yet - showing sample events to demonstrate P&L tracking
✅ Synced 3 Google Calendar events
[2026-06-09 17:54:09] ✅ Sync complete

[2026-06-09 17:55:10] 🔄 Syncing real IBKR data...
✅ Updated current_trades.json with real IBKR data
📅 No executed trades yet - showing sample events to demonstrate P&L tracking
✅ Synced 3 Google Calendar events
[2026-06-09 17:55:10] ✅ Sync complete

[2026-06-09 17:56:10] 🔄 Syncing real IBKR data...
✅ Updated current_trades.json with real IBKR data
📅 No executed trades yet - showing sample events to demonstrate P&L tracking
✅ Synced 3 Google Calendar events
[2026-06-09 17:56:10] ✅ Sync complete

[2026-06-09 17:57:10] 🔄 Syncing real IBKR data...
✅ Updated current_trades.json with real IBKR data
📅 No executed trades yet - showing sample events to demonstrate P&L tracking
✅ Synced 3 Google Calendar events
[2026-06-09 17:57:10] ✅ Sync complete

[2026-06-09 17:58:10] 🔄 Syncing real IBKR data...
✅ Updated current_trades.json with real IBKR data
📅 No executed trades yet - showing sample events to demonstrate P&L tracking
✅ Synced 3 Google Calendar events
[2026-06-09 17:58:10] ✅ Sync complete

[2026-06-09 17:59:11] 🔄 Syncing real IBKR data...
✅ Updated current_trades.json with real IBKR data
📅 No executed trades yet - showing sample events to demonstrate P&L tracking
✅ Synced 3 Google Calendar events
[2026-06-09 17:59:11] ✅ Sync complete

[2026-06-09 18:00:11] 🔄 Syncing real IBKR data...
✅ Updated current_trades.json with real IBKR data
📅 No executed trades yet - showing sample events to demonstrate P&L tracking
✅ Synced 3 Google Calendar events
[2026-06-09 18:00:11] ✅ Sync complete

[2026-06-09 18:01:11] 🔄 Syncing real IBKR data...
✅ Updated current_trades.json with real IBKR data
📅 No executed trades yet - showing sample events to demonstrate P&L tracking
✅ Synced 3 Google Calendar events
[2026-06-09 18:01:11] ✅ Sync complete

[2026-06-09 18:02:11] 🔄 Syncing real IBKR data...
✅ Updated current_trades.json with real IBKR data
📅 No executed trades yet - showing sample events to demonstrate P&L tracking
✅ Synced 3 Google Calendar events
[2026-06-09 18:02:11] ✅ Sync complete

[2026-06-09 18:03:11] 🔄 Syncing real IBKR data...
✅ Updated current_trades.json with real IBKR data
📅 No executed trades yet - showing sample events to demonstrate P&L tracking
✅ Synced 3 Google Calendar events
[2026-06-09 18:03:11] ✅ Sync complete

[2026-06-09 18:04:12] 🔄 Syncing real IBKR data...
✅ Updated current_trades.json with real IBKR data
📅 No executed trades yet - showing sample events to demonstrate P&L tracking
✅ Synced 3 Google Calendar events
[2026-06-09 18:04:12] ✅ Sync complete

[2026-06-09 18:05:12] 🔄 Syncing real IBKR data...
✅ Updated current_trades.json with real IBKR data
📅 No executed trades yet - showing sample events to demonstrate P&L tracking
✅ Synced 3 Google Calendar events
[2026-06-09 18:05:12] ✅ Sync complete

[2026-06-09 18:06:12] 🔄 Syncing real IBKR data...
✅ Updated current_trades.json with real IBKR data
📅 No executed trades yet - showing sample events to demonstrate P&L tracking
✅ Synced 3 Google Calendar events
[2026-06-09 18:06:12] ✅ Sync complete

[2026-06-09 18:07:12] 🔄 Syncing real IBKR data...
✅ Updated current_trades.json with real IBKR data
📅 No executed trades yet - showing sample events to demonstrate P&L tracking
✅ Synced 3 Google Calendar events
[2026-06-09 18:07:12] ✅ Sync complete

[2026-06-09 18:08:12] 🔄 Syncing real IBKR data...
✅ Updated current_trades.json with real IBKR data
📅 No executed trades yet - showing sample events to demonstrate P&L tracking
✅ Synced 3 Google Calendar events
[2026-06-09 18:08:12] ✅ Sync complete

[2026-06-09 18:09:13] 🔄 Syncing real IBKR data...
✅ Updated current_trades.json with real IBKR data
📅 No executed trades yet - showing sample events to demonstrate P&L tracking
✅ Synced 3 Google Calendar events
[2026-06-09 18:09:13] ✅ Sync complete

[2026-06-09 18:10:13] 🔄 Syncing real IBKR data...
✅ Updated current_trades.json with real IBKR data
📅 No executed trades yet - showing sample events to demonstrate P&L tracking
✅ Synced 3 Google Calendar events
[2026-06-09 18:10:13] ✅ Sync complete

[2026-06-09 18:11:13] 🔄 Syncing real IBKR data...
✅ Updated current_trades.json with real IBKR data
📅 No executed trades yet - showing sample events to demonstrate P&L tracking
✅ Synced 3 Google Calendar events
[2026-06-09 18:11:13] ✅ Sync complete

[2026-06-09 18:12:13] 🔄 Syncing real IBKR data...
✅ Updated current_trades.json with real IBKR data
📅 No executed trades yet - showing sample events to demonstrate P&L tracking
✅ Synced 3 Google Calendar events
[2026-06-09 18:12:13] ✅ Sync complete

[2026-06-09 18:13:14] 🔄 Syncing real IBKR data...
✅ Updated current_trades.json with real IBKR data
📅 No executed trades yet - showing sample events to demonstrate P&L tracking
✅ Synced 3 Google Calendar events
[2026-06-09 18:13:14] ✅ Sync complete

[2026-06-09 18:14:14] 🔄 Syncing real IBKR data...
✅ Updated current_trades.json with real IBKR data
📅 No executed trades yet - showing sample events to demonstrate P&L tracking
✅ Synced 3 Google Calendar events
[2026-06-09 18:14:14] ✅ Sync complete

[2026-06-09 18:15:14] 🔄 Syncing real IBKR data...
✅ Updated current_trades.json with real IBKR data
📅 No executed trades yet - showing sample events to demonstrate P&L tracking
✅ Synced 3 Google Calendar events
[2026-06-09 18:15:14] ✅ Sync complete

[2026-06-09 18:16:14] 🔄 Syncing real IBKR data...
✅ Updated current_trades.json with real IBKR data
📅 No executed trades yet - showing sample events to demonstrate P&L tracking
✅ Synced 3 Google Calendar events
[2026-06-09 18:16:14] ✅ Sync complete

[2026-06-09 18:17:14] 🔄 Syncing real IBKR data...
✅ Updated current_trades.json with real IBKR data
📅 No executed trades yet - showing sample events to demonstrate P&L tracking
✅ Synced 3 Google Calendar events
[2026-06-09 18:17:14] ✅ Sync complete

[2026-06-09 18:18:15] 🔄 Syncing real IBKR data...
✅ Updated current_trades.json with real IBKR data
📅 No executed trades yet - showing sample events to demonstrate P&L tracking
✅ Synced 3 Google Calendar events
[2026-06-09 18:18:15] ✅ Sync complete

[2026-06-09 18:19:15] 🔄 Syncing real IBKR data...
✅ Updated current_trades.json with real IBKR data
📅 No executed trades yet - showing sample events to demonstrate P&L tracking
✅ Synced 3 Google Calendar events
[2026-06-09 18:19:15] ✅ Sync complete

[2026-06-09 18:20:15] 🔄 Syncing real IBKR data...
✅ Updated current_trades.json with real IBKR data
📅 No executed trades yet - showing sample events to demonstrate P&L tracking
✅ Synced 3 Google Calendar events
[2026-06-09 18:20:15] ✅ Sync complete

[2026-06-09 18:21:15] 🔄 Syncing real IBKR data...
✅ Updated current_trades.json with real IBKR data
📅 No executed trades yet - showing sample events to demonstrate P&L tracking
✅ Synced 3 Google Calendar events
[2026-06-09 18:21:15] ✅ Sync complete

[2026-06-09 18:22:15] 🔄 Syncing real IBKR data...
✅ Updated current_trades.json with real IBKR data
📅 No executed trades yet - showing sample events to demonstrate P&L tracking
✅ Synced 3 Google Calendar events
[2026-06-09 18:22:15] ✅ Sync complete

[2026-06-09 18:23:16] 🔄 Syncing real IBKR data...
✅ Updated current_trades.json with real IBKR data
📅 No executed trades yet - showing sample events to demonstrate P&L tracking
✅ Synced 3 Google Calendar events
[2026-06-09 18:23:16] ✅ Sync complete

[2026-06-09 18:24:16] 🔄 Syncing real IBKR data...
✅ Updated current_trades.json with real IBKR data
📅 No executed trades yet - showing sample events to demonstrate P&L tracking
✅ Synced 3 Google Calendar events
[2026-06-09 18:24:16] ✅ Sync complete

[2026-06-09 18:25:16] 🔄 Syncing real IBKR data...
✅ Updated current_trades.json with real IBKR data
📅 No executed trades yet - showing sample events to demonstrate P&L tracking
✅ Synced 3 Google Calendar events
[2026-06-09 18:25:16] ✅ Sync complete

[2026-06-09 18:26:16] 🔄 Syncing real IBKR data...
✅ Updated current_trades.json with real IBKR data
📅 No executed trades yet - showing sample events to demonstrate P&L tracking
✅ Synced 3 Google Calendar events
[2026-06-09 18:26:16] ✅ Sync complete

[2026-06-09 18:27:16] 🔄 Syncing real IBKR data...
✅ Updated current_trades.json with real IBKR data
📅 No executed trades yet - showing sample events to demonstrate P&L tracking
✅ Synced 3 Google Calendar events
[2026-06-09 18:27:16] ✅ Sync complete

[2026-06-09 18:28:17] 🔄 Syncing real IBKR data...
✅ Updated current_trades.json with real IBKR data
📅 No executed trades yet - showing sample events to demonstrate P&L tracking
✅ Synced 3 Google Calendar events
[2026-06-09 18:28:17] ✅ Sync complete

[2026-06-09 18:29:17] 🔄 Syncing real IBKR data...
✅ Updated current_trades.json with real IBKR data
📅 No executed trades yet - showing sample events to demonstrate P&L tracking
✅ Synced 3 Google Calendar events
[2026-06-09 18:29:17] ✅ Sync complete

[2026-06-09 18:30:17] 🔄 Syncing real IBKR data...
✅ Updated current_trades.json with real IBKR data
📅 No executed trades yet - showing sample events to demonstrate P&L tracking
✅ Synced 3 Google Calendar events
[2026-06-09 18:30:17] ✅ Sync complete

[2026-06-09 18:31:17] 🔄 Syncing real IBKR data...
✅ Updated current_trades.json with real IBKR data
📅 No executed trades yet - showing sample events to demonstrate P&L tracking
✅ Synced 3 Google Calendar events
[2026-06-09 18:31:17] ✅ Sync complete

[2026-06-09 18:32:18] 🔄 Syncing real IBKR data...
✅ Updated current_trades.json with real IBKR data
📅 No executed trades yet - showing sample events to demonstrate P&L tracking
✅ Synced 3 Google Calendar events
[2026-06-09 18:32:18] ✅ Sync complete

[2026-06-09 18:33:18] 🔄 Syncing real IBKR data...
✅ Updated current_trades.json with real IBKR data
📅 No executed trades yet - showing sample events to demonstrate P&L tracking
✅ Synced 3 Google Calendar events
[2026-06-09 18:33:18] ✅ Sync complete

[2026-06-09 18:34:18] 🔄 Syncing real IBKR data...
✅ Updated current_trades.json with real IBKR data
📅 No executed trades yet - showing sample events to demonstrate P&L tracking
✅ Synced 3 Google Calendar events
[2026-06-09 18:34:18] ✅ Sync complete

[2026-06-09 18:35:18] 🔄 Syncing real IBKR data...
✅ Updated current_trades.json with real IBKR data
📅 No executed trades yet - showing sample events to demonstrate P&L tracking
✅ Synced 3 Google Calendar events
[2026-06-09 18:35:18] ✅ Sync complete

[2026-06-09 18:36:18] 🔄 Syncing real IBKR data...
✅ Updated current_trades.json with real IBKR data
📅 No executed trades yet - showing sample events to demonstrate P&L tracking
✅ Synced 3 Google Calendar events
[2026-06-09 18:36:18] ✅ Sync complete

[2026-06-09 18:37:19] 🔄 Syncing real IBKR data...
✅ Updated current_trades.json with real IBKR data
📅 No executed trades yet - showing sample events to demonstrate P&L tracking
✅ Synced 3 Google Calendar events
[2026-06-09 18:37:19] ✅ Sync complete

[2026-06-09 18:38:19] 🔄 Syncing real IBKR data...
✅ Updated current_trades.json with real IBKR data
📅 No executed trades yet - showing sample events to demonstrate P&L tracking
✅ Synced 3 Google Calendar events
[2026-06-09 18:38:19] ✅ Sync complete

[2026-06-09 18:39:19] 🔄 Syncing real IBKR data...
✅ Updated current_trades.json with real IBKR data
📅 No executed trades yet - showing sample events to demonstrate P&L tracking
✅ Synced 3 Google Calendar events
[2026-06-09 18:39:19] ✅ Sync complete

[2026-06-09 18:40:19] 🔄 Syncing real IBKR data...
✅ Updated current_trades.json with real IBKR data
📅 No executed trades yet - showing sample events to demonstrate P&L tracking
✅ Synced 3 Google Calendar events
[2026-06-09 18:40:19] ✅ Sync complete

[2026-06-09 18:41:19] 🔄 Syncing real IBKR data...
✅ Updated current_trades.json with real IBKR data
📅 No executed trades yet - showing sample events to demonstrate P&L tracking
✅ Synced 3 Google Calendar events
[2026-06-09 18:41:19] ✅ Sync complete

[2026-06-09 18:42:20] 🔄 Syncing real IBKR data...
✅ Updated current_trades.json with real IBKR data
📅 No executed trades yet - showing sample events to demonstrate P&L tracking
✅ Synced 3 Google Calendar events
[2026-06-09 18:42:20] ✅ Sync complete

[2026-06-09 18:43:20] 🔄 Syncing real IBKR data...
✅ Updated current_trades.json with real IBKR data
📅 No executed trades yet - showing sample events to demonstrate P&L tracking
✅ Synced 3 Google Calendar events
[2026-06-09 18:43:20] ✅ Sync complete

[2026-06-09 18:44:20] 🔄 Syncing real IBKR data...
✅ Updated current_trades.json with real IBKR data
📅 No executed trades yet - showing sample events to demonstrate P&L tracking
✅ Synced 3 Google Calendar events
[2026-06-09 18:44:20] ✅ Sync complete

[2026-06-09 18:45:20] 🔄 Syncing real IBKR data...
✅ Updated current_trades.json with real IBKR data
📅 No executed trades yet - showing sample events to demonstrate P&L tracking
✅ Synced 3 Google Calendar events
[2026-06-09 18:45:20] ✅ Sync complete

[2026-06-09 18:46:20] 🔄 Syncing real IBKR data...
✅ Updated current_trades.json with real IBKR data
📅 No executed trades yet - showing sample events to demonstrate P&L tracking
✅ Synced 3 Google Calendar events
[2026-06-09 18:46:20] ✅ Sync complete

[2026-06-09 18:47:21] 🔄 Syncing real IBKR data...
✅ Updated current_trades.json with real IBKR data
📅 No executed trades yet - showing sample events to demonstrate P&L tracking
✅ Synced 3 Google Calendar events
[2026-06-09 18:47:21] ✅ Sync complete

[2026-06-09 18:48:21] 🔄 Syncing real IBKR data...
✅ Updated current_trades.json with real IBKR data
📅 No executed trades yet - showing sample events to demonstrate P&L tracking
✅ Synced 3 Google Calendar events
[2026-06-09 18:48:21] ✅ Sync complete

[2026-06-09 18:49:21] 🔄 Syncing real IBKR data...
✅ Updated current_trades.json with real IBKR data
📅 No executed trades yet - showing sample events to demonstrate P&L tracking
✅ Synced 3 Google Calendar events
[2026-06-09 18:49:21] ✅ Sync complete

[2026-06-09 18:50:21] 🔄 Syncing real IBKR data...
✅ Updated current_trades.json with real IBKR data
📅 No executed trades yet - showing sample events to demonstrate P&L tracking
✅ Synced 3 Google Calendar events
[2026-06-09 18:50:21] ✅ Sync complete

[2026-06-09 18:51:21] 🔄 Syncing real IBKR data...
✅ Updated current_trades.json with real IBKR data
📅 No executed trades yet - showing sample events to demonstrate P&L tracking
✅ Synced 3 Google Calendar events
[2026-06-09 18:51:21] ✅ Sync complete

[2026-06-09 18:52:22] 🔄 Syncing real IBKR data...
✅ Updated current_trades.json with real IBKR data
📅 No executed trades yet - showing sample events to demonstrate P&L tracking
✅ Synced 3 Google Calendar events
[2026-06-09 18:52:22] ✅ Sync complete

[2026-06-09 18:53:22] 🔄 Syncing real IBKR data...
✅ Updated current_trades.json with real IBKR data
📅 No executed trades yet - showing sample events to demonstrate P&L tracking
✅ Synced 3 Google Calendar events
[2026-06-09 18:53:22] ✅ Sync complete

[2026-06-09 18:54:22] 🔄 Syncing real IBKR data...
✅ Updated current_trades.json with real IBKR data
📅 No executed trades yet - showing sample events to demonstrate P&L tracking
✅ Synced 3 Google Calendar events
[2026-06-09 18:54:22] ✅ Sync complete

[2026-06-09 18:55:22] 🔄 Syncing real IBKR data...
✅ Updated current_trades.json with real IBKR data
📅 No executed trades yet - showing sample events to demonstrate P&L tracking
✅ Synced 3 Google Calendar events
[2026-06-09 18:55:22] ✅ Sync complete

[2026-06-09 18:56:22] 🔄 Syncing real IBKR data...
✅ Updated current_trades.json with real IBKR data
📅 No executed trades yet - showing sample events to demonstrate P&L tracking
✅ Synced 3 Google Calendar events
[2026-06-09 18:56:22] ✅ Sync complete

[2026-06-09 18:57:23] 🔄 Syncing real IBKR data...
✅ Updated current_trades.json with real IBKR data
📅 No executed trades yet - showing sample events to demonstrate P&L tracking
✅ Synced 3 Google Calendar events
[2026-06-09 18:57:23] ✅ Sync complete

[2026-06-09 18:58:23] 🔄 Syncing real IBKR data...
✅ Updated current_trades.json with real IBKR data
📅 No executed trades yet - showing sample events to demonstrate P&L tracking
✅ Synced 3 Google Calendar events
[2026-06-09 18:58:23] ✅ Sync complete

[2026-06-09 18:59:23] 🔄 Syncing real IBKR data...
✅ Updated current_trades.json with real IBKR data
📅 No executed trades yet - showing sample events to demonstrate P&L tracking
✅ Synced 3 Google Calendar events
[2026-06-09 18:59:23] ✅ Sync complete

[2026-06-09 19:00:23] 🔄 Syncing real IBKR data...
✅ Updated current_trades.json with real IBKR data
📅 No executed trades yet - showing sample events to demonstrate P&L tracking
✅ Synced 3 Google Calendar events
[2026-06-09 19:00:23] ✅ Sync complete

[2026-06-09 19:01:24] 🔄 Syncing real IBKR data...
✅ Updated current_trades.json with real IBKR data
📅 No executed trades yet - showing sample events to demonstrate P&L tracking
✅ Synced 3 Google Calendar events
[2026-06-09 19:01:24] ✅ Sync complete

[2026-06-09 19:02:24] 🔄 Syncing real IBKR data...
✅ Updated current_trades.json with real IBKR data
📅 No executed trades yet - showing sample events to demonstrate P&L tracking
✅ Synced 3 Google Calendar events
[2026-06-09 19:02:24] ✅ Sync complete

[2026-06-09 19:03:24] 🔄 Syncing real IBKR data...
✅ Updated current_trades.json with real IBKR data
📅 No executed trades yet - showing sample events to demonstrate P&L tracking
✅ Synced 3 Google Calendar events
[2026-06-09 19:03:24] ✅ Sync complete

[2026-06-09 19:04:24] 🔄 Syncing real IBKR data...
✅ Updated current_trades.json with real IBKR data
📅 No executed trades yet - showing sample events to demonstrate P&L tracking
✅ Synced 3 Google Calendar events
[2026-06-09 19:04:24] ✅ Sync complete

[2026-06-09 19:05:24] 🔄 Syncing real IBKR data...
✅ Updated current_trades.json with real IBKR data
📅 No executed trades yet - showing sample events to demonstrate P&L tracking
✅ Synced 3 Google Calendar events
[2026-06-09 19:05:24] ✅ Sync complete

[2026-06-09 19:06:25] 🔄 Syncing real IBKR data...
✅ Updated current_trades.json with real IBKR data
📅 No executed trades yet - showing sample events to demonstrate P&L tracking
✅ Synced 3 Google Calendar events
[2026-06-09 19:06:25] ✅ Sync complete

[2026-06-09 19:07:25] 🔄 Syncing real IBKR data...
✅ Updated current_trades.json with real IBKR data
📅 No executed trades yet - showing sample events to demonstrate P&L tracking
✅ Synced 3 Google Calendar events
[2026-06-09 19:07:25] ✅ Sync complete

[2026-06-09 19:08:25] 🔄 Syncing real IBKR data...
✅ Updated current_trades.json with real IBKR data
📅 No executed trades yet - showing sample events to demonstrate P&L tracking
✅ Synced 3 Google Calendar events
[2026-06-09 19:08:25] ✅ Sync complete

[2026-06-09 19:09:25] 🔄 Syncing real IBKR data...
✅ Updated current_trades.json with real IBKR data
📅 No executed trades yet - showing sample events to demonstrate P&L tracking
✅ Synced 3 Google Calendar events
[2026-06-09 19:09:25] ✅ Sync complete

[2026-06-09 19:10:25] 🔄 Syncing real IBKR data...
✅ Updated current_trades.json with real IBKR data
📅 No executed trades yet - showing sample events to demonstrate P&L tracking
✅ Synced 3 Google Calendar events
[2026-06-09 19:10:25] ✅ Sync complete

[2026-06-09 19:11:26] 🔄 Syncing real IBKR data...
✅ Updated current_trades.json with real IBKR data
📅 No executed trades yet - showing sample events to demonstrate P&L tracking
✅ Synced 3 Google Calendar events
[2026-06-09 19:11:26] ✅ Sync complete

[2026-06-09 19:12:26] 🔄 Syncing real IBKR data...
✅ Updated current_trades.json with real IBKR data
📅 No executed trades yet - showing sample events to demonstrate P&L tracking
✅ Synced 3 Google Calendar events
[2026-06-09 19:12:26] ✅ Sync complete

[2026-06-09 19:13:26] 🔄 Syncing real IBKR data...
✅ Updated current_trades.json with real IBKR data
📅 No executed trades yet - showing sample events to demonstrate P&L tracking
✅ Synced 3 Google Calendar events
[2026-06-09 19:13:26] ✅ Sync complete

[2026-06-09 19:14:26] 🔄 Syncing real IBKR data...
✅ Updated current_trades.json with real IBKR data
📅 No executed trades yet - showing sample events to demonstrate P&L tracking
✅ Synced 3 Google Calendar events
[2026-06-09 19:14:26] ✅ Sync complete

[2026-06-09 19:15:26] 🔄 Syncing real IBKR data...
✅ Updated current_trades.json with real IBKR data
📅 No executed trades yet - showing sample events to demonstrate P&L tracking
✅ Synced 3 Google Calendar events
[2026-06-09 19:15:26] ✅ Sync complete

[2026-06-09 19:16:27] 🔄 Syncing real IBKR data...
✅ Updated current_trades.json with real IBKR data
📅 No executed trades yet - showing sample events to demonstrate P&L tracking
✅ Synced 3 Google Calendar events
[2026-06-09 19:16:27] ✅ Sync complete

[2026-06-09 19:17:27] 🔄 Syncing real IBKR data...
✅ Updated current_trades.json with real IBKR data
📅 No executed trades yet - showing sample events to demonstrate P&L tracking
✅ Synced 3 Google Calendar events
[2026-06-09 19:17:27] ✅ Sync complete

[2026-06-09 19:18:27] 🔄 Syncing real IBKR data...
✅ Updated current_trades.json with real IBKR data
📅 No executed trades yet - showing sample events to demonstrate P&L tracking
✅ Synced 3 Google Calendar events
[2026-06-09 19:18:27] ✅ Sync complete

[2026-06-09 19:19:27] 🔄 Syncing real IBKR data...
✅ Updated current_trades.json with real IBKR data
📅 No executed trades yet - showing sample events to demonstrate P&L tracking
✅ Synced 3 Google Calendar events
[2026-06-09 19:19:27] ✅ Sync complete

[2026-06-09 19:20:27] 🔄 Syncing real IBKR data...
✅ Updated current_trades.json with real IBKR data
📅 No executed trades yet - showing sample events to demonstrate P&L tracking
✅ Synced 3 Google Calendar events
[2026-06-09 19:20:27] ✅ Sync complete

[2026-06-09 19:21:28] 🔄 Syncing real IBKR data...
✅ Updated current_trades.json with real IBKR data
📅 No executed trades yet - showing sample events to demonstrate P&L tracking
✅ Synced 3 Google Calendar events
[2026-06-09 19:21:28] ✅ Sync complete

[2026-06-09 19:22:28] 🔄 Syncing real IBKR data...
✅ Updated current_trades.json with real IBKR data
📅 No executed trades yet - showing sample events to demonstrate P&L tracking
✅ Synced 3 Google Calendar events
[2026-06-09 19:22:28] ✅ Sync complete

[2026-06-09 19:23:28] 🔄 Syncing real IBKR data...
✅ Updated current_trades.json with real IBKR data
📅 No executed trades yet - showing sample events to demonstrate P&L tracking
✅ Synced 3 Google Calendar events
[2026-06-09 19:23:28] ✅ Sync complete

[2026-06-09 19:24:28] 🔄 Syncing real IBKR data...
✅ Updated current_trades.json with real IBKR data
📅 No executed trades yet - showing sample events to demonstrate P&L tracking
✅ Synced 3 Google Calendar events
[2026-06-09 19:24:28] ✅ Sync complete

[2026-06-09 19:25:28] 🔄 Syncing real IBKR data...
✅ Updated current_trades.json with real IBKR data
📅 No executed trades yet - showing sample events to demonstrate P&L tracking
✅ Synced 3 Google Calendar events
[2026-06-09 19:25:28] ✅ Sync complete

[2026-06-09 19:26:29] 🔄 Syncing real IBKR data...
✅ Updated current_trades.json with real IBKR data
📅 No executed trades yet - showing sample events to demonstrate P&L tracking
✅ Synced 3 Google Calendar events
[2026-06-09 19:26:29] ✅ Sync complete

[2026-06-09 19:27:29] 🔄 Syncing real IBKR data...
✅ Updated current_trades.json with real IBKR data
📅 No executed trades yet - showing sample events to demonstrate P&L tracking
✅ Synced 3 Google Calendar events
[2026-06-09 19:27:29] ✅ Sync complete

[2026-06-09 19:28:29] 🔄 Syncing real IBKR data...
✅ Updated current_trades.json with real IBKR data
📅 No executed trades yet - showing sample events to demonstrate P&L tracking
✅ Synced 3 Google Calendar events
[2026-06-09 19:28:29] ✅ Sync complete

[2026-06-09 19:29:29] 🔄 Syncing real IBKR data...
✅ Updated current_trades.json with real IBKR data
📅 No executed trades yet - showing sample events to demonstrate P&L tracking
✅ Synced 3 Google Calendar events
[2026-06-09 19:29:29] ✅ Sync complete

[2026-06-09 19:30:29] 🔄 Syncing real IBKR data...
✅ Updated current_trades.json with real IBKR data
📅 No executed trades yet - showing sample events to demonstrate P&L tracking
✅ Synced 3 Google Calendar events
[2026-06-09 19:30:29] ✅ Sync complete

[2026-06-09 19:31:30] 🔄 Syncing real IBKR data...
✅ Updated current_trades.json with real IBKR data
📅 No executed trades yet - showing sample events to demonstrate P&L tracking
✅ Synced 3 Google Calendar events
[2026-06-09 19:31:30] ✅ Sync complete

[2026-06-09 19:32:30] 🔄 Syncing real IBKR data...
✅ Updated current_trades.json with real IBKR data
📅 No executed trades yet - showing sample events to demonstrate P&L tracking
✅ Synced 3 Google Calendar events
[2026-06-09 19:32:30] ✅ Sync complete

[2026-06-09 19:33:30] 🔄 Syncing real IBKR data...
✅ Updated current_trades.json with real IBKR data
📅 No executed trades yet - showing sample events to demonstrate P&L tracking
✅ Synced 3 Google Calendar events
[2026-06-09 19:33:30] ✅ Sync complete

[2026-06-09 19:34:30] 🔄 Syncing real IBKR data...
✅ Updated current_trades.json with real IBKR data
📅 No executed trades yet - showing sample events to demonstrate P&L tracking
✅ Synced 3 Google Calendar events
[2026-06-09 19:34:30] ✅ Sync complete

[2026-06-09 19:35:30] 🔄 Syncing real IBKR data...
✅ Updated current_trades.json with real IBKR data
📅 No executed trades yet - showing sample events to demonstrate P&L tracking
✅ Synced 3 Google Calendar events
[2026-06-09 19:35:30] ✅ Sync complete

[2026-06-09 19:36:31] 🔄 Syncing real IBKR data...
✅ Updated current_trades.json with real IBKR data
📅 No executed trades yet - showing sample events to demonstrate P&L tracking
✅ Synced 3 Google Calendar events
[2026-06-09 19:36:31] ✅ Sync complete

[2026-06-09 19:37:31] 🔄 Syncing real IBKR data...
✅ Updated current_trades.json with real IBKR data
📅 No executed trades yet - showing sample events to demonstrate P&L tracking
✅ Synced 3 Google Calendar events
[2026-06-09 19:37:31] ✅ Sync complete

[2026-06-09 19:38:31] 🔄 Syncing real IBKR data...
✅ Updated current_trades.json with real IBKR data
📅 No executed trades yet - showing sample events to demonstrate P&L tracking
✅ Synced 3 Google Calendar events
[2026-06-09 19:38:31] ✅ Sync complete

[2026-06-09 19:39:31] 🔄 Syncing real IBKR data...
✅ Updated current_trades.json with real IBKR data
📅 No executed trades yet - showing sample events to demonstrate P&L tracking
✅ Synced 3 Google Calendar events
[2026-06-09 19:39:31] ✅ Sync complete

[2026-06-09 19:40:31] 🔄 Syncing real IBKR data...
✅ Updated current_trades.json with real IBKR data
📅 No executed trades yet - showing sample events to demonstrate P&L tracking
✅ Synced 3 Google Calendar events
[2026-06-09 19:40:32] ✅ Sync complete

[2026-06-09 19:41:32] 🔄 Syncing real IBKR data...
✅ Updated current_trades.json with real IBKR data
📅 No executed trades yet - showing sample events to demonstrate P&L tracking
✅ Synced 3 Google Calendar events
[2026-06-09 19:41:32] ✅ Sync complete

[2026-06-09 19:42:32] 🔄 Syncing real IBKR data...
✅ Updated current_trades.json with real IBKR data
📅 No executed trades yet - showing sample events to demonstrate P&L tracking
✅ Synced 3 Google Calendar events
[2026-06-09 19:42:32] ✅ Sync complete

[2026-06-09 19:43:32] 🔄 Syncing real IBKR data...
✅ Updated current_trades.json with real IBKR data
📅 No executed trades yet - showing sample events to demonstrate P&L tracking
✅ Synced 3 Google Calendar events
[2026-06-09 19:43:32] ✅ Sync complete

[2026-06-09 19:44:32] 🔄 Syncing real IBKR data...
✅ Updated current_trades.json with real IBKR data
📅 No executed trades yet - showing sample events to demonstrate P&L tracking
✅ Synced 3 Google Calendar events
[2026-06-09 19:44:32] ✅ Sync complete

[2026-06-09 19:45:33] 🔄 Syncing real IBKR data...
✅ Updated current_trades.json with real IBKR data
📅 No executed trades yet - showing sample events to demonstrate P&L tracking
✅ Synced 3 Google Calendar events
[2026-06-09 19:45:33] ✅ Sync complete

[2026-06-09 19:46:33] 🔄 Syncing real IBKR data...
✅ Updated current_trades.json with real IBKR data
📅 No executed trades yet - showing sample events to demonstrate P&L tracking
✅ Synced 3 Google Calendar events
[2026-06-09 19:46:33] ✅ Sync complete

[2026-06-09 19:47:33] 🔄 Syncing real IBKR data...
✅ Updated current_trades.json with real IBKR data
📅 No executed trades yet - showing sample events to demonstrate P&L tracking
✅ Synced 3 Google Calendar events
[2026-06-09 19:47:33] ✅ Sync complete

[2026-06-09 19:48:33] 🔄 Syncing real IBKR data...
✅ Updated current_trades.json with real IBKR data
📅 No executed trades yet - showing sample events to demonstrate P&L tracking
✅ Synced 3 Google Calendar events
[2026-06-09 19:48:33] ✅ Sync complete

[2026-06-09 19:49:33] 🔄 Syncing real IBKR data...
✅ Updated current_trades.json with real IBKR data
📅 No executed trades yet - showing sample events to demonstrate P&L tracking
✅ Synced 3 Google Calendar events
[2026-06-09 19:49:33] ✅ Sync complete

[2026-06-09 19:50:34] 🔄 Syncing real IBKR data...
✅ Updated current_trades.json with real IBKR data
📅 No executed trades yet - showing sample events to demonstrate P&L tracking
✅ Synced 3 Google Calendar events
[2026-06-09 19:50:34] ✅ Sync complete

[2026-06-09 19:51:34] 🔄 Syncing real IBKR data...
✅ Updated current_trades.json with real IBKR data
📅 No executed trades yet - showing sample events to demonstrate P&L tracking
✅ Synced 3 Google Calendar events
[2026-06-09 19:51:34] ✅ Sync complete

[2026-06-09 19:52:34] 🔄 Syncing real IBKR data...
✅ Updated current_trades.json with real IBKR data
📅 No executed trades yet - showing sample events to demonstrate P&L tracking
✅ Synced 3 Google Calendar events
[2026-06-09 19:52:34] ✅ Sync complete

[2026-06-09 19:53:34] 🔄 Syncing real IBKR data...
✅ Updated current_trades.json with real IBKR data
📅 No executed trades yet - showing sample events to demonstrate P&L tracking
✅ Synced 3 Google Calendar events
[2026-06-09 19:53:34] ✅ Sync complete

[2026-06-09 19:54:34] 🔄 Syncing real IBKR data...
✅ Updated current_trades.json with real IBKR data
📅 No executed trades yet - showing sample events to demonstrate P&L tracking
✅ Synced 3 Google Calendar events
[2026-06-09 19:54:35] ✅ Sync complete

[2026-06-09 19:55:35] 🔄 Syncing real IBKR data...
✅ Updated current_trades.json with real IBKR data
📅 No executed trades yet - showing sample events to demonstrate P&L tracking
✅ Synced 3 Google Calendar events
[2026-06-09 19:55:35] ✅ Sync complete

[2026-06-09 19:56:35] 🔄 Syncing real IBKR data...
✅ Updated current_trades.json with real IBKR data
📅 No executed trades yet - showing sample events to demonstrate P&L tracking
✅ Synced 3 Google Calendar events
[2026-06-09 19:56:35] ✅ Sync complete

[2026-06-09 19:57:35] 🔄 Syncing real IBKR data...
✅ Updated current_trades.json with real IBKR data
📅 No executed trades yet - showing sample events to demonstrate P&L tracking
✅ Synced 3 Google Calendar events
[2026-06-09 19:57:35] ✅ Sync complete

[2026-06-09 19:58:35] 🔄 Syncing real IBKR data...
✅ Updated current_trades.json with real IBKR data
📅 No executed trades yet - showing sample events to demonstrate P&L tracking
✅ Synced 3 Google Calendar events
[2026-06-09 19:58:35] ✅ Sync complete

[2026-06-09 19:59:36] 🔄 Syncing real IBKR data...
✅ Updated current_trades.json with real IBKR data
📅 No executed trades yet - showing sample events to demonstrate P&L tracking
✅ Synced 3 Google Calendar events
[2026-06-09 19:59:36] ✅ Sync complete

[2026-06-09 20:00:36] 🔄 Syncing real IBKR data...
✅ Updated current_trades.json with real IBKR data
📅 No executed trades yet - showing sample events to demonstrate P&L tracking
✅ Synced 3 Google Calendar events
[2026-06-09 20:00:36] ✅ Sync complete

[2026-06-09 20:01:36] 🔄 Syncing real IBKR data...
✅ Updated current_trades.json with real IBKR data
📅 No executed trades yet - showing sample events to demonstrate P&L tracking
✅ Synced 3 Google Calendar events
[2026-06-09 20:01:36] ✅ Sync complete

[2026-06-09 20:02:36] 🔄 Syncing real IBKR data...
✅ Updated current_trades.json with real IBKR data
📅 No executed trades yet - showing sample events to demonstrate P&L tracking
✅ Synced 3 Google Calendar events
[2026-06-09 20:02:36] ✅ Sync complete

[2026-06-09 20:03:36] 🔄 Syncing real IBKR data...
✅ Updated current_trades.json with real IBKR data
📅 No executed trades yet - showing sample events to demonstrate P&L tracking
✅ Synced 3 Google Calendar events
[2026-06-09 20:03:36] ✅ Sync complete

[2026-06-09 20:04:37] 🔄 Syncing real IBKR data...
✅ Updated current_trades.json with real IBKR data
📅 No executed trades yet - showing sample events to demonstrate P&L tracking
✅ Synced 3 Google Calendar events
[2026-06-09 20:04:37] ✅ Sync complete

[2026-06-09 20:05:37] 🔄 Syncing real IBKR data...
✅ Updated current_trades.json with real IBKR data
📅 No executed trades yet - showing sample events to demonstrate P&L tracking
✅ Synced 3 Google Calendar events
[2026-06-09 20:05:37] ✅ Sync complete

[2026-06-09 20:06:37] 🔄 Syncing real IBKR data...
✅ Updated current_trades.json with real IBKR data
📅 No executed trades yet - showing sample events to demonstrate P&L tracking
✅ Synced 3 Google Calendar events
[2026-06-09 20:06:37] ✅ Sync complete

[2026-06-09 20:07:37] 🔄 Syncing real IBKR data...
✅ Updated current_trades.json with real IBKR data
📅 No executed trades yet - showing sample events to demonstrate P&L tracking
✅ Synced 3 Google Calendar events
[2026-06-09 20:07:37] ✅ Sync complete

[2026-06-09 20:08:38] 🔄 Syncing real IBKR data...
✅ Updated current_trades.json with real IBKR data
📅 No executed trades yet - showing sample events to demonstrate P&L tracking
✅ Synced 3 Google Calendar events
[2026-06-09 20:08:38] ✅ Sync complete

[2026-06-09 20:09:38] 🔄 Syncing real IBKR data...
✅ Updated current_trades.json with real IBKR data
📅 No executed trades yet - showing sample events to demonstrate P&L tracking
✅ Synced 3 Google Calendar events
[2026-06-09 20:09:38] ✅ Sync complete

[2026-06-09 20:10:38] 🔄 Syncing real IBKR data...
✅ Updated current_trades.json with real IBKR data
📅 No executed trades yet - showing sample events to demonstrate P&L tracking
✅ Synced 3 Google Calendar events
[2026-06-09 20:10:38] ✅ Sync complete

[2026-06-09 20:11:38] 🔄 Syncing real IBKR data...
✅ Updated current_trades.json with real IBKR data
📅 No executed trades yet - showing sample events to demonstrate P&L tracking
✅ Synced 3 Google Calendar events
[2026-06-09 20:11:38] ✅ Sync complete

[2026-06-09 20:12:38] 🔄 Syncing real IBKR data...
✅ Updated current_trades.json with real IBKR data
📅 No executed trades yet - showing sample events to demonstrate P&L tracking
✅ Synced 3 Google Calendar events
[2026-06-09 20:12:38] ✅ Sync complete

[2026-06-09 20:13:39] 🔄 Syncing real IBKR data...
✅ Updated current_trades.json with real IBKR data
📅 No executed trades yet - showing sample events to demonstrate P&L tracking
✅ Synced 3 Google Calendar events
[2026-06-09 20:13:39] ✅ Sync complete

[2026-06-09 20:14:39] 🔄 Syncing real IBKR data...
✅ Updated current_trades.json with real IBKR data
📅 No executed trades yet - showing sample events to demonstrate P&L tracking
✅ Synced 3 Google Calendar events
[2026-06-09 20:14:39] ✅ Sync complete

[2026-06-09 20:15:39] 🔄 Syncing real IBKR data...
✅ Updated current_trades.json with real IBKR data
📅 No executed trades yet - showing sample events to demonstrate P&L tracking
✅ Synced 3 Google Calendar events
[2026-06-09 20:15:39] ✅ Sync complete

[2026-06-09 20:16:39] 🔄 Syncing real IBKR data...
✅ Updated current_trades.json with real IBKR data
📅 No executed trades yet - showing sample events to demonstrate P&L tracking
✅ Synced 3 Google Calendar events
[2026-06-09 20:16:39] ✅ Sync complete

[2026-06-09 20:17:39] 🔄 Syncing real IBKR data...
✅ Updated current_trades.json with real IBKR data
📅 No executed trades yet - showing sample events to demonstrate P&L tracking
✅ Synced 3 Google Calendar events
[2026-06-09 20:17:39] ✅ Sync complete

[2026-06-09 20:18:40] 🔄 Syncing real IBKR data...
✅ Updated current_trades.json with real IBKR data
📅 No executed trades yet - showing sample events to demonstrate P&L tracking
✅ Synced 3 Google Calendar events
[2026-06-09 20:18:40] ✅ Sync complete

[2026-06-09 20:19:40] 🔄 Syncing real IBKR data...
✅ Updated current_trades.json with real IBKR data
📅 No executed trades yet - showing sample events to demonstrate P&L tracking
✅ Synced 3 Google Calendar events
[2026-06-09 20:19:40] ✅ Sync complete

[2026-06-09 20:20:40] 🔄 Syncing real IBKR data...
✅ Updated current_trades.json with real IBKR data
📅 No executed trades yet - showing sample events to demonstrate P&L tracking
✅ Synced 3 Google Calendar events
[2026-06-09 20:20:40] ✅ Sync complete

[2026-06-09 20:21:40] 🔄 Syncing real IBKR data...
✅ Updated current_trades.json with real IBKR data
📅 No executed trades yet - showing sample events to demonstrate P&L tracking
✅ Synced 3 Google Calendar events
[2026-06-09 20:21:40] ✅ Sync complete

[2026-06-09 20:22:40] 🔄 Syncing real IBKR data...
✅ Updated current_trades.json with real IBKR data
📅 No executed trades yet - showing sample events to demonstrate P&L tracking
✅ Synced 3 Google Calendar events
[2026-06-09 20:22:40] ✅ Sync complete

[2026-06-09 20:23:41] 🔄 Syncing real IBKR data...
✅ Updated current_trades.json with real IBKR data
📅 No executed trades yet - showing sample events to demonstrate P&L tracking
✅ Synced 3 Google Calendar events
[2026-06-09 20:23:41] ✅ Sync complete

[2026-06-09 20:24:41] 🔄 Syncing real IBKR data...
✅ Updated current_trades.json with real IBKR data
📅 No executed trades yet - showing sample events to demonstrate P&L tracking
✅ Synced 3 Google Calendar events
[2026-06-09 20:24:41] ✅ Sync complete

[2026-06-09 20:25:41] 🔄 Syncing real IBKR data...
✅ Updated current_trades.json with real IBKR data
📅 No executed trades yet - showing sample events to demonstrate P&L tracking
✅ Synced 3 Google Calendar events
[2026-06-09 20:25:41] ✅ Sync complete

[2026-06-09 20:26:41] 🔄 Syncing real IBKR data...
✅ Updated current_trades.json with real IBKR data
📅 No executed trades yet - showing sample events to demonstrate P&L tracking
✅ Synced 3 Google Calendar events
[2026-06-09 20:26:41] ✅ Sync complete

[2026-06-09 20:27:41] 🔄 Syncing real IBKR data...
✅ Updated current_trades.json with real IBKR data
📅 No executed trades yet - showing sample events to demonstrate P&L tracking
✅ Synced 3 Google Calendar events
[2026-06-09 20:27:41] ✅ Sync complete

[2026-06-09 20:28:42] 🔄 Syncing real IBKR data...
✅ Updated current_trades.json with real IBKR data
📅 No executed trades yet - showing sample events to demonstrate P&L tracking
✅ Synced 3 Google Calendar events
[2026-06-09 20:28:42] ✅ Sync complete

[2026-06-09 20:29:42] 🔄 Syncing real IBKR data...
✅ Updated current_trades.json with real IBKR data
📅 No executed trades yet - showing sample events to demonstrate P&L tracking
✅ Synced 3 Google Calendar events
[2026-06-09 20:29:42] ✅ Sync complete

[2026-06-09 20:30:42] 🔄 Syncing real IBKR data...
✅ Updated current_trades.json with real IBKR data
📅 No executed trades yet - showing sample events to demonstrate P&L tracking
✅ Synced 3 Google Calendar events
[2026-06-09 20:30:42] ✅ Sync complete

[2026-06-09 20:31:42] 🔄 Syncing real IBKR data...
✅ Updated current_trades.json with real IBKR data
📅 No executed trades yet - showing sample events to demonstrate P&L tracking
✅ Synced 3 Google Calendar events
[2026-06-09 20:31:42] ✅ Sync complete

[2026-06-09 20:32:43] 🔄 Syncing real IBKR data...
✅ Updated current_trades.json with real IBKR data
📅 No executed trades yet - showing sample events to demonstrate P&L tracking
✅ Synced 3 Google Calendar events
[2026-06-09 20:32:43] ✅ Sync complete

[2026-06-09 20:33:43] 🔄 Syncing real IBKR data...
✅ Updated current_trades.json with real IBKR data
📅 No executed trades yet - showing sample events to demonstrate P&L tracking
✅ Synced 3 Google Calendar events
[2026-06-09 20:33:43] ✅ Sync complete

[2026-06-09 20:34:43] 🔄 Syncing real IBKR data...
✅ Updated current_trades.json with real IBKR data
📅 No executed trades yet - showing sample events to demonstrate P&L tracking
✅ Synced 3 Google Calendar events
[2026-06-09 20:34:43] ✅ Sync complete

[2026-06-09 20:35:43] 🔄 Syncing real IBKR data...
✅ Updated current_trades.json with real IBKR data
📅 No executed trades yet - showing sample events to demonstrate P&L tracking
✅ Synced 3 Google Calendar events
[2026-06-09 20:35:43] ✅ Sync complete

[2026-06-09 20:36:43] 🔄 Syncing real IBKR data...
✅ Updated current_trades.json with real IBKR data
📅 No executed trades yet - showing sample events to demonstrate P&L tracking
✅ Synced 3 Google Calendar events
[2026-06-09 20:36:43] ✅ Sync complete

[2026-06-09 20:37:44] 🔄 Syncing real IBKR data...
✅ Updated current_trades.json with real IBKR data
📅 No executed trades yet - showing sample events to demonstrate P&L tracking
✅ Synced 3 Google Calendar events
[2026-06-09 20:37:44] ✅ Sync complete

[2026-06-09 20:38:44] 🔄 Syncing real IBKR data...
✅ Updated current_trades.json with real IBKR data
📅 No executed trades yet - showing sample events to demonstrate P&L tracking
✅ Synced 3 Google Calendar events
[2026-06-09 20:38:44] ✅ Sync complete

[2026-06-09 20:39:44] 🔄 Syncing real IBKR data...
✅ Updated current_trades.json with real IBKR data
📅 No executed trades yet - showing sample events to demonstrate P&L tracking
✅ Synced 3 Google Calendar events
[2026-06-09 20:39:44] ✅ Sync complete

[2026-06-09 20:40:44] 🔄 Syncing real IBKR data...
✅ Updated current_trades.json with real IBKR data
📅 No executed trades yet - showing sample events to demonstrate P&L tracking
✅ Synced 3 Google Calendar events
[2026-06-09 20:40:44] ✅ Sync complete

[2026-06-09 20:41:44] 🔄 Syncing real IBKR data...
✅ Updated current_trades.json with real IBKR data
📅 No executed trades yet - showing sample events to demonstrate P&L tracking
✅ Synced 3 Google Calendar events
[2026-06-09 20:41:44] ✅ Sync complete

[2026-06-09 20:42:45] 🔄 Syncing real IBKR data...
✅ Updated current_trades.json with real IBKR data
📅 No executed trades yet - showing sample events to demonstrate P&L tracking
✅ Synced 3 Google Calendar events
[2026-06-09 20:42:45] ✅ Sync complete

[2026-06-09 20:43:45] 🔄 Syncing real IBKR data...
✅ Updated current_trades.json with real IBKR data
📅 No executed trades yet - showing sample events to demonstrate P&L tracking
✅ Synced 3 Google Calendar events
[2026-06-09 20:43:45] ✅ Sync complete

[2026-06-09 20:44:45] 🔄 Syncing real IBKR data...
✅ Updated current_trades.json with real IBKR data
📅 No executed trades yet - showing sample events to demonstrate P&L tracking
✅ Synced 3 Google Calendar events
[2026-06-09 20:44:45] ✅ Sync complete

[2026-06-09 20:45:45] 🔄 Syncing real IBKR data...
✅ Updated current_trades.json with real IBKR data
📅 No executed trades yet - showing sample events to demonstrate P&L tracking
✅ Synced 3 Google Calendar events
[2026-06-09 20:45:45] ✅ Sync complete

[2026-06-09 20:46:45] 🔄 Syncing real IBKR data...
✅ Updated current_trades.json with real IBKR data
📅 No executed trades yet - showing sample events to demonstrate P&L tracking
✅ Synced 3 Google Calendar events
[2026-06-09 20:46:45] ✅ Sync complete

[2026-06-09 20:47:46] 🔄 Syncing real IBKR data...
✅ Updated current_trades.json with real IBKR data
📅 No executed trades yet - showing sample events to demonstrate P&L tracking
✅ Synced 3 Google Calendar events
[2026-06-09 20:47:46] ✅ Sync complete

[2026-06-09 20:48:46] 🔄 Syncing real IBKR data...
✅ Updated current_trades.json with real IBKR data
📅 No executed trades yet - showing sample events to demonstrate P&L tracking
✅ Synced 3 Google Calendar events
[2026-06-09 20:48:46] ✅ Sync complete

[2026-06-09 20:49:46] 🔄 Syncing real IBKR data...
✅ Updated current_trades.json with real IBKR data
📅 No executed trades yet - showing sample events to demonstrate P&L tracking
✅ Synced 3 Google Calendar events
[2026-06-09 20:49:46] ✅ Sync complete

[2026-06-09 20:50:46] 🔄 Syncing real IBKR data...
✅ Updated current_trades.json with real IBKR data
📅 No executed trades yet - showing sample events to demonstrate P&L tracking
✅ Synced 3 Google Calendar events
[2026-06-09 20:50:46] ✅ Sync complete

[2026-06-09 20:51:46] 🔄 Syncing real IBKR data...
✅ Updated current_trades.json with real IBKR data
📅 No executed trades yet - showing sample events to demonstrate P&L tracking
✅ Synced 3 Google Calendar events
[2026-06-09 20:51:46] ✅ Sync complete

[2026-06-09 20:52:47] 🔄 Syncing real IBKR data...
✅ Updated current_trades.json with real IBKR data
📅 No executed trades yet - showing sample events to demonstrate P&L tracking
✅ Synced 3 Google Calendar events
[2026-06-09 20:52:47] ✅ Sync complete

[2026-06-09 20:53:47] 🔄 Syncing real IBKR data...
✅ Updated current_trades.json with real IBKR data
📅 No executed trades yet - showing sample events to demonstrate P&L tracking
✅ Synced 3 Google Calendar events
[2026-06-09 20:53:47] ✅ Sync complete

[2026-06-09 20:54:47] 🔄 Syncing real IBKR data...
✅ Updated current_trades.json with real IBKR data
📅 No executed trades yet - showing sample events to demonstrate P&L tracking
✅ Synced 3 Google Calendar events
[2026-06-09 20:54:47] ✅ Sync complete

[2026-06-09 20:55:47] 🔄 Syncing real IBKR data...
✅ Updated current_trades.json with real IBKR data
📅 No executed trades yet - showing sample events to demonstrate P&L tracking
✅ Synced 3 Google Calendar events
[2026-06-09 20:55:47] ✅ Sync complete

[2026-06-09 20:56:47] 🔄 Syncing real IBKR data...
✅ Updated current_trades.json with real IBKR data
📅 No executed trades yet - showing sample events to demonstrate P&L tracking
✅ Synced 3 Google Calendar events
[2026-06-09 20:56:47] ✅ Sync complete

[2026-06-09 20:57:48] 🔄 Syncing real IBKR data...
✅ Updated current_trades.json with real IBKR data
📅 No executed trades yet - showing sample events to demonstrate P&L tracking
✅ Synced 3 Google Calendar events
[2026-06-09 20:57:48] ✅ Sync complete

[2026-06-09 20:58:48] 🔄 Syncing real IBKR data...
✅ Updated current_trades.json with real IBKR data
📅 No executed trades yet - showing sample events to demonstrate P&L tracking
✅ Synced 3 Google Calendar events
[2026-06-09 20:58:48] ✅ Sync complete

[2026-06-09 20:59:48] 🔄 Syncing real IBKR data...
✅ Updated current_trades.json with real IBKR data
📅 No executed trades yet - showing sample events to demonstrate P&L tracking
✅ Synced 3 Google Calendar events
[2026-06-09 20:59:48] ✅ Sync complete

[2026-06-09 21:00:48] 🔄 Syncing real IBKR data...
✅ Updated current_trades.json with real IBKR data
📅 No executed trades yet - showing sample events to demonstrate P&L tracking
✅ Synced 3 Google Calendar events
[2026-06-09 21:00:48] ✅ Sync complete

[2026-06-09 21:01:48] 🔄 Syncing real IBKR data...
✅ Updated current_trades.json with real IBKR data
📅 No executed trades yet - showing sample events to demonstrate P&L tracking
✅ Synced 3 Google Calendar events
[2026-06-09 21:01:48] ✅ Sync complete

[2026-06-09 21:02:49] 🔄 Syncing real IBKR data...
✅ Updated current_trades.json with real IBKR data
📅 No executed trades yet - showing sample events to demonstrate P&L tracking
✅ Synced 3 Google Calendar events
[2026-06-09 21:02:49] ✅ Sync complete

[2026-06-09 21:03:49] 🔄 Syncing real IBKR data...
✅ Updated current_trades.json with real IBKR data
📅 No executed trades yet - showing sample events to demonstrate P&L tracking
✅ Synced 3 Google Calendar events
[2026-06-09 21:03:49] ✅ Sync complete

[2026-06-09 21:04:49] 🔄 Syncing real IBKR data...
✅ Updated current_trades.json with real IBKR data
📅 No executed trades yet - showing sample events to demonstrate P&L tracking
✅ Synced 3 Google Calendar events
[2026-06-09 21:04:49] ✅ Sync complete

[2026-06-09 21:05:49] 🔄 Syncing real IBKR data...
✅ Updated current_trades.json with real IBKR data
📅 No executed trades yet - showing sample events to demonstrate P&L tracking
✅ Synced 3 Google Calendar events
[2026-06-09 21:05:49] ✅ Sync complete

[2026-06-09 21:06:49] 🔄 Syncing real IBKR data...
✅ Updated current_trades.json with real IBKR data
📅 No executed trades yet - showing sample events to demonstrate P&L tracking
✅ Synced 3 Google Calendar events
[2026-06-09 21:06:49] ✅ Sync complete

[2026-06-09 21:07:50] 🔄 Syncing real IBKR data...
✅ Updated current_trades.json with real IBKR data
📅 No executed trades yet - showing sample events to demonstrate P&L tracking
✅ Synced 3 Google Calendar events
[2026-06-09 21:07:50] ✅ Sync complete

[2026-06-09 21:08:50] 🔄 Syncing real IBKR data...
✅ Updated current_trades.json with real IBKR data
📅 No executed trades yet - showing sample events to demonstrate P&L tracking
✅ Synced 3 Google Calendar events
[2026-06-09 21:08:50] ✅ Sync complete

[2026-06-09 21:09:50] 🔄 Syncing real IBKR data...
✅ Updated current_trades.json with real IBKR data
📅 No executed trades yet - showing sample events to demonstrate P&L tracking
✅ Synced 3 Google Calendar events
[2026-06-09 21:09:50] ✅ Sync complete

[2026-06-09 21:10:50] 🔄 Syncing real IBKR data...
✅ Updated current_trades.json with real IBKR data
📅 No executed trades yet - showing sample events to demonstrate P&L tracking
✅ Synced 3 Google Calendar events
[2026-06-09 21:10:50] ✅ Sync complete

[2026-06-09 21:11:51] 🔄 Syncing real IBKR data...
✅ Updated current_trades.json with real IBKR data
📅 No executed trades yet - showing sample events to demonstrate P&L tracking
✅ Synced 3 Google Calendar events
[2026-06-09 21:11:51] ✅ Sync complete

[2026-06-09 21:12:51] 🔄 Syncing real IBKR data...
✅ Updated current_trades.json with real IBKR data
📅 No executed trades yet - showing sample events to demonstrate P&L tracking
✅ Synced 3 Google Calendar events
[2026-06-09 21:12:51] ✅ Sync complete

[2026-06-09 21:13:51] 🔄 Syncing real IBKR data...
✅ Updated current_trades.json with real IBKR data
📅 No executed trades yet - showing sample events to demonstrate P&L tracking
✅ Synced 3 Google Calendar events
[2026-06-09 21:13:51] ✅ Sync complete

[2026-06-09 21:14:51] 🔄 Syncing real IBKR data...
✅ Updated current_trades.json with real IBKR data
📅 No executed trades yet - showing sample events to demonstrate P&L tracking
✅ Synced 3 Google Calendar events
[2026-06-09 21:14:51] ✅ Sync complete

[2026-06-09 21:15:51] 🔄 Syncing real IBKR data...
✅ Updated current_trades.json with real IBKR data
📅 No executed trades yet - showing sample events to demonstrate P&L tracking
✅ Synced 3 Google Calendar events
[2026-06-09 21:15:51] ✅ Sync complete

[2026-06-09 21:16:52] 🔄 Syncing real IBKR data...
✅ Updated current_trades.json with real IBKR data
📅 No executed trades yet - showing sample events to demonstrate P&L tracking
✅ Synced 3 Google Calendar events
[2026-06-09 21:16:52] ✅ Sync complete

[2026-06-09 21:17:52] 🔄 Syncing real IBKR data...
✅ Updated current_trades.json with real IBKR data
📅 No executed trades yet - showing sample events to demonstrate P&L tracking
✅ Synced 3 Google Calendar events
[2026-06-09 21:17:52] ✅ Sync complete

[2026-06-09 21:18:52] 🔄 Syncing real IBKR data...
✅ Updated current_trades.json with real IBKR data
📅 No executed trades yet - showing sample events to demonstrate P&L tracking
✅ Synced 3 Google Calendar events
[2026-06-09 21:18:52] ✅ Sync complete

[2026-06-09 21:19:52] 🔄 Syncing real IBKR data...
✅ Updated current_trades.json with real IBKR data
📅 No executed trades yet - showing sample events to demonstrate P&L tracking
✅ Synced 3 Google Calendar events
[2026-06-09 21:19:52] ✅ Sync complete

[2026-06-09 21:20:52] 🔄 Syncing real IBKR data...
✅ Updated current_trades.json with real IBKR data
📅 No executed trades yet - showing sample events to demonstrate P&L tracking
✅ Synced 3 Google Calendar events
[2026-06-09 21:20:52] ✅ Sync complete

[2026-06-09 21:21:53] 🔄 Syncing real IBKR data...
✅ Updated current_trades.json with real IBKR data
📅 No executed trades yet - showing sample events to demonstrate P&L tracking
✅ Synced 3 Google Calendar events
[2026-06-09 21:21:53] ✅ Sync complete

[2026-06-09 21:22:53] 🔄 Syncing real IBKR data...
✅ Updated current_trades.json with real IBKR data
📅 No executed trades yet - showing sample events to demonstrate P&L tracking
✅ Synced 3 Google Calendar events
[2026-06-09 21:22:53] ✅ Sync complete

[2026-06-09 21:23:53] 🔄 Syncing real IBKR data...
✅ Updated current_trades.json with real IBKR data
📅 No executed trades yet - showing sample events to demonstrate P&L tracking
✅ Synced 3 Google Calendar events
[2026-06-09 21:23:53] ✅ Sync complete

[2026-06-09 21:24:53] 🔄 Syncing real IBKR data...
✅ Updated current_trades.json with real IBKR data
📅 No executed trades yet - showing sample events to demonstrate P&L tracking
✅ Synced 3 Google Calendar events
[2026-06-09 21:24:53] ✅ Sync complete

[2026-06-09 21:25:53] 🔄 Syncing real IBKR data...
✅ Updated current_trades.json with real IBKR data
📅 No executed trades yet - showing sample events to demonstrate P&L tracking
✅ Synced 3 Google Calendar events
[2026-06-09 21:25:53] ✅ Sync complete

[2026-06-09 21:26:54] 🔄 Syncing real IBKR data...
✅ Updated current_trades.json with real IBKR data
📅 No executed trades yet - showing sample events to demonstrate P&L tracking
✅ Synced 3 Google Calendar events
[2026-06-09 21:26:54] ✅ Sync complete

[2026-06-09 21:27:54] 🔄 Syncing real IBKR data...
✅ Updated current_trades.json with real IBKR data
📅 No executed trades yet - showing sample events to demonstrate P&L tracking
✅ Synced 3 Google Calendar events
[2026-06-09 21:27:54] ✅ Sync complete

[2026-06-09 21:28:54] 🔄 Syncing real IBKR data...
✅ Updated current_trades.json with real IBKR data
📅 No executed trades yet - showing sample events to demonstrate P&L tracking
✅ Synced 3 Google Calendar events
[2026-06-09 21:28:54] ✅ Sync complete

[2026-06-09 21:29:54] 🔄 Syncing real IBKR data...
✅ Updated current_trades.json with real IBKR data
📅 No executed trades yet - showing sample events to demonstrate P&L tracking
✅ Synced 3 Google Calendar events
[2026-06-09 21:29:54] ✅ Sync complete

[2026-06-09 21:30:54] 🔄 Syncing real IBKR data...
✅ Updated current_trades.json with real IBKR data
📅 No executed trades yet - showing sample events to demonstrate P&L tracking
✅ Synced 3 Google Calendar events
[2026-06-09 21:30:54] ✅ Sync complete

[2026-06-09 21:31:55] 🔄 Syncing real IBKR data...
✅ Updated current_trades.json with real IBKR data
📅 No executed trades yet - showing sample events to demonstrate P&L tracking
✅ Synced 3 Google Calendar events
[2026-06-09 21:31:55] ✅ Sync complete

[2026-06-09 21:32:55] 🔄 Syncing real IBKR data...
✅ Updated current_trades.json with real IBKR data
📅 No executed trades yet - showing sample events to demonstrate P&L tracking
✅ Synced 3 Google Calendar events
[2026-06-09 21:32:55] ✅ Sync complete

[2026-06-09 21:33:55] 🔄 Syncing real IBKR data...
✅ Updated current_trades.json with real IBKR data
📅 No executed trades yet - showing sample events to demonstrate P&L tracking
✅ Synced 3 Google Calendar events
[2026-06-09 21:33:55] ✅ Sync complete

[2026-06-09 21:34:55] 🔄 Syncing real IBKR data...
✅ Updated current_trades.json with real IBKR data
📅 No executed trades yet - showing sample events to demonstrate P&L tracking
✅ Synced 3 Google Calendar events
[2026-06-09 21:34:55] ✅ Sync complete

[2026-06-09 21:35:56] 🔄 Syncing real IBKR data...
✅ Updated current_trades.json with real IBKR data
📅 No executed trades yet - showing sample events to demonstrate P&L tracking
✅ Synced 3 Google Calendar events
[2026-06-09 21:35:56] ✅ Sync complete

[2026-06-09 21:36:56] 🔄 Syncing real IBKR data...
✅ Updated current_trades.json with real IBKR data
📅 No executed trades yet - showing sample events to demonstrate P&L tracking
✅ Synced 3 Google Calendar events
[2026-06-09 21:36:56] ✅ Sync complete

[2026-06-09 21:37:56] 🔄 Syncing real IBKR data...
✅ Updated current_trades.json with real IBKR data
📅 No executed trades yet - showing sample events to demonstrate P&L tracking
✅ Synced 3 Google Calendar events
[2026-06-09 21:37:56] ✅ Sync complete

[2026-06-09 21:38:56] 🔄 Syncing real IBKR data...
✅ Updated current_trades.json with real IBKR data
📅 No executed trades yet - showing sample events to demonstrate P&L tracking
✅ Synced 3 Google Calendar events
[2026-06-09 21:38:56] ✅ Sync complete

[2026-06-09 21:39:56] 🔄 Syncing real IBKR data...
✅ Updated current_trades.json with real IBKR data
📅 No executed trades yet - showing sample events to demonstrate P&L tracking
✅ Synced 3 Google Calendar events
[2026-06-09 21:39:56] ✅ Sync complete

[2026-06-09 21:40:57] 🔄 Syncing real IBKR data...
✅ Updated current_trades.json with real IBKR data
📅 No executed trades yet - showing sample events to demonstrate P&L tracking
✅ Synced 3 Google Calendar events
[2026-06-09 21:40:57] ✅ Sync complete

[2026-06-09 21:41:57] 🔄 Syncing real IBKR data...
✅ Updated current_trades.json with real IBKR data
📅 No executed trades yet - showing sample events to demonstrate P&L tracking
✅ Synced 3 Google Calendar events
[2026-06-09 21:41:57] ✅ Sync complete

[2026-06-09 21:42:57] 🔄 Syncing real IBKR data...
✅ Updated current_trades.json with real IBKR data
📅 No executed trades yet - showing sample events to demonstrate P&L tracking
✅ Synced 3 Google Calendar events
[2026-06-09 21:42:57] ✅ Sync complete

[2026-06-09 21:43:57] 🔄 Syncing real IBKR data...
✅ Updated current_trades.json with real IBKR data
📅 No executed trades yet - showing sample events to demonstrate P&L tracking
✅ Synced 3 Google Calendar events
[2026-06-09 21:43:57] ✅ Sync complete

[2026-06-09 21:44:57] 🔄 Syncing real IBKR data...
✅ Updated current_trades.json with real IBKR data
📅 No executed trades yet - showing sample events to demonstrate P&L tracking
✅ Synced 3 Google Calendar events
[2026-06-09 21:44:57] ✅ Sync complete

[2026-06-09 21:45:58] 🔄 Syncing real IBKR data...
✅ Updated current_trades.json with real IBKR data
📅 No executed trades yet - showing sample events to demonstrate P&L tracking
✅ Synced 3 Google Calendar events
[2026-06-09 21:45:58] ✅ Sync complete

[2026-06-09 21:46:58] 🔄 Syncing real IBKR data...
✅ Updated current_trades.json with real IBKR data
📅 No executed trades yet - showing sample events to demonstrate P&L tracking
✅ Synced 3 Google Calendar events
[2026-06-09 21:46:58] ✅ Sync complete

[2026-06-09 21:47:58] 🔄 Syncing real IBKR data...
✅ Updated current_trades.json with real IBKR data
📅 No executed trades yet - showing sample events to demonstrate P&L tracking
✅ Synced 3 Google Calendar events
[2026-06-09 21:47:58] ✅ Sync complete

[2026-06-09 21:48:58] 🔄 Syncing real IBKR data...
✅ Updated current_trades.json with real IBKR data
📅 No executed trades yet - showing sample events to demonstrate P&L tracking
✅ Synced 3 Google Calendar events
[2026-06-09 21:48:58] ✅ Sync complete

[2026-06-09 21:49:58] 🔄 Syncing real IBKR data...
✅ Updated current_trades.json with real IBKR data
📅 No executed trades yet - showing sample events to demonstrate P&L tracking
✅ Synced 3 Google Calendar events
[2026-06-09 21:49:58] ✅ Sync complete

[2026-06-09 21:50:59] 🔄 Syncing real IBKR data...
✅ Updated current_trades.json with real IBKR data
📅 No executed trades yet - showing sample events to demonstrate P&L tracking
✅ Synced 3 Google Calendar events
[2026-06-09 21:50:59] ✅ Sync complete

[2026-06-09 21:51:59] 🔄 Syncing real IBKR data...
✅ Updated current_trades.json with real IBKR data
📅 No executed trades yet - showing sample events to demonstrate P&L tracking
✅ Synced 3 Google Calendar events
[2026-06-09 21:51:59] ✅ Sync complete

[2026-06-09 21:52:59] 🔄 Syncing real IBKR data...
✅ Updated current_trades.json with real IBKR data
📅 No executed trades yet - showing sample events to demonstrate P&L tracking
✅ Synced 3 Google Calendar events
[2026-06-09 21:52:59] ✅ Sync complete

[2026-06-09 21:53:59] 🔄 Syncing real IBKR data...
✅ Updated current_trades.json with real IBKR data
📅 No executed trades yet - showing sample events to demonstrate P&L tracking
✅ Synced 3 Google Calendar events
[2026-06-09 21:53:59] ✅ Sync complete

[2026-06-09 21:55:00] 🔄 Syncing real IBKR data...
✅ Updated current_trades.json with real IBKR data
📅 No executed trades yet - showing sample events to demonstrate P&L tracking
✅ Synced 3 Google Calendar events
[2026-06-09 21:55:00] ✅ Sync complete

[2026-06-09 21:56:00] 🔄 Syncing real IBKR data...
✅ Updated current_trades.json with real IBKR data
📅 No executed trades yet - showing sample events to demonstrate P&L tracking
✅ Synced 3 Google Calendar events
[2026-06-09 21:56:00] ✅ Sync complete

[2026-06-09 21:57:00] 🔄 Syncing real IBKR data...
✅ Updated current_trades.json with real IBKR data
📅 No executed trades yet - showing sample events to demonstrate P&L tracking
✅ Synced 3 Google Calendar events
[2026-06-09 21:57:00] ✅ Sync complete

[2026-06-09 21:58:00] 🔄 Syncing real IBKR data...
✅ Updated current_trades.json with real IBKR data
📅 No executed trades yet - showing sample events to demonstrate P&L tracking
✅ Synced 3 Google Calendar events
[2026-06-09 21:58:00] ✅ Sync complete

[2026-06-09 21:59:00] 🔄 Syncing real IBKR data...
✅ Updated current_trades.json with real IBKR data
📅 No executed trades yet - showing sample events to demonstrate P&L tracking
✅ Synced 3 Google Calendar events
[2026-06-09 21:59:00] ✅ Sync complete

[2026-06-09 22:00:01] 🔄 Syncing real IBKR data...
✅ Updated current_trades.json with real IBKR data
📅 No executed trades yet - showing sample events to demonstrate P&L tracking
✅ Synced 3 Google Calendar events
[2026-06-09 22:00:01] ✅ Sync complete

[2026-06-09 22:01:01] 🔄 Syncing real IBKR data...
✅ Updated current_trades.json with real IBKR data
📅 No executed trades yet - showing sample events to demonstrate P&L tracking
✅ Synced 3 Google Calendar events
[2026-06-09 22:01:01] ✅ Sync complete

[2026-06-09 22:02:01] 🔄 Syncing real IBKR data...
✅ Updated current_trades.json with real IBKR data
📅 No executed trades yet - showing sample events to demonstrate P&L tracking
✅ Synced 3 Google Calendar events
[2026-06-09 22:02:01] ✅ Sync complete

[2026-06-09 22:03:01] 🔄 Syncing real IBKR data...
✅ Updated current_trades.json with real IBKR data
📅 No executed trades yet - showing sample events to demonstrate P&L tracking
✅ Synced 3 Google Calendar events
[2026-06-09 22:03:01] ✅ Sync complete

[2026-06-09 22:04:01] 🔄 Syncing real IBKR data...
✅ Updated current_trades.json with real IBKR data
📅 No executed trades yet - showing sample events to demonstrate P&L tracking
✅ Synced 3 Google Calendar events
[2026-06-09 22:04:01] ✅ Sync complete

[2026-06-09 22:05:02] 🔄 Syncing real IBKR data...
✅ Updated current_trades.json with real IBKR data
📅 No executed trades yet - showing sample events to demonstrate P&L tracking
✅ Synced 3 Google Calendar events
[2026-06-09 22:05:02] ✅ Sync complete

[2026-06-09 22:06:02] 🔄 Syncing real IBKR data...
✅ Updated current_trades.json with real IBKR data
📅 No executed trades yet - showing sample events to demonstrate P&L tracking
✅ Synced 3 Google Calendar events
[2026-06-09 22:06:02] ✅ Sync complete

[2026-06-09 22:07:02] 🔄 Syncing real IBKR data...
✅ Updated current_trades.json with real IBKR data
📅 No executed trades yet - showing sample events to demonstrate P&L tracking
✅ Synced 3 Google Calendar events
[2026-06-09 22:07:02] ✅ Sync complete

[2026-06-09 22:08:02] 🔄 Syncing real IBKR data...
✅ Updated current_trades.json with real IBKR data
📅 No executed trades yet - showing sample events to demonstrate P&L tracking
✅ Synced 3 Google Calendar events
[2026-06-09 22:08:02] ✅ Sync complete

[2026-06-09 22:09:02] 🔄 Syncing real IBKR data...
✅ Updated current_trades.json with real IBKR data
📅 No executed trades yet - showing sample events to demonstrate P&L tracking
✅ Synced 3 Google Calendar events
[2026-06-09 22:09:02] ✅ Sync complete

[2026-06-09 22:10:03] 🔄 Syncing real IBKR data...
✅ Updated current_trades.json with real IBKR data
📅 No executed trades yet - showing sample events to demonstrate P&L tracking
✅ Synced 3 Google Calendar events
[2026-06-09 22:10:03] ✅ Sync complete

[2026-06-09 22:11:03] 🔄 Syncing real IBKR data...
✅ Updated current_trades.json with real IBKR data
📅 No executed trades yet - showing sample events to demonstrate P&L tracking
✅ Synced 3 Google Calendar events
[2026-06-09 22:11:03] ✅ Sync complete

[2026-06-09 22:12:03] 🔄 Syncing real IBKR data...
✅ Updated current_trades.json with real IBKR data
📅 No executed trades yet - showing sample events to demonstrate P&L tracking
✅ Synced 3 Google Calendar events
[2026-06-09 22:12:03] ✅ Sync complete

[2026-06-09 22:13:03] 🔄 Syncing real IBKR data...
✅ Updated current_trades.json with real IBKR data
📅 No executed trades yet - showing sample events to demonstrate P&L tracking
✅ Synced 3 Google Calendar events
[2026-06-09 22:13:03] ✅ Sync complete

[2026-06-09 22:14:03] 🔄 Syncing real IBKR data...
✅ Updated current_trades.json with real IBKR data
📅 No executed trades yet - showing sample events to demonstrate P&L tracking
✅ Synced 3 Google Calendar events
[2026-06-09 22:14:03] ✅ Sync complete

[2026-06-09 22:15:04] 🔄 Syncing real IBKR data...
✅ Updated current_trades.json with real IBKR data
📅 No executed trades yet - showing sample events to demonstrate P&L tracking
✅ Synced 3 Google Calendar events
[2026-06-09 22:15:04] ✅ Sync complete

[2026-06-09 22:16:04] 🔄 Syncing real IBKR data...
✅ Updated current_trades.json with real IBKR data
📅 No executed trades yet - showing sample events to demonstrate P&L tracking
✅ Synced 3 Google Calendar events
[2026-06-09 22:16:04] ✅ Sync complete

[2026-06-09 22:17:04] 🔄 Syncing real IBKR data...
✅ Updated current_trades.json with real IBKR data
📅 No executed trades yet - showing sample events to demonstrate P&L tracking
✅ Synced 3 Google Calendar events
[2026-06-09 22:17:04] ✅ Sync complete

[2026-06-09 22:18:04] 🔄 Syncing real IBKR data...
✅ Updated current_trades.json with real IBKR data
📅 No executed trades yet - showing sample events to demonstrate P&L tracking
✅ Synced 3 Google Calendar events
[2026-06-09 22:18:04] ✅ Sync complete

[2026-06-09 22:19:04] 🔄 Syncing real IBKR data...
✅ Updated current_trades.json with real IBKR data
📅 No executed trades yet - showing sample events to demonstrate P&L tracking
✅ Synced 3 Google Calendar events
[2026-06-09 22:19:04] ✅ Sync complete

[2026-06-09 22:20:05] 🔄 Syncing real IBKR data...
✅ Updated current_trades.json with real IBKR data
📅 No executed trades yet - showing sample events to demonstrate P&L tracking
✅ Synced 3 Google Calendar events
[2026-06-09 22:20:05] ✅ Sync complete

[2026-06-09 22:21:05] 🔄 Syncing real IBKR data...
✅ Updated current_trades.json with real IBKR data
📅 No executed trades yet - showing sample events to demonstrate P&L tracking
✅ Synced 3 Google Calendar events
[2026-06-09 22:21:05] ✅ Sync complete

[2026-06-09 22:22:05] 🔄 Syncing real IBKR data...
✅ Updated current_trades.json with real IBKR data
📅 No executed trades yet - showing sample events to demonstrate P&L tracking
✅ Synced 3 Google Calendar events
[2026-06-09 22:22:05] ✅ Sync complete

[2026-06-09 22:23:05] 🔄 Syncing real IBKR data...
✅ Updated current_trades.json with real IBKR data
📅 No executed trades yet - showing sample events to demonstrate P&L tracking
✅ Synced 3 Google Calendar events
[2026-06-09 22:23:05] ✅ Sync complete

[2026-06-09 22:24:05] 🔄 Syncing real IBKR data...
✅ Updated current_trades.json with real IBKR data
📅 No executed trades yet - showing sample events to demonstrate P&L tracking
✅ Synced 3 Google Calendar events
[2026-06-09 22:24:05] ✅ Sync complete

[2026-06-09 22:25:06] 🔄 Syncing real IBKR data...
✅ Updated current_trades.json with real IBKR data
📅 No executed trades yet - showing sample events to demonstrate P&L tracking
✅ Synced 3 Google Calendar events
[2026-06-09 22:25:06] ✅ Sync complete

[2026-06-09 22:26:06] 🔄 Syncing real IBKR data...
✅ Updated current_trades.json with real IBKR data
📅 No executed trades yet - showing sample events to demonstrate P&L tracking
✅ Synced 3 Google Calendar events
[2026-06-09 22:26:06] ✅ Sync complete

[2026-06-09 22:27:06] 🔄 Syncing real IBKR data...
✅ Updated current_trades.json with real IBKR data
📅 No executed trades yet - showing sample events to demonstrate P&L tracking
✅ Synced 3 Google Calendar events
[2026-06-09 22:27:06] ✅ Sync complete

[2026-06-09 22:28:06] 🔄 Syncing real IBKR data...
✅ Updated current_trades.json with real IBKR data
📅 No executed trades yet - showing sample events to demonstrate P&L tracking
✅ Synced 3 Google Calendar events
[2026-06-09 22:28:06] ✅ Sync complete

[2026-06-09 22:29:07] 🔄 Syncing real IBKR data...
✅ Updated current_trades.json with real IBKR data
📅 No executed trades yet - showing sample events to demonstrate P&L tracking
✅ Synced 3 Google Calendar events
[2026-06-09 22:29:07] ✅ Sync complete

[2026-06-09 22:30:07] 🔄 Syncing real IBKR data...
✅ Updated current_trades.json with real IBKR data
📅 No executed trades yet - showing sample events to demonstrate P&L tracking
✅ Synced 3 Google Calendar events
[2026-06-09 22:30:07] ✅ Sync complete

[2026-06-09 22:31:07] 🔄 Syncing real IBKR data...
✅ Updated current_trades.json with real IBKR data
📅 No executed trades yet - showing sample events to demonstrate P&L tracking
✅ Synced 3 Google Calendar events
[2026-06-09 22:31:07] ✅ Sync complete

[2026-06-09 22:32:07] 🔄 Syncing real IBKR data...
✅ Updated current_trades.json with real IBKR data
📅 No executed trades yet - showing sample events to demonstrate P&L tracking
✅ Synced 3 Google Calendar events
[2026-06-09 22:32:07] ✅ Sync complete

[2026-06-09 22:33:07] 🔄 Syncing real IBKR data...
✅ Updated current_trades.json with real IBKR data
📅 No executed trades yet - showing sample events to demonstrate P&L tracking
✅ Synced 3 Google Calendar events
[2026-06-09 22:33:07] ✅ Sync complete

[2026-06-09 22:34:08] 🔄 Syncing real IBKR data...
✅ Updated current_trades.json with real IBKR data
📅 No executed trades yet - showing sample events to demonstrate P&L tracking
✅ Synced 3 Google Calendar events
[2026-06-09 22:34:08] ✅ Sync complete

[2026-06-09 22:35:08] 🔄 Syncing real IBKR data...
✅ Updated current_trades.json with real IBKR data
📅 No executed trades yet - showing sample events to demonstrate P&L tracking
✅ Synced 3 Google Calendar events
[2026-06-09 22:35:08] ✅ Sync complete

[2026-06-09 22:36:08] 🔄 Syncing real IBKR data...
✅ Updated current_trades.json with real IBKR data
📅 No executed trades yet - showing sample events to demonstrate P&L tracking
✅ Synced 3 Google Calendar events
[2026-06-09 22:36:08] ✅ Sync complete

[2026-06-09 22:37:08] 🔄 Syncing real IBKR data...
✅ Updated current_trades.json with real IBKR data
📅 No executed trades yet - showing sample events to demonstrate P&L tracking
✅ Synced 3 Google Calendar events
[2026-06-09 22:37:08] ✅ Sync complete

[2026-06-09 22:38:08] 🔄 Syncing real IBKR data...
✅ Updated current_trades.json with real IBKR data
📅 No executed trades yet - showing sample events to demonstrate P&L tracking
✅ Synced 3 Google Calendar events
[2026-06-09 22:38:08] ✅ Sync complete

[2026-06-09 22:39:09] 🔄 Syncing real IBKR data...
✅ Updated current_trades.json with real IBKR data
📅 No executed trades yet - showing sample events to demonstrate P&L tracking
✅ Synced 3 Google Calendar events
[2026-06-09 22:39:09] ✅ Sync complete

[2026-06-09 22:40:09] 🔄 Syncing real IBKR data...
✅ Updated current_trades.json with real IBKR data
📅 No executed trades yet - showing sample events to demonstrate P&L tracking
✅ Synced 3 Google Calendar events
[2026-06-09 22:40:09] ✅ Sync complete

[2026-06-09 22:41:09] 🔄 Syncing real IBKR data...
✅ Updated current_trades.json with real IBKR data
📅 No executed trades yet - showing sample events to demonstrate P&L tracking
✅ Synced 3 Google Calendar events
[2026-06-09 22:41:09] ✅ Sync complete

[2026-06-09 22:42:09] 🔄 Syncing real IBKR data...
✅ Updated current_trades.json with real IBKR data
📅 No executed trades yet - showing sample events to demonstrate P&L tracking
✅ Synced 3 Google Calendar events
[2026-06-09 22:42:09] ✅ Sync complete

[2026-06-09 22:43:09] 🔄 Syncing real IBKR data...
✅ Updated current_trades.json with real IBKR data
📅 No executed trades yet - showing sample events to demonstrate P&L tracking
✅ Synced 3 Google Calendar events
[2026-06-09 22:43:09] ✅ Sync complete

[2026-06-09 22:44:10] 🔄 Syncing real IBKR data...
✅ Updated current_trades.json with real IBKR data
📅 No executed trades yet - showing sample events to demonstrate P&L tracking
✅ Synced 3 Google Calendar events
[2026-06-09 22:44:10] ✅ Sync complete

[2026-06-09 22:45:10] 🔄 Syncing real IBKR data...
✅ Updated current_trades.json with real IBKR data
📅 No executed trades yet - showing sample events to demonstrate P&L tracking
✅ Synced 3 Google Calendar events
[2026-06-09 22:45:10] ✅ Sync complete

[2026-06-09 22:46:10] 🔄 Syncing real IBKR data...
✅ Updated current_trades.json with real IBKR data
📅 No executed trades yet - showing sample events to demonstrate P&L tracking
✅ Synced 3 Google Calendar events
[2026-06-09 22:46:10] ✅ Sync complete

[2026-06-09 22:47:10] 🔄 Syncing real IBKR data...
✅ Updated current_trades.json with real IBKR data
📅 No executed trades yet - showing sample events to demonstrate P&L tracking
✅ Synced 3 Google Calendar events
[2026-06-09 22:47:10] ✅ Sync complete

[2026-06-09 22:48:10] 🔄 Syncing real IBKR data...
✅ Updated current_trades.json with real IBKR data
📅 No executed trades yet - showing sample events to demonstrate P&L tracking
✅ Synced 3 Google Calendar events
[2026-06-09 22:48:10] ✅ Sync complete

[2026-06-09 22:49:11] 🔄 Syncing real IBKR data...
✅ Updated current_trades.json with real IBKR data
📅 No executed trades yet - showing sample events to demonstrate P&L tracking
✅ Synced 3 Google Calendar events
[2026-06-09 22:49:11] ✅ Sync complete

[2026-06-09 22:50:11] 🔄 Syncing real IBKR data...
✅ Updated current_trades.json with real IBKR data
📅 No executed trades yet - showing sample events to demonstrate P&L tracking
✅ Synced 3 Google Calendar events
[2026-06-09 22:50:11] ✅ Sync complete

[2026-06-09 22:51:11] 🔄 Syncing real IBKR data...
✅ Updated current_trades.json with real IBKR data
📅 No executed trades yet - showing sample events to demonstrate P&L tracking
✅ Synced 3 Google Calendar events
[2026-06-09 22:51:11] ✅ Sync complete

[2026-06-09 22:52:11] 🔄 Syncing real IBKR data...
✅ Updated current_trades.json with real IBKR data
📅 No executed trades yet - showing sample events to demonstrate P&L tracking
✅ Synced 3 Google Calendar events
[2026-06-09 22:52:11] ✅ Sync complete

[2026-06-09 22:53:11] 🔄 Syncing real IBKR data...
✅ Updated current_trades.json with real IBKR data
📅 No executed trades yet - showing sample events to demonstrate P&L tracking
✅ Synced 3 Google Calendar events
[2026-06-09 22:53:11] ✅ Sync complete

[2026-06-09 22:54:12] 🔄 Syncing real IBKR data...
✅ Updated current_trades.json with real IBKR data
📅 No executed trades yet - showing sample events to demonstrate P&L tracking
✅ Synced 3 Google Calendar events
[2026-06-09 22:54:12] ✅ Sync complete

[2026-06-09 22:55:12] 🔄 Syncing real IBKR data...
✅ Updated current_trades.json with real IBKR data
📅 No executed trades yet - showing sample events to demonstrate P&L tracking
✅ Synced 3 Google Calendar events
[2026-06-09 22:55:12] ✅ Sync complete

[2026-06-09 22:56:12] 🔄 Syncing real IBKR data...
✅ Updated current_trades.json with real IBKR data
📅 No executed trades yet - showing sample events to demonstrate P&L tracking
✅ Synced 3 Google Calendar events
[2026-06-09 22:56:12] ✅ Sync complete

[2026-06-09 22:57:12] 🔄 Syncing real IBKR data...
✅ Updated current_trades.json with real IBKR data
📅 No executed trades yet - showing sample events to demonstrate P&L tracking
✅ Synced 3 Google Calendar events
[2026-06-09 22:57:12] ✅ Sync complete

[2026-06-09 22:58:12] 🔄 Syncing real IBKR data...
✅ Updated current_trades.json with real IBKR data
📅 No executed trades yet - showing sample events to demonstrate P&L tracking
✅ Synced 3 Google Calendar events
[2026-06-09 22:58:12] ✅ Sync complete

[2026-06-09 22:59:13] 🔄 Syncing real IBKR data...
✅ Updated current_trades.json with real IBKR data
📅 No executed trades yet - showing sample events to demonstrate P&L tracking
✅ Synced 3 Google Calendar events
[2026-06-09 22:59:13] ✅ Sync complete

[2026-06-09 23:00:13] 🔄 Syncing real IBKR data...
✅ Updated current_trades.json with real IBKR data
📅 No executed trades yet - showing sample events to demonstrate P&L tracking
✅ Synced 3 Google Calendar events
[2026-06-09 23:00:13] ✅ Sync complete

[2026-06-09 23:01:13] 🔄 Syncing real IBKR data...
✅ Updated current_trades.json with real IBKR data
📅 No executed trades yet - showing sample events to demonstrate P&L tracking
✅ Synced 3 Google Calendar events
[2026-06-09 23:01:13] ✅ Sync complete

[2026-06-09 23:02:13] 🔄 Syncing real IBKR data...
✅ Updated current_trades.json with real IBKR data
📅 No executed trades yet - showing sample events to demonstrate P&L tracking
✅ Synced 3 Google Calendar events
[2026-06-09 23:02:13] ✅ Sync complete

[2026-06-09 23:03:13] 🔄 Syncing real IBKR data...
✅ Updated current_trades.json with real IBKR data
📅 No executed trades yet - showing sample events to demonstrate P&L tracking
✅ Synced 3 Google Calendar events
[2026-06-09 23:03:13] ✅ Sync complete

[2026-06-09 23:04:14] 🔄 Syncing real IBKR data...
✅ Updated current_trades.json with real IBKR data
📅 No executed trades yet - showing sample events to demonstrate P&L tracking
✅ Synced 3 Google Calendar events
[2026-06-09 23:04:14] ✅ Sync complete

[2026-06-09 23:05:14] 🔄 Syncing real IBKR data...
✅ Updated current_trades.json with real IBKR data
📅 No executed trades yet - showing sample events to demonstrate P&L tracking
✅ Synced 3 Google Calendar events
[2026-06-09 23:05:14] ✅ Sync complete

[2026-06-09 23:06:14] 🔄 Syncing real IBKR data...
✅ Updated current_trades.json with real IBKR data
📅 No executed trades yet - showing sample events to demonstrate P&L tracking
✅ Synced 3 Google Calendar events
[2026-06-09 23:06:14] ✅ Sync complete

[2026-06-09 23:07:14] 🔄 Syncing real IBKR data...
✅ Updated current_trades.json with real IBKR data
📅 No executed trades yet - showing sample events to demonstrate P&L tracking
✅ Synced 3 Google Calendar events
[2026-06-09 23:07:14] ✅ Sync complete

[2026-06-09 23:08:14] 🔄 Syncing real IBKR data...
✅ Updated current_trades.json with real IBKR data
📅 No executed trades yet - showing sample events to demonstrate P&L tracking
✅ Synced 3 Google Calendar events
[2026-06-09 23:08:14] ✅ Sync complete

[2026-06-09 23:09:15] 🔄 Syncing real IBKR data...
✅ Updated current_trades.json with real IBKR data
📅 No executed trades yet - showing sample events to demonstrate P&L tracking
✅ Synced 3 Google Calendar events
[2026-06-09 23:09:15] ✅ Sync complete

[2026-06-09 23:10:15] 🔄 Syncing real IBKR data...
✅ Updated current_trades.json with real IBKR data
📅 No executed trades yet - showing sample events to demonstrate P&L tracking
✅ Synced 3 Google Calendar events
[2026-06-09 23:10:15] ✅ Sync complete

[2026-06-09 23:11:15] 🔄 Syncing real IBKR data...
✅ Updated current_trades.json with real IBKR data
📅 No executed trades yet - showing sample events to demonstrate P&L tracking
✅ Synced 3 Google Calendar events
[2026-06-09 23:11:15] ✅ Sync complete

[2026-06-09 23:12:15] 🔄 Syncing real IBKR data...
✅ Updated current_trades.json with real IBKR data
📅 No executed trades yet - showing sample events to demonstrate P&L tracking
✅ Synced 3 Google Calendar events
[2026-06-09 23:12:15] ✅ Sync complete

[2026-06-09 23:13:15] 🔄 Syncing real IBKR data...
✅ Updated current_trades.json with real IBKR data
📅 No executed trades yet - showing sample events to demonstrate P&L tracking
✅ Synced 3 Google Calendar events
[2026-06-09 23:13:15] ✅ Sync complete

[2026-06-09 23:14:16] 🔄 Syncing real IBKR data...
✅ Updated current_trades.json with real IBKR data
📅 No executed trades yet - showing sample events to demonstrate P&L tracking
✅ Synced 3 Google Calendar events
[2026-06-09 23:14:16] ✅ Sync complete

[2026-06-09 23:15:16] 🔄 Syncing real IBKR data...
✅ Updated current_trades.json with real IBKR data
📅 No executed trades yet - showing sample events to demonstrate P&L tracking
✅ Synced 3 Google Calendar events
[2026-06-09 23:15:16] ✅ Sync complete

[2026-06-09 23:16:16] 🔄 Syncing real IBKR data...
✅ Updated current_trades.json with real IBKR data
📅 No executed trades yet - showing sample events to demonstrate P&L tracking
✅ Synced 3 Google Calendar events
[2026-06-09 23:16:16] ✅ Sync complete

[2026-06-09 23:17:16] 🔄 Syncing real IBKR data...
✅ Updated current_trades.json with real IBKR data
📅 No executed trades yet - showing sample events to demonstrate P&L tracking
✅ Synced 3 Google Calendar events
[2026-06-09 23:17:16] ✅ Sync complete

[2026-06-09 23:18:16] 🔄 Syncing real IBKR data...
✅ Updated current_trades.json with real IBKR data
📅 No executed trades yet - showing sample events to demonstrate P&L tracking
✅ Synced 3 Google Calendar events
[2026-06-09 23:18:16] ✅ Sync complete

[2026-06-09 23:19:17] 🔄 Syncing real IBKR data...
✅ Updated current_trades.json with real IBKR data
📅 No executed trades yet - showing sample events to demonstrate P&L tracking
✅ Synced 3 Google Calendar events
[2026-06-09 23:19:17] ✅ Sync complete

[2026-06-09 23:20:17] 🔄 Syncing real IBKR data...
✅ Updated current_trades.json with real IBKR data
📅 No executed trades yet - showing sample events to demonstrate P&L tracking
✅ Synced 3 Google Calendar events
[2026-06-09 23:20:17] ✅ Sync complete

[2026-06-09 23:21:17] 🔄 Syncing real IBKR data...
✅ Updated current_trades.json with real IBKR data
📅 No executed trades yet - showing sample events to demonstrate P&L tracking
✅ Synced 3 Google Calendar events
[2026-06-09 23:21:17] ✅ Sync complete

[2026-06-09 23:22:17] 🔄 Syncing real IBKR data...
✅ Updated current_trades.json with real IBKR data
📅 No executed trades yet - showing sample events to demonstrate P&L tracking
✅ Synced 3 Google Calendar events
[2026-06-09 23:22:17] ✅ Sync complete

[2026-06-09 23:23:17] 🔄 Syncing real IBKR data...
✅ Updated current_trades.json with real IBKR data
📅 No executed trades yet - showing sample events to demonstrate P&L tracking
✅ Synced 3 Google Calendar events
[2026-06-09 23:23:17] ✅ Sync complete

[2026-06-09 23:24:18] 🔄 Syncing real IBKR data...
✅ Updated current_trades.json with real IBKR data
📅 No executed trades yet - showing sample events to demonstrate P&L tracking
✅ Synced 3 Google Calendar events
[2026-06-09 23:24:18] ✅ Sync complete

[2026-06-09 23:25:18] 🔄 Syncing real IBKR data...
✅ Updated current_trades.json with real IBKR data
📅 No executed trades yet - showing sample events to demonstrate P&L tracking
✅ Synced 3 Google Calendar events
[2026-06-09 23:25:18] ✅ Sync complete

[2026-06-09 23:26:18] 🔄 Syncing real IBKR data...
✅ Updated current_trades.json with real IBKR data
📅 No executed trades yet - showing sample events to demonstrate P&L tracking
✅ Synced 3 Google Calendar events
[2026-06-09 23:26:18] ✅ Sync complete

[2026-06-09 23:27:18] 🔄 Syncing real IBKR data...
✅ Updated current_trades.json with real IBKR data
📅 No executed trades yet - showing sample events to demonstrate P&L tracking
✅ Synced 3 Google Calendar events
[2026-06-09 23:27:18] ✅ Sync complete

[2026-06-09 23:28:19] 🔄 Syncing real IBKR data...
✅ Updated current_trades.json with real IBKR data
📅 No executed trades yet - showing sample events to demonstrate P&L tracking
✅ Synced 3 Google Calendar events
[2026-06-09 23:28:19] ✅ Sync complete

[2026-06-09 23:29:19] 🔄 Syncing real IBKR data...
✅ Updated current_trades.json with real IBKR data
📅 No executed trades yet - showing sample events to demonstrate P&L tracking
✅ Synced 3 Google Calendar events
[2026-06-09 23:29:19] ✅ Sync complete

[2026-06-09 23:30:19] 🔄 Syncing real IBKR data...
✅ Updated current_trades.json with real IBKR data
📅 No executed trades yet - showing sample events to demonstrate P&L tracking
✅ Synced 3 Google Calendar events
[2026-06-09 23:30:19] ✅ Sync complete

[2026-06-09 23:31:19] 🔄 Syncing real IBKR data...
✅ Updated current_trades.json with real IBKR data
📅 No executed trades yet - showing sample events to demonstrate P&L tracking
✅ Synced 3 Google Calendar events
[2026-06-09 23:31:19] ✅ Sync complete

[2026-06-09 23:32:19] 🔄 Syncing real IBKR data...
✅ Updated current_trades.json with real IBKR data
📅 No executed trades yet - showing sample events to demonstrate P&L tracking
✅ Synced 3 Google Calendar events
[2026-06-09 23:32:19] ✅ Sync complete

[2026-06-09 23:33:20] 🔄 Syncing real IBKR data...
✅ Updated current_trades.json with real IBKR data
📅 No executed trades yet - showing sample events to demonstrate P&L tracking
✅ Synced 3 Google Calendar events
[2026-06-09 23:33:20] ✅ Sync complete

[2026-06-09 23:34:20] 🔄 Syncing real IBKR data...
✅ Updated current_trades.json with real IBKR data
📅 No executed trades yet - showing sample events to demonstrate P&L tracking
✅ Synced 3 Google Calendar events
[2026-06-09 23:34:20] ✅ Sync complete

[2026-06-09 23:35:20] 🔄 Syncing real IBKR data...
✅ Updated current_trades.json with real IBKR data
📅 No executed trades yet - showing sample events to demonstrate P&L tracking
✅ Synced 3 Google Calendar events
[2026-06-09 23:35:20] ✅ Sync complete

[2026-06-09 23:36:20] 🔄 Syncing real IBKR data...
✅ Updated current_trades.json with real IBKR data
📅 No executed trades yet - showing sample events to demonstrate P&L tracking
✅ Synced 3 Google Calendar events
[2026-06-09 23:36:20] ✅ Sync complete

[2026-06-09 23:37:20] 🔄 Syncing real IBKR data...
✅ Updated current_trades.json with real IBKR data
📅 No executed trades yet - showing sample events to demonstrate P&L tracking
✅ Synced 3 Google Calendar events
[2026-06-09 23:37:20] ✅ Sync complete

[2026-06-09 23:38:21] 🔄 Syncing real IBKR data...
✅ Updated current_trades.json with real IBKR data
📅 No executed trades yet - showing sample events to demonstrate P&L tracking
✅ Synced 3 Google Calendar events
[2026-06-09 23:38:21] ✅ Sync complete

[2026-06-09 23:39:21] 🔄 Syncing real IBKR data...
✅ Updated current_trades.json with real IBKR data
📅 No executed trades yet - showing sample events to demonstrate P&L tracking
✅ Synced 3 Google Calendar events
[2026-06-09 23:39:21] ✅ Sync complete

[2026-06-09 23:40:21] 🔄 Syncing real IBKR data...
✅ Updated current_trades.json with real IBKR data
📅 No executed trades yet - showing sample events to demonstrate P&L tracking
✅ Synced 3 Google Calendar events
[2026-06-09 23:40:21] ✅ Sync complete

[2026-06-09 23:41:21] 🔄 Syncing real IBKR data...
✅ Updated current_trades.json with real IBKR data
📅 No executed trades yet - showing sample events to demonstrate P&L tracking
✅ Synced 3 Google Calendar events
[2026-06-09 23:41:21] ✅ Sync complete

[2026-06-09 23:42:21] 🔄 Syncing real IBKR data...
✅ Updated current_trades.json with real IBKR data
📅 No executed trades yet - showing sample events to demonstrate P&L tracking
✅ Synced 3 Google Calendar events
[2026-06-09 23:42:21] ✅ Sync complete

[2026-06-09 23:43:22] 🔄 Syncing real IBKR data...
✅ Updated current_trades.json with real IBKR data
📅 No executed trades yet - showing sample events to demonstrate P&L tracking
✅ Synced 3 Google Calendar events
[2026-06-09 23:43:22] ✅ Sync complete

[2026-06-09 23:44:22] 🔄 Syncing real IBKR data...
✅ Updated current_trades.json with real IBKR data
📅 No executed trades yet - showing sample events to demonstrate P&L tracking
✅ Synced 3 Google Calendar events
[2026-06-09 23:44:22] ✅ Sync complete

[2026-06-09 23:45:22] 🔄 Syncing real IBKR data...
✅ Updated current_trades.json with real IBKR data
📅 No executed trades yet - showing sample events to demonstrate P&L tracking
✅ Synced 3 Google Calendar events
[2026-06-09 23:45:22] ✅ Sync complete

[2026-06-09 23:46:22] 🔄 Syncing real IBKR data...
✅ Updated current_trades.json with real IBKR data
📅 No executed trades yet - showing sample events to demonstrate P&L tracking
✅ Synced 3 Google Calendar events
[2026-06-09 23:46:22] ✅ Sync complete

[2026-06-09 23:47:22] 🔄 Syncing real IBKR data...
✅ Updated current_trades.json with real IBKR data
📅 No executed trades yet - showing sample events to demonstrate P&L tracking
✅ Synced 3 Google Calendar events
[2026-06-09 23:47:22] ✅ Sync complete

[2026-06-09 23:48:23] 🔄 Syncing real IBKR data...
✅ Updated current_trades.json with real IBKR data
📅 No executed trades yet - showing sample events to demonstrate P&L tracking
✅ Synced 3 Google Calendar events
[2026-06-09 23:48:23] ✅ Sync complete

[2026-06-09 23:49:23] 🔄 Syncing real IBKR data...
✅ Updated current_trades.json with real IBKR data
📅 No executed trades yet - showing sample events to demonstrate P&L tracking
✅ Synced 3 Google Calendar events
[2026-06-09 23:49:23] ✅ Sync complete

[2026-06-09 23:50:23] 🔄 Syncing real IBKR data...
✅ Updated current_trades.json with real IBKR data
📅 No executed trades yet - showing sample events to demonstrate P&L tracking
✅ Synced 3 Google Calendar events
[2026-06-09 23:50:23] ✅ Sync complete

[2026-06-09 23:51:23] 🔄 Syncing real IBKR data...
✅ Updated current_trades.json with real IBKR data
📅 No executed trades yet - showing sample events to demonstrate P&L tracking
✅ Synced 3 Google Calendar events
[2026-06-09 23:51:23] ✅ Sync complete

[2026-06-09 23:52:23] 🔄 Syncing real IBKR data...
✅ Updated current_trades.json with real IBKR data
📅 No executed trades yet - showing sample events to demonstrate P&L tracking
✅ Synced 3 Google Calendar events
[2026-06-09 23:52:23] ✅ Sync complete

[2026-06-09 23:53:24] 🔄 Syncing real IBKR data...
✅ Updated current_trades.json with real IBKR data
📅 No executed trades yet - showing sample events to demonstrate P&L tracking
✅ Synced 3 Google Calendar events
[2026-06-09 23:53:24] ✅ Sync complete

[2026-06-09 23:54:24] 🔄 Syncing real IBKR data...
✅ Updated current_trades.json with real IBKR data
📅 No executed trades yet - showing sample events to demonstrate P&L tracking
✅ Synced 3 Google Calendar events
[2026-06-09 23:54:24] ✅ Sync complete

[2026-06-09 23:55:24] 🔄 Syncing real IBKR data...
✅ Updated current_trades.json with real IBKR data
📅 No executed trades yet - showing sample events to demonstrate P&L tracking
✅ Synced 3 Google Calendar events
[2026-06-09 23:55:24] ✅ Sync complete

[2026-06-09 23:56:24] 🔄 Syncing real IBKR data...
✅ Updated current_trades.json with real IBKR data
📅 No executed trades yet - showing sample events to demonstrate P&L tracking
✅ Synced 3 Google Calendar events
[2026-06-09 23:56:24] ✅ Sync complete

[2026-06-09 23:57:24] 🔄 Syncing real IBKR data...
✅ Updated current_trades.json with real IBKR data
📅 No executed trades yet - showing sample events to demonstrate P&L tracking
✅ Synced 3 Google Calendar events
[2026-06-09 23:57:24] ✅ Sync complete

[2026-06-09 23:58:25] 🔄 Syncing real IBKR data...
✅ Updated current_trades.json with real IBKR data
📅 No executed trades yet - showing sample events to demonstrate P&L tracking
✅ Synced 3 Google Calendar events
[2026-06-09 23:58:25] ✅ Sync complete

[2026-06-09 23:59:25] 🔄 Syncing real IBKR data...
✅ Updated current_trades.json with real IBKR data
📅 No executed trades yet - showing sample events to demonstrate P&L tracking
✅ Synced 3 Google Calendar events
[2026-06-09 23:59:25] ✅ Sync complete

[2026-06-10 00:00:25] 🔄 Syncing real IBKR data...
✅ Updated current_trades.json with real IBKR data
📅 No executed trades yet - showing sample events to demonstrate P&L tracking
✅ Synced 3 Google Calendar events
[2026-06-10 00:00:25] ✅ Sync complete

[2026-06-10 00:01:25] 🔄 Syncing real IBKR data...
✅ Updated current_trades.json with real IBKR data
📅 No executed trades yet - showing sample events to demonstrate P&L tracking
✅ Synced 3 Google Calendar events
[2026-06-10 00:01:25] ✅ Sync complete

[2026-06-10 00:02:25] 🔄 Syncing real IBKR data...
✅ Updated current_trades.json with real IBKR data
📅 No executed trades yet - showing sample events to demonstrate P&L tracking
✅ Synced 3 Google Calendar events
[2026-06-10 00:02:25] ✅ Sync complete

[2026-06-10 00:03:26] 🔄 Syncing real IBKR data...
✅ Updated current_trades.json with real IBKR data
📅 No executed trades yet - showing sample events to demonstrate P&L tracking
✅ Synced 3 Google Calendar events
[2026-06-10 00:03:26] ✅ Sync complete

[2026-06-10 00:04:26] 🔄 Syncing real IBKR data...
✅ Updated current_trades.json with real IBKR data
📅 No executed trades yet - showing sample events to demonstrate P&L tracking
✅ Synced 3 Google Calendar events
[2026-06-10 00:04:26] ✅ Sync complete

[2026-06-10 00:05:26] 🔄 Syncing real IBKR data...
✅ Updated current_trades.json with real IBKR data
📅 No executed trades yet - showing sample events to demonstrate P&L tracking
✅ Synced 3 Google Calendar events
[2026-06-10 00:05:26] ✅ Sync complete

[2026-06-10 00:06:26] 🔄 Syncing real IBKR data...
✅ Updated current_trades.json with real IBKR data
📅 No executed trades yet - showing sample events to demonstrate P&L tracking
✅ Synced 3 Google Calendar events
[2026-06-10 00:06:26] ✅ Sync complete

[2026-06-10 00:07:26] 🔄 Syncing real IBKR data...
✅ Updated current_trades.json with real IBKR data
📅 No executed trades yet - showing sample events to demonstrate P&L tracking
✅ Synced 3 Google Calendar events
[2026-06-10 00:07:26] ✅ Sync complete

[2026-06-10 00:08:27] 🔄 Syncing real IBKR data...
✅ Updated current_trades.json with real IBKR data
📅 No executed trades yet - showing sample events to demonstrate P&L tracking
✅ Synced 3 Google Calendar events
[2026-06-10 00:08:27] ✅ Sync complete

[2026-06-10 00:09:27] 🔄 Syncing real IBKR data...
✅ Updated current_trades.json with real IBKR data
📅 No executed trades yet - showing sample events to demonstrate P&L tracking
✅ Synced 3 Google Calendar events
[2026-06-10 00:09:27] ✅ Sync complete

[2026-06-10 00:10:27] 🔄 Syncing real IBKR data...
✅ Updated current_trades.json with real IBKR data
📅 No executed trades yet - showing sample events to demonstrate P&L tracking
✅ Synced 3 Google Calendar events
[2026-06-10 00:10:27] ✅ Sync complete

[2026-06-10 00:11:27] 🔄 Syncing real IBKR data...
✅ Updated current_trades.json with real IBKR data
📅 No executed trades yet - showing sample events to demonstrate P&L tracking
✅ Synced 3 Google Calendar events
[2026-06-10 00:11:27] ✅ Sync complete

[2026-06-10 00:12:27] 🔄 Syncing real IBKR data...
✅ Updated current_trades.json with real IBKR data
📅 No executed trades yet - showing sample events to demonstrate P&L tracking
✅ Synced 3 Google Calendar events
[2026-06-10 00:12:27] ✅ Sync complete

[2026-06-10 00:13:28] 🔄 Syncing real IBKR data...
✅ Updated current_trades.json with real IBKR data
📅 No executed trades yet - showing sample events to demonstrate P&L tracking
✅ Synced 3 Google Calendar events
[2026-06-10 00:13:28] ✅ Sync complete

[2026-06-10 00:14:28] 🔄 Syncing real IBKR data...
✅ Updated current_trades.json with real IBKR data
📅 No executed trades yet - showing sample events to demonstrate P&L tracking
✅ Synced 3 Google Calendar events
[2026-06-10 00:14:28] ✅ Sync complete

[2026-06-10 00:15:28] 🔄 Syncing real IBKR data...
✅ Updated current_trades.json with real IBKR data
📅 No executed trades yet - showing sample events to demonstrate P&L tracking
✅ Synced 3 Google Calendar events
[2026-06-10 00:15:28] ✅ Sync complete

[2026-06-10 00:16:28] 🔄 Syncing real IBKR data...
✅ Updated current_trades.json with real IBKR data
📅 No executed trades yet - showing sample events to demonstrate P&L tracking
✅ Synced 3 Google Calendar events
[2026-06-10 00:16:28] ✅ Sync complete

[2026-06-10 00:17:28] 🔄 Syncing real IBKR data...
✅ Updated current_trades.json with real IBKR data
📅 No executed trades yet - showing sample events to demonstrate P&L tracking
✅ Synced 3 Google Calendar events
[2026-06-10 00:17:28] ✅ Sync complete

[2026-06-10 00:18:29] 🔄 Syncing real IBKR data...
✅ Updated current_trades.json with real IBKR data
📅 No executed trades yet - showing sample events to demonstrate P&L tracking
✅ Synced 3 Google Calendar events
[2026-06-10 00:18:29] ✅ Sync complete

[2026-06-10 00:19:29] 🔄 Syncing real IBKR data...
✅ Updated current_trades.json with real IBKR data
📅 No executed trades yet - showing sample events to demonstrate P&L tracking
✅ Synced 3 Google Calendar events
[2026-06-10 00:19:29] ✅ Sync complete

[2026-06-10 00:20:29] 🔄 Syncing real IBKR data...
✅ Updated current_trades.json with real IBKR data
📅 No executed trades yet - showing sample events to demonstrate P&L tracking
✅ Synced 3 Google Calendar events
[2026-06-10 00:20:29] ✅ Sync complete

[2026-06-10 00:21:29] 🔄 Syncing real IBKR data...
✅ Updated current_trades.json with real IBKR data
📅 No executed trades yet - showing sample events to demonstrate P&L tracking
✅ Synced 3 Google Calendar events
[2026-06-10 00:21:29] ✅ Sync complete

[2026-06-10 00:22:30] 🔄 Syncing real IBKR data...
✅ Updated current_trades.json with real IBKR data
📅 No executed trades yet - showing sample events to demonstrate P&L tracking
✅ Synced 3 Google Calendar events
[2026-06-10 00:22:30] ✅ Sync complete

[2026-06-10 00:23:30] 🔄 Syncing real IBKR data...
✅ Updated current_trades.json with real IBKR data
📅 No executed trades yet - showing sample events to demonstrate P&L tracking
✅ Synced 3 Google Calendar events
[2026-06-10 00:23:30] ✅ Sync complete

[2026-06-10 00:24:30] 🔄 Syncing real IBKR data...
✅ Updated current_trades.json with real IBKR data
📅 No executed trades yet - showing sample events to demonstrate P&L tracking
✅ Synced 3 Google Calendar events
[2026-06-10 00:24:30] ✅ Sync complete

[2026-06-10 00:25:30] 🔄 Syncing real IBKR data...
✅ Updated current_trades.json with real IBKR data
📅 No executed trades yet - showing sample events to demonstrate P&L tracking
✅ Synced 3 Google Calendar events
[2026-06-10 00:25:30] ✅ Sync complete

[2026-06-10 00:26:30] 🔄 Syncing real IBKR data...
✅ Updated current_trades.json with real IBKR data
📅 No executed trades yet - showing sample events to demonstrate P&L tracking
✅ Synced 3 Google Calendar events
[2026-06-10 00:26:30] ✅ Sync complete

[2026-06-10 00:27:31] 🔄 Syncing real IBKR data...
✅ Updated current_trades.json with real IBKR data
📅 No executed trades yet - showing sample events to demonstrate P&L tracking
✅ Synced 3 Google Calendar events
[2026-06-10 00:27:31] ✅ Sync complete

[2026-06-10 00:28:31] 🔄 Syncing real IBKR data...
✅ Updated current_trades.json with real IBKR data
📅 No executed trades yet - showing sample events to demonstrate P&L tracking
✅ Synced 3 Google Calendar events
[2026-06-10 00:28:31] ✅ Sync complete

[2026-06-10 00:29:31] 🔄 Syncing real IBKR data...
✅ Updated current_trades.json with real IBKR data
📅 No executed trades yet - showing sample events to demonstrate P&L tracking
✅ Synced 3 Google Calendar events
[2026-06-10 00:29:31] ✅ Sync complete

[2026-06-10 00:30:31] 🔄 Syncing real IBKR data...
✅ Updated current_trades.json with real IBKR data
📅 No executed trades yet - showing sample events to demonstrate P&L tracking
✅ Synced 3 Google Calendar events
[2026-06-10 00:30:31] ✅ Sync complete

[2026-06-10 00:31:31] 🔄 Syncing real IBKR data...
✅ Updated current_trades.json with real IBKR data
📅 No executed trades yet - showing sample events to demonstrate P&L tracking
✅ Synced 3 Google Calendar events
[2026-06-10 00:31:31] ✅ Sync complete

[2026-06-10 00:32:32] 🔄 Syncing real IBKR data...
✅ Updated current_trades.json with real IBKR data
📅 No executed trades yet - showing sample events to demonstrate P&L tracking
✅ Synced 3 Google Calendar events
[2026-06-10 00:32:32] ✅ Sync complete

[2026-06-10 00:33:32] 🔄 Syncing real IBKR data...
✅ Updated current_trades.json with real IBKR data
📅 No executed trades yet - showing sample events to demonstrate P&L tracking
✅ Synced 3 Google Calendar events
[2026-06-10 00:33:32] ✅ Sync complete

[2026-06-10 00:34:32] 🔄 Syncing real IBKR data...
✅ Updated current_trades.json with real IBKR data
📅 No executed trades yet - showing sample events to demonstrate P&L tracking
✅ Synced 3 Google Calendar events
[2026-06-10 00:34:32] ✅ Sync complete

[2026-06-10 00:35:32] 🔄 Syncing real IBKR data...
✅ Updated current_trades.json with real IBKR data
📅 No executed trades yet - showing sample events to demonstrate P&L tracking
✅ Synced 3 Google Calendar events
[2026-06-10 00:35:32] ✅ Sync complete

[2026-06-10 00:36:33] 🔄 Syncing real IBKR data...
✅ Updated current_trades.json with real IBKR data
📅 No executed trades yet - showing sample events to demonstrate P&L tracking
✅ Synced 3 Google Calendar events
[2026-06-10 00:36:33] ✅ Sync complete

[2026-06-10 00:37:33] 🔄 Syncing real IBKR data...
✅ Updated current_trades.json with real IBKR data
📅 No executed trades yet - showing sample events to demonstrate P&L tracking
✅ Synced 3 Google Calendar events
[2026-06-10 00:37:33] ✅ Sync complete

[2026-06-10 00:38:33] 🔄 Syncing real IBKR data...
✅ Updated current_trades.json with real IBKR data
📅 No executed trades yet - showing sample events to demonstrate P&L tracking
✅ Synced 3 Google Calendar events
[2026-06-10 00:38:33] ✅ Sync complete

[2026-06-10 00:39:33] 🔄 Syncing real IBKR data...
✅ Updated current_trades.json with real IBKR data
📅 No executed trades yet - showing sample events to demonstrate P&L tracking
✅ Synced 3 Google Calendar events
[2026-06-10 00:39:33] ✅ Sync complete

[2026-06-10 00:40:33] 🔄 Syncing real IBKR data...
✅ Updated current_trades.json with real IBKR data
📅 No executed trades yet - showing sample events to demonstrate P&L tracking
✅ Synced 3 Google Calendar events
[2026-06-10 00:40:33] ✅ Sync complete

[2026-06-10 00:41:34] 🔄 Syncing real IBKR data...
✅ Updated current_trades.json with real IBKR data
📅 No executed trades yet - showing sample events to demonstrate P&L tracking
✅ Synced 3 Google Calendar events
[2026-06-10 00:41:34] ✅ Sync complete

[2026-06-10 00:42:34] 🔄 Syncing real IBKR data...
✅ Updated current_trades.json with real IBKR data
📅 No executed trades yet - showing sample events to demonstrate P&L tracking
✅ Synced 3 Google Calendar events
[2026-06-10 00:42:34] ✅ Sync complete

[2026-06-10 00:43:34] 🔄 Syncing real IBKR data...
✅ Updated current_trades.json with real IBKR data
📅 No executed trades yet - showing sample events to demonstrate P&L tracking
✅ Synced 3 Google Calendar events
[2026-06-10 00:43:34] ✅ Sync complete

[2026-06-10 00:44:34] 🔄 Syncing real IBKR data...
✅ Updated current_trades.json with real IBKR data
📅 No executed trades yet - showing sample events to demonstrate P&L tracking
✅ Synced 3 Google Calendar events
[2026-06-10 00:44:34] ✅ Sync complete

[2026-06-10 00:45:34] 🔄 Syncing real IBKR data...
✅ Updated current_trades.json with real IBKR data
📅 No executed trades yet - showing sample events to demonstrate P&L tracking
✅ Synced 3 Google Calendar events
[2026-06-10 00:45:34] ✅ Sync complete

[2026-06-10 00:46:35] 🔄 Syncing real IBKR data...
✅ Updated current_trades.json with real IBKR data
📅 No executed trades yet - showing sample events to demonstrate P&L tracking
✅ Synced 3 Google Calendar events
[2026-06-10 00:46:35] ✅ Sync complete

[2026-06-10 00:47:35] 🔄 Syncing real IBKR data...
✅ Updated current_trades.json with real IBKR data
📅 No executed trades yet - showing sample events to demonstrate P&L tracking
✅ Synced 3 Google Calendar events
[2026-06-10 00:47:35] ✅ Sync complete

[2026-06-10 00:48:35] 🔄 Syncing real IBKR data...
✅ Updated current_trades.json with real IBKR data
📅 No executed trades yet - showing sample events to demonstrate P&L tracking
✅ Synced 3 Google Calendar events
[2026-06-10 00:48:35] ✅ Sync complete

[2026-06-10 00:49:35] 🔄 Syncing real IBKR data...
✅ Updated current_trades.json with real IBKR data
📅 No executed trades yet - showing sample events to demonstrate P&L tracking
✅ Synced 3 Google Calendar events
[2026-06-10 00:49:35] ✅ Sync complete

[2026-06-10 00:50:35] 🔄 Syncing real IBKR data...
✅ Updated current_trades.json with real IBKR data
📅 No executed trades yet - showing sample events to demonstrate P&L tracking
✅ Synced 3 Google Calendar events
[2026-06-10 00:50:35] ✅ Sync complete

[2026-06-10 00:51:36] 🔄 Syncing real IBKR data...
✅ Updated current_trades.json with real IBKR data
📅 No executed trades yet - showing sample events to demonstrate P&L tracking
✅ Synced 3 Google Calendar events
[2026-06-10 00:51:36] ✅ Sync complete

[2026-06-10 00:52:36] 🔄 Syncing real IBKR data...
✅ Updated current_trades.json with real IBKR data
📅 No executed trades yet - showing sample events to demonstrate P&L tracking
✅ Synced 3 Google Calendar events
[2026-06-10 00:52:36] ✅ Sync complete

[2026-06-10 00:53:36] 🔄 Syncing real IBKR data...
✅ Updated current_trades.json with real IBKR data
📅 No executed trades yet - showing sample events to demonstrate P&L tracking
✅ Synced 3 Google Calendar events
[2026-06-10 00:53:36] ✅ Sync complete

[2026-06-10 00:54:36] 🔄 Syncing real IBKR data...
✅ Updated current_trades.json with real IBKR data
📅 No executed trades yet - showing sample events to demonstrate P&L tracking
✅ Synced 3 Google Calendar events
[2026-06-10 00:54:36] ✅ Sync complete

[2026-06-10 00:55:36] 🔄 Syncing real IBKR data...
✅ Updated current_trades.json with real IBKR data
📅 No executed trades yet - showing sample events to demonstrate P&L tracking
✅ Synced 3 Google Calendar events
[2026-06-10 00:55:37] ✅ Sync complete

[2026-06-10 00:56:37] 🔄 Syncing real IBKR data...
✅ Updated current_trades.json with real IBKR data
📅 No executed trades yet - showing sample events to demonstrate P&L tracking
✅ Synced 3 Google Calendar events
[2026-06-10 00:56:37] ✅ Sync complete

[2026-06-10 00:57:37] 🔄 Syncing real IBKR data...
✅ Updated current_trades.json with real IBKR data
📅 No executed trades yet - showing sample events to demonstrate P&L tracking
✅ Synced 3 Google Calendar events
[2026-06-10 00:57:37] ✅ Sync complete

[2026-06-10 00:58:37] 🔄 Syncing real IBKR data...
✅ Updated current_trades.json with real IBKR data
📅 No executed trades yet - showing sample events to demonstrate P&L tracking
✅ Synced 3 Google Calendar events
[2026-06-10 00:58:37] ✅ Sync complete

[2026-06-10 00:59:37] 🔄 Syncing real IBKR data...
✅ Updated current_trades.json with real IBKR data
📅 No executed trades yet - showing sample events to demonstrate P&L tracking
✅ Synced 3 Google Calendar events
[2026-06-10 00:59:37] ✅ Sync complete

[2026-06-10 01:00:38] 🔄 Syncing real IBKR data...
✅ Updated current_trades.json with real IBKR data
📅 No executed trades yet - showing sample events to demonstrate P&L tracking
✅ Synced 3 Google Calendar events
[2026-06-10 01:00:38] ✅ Sync complete

[2026-06-10 01:01:38] 🔄 Syncing real IBKR data...
✅ Updated current_trades.json with real IBKR data
📅 No executed trades yet - showing sample events to demonstrate P&L tracking
✅ Synced 3 Google Calendar events
[2026-06-10 01:01:38] ✅ Sync complete

[2026-06-10 01:02:38] 🔄 Syncing real IBKR data...
✅ Updated current_trades.json with real IBKR data
📅 No executed trades yet - showing sample events to demonstrate P&L tracking
✅ Synced 3 Google Calendar events
[2026-06-10 01:02:38] ✅ Sync complete

[2026-06-10 01:03:38] 🔄 Syncing real IBKR data...
✅ Updated current_trades.json with real IBKR data
📅 No executed trades yet - showing sample events to demonstrate P&L tracking
✅ Synced 3 Google Calendar events
[2026-06-10 01:03:38] ✅ Sync complete

[2026-06-10 01:04:38] 🔄 Syncing real IBKR data...
✅ Updated current_trades.json with real IBKR data
📅 No executed trades yet - showing sample events to demonstrate P&L tracking
✅ Synced 3 Google Calendar events
[2026-06-10 01:04:38] ✅ Sync complete

[2026-06-10 01:05:39] 🔄 Syncing real IBKR data...
✅ Updated current_trades.json with real IBKR data
📅 No executed trades yet - showing sample events to demonstrate P&L tracking
✅ Synced 3 Google Calendar events
[2026-06-10 01:05:39] ✅ Sync complete

[2026-06-10 01:06:39] 🔄 Syncing real IBKR data...
✅ Updated current_trades.json with real IBKR data
📅 No executed trades yet - showing sample events to demonstrate P&L tracking
✅ Synced 3 Google Calendar events
[2026-06-10 01:06:39] ✅ Sync complete

[2026-06-10 01:07:39] 🔄 Syncing real IBKR data...
✅ Updated current_trades.json with real IBKR data
📅 No executed trades yet - showing sample events to demonstrate P&L tracking
✅ Synced 3 Google Calendar events
[2026-06-10 01:07:39] ✅ Sync complete

[2026-06-10 01:08:39] 🔄 Syncing real IBKR data...
✅ Updated current_trades.json with real IBKR data
📅 No executed trades yet - showing sample events to demonstrate P&L tracking
✅ Synced 3 Google Calendar events
[2026-06-10 01:08:39] ✅ Sync complete

[2026-06-10 01:09:39] 🔄 Syncing real IBKR data...
✅ Updated current_trades.json with real IBKR data
📅 No executed trades yet - showing sample events to demonstrate P&L tracking
✅ Synced 3 Google Calendar events
[2026-06-10 01:09:39] ✅ Sync complete

[2026-06-10 01:10:40] 🔄 Syncing real IBKR data...
✅ Updated current_trades.json with real IBKR data
📅 No executed trades yet - showing sample events to demonstrate P&L tracking
✅ Synced 3 Google Calendar events
[2026-06-10 01:10:40] ✅ Sync complete

[2026-06-10 01:11:40] 🔄 Syncing real IBKR data...
✅ Updated current_trades.json with real IBKR data
📅 No executed trades yet - showing sample events to demonstrate P&L tracking
✅ Synced 3 Google Calendar events
[2026-06-10 01:11:40] ✅ Sync complete

[2026-06-10 01:12:40] 🔄 Syncing real IBKR data...
✅ Updated current_trades.json with real IBKR data
📅 No executed trades yet - showing sample events to demonstrate P&L tracking
✅ Synced 3 Google Calendar events
[2026-06-10 01:12:40] ✅ Sync complete

[2026-06-10 01:13:40] 🔄 Syncing real IBKR data...
✅ Updated current_trades.json with real IBKR data
📅 No executed trades yet - showing sample events to demonstrate P&L tracking
✅ Synced 3 Google Calendar events
[2026-06-10 01:13:40] ✅ Sync complete

[2026-06-10 01:14:40] 🔄 Syncing real IBKR data...
✅ Updated current_trades.json with real IBKR data
📅 No executed trades yet - showing sample events to demonstrate P&L tracking
✅ Synced 3 Google Calendar events
[2026-06-10 01:14:40] ✅ Sync complete

[2026-06-10 01:15:41] 🔄 Syncing real IBKR data...
✅ Updated current_trades.json with real IBKR data
📅 No executed trades yet - showing sample events to demonstrate P&L tracking
✅ Synced 3 Google Calendar events
[2026-06-10 01:15:41] ✅ Sync complete

[2026-06-10 01:16:41] 🔄 Syncing real IBKR data...
✅ Updated current_trades.json with real IBKR data
📅 No executed trades yet - showing sample events to demonstrate P&L tracking
✅ Synced 3 Google Calendar events
[2026-06-10 01:16:41] ✅ Sync complete

[2026-06-10 01:17:41] 🔄 Syncing real IBKR data...
✅ Updated current_trades.json with real IBKR data
📅 No executed trades yet - showing sample events to demonstrate P&L tracking
✅ Synced 3 Google Calendar events
[2026-06-10 01:17:41] ✅ Sync complete

[2026-06-10 01:18:41] 🔄 Syncing real IBKR data...
✅ Updated current_trades.json with real IBKR data
📅 No executed trades yet - showing sample events to demonstrate P&L tracking
✅ Synced 3 Google Calendar events
[2026-06-10 01:18:41] ✅ Sync complete

[2026-06-10 01:19:42] 🔄 Syncing real IBKR data...
✅ Updated current_trades.json with real IBKR data
📅 No executed trades yet - showing sample events to demonstrate P&L tracking
✅ Synced 3 Google Calendar events
[2026-06-10 01:19:42] ✅ Sync complete

[2026-06-10 01:20:42] 🔄 Syncing real IBKR data...
✅ Updated current_trades.json with real IBKR data
📅 No executed trades yet - showing sample events to demonstrate P&L tracking
✅ Synced 3 Google Calendar events
[2026-06-10 01:20:42] ✅ Sync complete

[2026-06-10 01:21:42] 🔄 Syncing real IBKR data...
✅ Updated current_trades.json with real IBKR data
📅 No executed trades yet - showing sample events to demonstrate P&L tracking
✅ Synced 3 Google Calendar events
[2026-06-10 01:21:42] ✅ Sync complete

[2026-06-10 01:22:42] 🔄 Syncing real IBKR data...
✅ Updated current_trades.json with real IBKR data
📅 No executed trades yet - showing sample events to demonstrate P&L tracking
✅ Synced 3 Google Calendar events
[2026-06-10 01:22:42] ✅ Sync complete

[2026-06-10 01:23:42] 🔄 Syncing real IBKR data...
✅ Updated current_trades.json with real IBKR data
📅 No executed trades yet - showing sample events to demonstrate P&L tracking
✅ Synced 3 Google Calendar events
[2026-06-10 01:23:42] ✅ Sync complete

[2026-06-10 01:24:43] 🔄 Syncing real IBKR data...
✅ Updated current_trades.json with real IBKR data
📅 No executed trades yet - showing sample events to demonstrate P&L tracking
✅ Synced 3 Google Calendar events
[2026-06-10 01:24:43] ✅ Sync complete

[2026-06-10 01:25:43] 🔄 Syncing real IBKR data...
✅ Updated current_trades.json with real IBKR data
📅 No executed trades yet - showing sample events to demonstrate P&L tracking
✅ Synced 3 Google Calendar events
[2026-06-10 01:25:43] ✅ Sync complete

[2026-06-10 01:26:43] 🔄 Syncing real IBKR data...
✅ Updated current_trades.json with real IBKR data
📅 No executed trades yet - showing sample events to demonstrate P&L tracking
✅ Synced 3 Google Calendar events
[2026-06-10 01:26:43] ✅ Sync complete

[2026-06-10 01:27:43] 🔄 Syncing real IBKR data...
✅ Updated current_trades.json with real IBKR data
📅 No executed trades yet - showing sample events to demonstrate P&L tracking
✅ Synced 3 Google Calendar events
[2026-06-10 01:27:43] ✅ Sync complete

[2026-06-10 01:28:43] 🔄 Syncing real IBKR data...
✅ Updated current_trades.json with real IBKR data
📅 No executed trades yet - showing sample events to demonstrate P&L tracking
✅ Synced 3 Google Calendar events
[2026-06-10 01:28:43] ✅ Sync complete

[2026-06-10 01:29:44] 🔄 Syncing real IBKR data...
✅ Updated current_trades.json with real IBKR data
📅 No executed trades yet - showing sample events to demonstrate P&L tracking
✅ Synced 3 Google Calendar events
[2026-06-10 01:29:44] ✅ Sync complete

[2026-06-10 01:30:44] 🔄 Syncing real IBKR data...
✅ Updated current_trades.json with real IBKR data
📅 No executed trades yet - showing sample events to demonstrate P&L tracking
✅ Synced 3 Google Calendar events
[2026-06-10 01:30:44] ✅ Sync complete

[2026-06-10 01:31:44] 🔄 Syncing real IBKR data...
✅ Updated current_trades.json with real IBKR data
📅 No executed trades yet - showing sample events to demonstrate P&L tracking
✅ Synced 3 Google Calendar events
[2026-06-10 01:31:44] ✅ Sync complete

[2026-06-10 01:32:44] 🔄 Syncing real IBKR data...
✅ Updated current_trades.json with real IBKR data
📅 No executed trades yet - showing sample events to demonstrate P&L tracking
✅ Synced 3 Google Calendar events
[2026-06-10 01:32:44] ✅ Sync complete

[2026-06-10 01:33:44] 🔄 Syncing real IBKR data...
✅ Updated current_trades.json with real IBKR data
📅 No executed trades yet - showing sample events to demonstrate P&L tracking
✅ Synced 3 Google Calendar events
[2026-06-10 01:33:44] ✅ Sync complete

[2026-06-10 01:34:45] 🔄 Syncing real IBKR data...
✅ Updated current_trades.json with real IBKR data
📅 No executed trades yet - showing sample events to demonstrate P&L tracking
✅ Synced 3 Google Calendar events
[2026-06-10 01:34:45] ✅ Sync complete

[2026-06-10 01:35:45] 🔄 Syncing real IBKR data...
✅ Updated current_trades.json with real IBKR data
📅 No executed trades yet - showing sample events to demonstrate P&L tracking
✅ Synced 3 Google Calendar events
[2026-06-10 01:35:45] ✅ Sync complete

[2026-06-10 01:36:45] 🔄 Syncing real IBKR data...
✅ Updated current_trades.json with real IBKR data
📅 No executed trades yet - showing sample events to demonstrate P&L tracking
✅ Synced 3 Google Calendar events
[2026-06-10 01:36:45] ✅ Sync complete

[2026-06-10 01:37:45] 🔄 Syncing real IBKR data...
✅ Updated current_trades.json with real IBKR data
📅 No executed trades yet - showing sample events to demonstrate P&L tracking
✅ Synced 3 Google Calendar events
[2026-06-10 01:37:45] ✅ Sync complete

[2026-06-10 01:38:45] 🔄 Syncing real IBKR data...
✅ Updated current_trades.json with real IBKR data
📅 No executed trades yet - showing sample events to demonstrate P&L tracking
✅ Synced 3 Google Calendar events
[2026-06-10 01:38:45] ✅ Sync complete

[2026-06-10 01:39:46] 🔄 Syncing real IBKR data...
✅ Updated current_trades.json with real IBKR data
📅 No executed trades yet - showing sample events to demonstrate P&L tracking
✅ Synced 3 Google Calendar events
[2026-06-10 01:39:46] ✅ Sync complete

[2026-06-10 01:40:46] 🔄 Syncing real IBKR data...
✅ Updated current_trades.json with real IBKR data
📅 No executed trades yet - showing sample events to demonstrate P&L tracking
✅ Synced 3 Google Calendar events
[2026-06-10 01:40:46] ✅ Sync complete

[2026-06-10 01:41:46] 🔄 Syncing real IBKR data...
✅ Updated current_trades.json with real IBKR data
📅 No executed trades yet - showing sample events to demonstrate P&L tracking
✅ Synced 3 Google Calendar events
[2026-06-10 01:41:46] ✅ Sync complete

[2026-06-10 01:42:46] 🔄 Syncing real IBKR data...
✅ Updated current_trades.json with real IBKR data
📅 No executed trades yet - showing sample events to demonstrate P&L tracking
✅ Synced 3 Google Calendar events
[2026-06-10 01:42:46] ✅ Sync complete

[2026-06-10 01:43:47] 🔄 Syncing real IBKR data...
✅ Updated current_trades.json with real IBKR data
📅 No executed trades yet - showing sample events to demonstrate P&L tracking
✅ Synced 3 Google Calendar events
[2026-06-10 01:43:47] ✅ Sync complete

[2026-06-10 01:44:47] 🔄 Syncing real IBKR data...
✅ Updated current_trades.json with real IBKR data
📅 No executed trades yet - showing sample events to demonstrate P&L tracking
✅ Synced 3 Google Calendar events
[2026-06-10 01:44:47] ✅ Sync complete

[2026-06-10 01:45:47] 🔄 Syncing real IBKR data...
✅ Updated current_trades.json with real IBKR data
📅 No executed trades yet - showing sample events to demonstrate P&L tracking
✅ Synced 3 Google Calendar events
[2026-06-10 01:45:47] ✅ Sync complete

[2026-06-10 01:46:47] 🔄 Syncing real IBKR data...
✅ Updated current_trades.json with real IBKR data
📅 No executed trades yet - showing sample events to demonstrate P&L tracking
✅ Synced 3 Google Calendar events
[2026-06-10 01:46:47] ✅ Sync complete

[2026-06-10 01:47:47] 🔄 Syncing real IBKR data...
✅ Updated current_trades.json with real IBKR data
📅 No executed trades yet - showing sample events to demonstrate P&L tracking
✅ Synced 3 Google Calendar events
[2026-06-10 01:47:47] ✅ Sync complete

[2026-06-10 01:48:48] 🔄 Syncing real IBKR data...
✅ Updated current_trades.json with real IBKR data
📅 No executed trades yet - showing sample events to demonstrate P&L tracking
✅ Synced 3 Google Calendar events
[2026-06-10 01:48:48] ✅ Sync complete

[2026-06-10 01:49:48] 🔄 Syncing real IBKR data...
✅ Updated current_trades.json with real IBKR data
📅 No executed trades yet - showing sample events to demonstrate P&L tracking
✅ Synced 3 Google Calendar events
[2026-06-10 01:49:48] ✅ Sync complete

[2026-06-10 01:50:48] 🔄 Syncing real IBKR data...
✅ Updated current_trades.json with real IBKR data
📅 No executed trades yet - showing sample events to demonstrate P&L tracking
✅ Synced 3 Google Calendar events
[2026-06-10 01:50:48] ✅ Sync complete

[2026-06-10 01:51:48] 🔄 Syncing real IBKR data...
✅ Updated current_trades.json with real IBKR data
📅 No executed trades yet - showing sample events to demonstrate P&L tracking
✅ Synced 3 Google Calendar events
[2026-06-10 01:51:48] ✅ Sync complete

[2026-06-10 01:52:49] 🔄 Syncing real IBKR data...
✅ Updated current_trades.json with real IBKR data
📅 No executed trades yet - showing sample events to demonstrate P&L tracking
✅ Synced 3 Google Calendar events
[2026-06-10 01:52:49] ✅ Sync complete

[2026-06-10 01:53:49] 🔄 Syncing real IBKR data...
✅ Updated current_trades.json with real IBKR data
📅 No executed trades yet - showing sample events to demonstrate P&L tracking
✅ Synced 3 Google Calendar events
[2026-06-10 01:53:49] ✅ Sync complete

[2026-06-10 01:54:49] 🔄 Syncing real IBKR data...
✅ Updated current_trades.json with real IBKR data
📅 No executed trades yet - showing sample events to demonstrate P&L tracking
✅ Synced 3 Google Calendar events
[2026-06-10 01:54:49] ✅ Sync complete

[2026-06-10 01:55:49] 🔄 Syncing real IBKR data...
✅ Updated current_trades.json with real IBKR data
📅 No executed trades yet - showing sample events to demonstrate P&L tracking
✅ Synced 3 Google Calendar events
[2026-06-10 01:55:49] ✅ Sync complete

[2026-06-10 01:56:49] 🔄 Syncing real IBKR data...
✅ Updated current_trades.json with real IBKR data
📅 No executed trades yet - showing sample events to demonstrate P&L tracking
✅ Synced 3 Google Calendar events
[2026-06-10 01:56:49] ✅ Sync complete

[2026-06-10 01:57:50] 🔄 Syncing real IBKR data...
✅ Updated current_trades.json with real IBKR data
📅 No executed trades yet - showing sample events to demonstrate P&L tracking
✅ Synced 3 Google Calendar events
[2026-06-10 01:57:50] ✅ Sync complete

[2026-06-10 01:58:50] 🔄 Syncing real IBKR data...
✅ Updated current_trades.json with real IBKR data
📅 No executed trades yet - showing sample events to demonstrate P&L tracking
✅ Synced 3 Google Calendar events
[2026-06-10 01:58:50] ✅ Sync complete

[2026-06-10 01:59:50] 🔄 Syncing real IBKR data...
✅ Updated current_trades.json with real IBKR data
📅 No executed trades yet - showing sample events to demonstrate P&L tracking
✅ Synced 3 Google Calendar events
[2026-06-10 01:59:50] ✅ Sync complete

[2026-06-10 02:00:50] 🔄 Syncing real IBKR data...
✅ Updated current_trades.json with real IBKR data
📅 No executed trades yet - showing sample events to demonstrate P&L tracking
✅ Synced 3 Google Calendar events
[2026-06-10 02:00:50] ✅ Sync complete

[2026-06-10 02:01:50] 🔄 Syncing real IBKR data...
✅ Updated current_trades.json with real IBKR data
📅 No executed trades yet - showing sample events to demonstrate P&L tracking
✅ Synced 3 Google Calendar events
[2026-06-10 02:01:50] ✅ Sync complete

[2026-06-10 02:02:51] 🔄 Syncing real IBKR data...
✅ Updated current_trades.json with real IBKR data
📅 No executed trades yet - showing sample events to demonstrate P&L tracking
✅ Synced 3 Google Calendar events
[2026-06-10 02:02:51] ✅ Sync complete

[2026-06-10 02:03:51] 🔄 Syncing real IBKR data...
✅ Updated current_trades.json with real IBKR data
📅 No executed trades yet - showing sample events to demonstrate P&L tracking
✅ Synced 3 Google Calendar events
[2026-06-10 02:03:51] ✅ Sync complete

[2026-06-10 02:04:51] 🔄 Syncing real IBKR data...
✅ Updated current_trades.json with real IBKR data
📅 No executed trades yet - showing sample events to demonstrate P&L tracking
✅ Synced 3 Google Calendar events
[2026-06-10 02:04:51] ✅ Sync complete

[2026-06-10 02:05:51] 🔄 Syncing real IBKR data...
✅ Updated current_trades.json with real IBKR data
📅 No executed trades yet - showing sample events to demonstrate P&L tracking
✅ Synced 3 Google Calendar events
[2026-06-10 02:05:51] ✅ Sync complete

[2026-06-10 02:06:51] 🔄 Syncing real IBKR data...
✅ Updated current_trades.json with real IBKR data
📅 No executed trades yet - showing sample events to demonstrate P&L tracking
✅ Synced 3 Google Calendar events
[2026-06-10 02:06:51] ✅ Sync complete

[2026-06-10 02:07:52] 🔄 Syncing real IBKR data...
✅ Updated current_trades.json with real IBKR data
📅 No executed trades yet - showing sample events to demonstrate P&L tracking
✅ Synced 3 Google Calendar events
[2026-06-10 02:07:52] ✅ Sync complete

[2026-06-10 02:08:52] 🔄 Syncing real IBKR data...
✅ Updated current_trades.json with real IBKR data
📅 No executed trades yet - showing sample events to demonstrate P&L tracking
✅ Synced 3 Google Calendar events
[2026-06-10 02:08:52] ✅ Sync complete

[2026-06-10 02:09:52] 🔄 Syncing real IBKR data...
✅ Updated current_trades.json with real IBKR data
📅 No executed trades yet - showing sample events to demonstrate P&L tracking
✅ Synced 3 Google Calendar events
[2026-06-10 02:09:52] ✅ Sync complete

[2026-06-10 02:10:52] 🔄 Syncing real IBKR data...
✅ Updated current_trades.json with real IBKR data
📅 No executed trades yet - showing sample events to demonstrate P&L tracking
✅ Synced 3 Google Calendar events
[2026-06-10 02:10:52] ✅ Sync complete

[2026-06-10 02:11:52] 🔄 Syncing real IBKR data...
✅ Updated current_trades.json with real IBKR data
📅 No executed trades yet - showing sample events to demonstrate P&L tracking
✅ Synced 3 Google Calendar events
[2026-06-10 02:11:52] ✅ Sync complete

[2026-06-10 02:12:53] 🔄 Syncing real IBKR data...
✅ Updated current_trades.json with real IBKR data
📅 No executed trades yet - showing sample events to demonstrate P&L tracking
✅ Synced 3 Google Calendar events
[2026-06-10 02:12:53] ✅ Sync complete

[2026-06-10 02:13:53] 🔄 Syncing real IBKR data...
✅ Updated current_trades.json with real IBKR data
📅 No executed trades yet - showing sample events to demonstrate P&L tracking
✅ Synced 3 Google Calendar events
[2026-06-10 02:13:53] ✅ Sync complete

[2026-06-10 02:14:53] 🔄 Syncing real IBKR data...
✅ Updated current_trades.json with real IBKR data
📅 No executed trades yet - showing sample events to demonstrate P&L tracking
✅ Synced 3 Google Calendar events
[2026-06-10 02:14:53] ✅ Sync complete

[2026-06-10 02:15:53] 🔄 Syncing real IBKR data...
✅ Updated current_trades.json with real IBKR data
📅 No executed trades yet - showing sample events to demonstrate P&L tracking
✅ Synced 3 Google Calendar events
[2026-06-10 02:15:53] ✅ Sync complete

[2026-06-10 02:16:53] 🔄 Syncing real IBKR data...
✅ Updated current_trades.json with real IBKR data
📅 No executed trades yet - showing sample events to demonstrate P&L tracking
✅ Synced 3 Google Calendar events
[2026-06-10 02:16:53] ✅ Sync complete

[2026-06-10 02:17:54] 🔄 Syncing real IBKR data...
✅ Updated current_trades.json with real IBKR data
📅 No executed trades yet - showing sample events to demonstrate P&L tracking
✅ Synced 3 Google Calendar events
[2026-06-10 02:17:54] ✅ Sync complete

[2026-06-10 02:18:54] 🔄 Syncing real IBKR data...
✅ Updated current_trades.json with real IBKR data
📅 No executed trades yet - showing sample events to demonstrate P&L tracking
✅ Synced 3 Google Calendar events
[2026-06-10 02:18:54] ✅ Sync complete

[2026-06-10 02:19:54] 🔄 Syncing real IBKR data...
✅ Updated current_trades.json with real IBKR data
📅 No executed trades yet - showing sample events to demonstrate P&L tracking
✅ Synced 3 Google Calendar events
[2026-06-10 02:19:54] ✅ Sync complete

[2026-06-10 02:20:54] 🔄 Syncing real IBKR data...
✅ Updated current_trades.json with real IBKR data
📅 No executed trades yet - showing sample events to demonstrate P&L tracking
✅ Synced 3 Google Calendar events
[2026-06-10 02:20:54] ✅ Sync complete

[2026-06-10 02:21:55] 🔄 Syncing real IBKR data...
✅ Updated current_trades.json with real IBKR data
📅 No executed trades yet - showing sample events to demonstrate P&L tracking
✅ Synced 3 Google Calendar events
[2026-06-10 02:21:55] ✅ Sync complete

[2026-06-10 02:22:55] 🔄 Syncing real IBKR data...
✅ Updated current_trades.json with real IBKR data
📅 No executed trades yet - showing sample events to demonstrate P&L tracking
✅ Synced 3 Google Calendar events
[2026-06-10 02:22:55] ✅ Sync complete

[2026-06-10 02:23:55] 🔄 Syncing real IBKR data...
✅ Updated current_trades.json with real IBKR data
📅 No executed trades yet - showing sample events to demonstrate P&L tracking
✅ Synced 3 Google Calendar events
[2026-06-10 02:23:55] ✅ Sync complete

[2026-06-10 02:24:55] 🔄 Syncing real IBKR data...
✅ Updated current_trades.json with real IBKR data
📅 No executed trades yet - showing sample events to demonstrate P&L tracking
✅ Synced 3 Google Calendar events
[2026-06-10 02:24:55] ✅ Sync complete

[2026-06-10 02:25:55] 🔄 Syncing real IBKR data...
✅ Updated current_trades.json with real IBKR data
📅 No executed trades yet - showing sample events to demonstrate P&L tracking
✅ Synced 3 Google Calendar events
[2026-06-10 02:25:55] ✅ Sync complete

[2026-06-10 02:26:56] 🔄 Syncing real IBKR data...
✅ Updated current_trades.json with real IBKR data
📅 No executed trades yet - showing sample events to demonstrate P&L tracking
✅ Synced 3 Google Calendar events
[2026-06-10 02:26:56] ✅ Sync complete

[2026-06-10 02:27:56] 🔄 Syncing real IBKR data...
✅ Updated current_trades.json with real IBKR data
📅 No executed trades yet - showing sample events to demonstrate P&L tracking
✅ Synced 3 Google Calendar events
[2026-06-10 02:27:56] ✅ Sync complete

[2026-06-10 02:28:56] 🔄 Syncing real IBKR data...
✅ Updated current_trades.json with real IBKR data
📅 No executed trades yet - showing sample events to demonstrate P&L tracking
✅ Synced 3 Google Calendar events
[2026-06-10 02:28:56] ✅ Sync complete

[2026-06-10 02:29:56] 🔄 Syncing real IBKR data...
✅ Updated current_trades.json with real IBKR data
📅 No executed trades yet - showing sample events to demonstrate P&L tracking
✅ Synced 3 Google Calendar events
[2026-06-10 02:29:56] ✅ Sync complete

[2026-06-10 02:30:56] 🔄 Syncing real IBKR data...
✅ Updated current_trades.json with real IBKR data
📅 No executed trades yet - showing sample events to demonstrate P&L tracking
✅ Synced 3 Google Calendar events
[2026-06-10 02:30:56] ✅ Sync complete

[2026-06-10 02:31:57] 🔄 Syncing real IBKR data...
✅ Updated current_trades.json with real IBKR data
📅 No executed trades yet - showing sample events to demonstrate P&L tracking
✅ Synced 3 Google Calendar events
[2026-06-10 02:31:57] ✅ Sync complete

[2026-06-10 02:32:57] 🔄 Syncing real IBKR data...
✅ Updated current_trades.json with real IBKR data
📅 No executed trades yet - showing sample events to demonstrate P&L tracking
✅ Synced 3 Google Calendar events
[2026-06-10 02:32:57] ✅ Sync complete

[2026-06-10 02:33:57] 🔄 Syncing real IBKR data...
✅ Updated current_trades.json with real IBKR data
📅 No executed trades yet - showing sample events to demonstrate P&L tracking
✅ Synced 3 Google Calendar events
[2026-06-10 02:33:57] ✅ Sync complete

[2026-06-10 02:34:57] 🔄 Syncing real IBKR data...
✅ Updated current_trades.json with real IBKR data
📅 No executed trades yet - showing sample events to demonstrate P&L tracking
✅ Synced 3 Google Calendar events
[2026-06-10 02:34:57] ✅ Sync complete

[2026-06-10 02:35:58] 🔄 Syncing real IBKR data...
✅ Updated current_trades.json with real IBKR data
📅 No executed trades yet - showing sample events to demonstrate P&L tracking
✅ Synced 3 Google Calendar events
[2026-06-10 02:35:58] ✅ Sync complete

[2026-06-10 02:36:58] 🔄 Syncing real IBKR data...
✅ Updated current_trades.json with real IBKR data
📅 No executed trades yet - showing sample events to demonstrate P&L tracking
✅ Synced 3 Google Calendar events
[2026-06-10 02:36:58] ✅ Sync complete

[2026-06-10 02:37:58] 🔄 Syncing real IBKR data...
✅ Updated current_trades.json with real IBKR data
📅 No executed trades yet - showing sample events to demonstrate P&L tracking
✅ Synced 3 Google Calendar events
[2026-06-10 02:37:58] ✅ Sync complete

[2026-06-10 02:38:58] 🔄 Syncing real IBKR data...
✅ Updated current_trades.json with real IBKR data
📅 No executed trades yet - showing sample events to demonstrate P&L tracking
✅ Synced 3 Google Calendar events
[2026-06-10 02:38:58] ✅ Sync complete

[2026-06-10 02:39:58] 🔄 Syncing real IBKR data...
✅ Updated current_trades.json with real IBKR data
📅 No executed trades yet - showing sample events to demonstrate P&L tracking
✅ Synced 3 Google Calendar events
[2026-06-10 02:39:58] ✅ Sync complete

[2026-06-10 02:40:59] 🔄 Syncing real IBKR data...
✅ Updated current_trades.json with real IBKR data
📅 No executed trades yet - showing sample events to demonstrate P&L tracking
✅ Synced 3 Google Calendar events
[2026-06-10 02:40:59] ✅ Sync complete

[2026-06-10 02:41:59] 🔄 Syncing real IBKR data...
✅ Updated current_trades.json with real IBKR data
📅 No executed trades yet - showing sample events to demonstrate P&L tracking
✅ Synced 3 Google Calendar events
[2026-06-10 02:41:59] ✅ Sync complete

[2026-06-10 02:42:59] 🔄 Syncing real IBKR data...
✅ Updated current_trades.json with real IBKR data
📅 No executed trades yet - showing sample events to demonstrate P&L tracking
✅ Synced 3 Google Calendar events
[2026-06-10 02:42:59] ✅ Sync complete

[2026-06-10 02:43:59] 🔄 Syncing real IBKR data...
✅ Updated current_trades.json with real IBKR data
📅 No executed trades yet - showing sample events to demonstrate P&L tracking
✅ Synced 3 Google Calendar events
[2026-06-10 02:43:59] ✅ Sync complete

[2026-06-10 02:44:59] 🔄 Syncing real IBKR data...
✅ Updated current_trades.json with real IBKR data
📅 No executed trades yet - showing sample events to demonstrate P&L tracking
✅ Synced 3 Google Calendar events
[2026-06-10 02:44:59] ✅ Sync complete

[2026-06-10 02:46:00] 🔄 Syncing real IBKR data...
✅ Updated current_trades.json with real IBKR data
📅 No executed trades yet - showing sample events to demonstrate P&L tracking
✅ Synced 3 Google Calendar events
[2026-06-10 02:46:00] ✅ Sync complete

[2026-06-10 02:47:00] 🔄 Syncing real IBKR data...
✅ Updated current_trades.json with real IBKR data
📅 No executed trades yet - showing sample events to demonstrate P&L tracking
✅ Synced 3 Google Calendar events
[2026-06-10 02:47:00] ✅ Sync complete

[2026-06-10 02:48:00] 🔄 Syncing real IBKR data...
✅ Updated current_trades.json with real IBKR data
📅 No executed trades yet - showing sample events to demonstrate P&L tracking
✅ Synced 3 Google Calendar events
[2026-06-10 02:48:00] ✅ Sync complete

[2026-06-10 02:49:00] 🔄 Syncing real IBKR data...
✅ Updated current_trades.json with real IBKR data
📅 No executed trades yet - showing sample events to demonstrate P&L tracking
✅ Synced 3 Google Calendar events
[2026-06-10 02:49:00] ✅ Sync complete

[2026-06-10 02:50:01] 🔄 Syncing real IBKR data...
✅ Updated current_trades.json with real IBKR data
📅 No executed trades yet - showing sample events to demonstrate P&L tracking
✅ Synced 3 Google Calendar events
[2026-06-10 02:50:01] ✅ Sync complete

[2026-06-10 02:51:01] 🔄 Syncing real IBKR data...
✅ Updated current_trades.json with real IBKR data
📅 No executed trades yet - showing sample events to demonstrate P&L tracking
✅ Synced 3 Google Calendar events
[2026-06-10 02:51:01] ✅ Sync complete

[2026-06-10 02:52:01] 🔄 Syncing real IBKR data...
✅ Updated current_trades.json with real IBKR data
📅 No executed trades yet - showing sample events to demonstrate P&L tracking
✅ Synced 3 Google Calendar events
[2026-06-10 02:52:01] ✅ Sync complete

[2026-06-10 02:53:01] 🔄 Syncing real IBKR data...
✅ Updated current_trades.json with real IBKR data
📅 No executed trades yet - showing sample events to demonstrate P&L tracking
✅ Synced 3 Google Calendar events
[2026-06-10 02:53:01] ✅ Sync complete

[2026-06-10 02:54:01] 🔄 Syncing real IBKR data...
✅ Updated current_trades.json with real IBKR data
📅 No executed trades yet - showing sample events to demonstrate P&L tracking
✅ Synced 3 Google Calendar events
[2026-06-10 02:54:01] ✅ Sync complete

[2026-06-10 02:55:02] 🔄 Syncing real IBKR data...
✅ Updated current_trades.json with real IBKR data
📅 No executed trades yet - showing sample events to demonstrate P&L tracking
✅ Synced 3 Google Calendar events
[2026-06-10 02:55:02] ✅ Sync complete

[2026-06-10 02:56:02] 🔄 Syncing real IBKR data...
✅ Updated current_trades.json with real IBKR data
📅 No executed trades yet - showing sample events to demonstrate P&L tracking
✅ Synced 3 Google Calendar events
[2026-06-10 02:56:02] ✅ Sync complete

[2026-06-10 02:57:02] 🔄 Syncing real IBKR data...
✅ Updated current_trades.json with real IBKR data
📅 No executed trades yet - showing sample events to demonstrate P&L tracking
✅ Synced 3 Google Calendar events
[2026-06-10 02:57:02] ✅ Sync complete

[2026-06-10 02:58:02] 🔄 Syncing real IBKR data...
✅ Updated current_trades.json with real IBKR data
📅 No executed trades yet - showing sample events to demonstrate P&L tracking
✅ Synced 3 Google Calendar events
[2026-06-10 02:58:02] ✅ Sync complete

[2026-06-10 02:59:02] 🔄 Syncing real IBKR data...
✅ Updated current_trades.json with real IBKR data
📅 No executed trades yet - showing sample events to demonstrate P&L tracking
✅ Synced 3 Google Calendar events
[2026-06-10 02:59:02] ✅ Sync complete

[2026-06-10 03:00:03] 🔄 Syncing real IBKR data...
✅ Updated current_trades.json with real IBKR data
📅 No executed trades yet - showing sample events to demonstrate P&L tracking
✅ Synced 3 Google Calendar events
[2026-06-10 03:00:03] ✅ Sync complete

[2026-06-10 03:01:03] 🔄 Syncing real IBKR data...
✅ Updated current_trades.json with real IBKR data
📅 No executed trades yet - showing sample events to demonstrate P&L tracking
✅ Synced 3 Google Calendar events
[2026-06-10 03:01:03] ✅ Sync complete

[2026-06-10 03:02:03] 🔄 Syncing real IBKR data...
✅ Updated current_trades.json with real IBKR data
📅 No executed trades yet - showing sample events to demonstrate P&L tracking
✅ Synced 3 Google Calendar events
[2026-06-10 03:02:03] ✅ Sync complete

[2026-06-10 03:03:03] 🔄 Syncing real IBKR data...
✅ Updated current_trades.json with real IBKR data
📅 No executed trades yet - showing sample events to demonstrate P&L tracking
✅ Synced 3 Google Calendar events
[2026-06-10 03:03:03] ✅ Sync complete

[2026-06-10 03:04:03] 🔄 Syncing real IBKR data...
✅ Updated current_trades.json with real IBKR data
📅 No executed trades yet - showing sample events to demonstrate P&L tracking
✅ Synced 3 Google Calendar events
[2026-06-10 03:04:03] ✅ Sync complete

[2026-06-10 03:05:04] 🔄 Syncing real IBKR data...
✅ Updated current_trades.json with real IBKR data
📅 No executed trades yet - showing sample events to demonstrate P&L tracking
✅ Synced 3 Google Calendar events
[2026-06-10 03:05:04] ✅ Sync complete

[2026-06-10 03:06:04] 🔄 Syncing real IBKR data...
✅ Updated current_trades.json with real IBKR data
📅 No executed trades yet - showing sample events to demonstrate P&L tracking
✅ Synced 3 Google Calendar events
[2026-06-10 03:06:04] ✅ Sync complete

[2026-06-10 03:07:04] 🔄 Syncing real IBKR data...
✅ Updated current_trades.json with real IBKR data
📅 No executed trades yet - showing sample events to demonstrate P&L tracking
✅ Synced 3 Google Calendar events
[2026-06-10 03:07:04] ✅ Sync complete

[2026-06-10 03:08:04] 🔄 Syncing real IBKR data...
✅ Updated current_trades.json with real IBKR data
📅 No executed trades yet - showing sample events to demonstrate P&L tracking
✅ Synced 3 Google Calendar events
[2026-06-10 03:08:04] ✅ Sync complete

[2026-06-10 03:09:04] 🔄 Syncing real IBKR data...
✅ Updated current_trades.json with real IBKR data
📅 No executed trades yet - showing sample events to demonstrate P&L tracking
✅ Synced 3 Google Calendar events
[2026-06-10 03:09:04] ✅ Sync complete

[2026-06-10 03:10:05] 🔄 Syncing real IBKR data...
✅ Updated current_trades.json with real IBKR data
📅 No executed trades yet - showing sample events to demonstrate P&L tracking
✅ Synced 3 Google Calendar events
[2026-06-10 03:10:05] ✅ Sync complete

[2026-06-10 03:11:05] 🔄 Syncing real IBKR data...
✅ Updated current_trades.json with real IBKR data
📅 No executed trades yet - showing sample events to demonstrate P&L tracking
✅ Synced 3 Google Calendar events
[2026-06-10 03:11:05] ✅ Sync complete

[2026-06-10 03:12:05] 🔄 Syncing real IBKR data...
✅ Updated current_trades.json with real IBKR data
📅 No executed trades yet - showing sample events to demonstrate P&L tracking
✅ Synced 3 Google Calendar events
[2026-06-10 03:12:05] ✅ Sync complete

[2026-06-10 03:13:05] 🔄 Syncing real IBKR data...
✅ Updated current_trades.json with real IBKR data
📅 No executed trades yet - showing sample events to demonstrate P&L tracking
✅ Synced 3 Google Calendar events
[2026-06-10 03:13:05] ✅ Sync complete

[2026-06-10 03:14:06] 🔄 Syncing real IBKR data...
✅ Updated current_trades.json with real IBKR data
📅 No executed trades yet - showing sample events to demonstrate P&L tracking
✅ Synced 3 Google Calendar events
[2026-06-10 03:14:06] ✅ Sync complete

[2026-06-10 03:15:06] 🔄 Syncing real IBKR data...
✅ Updated current_trades.json with real IBKR data
📅 No executed trades yet - showing sample events to demonstrate P&L tracking
✅ Synced 3 Google Calendar events
[2026-06-10 03:15:06] ✅ Sync complete

[2026-06-10 03:16:06] 🔄 Syncing real IBKR data...
✅ Updated current_trades.json with real IBKR data
📅 No executed trades yet - showing sample events to demonstrate P&L tracking
✅ Synced 3 Google Calendar events
[2026-06-10 03:16:06] ✅ Sync complete

[2026-06-10 03:17:06] 🔄 Syncing real IBKR data...
✅ Updated current_trades.json with real IBKR data
📅 No executed trades yet - showing sample events to demonstrate P&L tracking
✅ Synced 3 Google Calendar events
[2026-06-10 03:17:06] ✅ Sync complete

[2026-06-10 03:18:06] 🔄 Syncing real IBKR data...
✅ Updated current_trades.json with real IBKR data
📅 No executed trades yet - showing sample events to demonstrate P&L tracking
✅ Synced 3 Google Calendar events
[2026-06-10 03:18:06] ✅ Sync complete

[2026-06-10 03:19:07] 🔄 Syncing real IBKR data...
✅ Updated current_trades.json with real IBKR data
📅 No executed trades yet - showing sample events to demonstrate P&L tracking
✅ Synced 3 Google Calendar events
[2026-06-10 03:19:07] ✅ Sync complete

[2026-06-10 03:20:07] 🔄 Syncing real IBKR data...
✅ Updated current_trades.json with real IBKR data
📅 No executed trades yet - showing sample events to demonstrate P&L tracking
✅ Synced 3 Google Calendar events
[2026-06-10 03:20:07] ✅ Sync complete

[2026-06-10 03:21:07] 🔄 Syncing real IBKR data...
✅ Updated current_trades.json with real IBKR data
📅 No executed trades yet - showing sample events to demonstrate P&L tracking
✅ Synced 3 Google Calendar events
[2026-06-10 03:21:07] ✅ Sync complete

[2026-06-10 03:22:07] 🔄 Syncing real IBKR data...
✅ Updated current_trades.json with real IBKR data
📅 No executed trades yet - showing sample events to demonstrate P&L tracking
✅ Synced 3 Google Calendar events
[2026-06-10 03:22:07] ✅ Sync complete

[2026-06-10 03:23:07] 🔄 Syncing real IBKR data...
✅ Updated current_trades.json with real IBKR data
📅 No executed trades yet - showing sample events to demonstrate P&L tracking
✅ Synced 3 Google Calendar events
[2026-06-10 03:23:07] ✅ Sync complete

[2026-06-10 03:24:08] 🔄 Syncing real IBKR data...
✅ Updated current_trades.json with real IBKR data
📅 No executed trades yet - showing sample events to demonstrate P&L tracking
✅ Synced 3 Google Calendar events
[2026-06-10 03:24:08] ✅ Sync complete

[2026-06-10 03:25:08] 🔄 Syncing real IBKR data...
✅ Updated current_trades.json with real IBKR data
📅 No executed trades yet - showing sample events to demonstrate P&L tracking
✅ Synced 3 Google Calendar events
[2026-06-10 03:25:08] ✅ Sync complete

[2026-06-10 03:26:08] 🔄 Syncing real IBKR data...
✅ Updated current_trades.json with real IBKR data
📅 No executed trades yet - showing sample events to demonstrate P&L tracking
✅ Synced 3 Google Calendar events
[2026-06-10 03:26:08] ✅ Sync complete

[2026-06-10 03:27:08] 🔄 Syncing real IBKR data...
✅ Updated current_trades.json with real IBKR data
📅 No executed trades yet - showing sample events to demonstrate P&L tracking
✅ Synced 3 Google Calendar events
[2026-06-10 03:27:08] ✅ Sync complete

[2026-06-10 03:28:08] 🔄 Syncing real IBKR data...
✅ Updated current_trades.json with real IBKR data
📅 No executed trades yet - showing sample events to demonstrate P&L tracking
✅ Synced 3 Google Calendar events
[2026-06-10 03:28:08] ✅ Sync complete

[2026-06-10 03:29:09] 🔄 Syncing real IBKR data...
✅ Updated current_trades.json with real IBKR data
📅 No executed trades yet - showing sample events to demonstrate P&L tracking
✅ Synced 3 Google Calendar events
[2026-06-10 03:29:09] ✅ Sync complete

[2026-06-10 03:30:09] 🔄 Syncing real IBKR data...
✅ Updated current_trades.json with real IBKR data
📅 No executed trades yet - showing sample events to demonstrate P&L tracking
✅ Synced 3 Google Calendar events
[2026-06-10 03:30:09] ✅ Sync complete

[2026-06-10 03:31:09] 🔄 Syncing real IBKR data...
✅ Updated current_trades.json with real IBKR data
📅 No executed trades yet - showing sample events to demonstrate P&L tracking
✅ Synced 3 Google Calendar events
[2026-06-10 03:31:09] ✅ Sync complete

[2026-06-10 03:32:09] 🔄 Syncing real IBKR data...
✅ Updated current_trades.json with real IBKR data
📅 No executed trades yet - showing sample events to demonstrate P&L tracking
✅ Synced 3 Google Calendar events
[2026-06-10 03:32:09] ✅ Sync complete

[2026-06-10 03:33:10] 🔄 Syncing real IBKR data...
✅ Updated current_trades.json with real IBKR data
📅 No executed trades yet - showing sample events to demonstrate P&L tracking
✅ Synced 3 Google Calendar events
[2026-06-10 03:33:10] ✅ Sync complete

[2026-06-10 03:34:10] 🔄 Syncing real IBKR data...
✅ Updated current_trades.json with real IBKR data
📅 No executed trades yet - showing sample events to demonstrate P&L tracking
✅ Synced 3 Google Calendar events
[2026-06-10 03:34:10] ✅ Sync complete

[2026-06-10 03:35:10] 🔄 Syncing real IBKR data...
✅ Updated current_trades.json with real IBKR data
📅 No executed trades yet - showing sample events to demonstrate P&L tracking
✅ Synced 3 Google Calendar events
[2026-06-10 03:35:10] ✅ Sync complete

[2026-06-10 03:36:10] 🔄 Syncing real IBKR data...
✅ Updated current_trades.json with real IBKR data
📅 No executed trades yet - showing sample events to demonstrate P&L tracking
✅ Synced 3 Google Calendar events
[2026-06-10 03:36:10] ✅ Sync complete

[2026-06-10 03:37:10] 🔄 Syncing real IBKR data...
✅ Updated current_trades.json with real IBKR data
📅 No executed trades yet - showing sample events to demonstrate P&L tracking
✅ Synced 3 Google Calendar events
[2026-06-10 03:37:10] ✅ Sync complete

[2026-06-10 03:38:11] 🔄 Syncing real IBKR data...
✅ Updated current_trades.json with real IBKR data
📅 No executed trades yet - showing sample events to demonstrate P&L tracking
✅ Synced 3 Google Calendar events
[2026-06-10 03:38:11] ✅ Sync complete

[2026-06-10 03:39:11] 🔄 Syncing real IBKR data...
✅ Updated current_trades.json with real IBKR data
📅 No executed trades yet - showing sample events to demonstrate P&L tracking
✅ Synced 3 Google Calendar events
[2026-06-10 03:39:11] ✅ Sync complete

[2026-06-10 03:40:11] 🔄 Syncing real IBKR data...
✅ Updated current_trades.json with real IBKR data
📅 No executed trades yet - showing sample events to demonstrate P&L tracking
✅ Synced 3 Google Calendar events
[2026-06-10 03:40:11] ✅ Sync complete

[2026-06-10 03:41:11] 🔄 Syncing real IBKR data...
✅ Updated current_trades.json with real IBKR data
📅 No executed trades yet - showing sample events to demonstrate P&L tracking
✅ Synced 3 Google Calendar events
[2026-06-10 03:41:11] ✅ Sync complete

[2026-06-10 03:42:11] 🔄 Syncing real IBKR data...
✅ Updated current_trades.json with real IBKR data
📅 No executed trades yet - showing sample events to demonstrate P&L tracking
✅ Synced 3 Google Calendar events
[2026-06-10 03:42:11] ✅ Sync complete

[2026-06-10 03:43:12] 🔄 Syncing real IBKR data...
✅ Updated current_trades.json with real IBKR data
📅 No executed trades yet - showing sample events to demonstrate P&L tracking
✅ Synced 3 Google Calendar events
[2026-06-10 03:43:12] ✅ Sync complete

[2026-06-10 03:44:12] 🔄 Syncing real IBKR data...
✅ Updated current_trades.json with real IBKR data
📅 No executed trades yet - showing sample events to demonstrate P&L tracking
✅ Synced 3 Google Calendar events
[2026-06-10 03:44:12] ✅ Sync complete

[2026-06-10 03:45:12] 🔄 Syncing real IBKR data...
✅ Updated current_trades.json with real IBKR data
📅 No executed trades yet - showing sample events to demonstrate P&L tracking
✅ Synced 3 Google Calendar events
[2026-06-10 03:45:12] ✅ Sync complete

[2026-06-10 03:46:12] 🔄 Syncing real IBKR data...
✅ Updated current_trades.json with real IBKR data
📅 No executed trades yet - showing sample events to demonstrate P&L tracking
✅ Synced 3 Google Calendar events
[2026-06-10 03:46:12] ✅ Sync complete

[2026-06-10 03:47:12] 🔄 Syncing real IBKR data...
✅ Updated current_trades.json with real IBKR data
📅 No executed trades yet - showing sample events to demonstrate P&L tracking
✅ Synced 3 Google Calendar events
[2026-06-10 03:47:12] ✅ Sync complete

[2026-06-10 03:48:13] 🔄 Syncing real IBKR data...
✅ Updated current_trades.json with real IBKR data
📅 No executed trades yet - showing sample events to demonstrate P&L tracking
✅ Synced 3 Google Calendar events
[2026-06-10 03:48:13] ✅ Sync complete

[2026-06-10 03:49:13] 🔄 Syncing real IBKR data...
✅ Updated current_trades.json with real IBKR data
📅 No executed trades yet - showing sample events to demonstrate P&L tracking
✅ Synced 3 Google Calendar events
[2026-06-10 03:49:13] ✅ Sync complete

[2026-06-10 03:50:13] 🔄 Syncing real IBKR data...
✅ Updated current_trades.json with real IBKR data
📅 No executed trades yet - showing sample events to demonstrate P&L tracking
✅ Synced 3 Google Calendar events
[2026-06-10 03:50:13] ✅ Sync complete

[2026-06-10 03:51:13] 🔄 Syncing real IBKR data...
✅ Updated current_trades.json with real IBKR data
📅 No executed trades yet - showing sample events to demonstrate P&L tracking
✅ Synced 3 Google Calendar events
[2026-06-10 03:51:13] ✅ Sync complete

[2026-06-10 03:52:13] 🔄 Syncing real IBKR data...
✅ Updated current_trades.json with real IBKR data
📅 No executed trades yet - showing sample events to demonstrate P&L tracking
✅ Synced 3 Google Calendar events
[2026-06-10 03:52:13] ✅ Sync complete

[2026-06-10 03:53:14] 🔄 Syncing real IBKR data...
✅ Updated current_trades.json with real IBKR data
📅 No executed trades yet - showing sample events to demonstrate P&L tracking
✅ Synced 3 Google Calendar events
[2026-06-10 03:53:14] ✅ Sync complete

[2026-06-10 03:54:14] 🔄 Syncing real IBKR data...
✅ Updated current_trades.json with real IBKR data
📅 No executed trades yet - showing sample events to demonstrate P&L tracking
✅ Synced 3 Google Calendar events
[2026-06-10 03:54:14] ✅ Sync complete

[2026-06-10 03:55:14] 🔄 Syncing real IBKR data...
✅ Updated current_trades.json with real IBKR data
📅 No executed trades yet - showing sample events to demonstrate P&L tracking
✅ Synced 3 Google Calendar events
[2026-06-10 03:55:14] ✅ Sync complete

[2026-06-10 03:56:14] 🔄 Syncing real IBKR data...
✅ Updated current_trades.json with real IBKR data
📅 No executed trades yet - showing sample events to demonstrate P&L tracking
✅ Synced 3 Google Calendar events
[2026-06-10 03:56:14] ✅ Sync complete

[2026-06-10 03:57:14] 🔄 Syncing real IBKR data...
✅ Updated current_trades.json with real IBKR data
📅 No executed trades yet - showing sample events to demonstrate P&L tracking
✅ Synced 3 Google Calendar events
[2026-06-10 03:57:14] ✅ Sync complete

[2026-06-10 03:58:15] 🔄 Syncing real IBKR data...
✅ Updated current_trades.json with real IBKR data
📅 No executed trades yet - showing sample events to demonstrate P&L tracking
✅ Synced 3 Google Calendar events
[2026-06-10 03:58:15] ✅ Sync complete

[2026-06-10 03:59:15] 🔄 Syncing real IBKR data...
✅ Updated current_trades.json with real IBKR data
📅 No executed trades yet - showing sample events to demonstrate P&L tracking
✅ Synced 3 Google Calendar events
[2026-06-10 03:59:15] ✅ Sync complete

[2026-06-10 04:00:15] 🔄 Syncing real IBKR data...
✅ Updated current_trades.json with real IBKR data
📅 No executed trades yet - showing sample events to demonstrate P&L tracking
✅ Synced 3 Google Calendar events
[2026-06-10 04:00:15] ✅ Sync complete

[2026-06-10 04:01:15] 🔄 Syncing real IBKR data...
✅ Updated current_trades.json with real IBKR data
📅 No executed trades yet - showing sample events to demonstrate P&L tracking
✅ Synced 3 Google Calendar events
[2026-06-10 04:01:15] ✅ Sync complete

[2026-06-10 04:02:16] 🔄 Syncing real IBKR data...
✅ Updated current_trades.json with real IBKR data
📅 No executed trades yet - showing sample events to demonstrate P&L tracking
✅ Synced 3 Google Calendar events
[2026-06-10 04:02:16] ✅ Sync complete

[2026-06-10 04:03:16] 🔄 Syncing real IBKR data...
✅ Updated current_trades.json with real IBKR data
📅 No executed trades yet - showing sample events to demonstrate P&L tracking
✅ Synced 3 Google Calendar events
[2026-06-10 04:03:16] ✅ Sync complete

[2026-06-10 04:04:16] 🔄 Syncing real IBKR data...
✅ Updated current_trades.json with real IBKR data
📅 No executed trades yet - showing sample events to demonstrate P&L tracking
✅ Synced 3 Google Calendar events
[2026-06-10 04:04:16] ✅ Sync complete

[2026-06-10 04:05:16] 🔄 Syncing real IBKR data...
✅ Updated current_trades.json with real IBKR data
📅 No executed trades yet - showing sample events to demonstrate P&L tracking
✅ Synced 3 Google Calendar events
[2026-06-10 04:05:16] ✅ Sync complete

[2026-06-10 04:06:16] 🔄 Syncing real IBKR data...
✅ Updated current_trades.json with real IBKR data
📅 No executed trades yet - showing sample events to demonstrate P&L tracking
✅ Synced 3 Google Calendar events
[2026-06-10 04:06:16] ✅ Sync complete

[2026-06-10 04:07:17] 🔄 Syncing real IBKR data...
✅ Updated current_trades.json with real IBKR data
📅 No executed trades yet - showing sample events to demonstrate P&L tracking
✅ Synced 3 Google Calendar events
[2026-06-10 04:07:17] ✅ Sync complete

[2026-06-10 04:08:17] 🔄 Syncing real IBKR data...
✅ Updated current_trades.json with real IBKR data
📅 No executed trades yet - showing sample events to demonstrate P&L tracking
✅ Synced 3 Google Calendar events
[2026-06-10 04:08:17] ✅ Sync complete

[2026-06-10 04:09:17] 🔄 Syncing real IBKR data...
✅ Updated current_trades.json with real IBKR data
📅 No executed trades yet - showing sample events to demonstrate P&L tracking
✅ Synced 3 Google Calendar events
[2026-06-10 04:09:17] ✅ Sync complete

[2026-06-10 04:10:17] 🔄 Syncing real IBKR data...
✅ Updated current_trades.json with real IBKR data
📅 No executed trades yet - showing sample events to demonstrate P&L tracking
✅ Synced 3 Google Calendar events
[2026-06-10 04:10:17] ✅ Sync complete

[2026-06-10 04:11:17] 🔄 Syncing real IBKR data...
✅ Updated current_trades.json with real IBKR data
📅 No executed trades yet - showing sample events to demonstrate P&L tracking
✅ Synced 3 Google Calendar events
[2026-06-10 04:11:17] ✅ Sync complete

[2026-06-10 04:12:18] 🔄 Syncing real IBKR data...
✅ Updated current_trades.json with real IBKR data
📅 No executed trades yet - showing sample events to demonstrate P&L tracking
✅ Synced 3 Google Calendar events
[2026-06-10 04:12:18] ✅ Sync complete

[2026-06-10 04:13:18] 🔄 Syncing real IBKR data...
✅ Updated current_trades.json with real IBKR data
📅 No executed trades yet - showing sample events to demonstrate P&L tracking
✅ Synced 3 Google Calendar events
[2026-06-10 04:13:18] ✅ Sync complete

[2026-06-10 04:14:18] 🔄 Syncing real IBKR data...
✅ Updated current_trades.json with real IBKR data
📅 No executed trades yet - showing sample events to demonstrate P&L tracking
✅ Synced 3 Google Calendar events
[2026-06-10 04:14:18] ✅ Sync complete

[2026-06-10 04:15:18] 🔄 Syncing real IBKR data...
✅ Updated current_trades.json with real IBKR data
📅 No executed trades yet - showing sample events to demonstrate P&L tracking
✅ Synced 3 Google Calendar events
[2026-06-10 04:15:18] ✅ Sync complete

[2026-06-10 04:16:18] 🔄 Syncing real IBKR data...
✅ Updated current_trades.json with real IBKR data
📅 No executed trades yet - showing sample events to demonstrate P&L tracking
✅ Synced 3 Google Calendar events
[2026-06-10 04:16:18] ✅ Sync complete

[2026-06-10 04:17:19] 🔄 Syncing real IBKR data...
✅ Updated current_trades.json with real IBKR data
📅 No executed trades yet - showing sample events to demonstrate P&L tracking
✅ Synced 3 Google Calendar events
[2026-06-10 04:17:19] ✅ Sync complete

[2026-06-10 04:18:19] 🔄 Syncing real IBKR data...
✅ Updated current_trades.json with real IBKR data
📅 No executed trades yet - showing sample events to demonstrate P&L tracking
✅ Synced 3 Google Calendar events
[2026-06-10 04:18:19] ✅ Sync complete

[2026-06-10 04:19:19] 🔄 Syncing real IBKR data...
✅ Updated current_trades.json with real IBKR data
📅 No executed trades yet - showing sample events to demonstrate P&L tracking
✅ Synced 3 Google Calendar events
[2026-06-10 04:19:19] ✅ Sync complete

[2026-06-10 04:20:19] 🔄 Syncing real IBKR data...
✅ Updated current_trades.json with real IBKR data
📅 No executed trades yet - showing sample events to demonstrate P&L tracking
✅ Synced 3 Google Calendar events
[2026-06-10 04:20:19] ✅ Sync complete

[2026-06-10 04:21:20] 🔄 Syncing real IBKR data...
✅ Updated current_trades.json with real IBKR data
📅 No executed trades yet - showing sample events to demonstrate P&L tracking
✅ Synced 3 Google Calendar events
[2026-06-10 04:21:20] ✅ Sync complete

[2026-06-10 04:22:20] 🔄 Syncing real IBKR data...
✅ Updated current_trades.json with real IBKR data
📅 No executed trades yet - showing sample events to demonstrate P&L tracking
✅ Synced 3 Google Calendar events
[2026-06-10 04:22:20] ✅ Sync complete

[2026-06-10 04:23:20] 🔄 Syncing real IBKR data...
✅ Updated current_trades.json with real IBKR data
📅 No executed trades yet - showing sample events to demonstrate P&L tracking
✅ Synced 3 Google Calendar events
[2026-06-10 04:23:20] ✅ Sync complete

[2026-06-10 04:24:20] 🔄 Syncing real IBKR data...
✅ Updated current_trades.json with real IBKR data
📅 No executed trades yet - showing sample events to demonstrate P&L tracking
✅ Synced 3 Google Calendar events
[2026-06-10 04:24:20] ✅ Sync complete

[2026-06-10 04:25:20] 🔄 Syncing real IBKR data...
✅ Updated current_trades.json with real IBKR data
📅 No executed trades yet - showing sample events to demonstrate P&L tracking
✅ Synced 3 Google Calendar events
[2026-06-10 04:25:20] ✅ Sync complete

[2026-06-10 04:26:21] 🔄 Syncing real IBKR data...
✅ Updated current_trades.json with real IBKR data
📅 No executed trades yet - showing sample events to demonstrate P&L tracking
✅ Synced 3 Google Calendar events
[2026-06-10 04:26:21] ✅ Sync complete

[2026-06-10 04:27:21] 🔄 Syncing real IBKR data...
✅ Updated current_trades.json with real IBKR data
📅 No executed trades yet - showing sample events to demonstrate P&L tracking
✅ Synced 3 Google Calendar events
[2026-06-10 04:27:21] ✅ Sync complete

[2026-06-10 04:28:21] 🔄 Syncing real IBKR data...
✅ Updated current_trades.json with real IBKR data
📅 No executed trades yet - showing sample events to demonstrate P&L tracking
✅ Synced 3 Google Calendar events
[2026-06-10 04:28:21] ✅ Sync complete

[2026-06-10 04:29:21] 🔄 Syncing real IBKR data...
✅ Updated current_trades.json with real IBKR data
📅 No executed trades yet - showing sample events to demonstrate P&L tracking
✅ Synced 3 Google Calendar events
[2026-06-10 04:29:21] ✅ Sync complete

[2026-06-10 04:30:21] 🔄 Syncing real IBKR data...
✅ Updated current_trades.json with real IBKR data
📅 No executed trades yet - showing sample events to demonstrate P&L tracking
✅ Synced 3 Google Calendar events
[2026-06-10 04:30:21] ✅ Sync complete

[2026-06-10 04:31:22] 🔄 Syncing real IBKR data...
✅ Updated current_trades.json with real IBKR data
📅 No executed trades yet - showing sample events to demonstrate P&L tracking
✅ Synced 3 Google Calendar events
[2026-06-10 04:31:22] ✅ Sync complete

[2026-06-10 04:32:22] 🔄 Syncing real IBKR data...
✅ Updated current_trades.json with real IBKR data
📅 No executed trades yet - showing sample events to demonstrate P&L tracking
✅ Synced 3 Google Calendar events
[2026-06-10 04:32:22] ✅ Sync complete

[2026-06-10 04:33:22] 🔄 Syncing real IBKR data...
✅ Updated current_trades.json with real IBKR data
📅 No executed trades yet - showing sample events to demonstrate P&L tracking
✅ Synced 3 Google Calendar events
[2026-06-10 04:33:22] ✅ Sync complete

[2026-06-10 04:34:22] 🔄 Syncing real IBKR data...
✅ Updated current_trades.json with real IBKR data
📅 No executed trades yet - showing sample events to demonstrate P&L tracking
✅ Synced 3 Google Calendar events
[2026-06-10 04:34:22] ✅ Sync complete

[2026-06-10 04:35:22] 🔄 Syncing real IBKR data...
✅ Updated current_trades.json with real IBKR data
📅 No executed trades yet - showing sample events to demonstrate P&L tracking
✅ Synced 3 Google Calendar events
[2026-06-10 04:35:22] ✅ Sync complete

[2026-06-10 04:36:23] 🔄 Syncing real IBKR data...
✅ Updated current_trades.json with real IBKR data
📅 No executed trades yet - showing sample events to demonstrate P&L tracking
✅ Synced 3 Google Calendar events
[2026-06-10 04:36:23] ✅ Sync complete

[2026-06-10 04:37:23] 🔄 Syncing real IBKR data...
✅ Updated current_trades.json with real IBKR data
📅 No executed trades yet - showing sample events to demonstrate P&L tracking
✅ Synced 3 Google Calendar events
[2026-06-10 04:37:23] ✅ Sync complete

[2026-06-10 04:38:23] 🔄 Syncing real IBKR data...
✅ Updated current_trades.json with real IBKR data
📅 No executed trades yet - showing sample events to demonstrate P&L tracking
✅ Synced 3 Google Calendar events
[2026-06-10 04:38:23] ✅ Sync complete

[2026-06-10 04:39:23] 🔄 Syncing real IBKR data...
✅ Updated current_trades.json with real IBKR data
📅 No executed trades yet - showing sample events to demonstrate P&L tracking
✅ Synced 3 Google Calendar events
[2026-06-10 04:39:23] ✅ Sync complete

[2026-06-10 04:40:24] 🔄 Syncing real IBKR data...
✅ Updated current_trades.json with real IBKR data
📅 No executed trades yet - showing sample events to demonstrate P&L tracking
✅ Synced 3 Google Calendar events
[2026-06-10 04:40:24] ✅ Sync complete

[2026-06-10 04:41:24] 🔄 Syncing real IBKR data...
✅ Updated current_trades.json with real IBKR data
📅 No executed trades yet - showing sample events to demonstrate P&L tracking
✅ Synced 3 Google Calendar events
[2026-06-10 04:41:24] ✅ Sync complete

[2026-06-10 04:42:24] 🔄 Syncing real IBKR data...
✅ Updated current_trades.json with real IBKR data
📅 No executed trades yet - showing sample events to demonstrate P&L tracking
✅ Synced 3 Google Calendar events
[2026-06-10 04:42:24] ✅ Sync complete

[2026-06-10 04:43:24] 🔄 Syncing real IBKR data...
✅ Updated current_trades.json with real IBKR data
📅 No executed trades yet - showing sample events to demonstrate P&L tracking
✅ Synced 3 Google Calendar events
[2026-06-10 04:43:24] ✅ Sync complete

[2026-06-10 04:44:24] 🔄 Syncing real IBKR data...
✅ Updated current_trades.json with real IBKR data
📅 No executed trades yet - showing sample events to demonstrate P&L tracking
✅ Synced 3 Google Calendar events
[2026-06-10 04:44:24] ✅ Sync complete

[2026-06-10 04:45:25] 🔄 Syncing real IBKR data...
✅ Updated current_trades.json with real IBKR data
📅 No executed trades yet - showing sample events to demonstrate P&L tracking
✅ Synced 3 Google Calendar events
[2026-06-10 04:45:25] ✅ Sync complete

[2026-06-10 04:46:25] 🔄 Syncing real IBKR data...
✅ Updated current_trades.json with real IBKR data
📅 No executed trades yet - showing sample events to demonstrate P&L tracking
✅ Synced 3 Google Calendar events
[2026-06-10 04:46:25] ✅ Sync complete

[2026-06-10 04:47:25] 🔄 Syncing real IBKR data...
✅ Updated current_trades.json with real IBKR data
📅 No executed trades yet - showing sample events to demonstrate P&L tracking
✅ Synced 3 Google Calendar events
[2026-06-10 04:47:25] ✅ Sync complete

[2026-06-10 04:48:25] 🔄 Syncing real IBKR data...
✅ Updated current_trades.json with real IBKR data
📅 No executed trades yet - showing sample events to demonstrate P&L tracking
✅ Synced 3 Google Calendar events
[2026-06-10 04:48:25] ✅ Sync complete

[2026-06-10 04:49:25] 🔄 Syncing real IBKR data...
✅ Updated current_trades.json with real IBKR data
📅 No executed trades yet - showing sample events to demonstrate P&L tracking
✅ Synced 3 Google Calendar events
[2026-06-10 04:49:25] ✅ Sync complete

[2026-06-10 04:50:26] 🔄 Syncing real IBKR data...
✅ Updated current_trades.json with real IBKR data
📅 No executed trades yet - showing sample events to demonstrate P&L tracking
✅ Synced 3 Google Calendar events
[2026-06-10 04:50:26] ✅ Sync complete

[2026-06-10 04:51:26] 🔄 Syncing real IBKR data...
✅ Updated current_trades.json with real IBKR data
📅 No executed trades yet - showing sample events to demonstrate P&L tracking
✅ Synced 3 Google Calendar events
[2026-06-10 04:51:26] ✅ Sync complete

[2026-06-10 04:52:26] 🔄 Syncing real IBKR data...
✅ Updated current_trades.json with real IBKR data
📅 No executed trades yet - showing sample events to demonstrate P&L tracking
✅ Synced 3 Google Calendar events
[2026-06-10 04:52:26] ✅ Sync complete

[2026-06-10 04:53:26] 🔄 Syncing real IBKR data...
✅ Updated current_trades.json with real IBKR data
📅 No executed trades yet - showing sample events to demonstrate P&L tracking
✅ Synced 3 Google Calendar events
[2026-06-10 04:53:26] ✅ Sync complete

[2026-06-10 04:54:26] 🔄 Syncing real IBKR data...
✅ Updated current_trades.json with real IBKR data
📅 No executed trades yet - showing sample events to demonstrate P&L tracking
✅ Synced 3 Google Calendar events
[2026-06-10 04:54:26] ✅ Sync complete

[2026-06-10 04:55:27] 🔄 Syncing real IBKR data...
✅ Updated current_trades.json with real IBKR data
📅 No executed trades yet - showing sample events to demonstrate P&L tracking
✅ Synced 3 Google Calendar events
[2026-06-10 04:55:27] ✅ Sync complete

[2026-06-10 04:56:27] 🔄 Syncing real IBKR data...
✅ Updated current_trades.json with real IBKR data
📅 No executed trades yet - showing sample events to demonstrate P&L tracking
✅ Synced 3 Google Calendar events
[2026-06-10 04:56:27] ✅ Sync complete

[2026-06-10 04:57:27] 🔄 Syncing real IBKR data...
✅ Updated current_trades.json with real IBKR data
📅 No executed trades yet - showing sample events to demonstrate P&L tracking
✅ Synced 3 Google Calendar events
[2026-06-10 04:57:27] ✅ Sync complete

[2026-06-10 04:58:27] 🔄 Syncing real IBKR data...
✅ Updated current_trades.json with real IBKR data
📅 No executed trades yet - showing sample events to demonstrate P&L tracking
✅ Synced 3 Google Calendar events
[2026-06-10 04:58:27] ✅ Sync complete

[2026-06-10 04:59:28] 🔄 Syncing real IBKR data...
✅ Updated current_trades.json with real IBKR data
📅 No executed trades yet - showing sample events to demonstrate P&L tracking
✅ Synced 3 Google Calendar events
[2026-06-10 04:59:28] ✅ Sync complete

[2026-06-10 05:00:28] 🔄 Syncing real IBKR data...
✅ Updated current_trades.json with real IBKR data
📅 No executed trades yet - showing sample events to demonstrate P&L tracking
✅ Synced 3 Google Calendar events
[2026-06-10 05:00:28] ✅ Sync complete

[2026-06-10 05:01:28] 🔄 Syncing real IBKR data...
✅ Updated current_trades.json with real IBKR data
📅 No executed trades yet - showing sample events to demonstrate P&L tracking
✅ Synced 3 Google Calendar events
[2026-06-10 05:01:28] ✅ Sync complete

[2026-06-10 05:02:28] 🔄 Syncing real IBKR data...
✅ Updated current_trades.json with real IBKR data
📅 No executed trades yet - showing sample events to demonstrate P&L tracking
✅ Synced 3 Google Calendar events
[2026-06-10 05:02:28] ✅ Sync complete

[2026-06-10 05:03:28] 🔄 Syncing real IBKR data...
✅ Updated current_trades.json with real IBKR data
📅 No executed trades yet - showing sample events to demonstrate P&L tracking
✅ Synced 3 Google Calendar events
[2026-06-10 05:03:28] ✅ Sync complete

[2026-06-10 05:04:29] 🔄 Syncing real IBKR data...
✅ Updated current_trades.json with real IBKR data
📅 No executed trades yet - showing sample events to demonstrate P&L tracking
✅ Synced 3 Google Calendar events
[2026-06-10 05:04:29] ✅ Sync complete

[2026-06-10 05:05:29] 🔄 Syncing real IBKR data...
✅ Updated current_trades.json with real IBKR data
📅 No executed trades yet - showing sample events to demonstrate P&L tracking
✅ Synced 3 Google Calendar events
[2026-06-10 05:05:29] ✅ Sync complete

[2026-06-10 05:06:29] 🔄 Syncing real IBKR data...
✅ Updated current_trades.json with real IBKR data
📅 No executed trades yet - showing sample events to demonstrate P&L tracking
✅ Synced 3 Google Calendar events
[2026-06-10 05:06:29] ✅ Sync complete

[2026-06-10 05:07:29] 🔄 Syncing real IBKR data...
✅ Updated current_trades.json with real IBKR data
📅 No executed trades yet - showing sample events to demonstrate P&L tracking
✅ Synced 3 Google Calendar events
[2026-06-10 05:07:29] ✅ Sync complete

[2026-06-10 05:08:29] 🔄 Syncing real IBKR data...
✅ Updated current_trades.json with real IBKR data
📅 No executed trades yet - showing sample events to demonstrate P&L tracking
✅ Synced 3 Google Calendar events
[2026-06-10 05:08:29] ✅ Sync complete

[2026-06-10 05:09:30] 🔄 Syncing real IBKR data...
✅ Updated current_trades.json with real IBKR data
📅 No executed trades yet - showing sample events to demonstrate P&L tracking
✅ Synced 3 Google Calendar events
[2026-06-10 05:09:30] ✅ Sync complete

[2026-06-10 05:10:30] 🔄 Syncing real IBKR data...
✅ Updated current_trades.json with real IBKR data
📅 No executed trades yet - showing sample events to demonstrate P&L tracking
✅ Synced 3 Google Calendar events
[2026-06-10 05:10:30] ✅ Sync complete

[2026-06-10 05:11:30] 🔄 Syncing real IBKR data...
✅ Updated current_trades.json with real IBKR data
📅 No executed trades yet - showing sample events to demonstrate P&L tracking
✅ Synced 3 Google Calendar events
[2026-06-10 05:11:30] ✅ Sync complete

[2026-06-10 05:12:30] 🔄 Syncing real IBKR data...
✅ Updated current_trades.json with real IBKR data
📅 No executed trades yet - showing sample events to demonstrate P&L tracking
✅ Synced 3 Google Calendar events
[2026-06-10 05:12:30] ✅ Sync complete

[2026-06-10 05:13:30] 🔄 Syncing real IBKR data...
✅ Updated current_trades.json with real IBKR data
📅 No executed trades yet - showing sample events to demonstrate P&L tracking
✅ Synced 3 Google Calendar events
[2026-06-10 05:13:30] ✅ Sync complete

[2026-06-10 05:14:31] 🔄 Syncing real IBKR data...
✅ Updated current_trades.json with real IBKR data
📅 No executed trades yet - showing sample events to demonstrate P&L tracking
✅ Synced 3 Google Calendar events
[2026-06-10 05:14:31] ✅ Sync complete

[2026-06-10 05:15:31] 🔄 Syncing real IBKR data...
✅ Updated current_trades.json with real IBKR data
📅 No executed trades yet - showing sample events to demonstrate P&L tracking
✅ Synced 3 Google Calendar events
[2026-06-10 05:15:31] ✅ Sync complete

[2026-06-10 05:16:31] 🔄 Syncing real IBKR data...
✅ Updated current_trades.json with real IBKR data
📅 No executed trades yet - showing sample events to demonstrate P&L tracking
✅ Synced 3 Google Calendar events
[2026-06-10 05:16:31] ✅ Sync complete

[2026-06-10 05:17:31] 🔄 Syncing real IBKR data...
✅ Updated current_trades.json with real IBKR data
📅 No executed trades yet - showing sample events to demonstrate P&L tracking
✅ Synced 3 Google Calendar events
[2026-06-10 05:17:31] ✅ Sync complete

[2026-06-10 05:18:31] 🔄 Syncing real IBKR data...
✅ Updated current_trades.json with real IBKR data
📅 No executed trades yet - showing sample events to demonstrate P&L tracking
✅ Synced 3 Google Calendar events
[2026-06-10 05:18:31] ✅ Sync complete

[2026-06-10 05:19:32] 🔄 Syncing real IBKR data...
✅ Updated current_trades.json with real IBKR data
📅 No executed trades yet - showing sample events to demonstrate P&L tracking
✅ Synced 3 Google Calendar events
[2026-06-10 05:19:32] ✅ Sync complete

[2026-06-10 05:20:32] 🔄 Syncing real IBKR data...
✅ Updated current_trades.json with real IBKR data
📅 No executed trades yet - showing sample events to demonstrate P&L tracking
✅ Synced 3 Google Calendar events
[2026-06-10 05:20:32] ✅ Sync complete

[2026-06-10 05:21:32] 🔄 Syncing real IBKR data...
✅ Updated current_trades.json with real IBKR data
📅 No executed trades yet - showing sample events to demonstrate P&L tracking
✅ Synced 3 Google Calendar events
[2026-06-10 05:21:32] ✅ Sync complete

[2026-06-10 05:22:32] 🔄 Syncing real IBKR data...
✅ Updated current_trades.json with real IBKR data
📅 No executed trades yet - showing sample events to demonstrate P&L tracking
✅ Synced 3 Google Calendar events
[2026-06-10 05:22:32] ✅ Sync complete

[2026-06-10 05:23:32] 🔄 Syncing real IBKR data...
✅ Updated current_trades.json with real IBKR data
📅 No executed trades yet - showing sample events to demonstrate P&L tracking
✅ Synced 3 Google Calendar events
[2026-06-10 05:23:32] ✅ Sync complete

[2026-06-10 05:24:33] 🔄 Syncing real IBKR data...
✅ Updated current_trades.json with real IBKR data
📅 No executed trades yet - showing sample events to demonstrate P&L tracking
✅ Synced 3 Google Calendar events
[2026-06-10 05:24:33] ✅ Sync complete

[2026-06-10 05:25:33] 🔄 Syncing real IBKR data...
✅ Updated current_trades.json with real IBKR data
📅 No executed trades yet - showing sample events to demonstrate P&L tracking
✅ Synced 3 Google Calendar events
[2026-06-10 05:25:33] ✅ Sync complete

[2026-06-10 05:26:33] 🔄 Syncing real IBKR data...
✅ Updated current_trades.json with real IBKR data
📅 No executed trades yet - showing sample events to demonstrate P&L tracking
✅ Synced 3 Google Calendar events
[2026-06-10 05:26:33] ✅ Sync complete

[2026-06-10 05:27:33] 🔄 Syncing real IBKR data...
✅ Updated current_trades.json with real IBKR data
📅 No executed trades yet - showing sample events to demonstrate P&L tracking
✅ Synced 3 Google Calendar events
[2026-06-10 05:27:33] ✅ Sync complete

[2026-06-10 05:28:34] 🔄 Syncing real IBKR data...
✅ Updated current_trades.json with real IBKR data
📅 No executed trades yet - showing sample events to demonstrate P&L tracking
✅ Synced 3 Google Calendar events
[2026-06-10 05:28:34] ✅ Sync complete

[2026-06-10 05:29:34] 🔄 Syncing real IBKR data...
✅ Updated current_trades.json with real IBKR data
📅 No executed trades yet - showing sample events to demonstrate P&L tracking
✅ Synced 3 Google Calendar events
[2026-06-10 05:29:34] ✅ Sync complete

[2026-06-10 05:30:34] 🔄 Syncing real IBKR data...
✅ Updated current_trades.json with real IBKR data
📅 No executed trades yet - showing sample events to demonstrate P&L tracking
✅ Synced 3 Google Calendar events
[2026-06-10 05:30:34] ✅ Sync complete

[2026-06-10 05:31:34] 🔄 Syncing real IBKR data...
✅ Updated current_trades.json with real IBKR data
📅 No executed trades yet - showing sample events to demonstrate P&L tracking
✅ Synced 3 Google Calendar events
[2026-06-10 05:31:34] ✅ Sync complete

[2026-06-10 05:32:34] 🔄 Syncing real IBKR data...
✅ Updated current_trades.json with real IBKR data
📅 No executed trades yet - showing sample events to demonstrate P&L tracking
✅ Synced 3 Google Calendar events
[2026-06-10 05:32:34] ✅ Sync complete

[2026-06-10 05:33:35] 🔄 Syncing real IBKR data...
✅ Updated current_trades.json with real IBKR data
📅 No executed trades yet - showing sample events to demonstrate P&L tracking
✅ Synced 3 Google Calendar events
[2026-06-10 05:33:35] ✅ Sync complete

[2026-06-10 05:34:35] 🔄 Syncing real IBKR data...
✅ Updated current_trades.json with real IBKR data
📅 No executed trades yet - showing sample events to demonstrate P&L tracking
✅ Synced 3 Google Calendar events
[2026-06-10 05:34:35] ✅ Sync complete

[2026-06-10 05:35:35] 🔄 Syncing real IBKR data...
✅ Updated current_trades.json with real IBKR data
📅 No executed trades yet - showing sample events to demonstrate P&L tracking
✅ Synced 3 Google Calendar events
[2026-06-10 05:35:35] ✅ Sync complete

[2026-06-10 05:36:35] 🔄 Syncing real IBKR data...
✅ Updated current_trades.json with real IBKR data
📅 No executed trades yet - showing sample events to demonstrate P&L tracking
✅ Synced 3 Google Calendar events
[2026-06-10 05:36:35] ✅ Sync complete

[2026-06-10 05:37:35] 🔄 Syncing real IBKR data...
✅ Updated current_trades.json with real IBKR data
📅 No executed trades yet - showing sample events to demonstrate P&L tracking
✅ Synced 3 Google Calendar events
[2026-06-10 05:37:35] ✅ Sync complete

[2026-06-10 05:38:36] 🔄 Syncing real IBKR data...
✅ Updated current_trades.json with real IBKR data
📅 No executed trades yet - showing sample events to demonstrate P&L tracking
✅ Synced 3 Google Calendar events
[2026-06-10 05:38:36] ✅ Sync complete

[2026-06-10 05:39:36] 🔄 Syncing real IBKR data...
✅ Updated current_trades.json with real IBKR data
📅 No executed trades yet - showing sample events to demonstrate P&L tracking
✅ Synced 3 Google Calendar events
[2026-06-10 05:39:36] ✅ Sync complete

[2026-06-10 05:40:36] 🔄 Syncing real IBKR data...
✅ Updated current_trades.json with real IBKR data
📅 No executed trades yet - showing sample events to demonstrate P&L tracking
✅ Synced 3 Google Calendar events
[2026-06-10 05:40:36] ✅ Sync complete

[2026-06-10 05:41:36] 🔄 Syncing real IBKR data...
✅ Updated current_trades.json with real IBKR data
📅 No executed trades yet - showing sample events to demonstrate P&L tracking
✅ Synced 3 Google Calendar events
[2026-06-10 05:41:36] ✅ Sync complete

[2026-06-10 05:42:36] 🔄 Syncing real IBKR data...
✅ Updated current_trades.json with real IBKR data
📅 No executed trades yet - showing sample events to demonstrate P&L tracking
✅ Synced 3 Google Calendar events
[2026-06-10 05:42:36] ✅ Sync complete

[2026-06-10 05:43:37] 🔄 Syncing real IBKR data...
✅ Updated current_trades.json with real IBKR data
📅 No executed trades yet - showing sample events to demonstrate P&L tracking
✅ Synced 3 Google Calendar events
[2026-06-10 05:43:37] ✅ Sync complete

[2026-06-10 05:44:37] 🔄 Syncing real IBKR data...
✅ Updated current_trades.json with real IBKR data
📅 No executed trades yet - showing sample events to demonstrate P&L tracking
✅ Synced 3 Google Calendar events
[2026-06-10 05:44:37] ✅ Sync complete

[2026-06-10 05:45:37] 🔄 Syncing real IBKR data...
✅ Updated current_trades.json with real IBKR data
📅 No executed trades yet - showing sample events to demonstrate P&L tracking
✅ Synced 3 Google Calendar events
[2026-06-10 05:45:37] ✅ Sync complete

[2026-06-10 05:46:37] 🔄 Syncing real IBKR data...
✅ Updated current_trades.json with real IBKR data
📅 No executed trades yet - showing sample events to demonstrate P&L tracking
✅ Synced 3 Google Calendar events
[2026-06-10 05:46:37] ✅ Sync complete

[2026-06-10 05:47:37] 🔄 Syncing real IBKR data...
✅ Updated current_trades.json with real IBKR data
📅 No executed trades yet - showing sample events to demonstrate P&L tracking
✅ Synced 3 Google Calendar events
[2026-06-10 05:47:37] ✅ Sync complete

[2026-06-10 05:48:38] 🔄 Syncing real IBKR data...
✅ Updated current_trades.json with real IBKR data
📅 No executed trades yet - showing sample events to demonstrate P&L tracking
✅ Synced 3 Google Calendar events
[2026-06-10 05:48:38] ✅ Sync complete

[2026-06-10 05:49:38] 🔄 Syncing real IBKR data...
✅ Updated current_trades.json with real IBKR data
📅 No executed trades yet - showing sample events to demonstrate P&L tracking
✅ Synced 3 Google Calendar events
[2026-06-10 05:49:38] ✅ Sync complete

[2026-06-10 05:50:38] 🔄 Syncing real IBKR data...
✅ Updated current_trades.json with real IBKR data
📅 No executed trades yet - showing sample events to demonstrate P&L tracking
✅ Synced 3 Google Calendar events
[2026-06-10 05:50:38] ✅ Sync complete

[2026-06-10 05:51:38] 🔄 Syncing real IBKR data...
✅ Updated current_trades.json with real IBKR data
📅 No executed trades yet - showing sample events to demonstrate P&L tracking
✅ Synced 3 Google Calendar events
[2026-06-10 05:51:38] ✅ Sync complete

[2026-06-10 05:52:38] 🔄 Syncing real IBKR data...
✅ Updated current_trades.json with real IBKR data
📅 No executed trades yet - showing sample events to demonstrate P&L tracking
✅ Synced 3 Google Calendar events
[2026-06-10 05:52:38] ✅ Sync complete

[2026-06-10 05:53:39] 🔄 Syncing real IBKR data...
✅ Updated current_trades.json with real IBKR data
📅 No executed trades yet - showing sample events to demonstrate P&L tracking
✅ Synced 3 Google Calendar events
[2026-06-10 05:53:39] ✅ Sync complete

[2026-06-10 05:54:39] 🔄 Syncing real IBKR data...
✅ Updated current_trades.json with real IBKR data
📅 No executed trades yet - showing sample events to demonstrate P&L tracking
✅ Synced 3 Google Calendar events
[2026-06-10 05:54:39] ✅ Sync complete

[2026-06-10 05:55:39] 🔄 Syncing real IBKR data...
✅ Updated current_trades.json with real IBKR data
📅 No executed trades yet - showing sample events to demonstrate P&L tracking
✅ Synced 3 Google Calendar events
[2026-06-10 05:55:39] ✅ Sync complete

[2026-06-10 05:56:39] 🔄 Syncing real IBKR data...
✅ Updated current_trades.json with real IBKR data
📅 No executed trades yet - showing sample events to demonstrate P&L tracking
✅ Synced 3 Google Calendar events
[2026-06-10 05:56:39] ✅ Sync complete

[2026-06-10 05:57:40] 🔄 Syncing real IBKR data...
✅ Updated current_trades.json with real IBKR data
📅 No executed trades yet - showing sample events to demonstrate P&L tracking
✅ Synced 3 Google Calendar events
[2026-06-10 05:57:40] ✅ Sync complete

[2026-06-10 05:58:40] 🔄 Syncing real IBKR data...
✅ Updated current_trades.json with real IBKR data
📅 No executed trades yet - showing sample events to demonstrate P&L tracking
✅ Synced 3 Google Calendar events
[2026-06-10 05:58:40] ✅ Sync complete

[2026-06-10 05:59:40] 🔄 Syncing real IBKR data...
✅ Updated current_trades.json with real IBKR data
📅 No executed trades yet - showing sample events to demonstrate P&L tracking
✅ Synced 3 Google Calendar events
[2026-06-10 05:59:40] ✅ Sync complete

[2026-06-10 06:00:40] 🔄 Syncing real IBKR data...
✅ Updated current_trades.json with real IBKR data
📅 No executed trades yet - showing sample events to demonstrate P&L tracking
✅ Synced 3 Google Calendar events
[2026-06-10 06:00:40] ✅ Sync complete

[2026-06-10 06:01:40] 🔄 Syncing real IBKR data...
✅ Updated current_trades.json with real IBKR data
📅 No executed trades yet - showing sample events to demonstrate P&L tracking
✅ Synced 3 Google Calendar events
[2026-06-10 06:01:40] ✅ Sync complete

[2026-06-10 06:02:41] 🔄 Syncing real IBKR data...
✅ Updated current_trades.json with real IBKR data
📅 No executed trades yet - showing sample events to demonstrate P&L tracking
✅ Synced 3 Google Calendar events
[2026-06-10 06:02:41] ✅ Sync complete

[2026-06-10 06:03:41] 🔄 Syncing real IBKR data...
✅ Updated current_trades.json with real IBKR data
📅 No executed trades yet - showing sample events to demonstrate P&L tracking
✅ Synced 3 Google Calendar events
[2026-06-10 06:03:41] ✅ Sync complete

[2026-06-10 06:04:41] 🔄 Syncing real IBKR data...
✅ Updated current_trades.json with real IBKR data
📅 No executed trades yet - showing sample events to demonstrate P&L tracking
✅ Synced 3 Google Calendar events
[2026-06-10 06:04:41] ✅ Sync complete

[2026-06-10 06:05:41] 🔄 Syncing real IBKR data...
✅ Updated current_trades.json with real IBKR data
📅 No executed trades yet - showing sample events to demonstrate P&L tracking
✅ Synced 3 Google Calendar events
[2026-06-10 06:05:41] ✅ Sync complete

[2026-06-10 06:06:41] 🔄 Syncing real IBKR data...
✅ Updated current_trades.json with real IBKR data
📅 No executed trades yet - showing sample events to demonstrate P&L tracking
✅ Synced 3 Google Calendar events
[2026-06-10 06:06:41] ✅ Sync complete

[2026-06-10 06:07:42] 🔄 Syncing real IBKR data...
✅ Updated current_trades.json with real IBKR data
📅 No executed trades yet - showing sample events to demonstrate P&L tracking
✅ Synced 3 Google Calendar events
[2026-06-10 06:07:42] ✅ Sync complete

[2026-06-10 06:08:42] 🔄 Syncing real IBKR data...
✅ Updated current_trades.json with real IBKR data
📅 No executed trades yet - showing sample events to demonstrate P&L tracking
✅ Synced 3 Google Calendar events
[2026-06-10 06:08:42] ✅ Sync complete

[2026-06-10 06:09:42] 🔄 Syncing real IBKR data...
✅ Updated current_trades.json with real IBKR data
📅 No executed trades yet - showing sample events to demonstrate P&L tracking
✅ Synced 3 Google Calendar events
[2026-06-10 06:09:42] ✅ Sync complete

[2026-06-10 06:10:42] 🔄 Syncing real IBKR data...
✅ Updated current_trades.json with real IBKR data
📅 No executed trades yet - showing sample events to demonstrate P&L tracking
✅ Synced 3 Google Calendar events
[2026-06-10 06:10:42] ✅ Sync complete

[2026-06-10 06:11:42] 🔄 Syncing real IBKR data...
✅ Updated current_trades.json with real IBKR data
📅 No executed trades yet - showing sample events to demonstrate P&L tracking
✅ Synced 3 Google Calendar events
[2026-06-10 06:11:42] ✅ Sync complete

[2026-06-10 06:12:43] 🔄 Syncing real IBKR data...
✅ Updated current_trades.json with real IBKR data
📅 No executed trades yet - showing sample events to demonstrate P&L tracking
✅ Synced 3 Google Calendar events
[2026-06-10 06:12:43] ✅ Sync complete

[2026-06-10 06:13:43] 🔄 Syncing real IBKR data...
✅ Updated current_trades.json with real IBKR data
📅 No executed trades yet - showing sample events to demonstrate P&L tracking
✅ Synced 3 Google Calendar events
[2026-06-10 06:13:43] ✅ Sync complete

[2026-06-10 06:14:43] 🔄 Syncing real IBKR data...
✅ Updated current_trades.json with real IBKR data
📅 No executed trades yet - showing sample events to demonstrate P&L tracking
✅ Synced 3 Google Calendar events
[2026-06-10 06:14:43] ✅ Sync complete

[2026-06-10 06:15:43] 🔄 Syncing real IBKR data...
✅ Updated current_trades.json with real IBKR data
📅 No executed trades yet - showing sample events to demonstrate P&L tracking
✅ Synced 3 Google Calendar events
[2026-06-10 06:15:43] ✅ Sync complete

[2026-06-10 06:16:44] 🔄 Syncing real IBKR data...
✅ Updated current_trades.json with real IBKR data
📅 No executed trades yet - showing sample events to demonstrate P&L tracking
✅ Synced 3 Google Calendar events
[2026-06-10 06:16:44] ✅ Sync complete

[2026-06-10 06:17:44] 🔄 Syncing real IBKR data...
✅ Updated current_trades.json with real IBKR data
📅 No executed trades yet - showing sample events to demonstrate P&L tracking
✅ Synced 3 Google Calendar events
[2026-06-10 06:17:44] ✅ Sync complete

[2026-06-10 06:18:44] 🔄 Syncing real IBKR data...
✅ Updated current_trades.json with real IBKR data
📅 No executed trades yet - showing sample events to demonstrate P&L tracking
✅ Synced 3 Google Calendar events
[2026-06-10 06:18:44] ✅ Sync complete

[2026-06-10 06:19:44] 🔄 Syncing real IBKR data...
✅ Updated current_trades.json with real IBKR data
📅 No executed trades yet - showing sample events to demonstrate P&L tracking
✅ Synced 3 Google Calendar events
[2026-06-10 06:19:44] ✅ Sync complete

[2026-06-10 06:20:44] 🔄 Syncing real IBKR data...
✅ Updated current_trades.json with real IBKR data
📅 No executed trades yet - showing sample events to demonstrate P&L tracking
✅ Synced 3 Google Calendar events
[2026-06-10 06:20:44] ✅ Sync complete